а	ᠪ	б	521
а	ᠳ᠋ᠤᠭᠠᠷ	дугаар	277
а	ᠠ	а	202
аа	ᠬᠥ	хө	163
аа	ᠭᠡᠬᠦ ᠳᠦ	гэхэд	158
аа	ᠭᠡᠵᠦ	гэж	136
аав	ᠡᠵᠢ	ээж	904
аав	ᠨᠢ	нь	474
аав	ᠮᠢᠨᠢ	минь	379
ааваа	ᠪᠢ	би	8
ааваа	ᠠᠪᠤ ᠪᠠᠨ	ааваа	5
ааваас	ᠨᠢ	нь	13
ааваас	ᠮᠢᠨᠢ	минь	5
ааваасаа	ᠢᠯᠡᠭᠦᠦ	илүү	5
аавд	ᠨᠢ	нь	17
аавд	ᠮᠢᠨᠢ	минь	6
аавдаа	ᠪᠢ	би	13
аавдаа	ᠵᠣᠷᠢᠭᠤᠯᠵᠤ	зориулж	7
аавдаа	ᠬᠠᠶᠢᠷᠠᠲᠠᠢ	хайртай	5
аавтай	ᠨᠢ	нь	17
аавтай	ᠬᠦᠮᠦᠨ	хүн	11
аавтай	ᠮᠢᠨᠢ	минь	6
аавтайгаа	ᠬᠠᠮᠲᠤ	хамт	22
аавууд	ᠬᠡᠦᠬᠡᠳ ᠢᠶᠡᠨ	хүүхдээ	7
аавууд	ᠨᠢ	нь	5
аавыг	ᠮᠢᠨᠢ	минь	36
аавыг	ᠮᠠᠨᠢ	маань	17
аавыг	ᠲᠠᠨᠢ	тань	13
аавыгаа	ᠳᠠᠭᠠᠭᠠᠳ	дагаад	12
аавыгаа	ᠳᠠᠭᠠᠵᠤ	дагаж	10
аавыгаа	ᠰᠠᠨᠠᠭᠠᠳ	санаад	7
аавын	ᠮᠢᠨᠢ	минь	129
аавын	ᠬᠡᠦ	хүү	74
аавын	ᠮᠠᠨᠢ	маань	28
аавынх	ᠨᠢ	нь	70
аавынхаа	ᠲᠤᠬᠠᠢ	тухай	30
аавынхаа	ᠲᠦᠷᠦᠭᠰᠡᠨ	төрсөн	15
аавынхаа	ᠬᠠᠮᠲᠤ	хамт	12
ааг	ᠣᠮᠤᠭ	омог	24
аагим	ᠬᠠᠯᠠᠭᠤᠨ	халуун	23
аагим	ᠬᠠᠯᠠᠭᠤᠨ ᠳᠤ	халуунд	8
аагим	ᠬᠠᠯᠠᠭᠤᠨ ᠢ	халууныг	6
аадар	ᠪᠣᠷᠣᠭ᠎ᠠ	бороо	47
аадар	ᠪᠣᠷᠣᠭᠠᠨ ᠤ	борооны	9
аажим	ᠠᠭᠠᠵᠢᠮ ᠢᠶᠠᠷ	аажмаар	63
аажим	ᠪᠠᠭᠤᠷᠠᠭᠰᠠᠨ	буурсан	5
аажмаар	ᠪᠠᠭᠤᠷᠴᠢ	буурч	12
аажмаар	ᠰᠤᠯᠢᠵᠤ	сольж	6
аажмаар	ᠨᠡᠮᠡᠭᠳᠡᠭᠦᠯᠬᠦ	нэмэгдүүлэх	5
аалз	ᠨᠢ	нь	8
аалзны	ᠲᠣᠷ	тор	41
аалзны	ᠲᠣᠷᠤᠨ ᠳᠤ	торонд	10
аан	ᠡᠭᠦᠳᠡ	үүд	34
аан	ᠡᠶᠢᠨ	ийн	25
аан	ᠲᠡᠶᠢᠮᠦ	тийм	14
аар	ᠬᠡᠯᠡᠯᠴᠡᠵᠦ	хэлэлцэж	170
аар	ᠬᠡᠯᠡᠯᠴᠡᠬᠦ	хэлэлцэх	164
аар	ᠪᠠᠲᠤᠯᠠᠭᠰᠠᠨ	баталсан	75
ааруул	ᠲᠥᠭᠥᠷᠢᠭ	төгрөг	6
ааруул	ᠬᠤᠷᠤᠳ	хурууд	5
аарц	ᠴᠢᠴᠠᠷᠭᠠᠨ᠎ᠠ	чацаргана	8
аарц	ᠬᠢᠷᠠᠮ᠎ᠠ	хярам	7
ааш	ᠵᠠᠩ	зан	39
ааш	ᠠᠪᠤᠷᠢ	авир	33
ааш	ᠠᠶᠠᠭ	аяг	22
аашилж	ᠪᠠᠶᠢᠨ᠎ᠠ	байна	16
аашилж	ᠪᠠᠶᠢᠭ᠎ᠠ	байгаа	11
аашилж	ᠪᠣᠯᠬᠤ ᠦᠭᠡᠢ	болохгүй	5
аашлах	ᠨᠢ	нь	12
аашлах	ᠪᠣᠯᠤᠭᠰᠠᠨ	болсон	5
ааштай	ᠬᠦᠮᠦᠰ	хүмүүс	5
ав	ᠰᠠᠩ	сан	54
ав	ᠭᠡᠵᠦ	гэж	48
ав	ᠭ	г	39
ава	ᠬᠠᠳᠠ	хад	5
аваа	ᠭᠦᠢ	гүй	6
аваа	ᠶᠠᠭᠤ	юу	5
аваагүй	ᠪᠠᠶᠢᠨ᠎ᠠ	байна	100
аваагүй	ᠪᠣᠯ	бол	73
аваагүй	ᠶᠠᠭᠤᠮ᠎ᠠ	юм	63
аваад	ᠪᠠᠶᠢᠭ᠎ᠠ	байгаа	337
аваад	ᠪᠠᠶᠢᠨ᠎ᠠ	байна	296
аваад	ᠯᠠ	л	166
аваарай	ᠭᠡᠵᠦ	гэж	15
аваарай	ᠭᠡᠳ	гээд	10
аваарай	ᠭᠡᠰᠡᠨ	гэсэн	6
аваас	ᠬᠠᠭᠠᠰ	хагас	8
аваас	ᠡᠨᠡ	энэ	6
аваас	ᠶᠠᠮᠠᠷ	ямар	6
аваач	ᠡ	ээ	12
аваач	ᠭᠡᠵᠦ	гэж	11
аваачих	ᠶᠣᠰᠣᠲᠠᠢ	ёстой	6
аваачих	ᠬᠡᠷᠡᠭᠲᠡᠢ	хэрэгтэй	5
аваачих	ᠶᠠᠭᠤᠮ᠎ᠠ	юм	5
авав	ᠭᠦᠢᠯᠭᠡᠭᠡ	гүйлгээ	14
авав	ᠠ	аа	5
авав	ᠭᠡᠳᠡᠭ ᠢ	гэдгийг	5
авагч	ᠨᠢ	нь	57
авагч	ᠪᠣᠯᠬᠤ	болох	15
авагч	ᠣᠯᠠᠨ	олон	15
авалт	ᠬᠢᠬᠦ	хийх	73
авалт	ᠬᠢᠵᠦ	хийж	62
авалт	ᠨᠢ	нь	59
аван	ᠠᠵᠢᠯᠯᠠᠵᠤ	ажиллаж	16
аван	ᠦᠢᠯᠡ	үйл	10
аван	ᠮᠣᠩᠭᠣᠯ ᠤᠨ	монголын	7
авар	ᠭᠠ	га	49
аварга	ᠰᠢᠯᠭᠠᠷᠠᠭᠤᠯᠬᠤ	шалгаруулах	6011
аварга	ᠪᠣᠯᠤᠭᠰᠠᠨ	болсон	503
аварга	ᠭ	г	384
аваргаас	ᠮᠧᠳᠠᠯ	медаль	79
аваргаас	ᠮᠥᠩᠭᠥᠨ	мөнгөн	50
аваргаас	ᠬᠦᠷᠡᠯ	хүрэл	38
аварсан	ᠪᠠᠶᠢᠨ᠎ᠠ	байна	19
аварсан	ᠶᠠᠭᠤᠮ᠎ᠠ	юм	14
аварсан	ᠨᠢ	нь	9
аварч	ᠴᠢᠳᠠᠭ᠎ᠠ ᠦᠭᠡᠢ	чадаагүй	16
аварч	ᠦᠯᠡᠳᠡᠬᠦ	үлдэх	16
аварч	ᠴᠢᠳᠠᠬᠤ ᠦᠭᠡᠢ	чадахгүй	9
авах	ᠪᠣᠯᠤᠮᠵᠢ ᠲᠠᠢ	боломжтой	1499
авах	ᠨᠢ	нь	877
авах	ᠶᠠᠭᠤᠮ᠎ᠠ	юм	777
авахаа	ᠪᠣᠯᠢᠭᠰᠠᠨ	больсон	26
авахаа	ᠪᠣᠯᠢᠵᠤ	больж	11
авахаа	ᠮᠡᠳᠡᠬᠦ ᠦᠭᠡᠢ	мэдэхгүй	9
авахаар	ᠪᠣᠯᠤᠭᠰᠠᠨ	болсон	207
авахаар	ᠪᠣᠯᠵᠠᠢ	болжээ	131
авахаар	ᠲᠥᠯᠥᠪᠯᠡᠵᠦ	төлөвлөж	53
авахаас	ᠭᠠᠳᠠᠨ᠎ᠠ	гадна	97
авахаас	ᠥᠭᠡᠷ᠎ᠡ	өөр	96
авахаас	ᠠᠷᠭ᠎ᠠ ᠦᠭᠡᠢ	аргагүй	28
авахад	ᠪᠡᠯᠡᠨ	бэлэн	98
авахад	ᠨᠢ	нь	67
авахад	ᠯᠠ	л	36
авахгүй	ᠪᠣᠯ	бол	232
авахгүй	ᠪᠠᠶᠢᠬᠤ	байх	113
авахгүй	ᠪᠠᠶᠢᠭ᠎ᠠ	байгаа	76
авахдаа	ᠲᠤᠬᠠᠢ ᠶᠢᠨ	тухайн	12
авахдаа	ᠲᠥᠷᠥ ᠶᠢᠨ	төрийн	11
авахдаа	ᠴᠤ	ч	10
авахуулаад	ᠯᠠ	л	9
авахуулаад	ᠲᠥᠷᠥ ᠶᠢᠨ	төрийн	8
авахуулаад	ᠣᠯᠠᠨ	олон	6
авахуулах	ᠪᠣᠯᠤᠮᠵᠢ ᠲᠠᠢ	боломжтой	9
авахуулах	ᠦᠢᠯᠡᠴᠢᠯᠡᠭᠡ	үйлчилгээ	9
авахуулах	ᠨᠣᠮ ᠤᠨ	номын	7
авахуулсан	ᠵᠢᠷᠤᠭ	зураг	19
авахуулсан	ᠵᠢᠷᠭᠤᠭ᠎ᠠ	зургаа	15
авахуулсан	ᠥᠩᠭᠡᠲᠦ	өнгөт	11
авахыг	ᠬᠦᠰᠡᠭᠰᠡᠨ	хүссэн	156
авахыг	ᠬᠦᠰᠡᠪᠡᠯ	хүсвэл	114
авахыг	ᠬᠦᠰᠴᠢ	хүсч	69
авахын	ᠲᠤᠯᠠᠳᠠ	тулд	559
авахын	ᠲᠥᠯᠥᠭᠡ	төлөө	114
авахын	ᠵᠡᠷᠭᠡᠴᠡᠭᠡ	зэрэгцээ	31
авга	ᠠᠬ᠎ᠠ	ах	26
авга	ᠡᠭᠡᠴᠢ	эгч	11
авга	ᠨᠠᠭᠠᠴᠤ	нагац	7
авгай	ᠨᠢ	нь	18
авгай	ᠬᠡᠦᠬᠡᠳ	хүүхэд	9
авгай	ᠬᠡᠦᠬᠡᠨ ᠨᠦᠭᠦᠳ	хүүхнүүд	8
авдаг	ᠪᠠᠶᠢᠭᠰᠠᠨ	байсан	402
авдаг	ᠶᠠᠭᠤᠮ᠎ᠠ	юм	239
авдаг	ᠪᠣᠯᠤᠭᠰᠠᠨ	болсон	160
авдаггүй	ᠶᠠᠭᠤᠮ᠎ᠠ	юм	34
авдаггүй	ᠪᠠᠶᠢᠭᠰᠠᠨ	байсан	19
авдаггүй	ᠬᠠᠷᠢᠨ	харин	7
авдар	ᠳᠡᠭᠡᠷ᠎ᠡ	дээр	7
авиа	ᠺᠣᠮᠫᠠᠨᠢ	компани	29
авиа	ᠭᠠᠷᠭᠠᠵᠤ	гаргаж	8
авиа	ᠭᠠᠷᠭᠠᠳᠠᠭ	гаргадаг	7
авилгал	ᠬᠡᠭᠡᠯᠢ	хээл	11
авилгал	ᠪᠣᠯ	бол	5
авир	ᠭᠠᠷᠭᠠᠵᠤ	гаргаж	17
авир	ᠭᠠᠷᠭᠠᠭᠰᠠᠨ	гаргасан	15
авир	ᠨᠢ	нь	11
авирах	ᠭᠡᠵᠦ	гэж	8
авирах	ᠶᠠᠭᠤᠮ᠎ᠠ	юм	5
авирмэд	ᠪ	б	5
авирмэд	ᠨᠠᠷᠠ	нар	5
авирч	ᠪᠠᠶᠢᠭᠰᠠᠨ	байсан	23
авирч	ᠪᠠᠶᠢᠭ᠎ᠠ	байгаа	11
авирч	ᠪᠠᠶᠢᠬᠤ ᠳᠤ	байхад	5
авлаа	ᠭᠡᠬᠦ ᠳᠦ	гэхэд	74
авлаа	ᠭᠡᠵᠦ	гэж	57
авлаа	ᠭᠡᠳ	гээд	29
авлага	ᠨᠢ	нь	16
авлага	ᠨᠣᠮ	ном	14
авлага	ᠪᠣᠯᠬᠤ	болох	13
авлига	ᠬᠡᠭᠡᠯᠢ	хээл	299
авлига	ᠠᠪᠤᠭᠰᠠᠨ	авсан	190
авлига	ᠥᠭᠭᠦᠭᠰᠡᠨ	өгсөн	109
авлигал	ᠬᠡᠭᠡᠯᠢ	хээл	9
авмаар	ᠪᠠᠶᠢᠨ᠎ᠠ	байна	91
авмаар	ᠶᠠᠭᠤᠮ᠎ᠠ	юм	10
авмаар	ᠪᠠᠶᠢᠭ᠎ᠠ	байгаа	5
авна	ᠭᠡᠰᠡᠨ	гэсэн	360
авна	ᠭᠡᠵᠦ	гэж	351
авна	ᠤᠤ	уу	291
аврага	ᠰᠢᠯᠭᠠᠷᠠᠭᠤᠯᠬᠤ	шалгаруулах	9
аврагч	ᠰᠫᠣᠷᠲ	спорт	19
аврагч	ᠭᠠᠯ	гал	8
аврагч	ᠨᠣᠬᠠᠢ	нохой	5
аврал	ᠡᠷᠢᠵᠦ	эрж	10
аврал	ᠡᠷᠢᠭᠰᠡᠨ	эрсэн	10
аврал	ᠡᠷᠡᠨ	эрэн	8
авран	ᠬᠠᠮᠠᠭᠠᠯᠠᠬᠤ	хамгаалах	42
авран	ᠬᠠᠮᠠᠭᠠᠯᠠᠭᠰᠠᠨ	хамгаалсан	14
авран	ᠲᠤᠰᠯᠠᠬᠤ	туслах	13
аврах	ᠭᠠᠯ	гал	78
аврах	ᠠᠩᠭᠢ ᠶᠢᠨ	ангийн	36
аврах	ᠲᠤᠰᠬᠠᠢ	тусгай	31
авсаар	ᠪᠠᠶᠢᠨ᠎ᠠ	байна	25
авсаар	ᠪᠠᠶᠢᠭ᠎ᠠ	байгаа	22
авсаар	ᠪᠠᠶᠢᠭᠠᠳ	байгаад	14
авсаархан	ᠬᠡᠷᠡᠨ ᠢᠶᠡᠨ	хэрнээ	6
авсаархан	ᠶᠠᠭᠤᠮ᠎ᠠ	юм	5
авсан	ᠪᠠᠶᠢᠨ᠎ᠠ	байна	1120
авсан	ᠶᠠᠭᠤᠮ᠎ᠠ	юм	1117
авсан	ᠨᠢ	нь	646
авсангүй	ᠭᠡᠵᠦ	гэж	8
авсанд	ᠲᠠᠯᠠᠷᠬᠠᠯ	талархал	17
авсанд	ᠪᠠᠶᠠᠷᠯᠠᠯ᠎ᠠ	баярлалаа	10
авсанд	ᠪᠠᠶᠠᠷᠲᠠᠢ	баяртай	10
авсандаа	ᠪᠠᠶᠠᠷᠲᠠᠢ	баяртай	29
авсандаа	ᠮᠠᠰᠢ	маш	6
авсандаа	ᠰᠡᠳᠬᠢᠯ	сэтгэл	5
австрали	ᠤᠯᠤᠰ ᠤᠨ	улсын	93
австрали	ᠤᠯᠤᠰ	улс	79
австрали	ᠤᠯᠤᠰ ᠲᠤ	улсад	61
автаад	ᠪᠠᠶᠢᠨ᠎ᠠ	байна	10
автаад	ᠪᠠᠶᠢᠭ᠎ᠠ	байгаа	6
автаж	ᠪᠠᠶᠢᠨ᠎ᠠ	байна	11
автах	ᠨᠢ	нь	10
автах	ᠶᠠᠭᠤᠮ᠎ᠠ	юм	5
авто	ᠵᠠᠮ ᠤᠨ	замын	880
авто	ᠵᠠᠮ	зам	726
авто	ᠮᠠᠰᠢᠨ ᠤ	машины	238
автобус	ᠨᠢ	нь	29
автобус	ᠣᠷᠣᠭᠤᠯᠵᠤ	оруулж	11
автобус	ᠲᠠᠺᠰᠢ	такси	10
автобусанд	ᠰᠠᠭᠤᠵᠤ	сууж	12
автобусанд	ᠰᠠᠭᠤᠭᠰᠠᠨ	суусан	8
автобусанд	ᠰᠠᠭᠤᠬᠤ	суух	7
автобусны	ᠪᠠᠭᠤᠳᠠᠯ	буудал	56
автобусны	ᠪᠠᠭᠤᠳᠠᠯ ᠤᠨ	буудлын	51
автобусны	ᠵᠢᠯᠣᠭᠣᠴᠢ	жолооч	45
автомат	ᠮᠠᠰᠢᠨ ᠢᠶᠠᠷ	машинаар	37
автомат	ᠮᠠᠰᠢᠨ	машин	22
автомат	ᠪᠤᠤ ᠶᠢ	бууг	18
автомашин	ᠦᠢᠯᠡᠳᠪᠦᠷᠢᠯᠡᠭᠴᠢ	үйлдвэрлэгч	95
автомашин	ᠪᠣᠯᠤᠨ	болон	44
автомашин	ᠨᠢ	нь	42
автсан	ᠪᠠᠶᠢᠨ᠎ᠠ	байна	8
автсан	ᠤᠤ	уу	5
автсан	ᠴᠤ	ч	5
авхаалж	ᠰᠠᠮᠪᠠᠭ᠎ᠠ	самбаа	58
авхай	ᠲᠠ	та	13
авхуулаад	ᠪᠦᠬᠦ	бүх	6
авч	ᠪᠠᠶᠢᠭ᠎ᠠ	байгаа	2086
авч	ᠪᠠᠶᠢᠨ᠎ᠠ	байна	1224
авч	ᠪᠠᠶᠢᠭᠰᠠᠨ	байсан	1002
авчирах	ᠨᠢ	нь	7
авчирах	ᠶᠠᠭᠤᠮ᠎ᠠ	юм	5
авчирдаг	ᠪᠠᠶᠢᠭᠰᠠᠨ	байсан	10
авчирдаг	ᠪᠠᠶᠢᠨ᠎ᠠ	байна	8
авчирдаг	ᠶᠠᠭᠤᠮ᠎ᠠ	юм	6
авчирлаа	ᠭᠡᠵᠦ	гэж	9
авчирна	ᠭᠡᠵᠦ	гэж	47
авчирна	ᠭᠡᠳᠡᠭ ᠲᠦ	гэдэгт	18
авчирна	ᠬᠡᠮᠡᠨ	хэмээн	15
авчирсан	ᠶᠠᠭᠤᠮ᠎ᠠ	юм	139
авчирсан	ᠪᠠᠶᠢᠨ᠎ᠠ	байна	64
авчирсан	ᠨᠢ	нь	28
авчирч	ᠪᠠᠶᠢᠭ᠎ᠠ	байгаа	69
авчирч	ᠪᠠᠶᠢᠨ᠎ᠠ	байна	48
авчирч	ᠪᠠᠶᠢᠭᠰᠠᠨ	байсан	43
авчих	ᠶᠠᠭᠤᠮ᠎ᠠ	юм	19
авчих	ᠶᠤᠮᠰᠠᠨ	юмсан	11
авчих	ᠯᠠ	л	10
авчрах	ᠨᠢ	нь	31
авчрах	ᠪᠤᠢ	вэ	30
авчрах	ᠶᠠᠭᠤᠮ᠎ᠠ	юм	17
авчээ	ᠭᠡᠵᠦ	гэж	6
авъя	ᠭᠡᠵᠦ	гэж	83
авъя	ᠭᠡᠰᠡᠨ	гэсэн	55
авъя	ᠭᠡᠬᠦ ᠪᠡᠷ	гэхээр	32
авьяас	ᠴᠢᠳᠠᠪᠤᠷᠢ	чадвар	87
авьяас	ᠴᠢᠳᠠᠪᠤᠷᠢ ᠲᠠᠢ	чадвартай	35
авьяас	ᠪᠢᠯᠢᠭ	билэг	33
авьяаслаг	ᠤᠷᠠᠨ	уран	83
авьяаслаг	ᠵᠠᠯᠠᠭᠤ	залуу	37
авьяаслаг	ᠴᠢᠳᠠᠪᠤᠷᠢᠯᠢᠭ	чадварлаг	14
авьяастай	ᠬᠦᠮᠦᠨ	хүн	23
авьяастай	ᠬᠦᠮᠦᠰ	хүмүүс	20
авьяастай	ᠬᠡᠦᠬᠡᠳ	хүүхэд	20
агаар	ᠰᠠᠩ	сан	83
агаар	ᠮᠠᠨᠳᠠᠯ ᠳᠤ	мандалд	82
агаар	ᠳᠠᠬᠢ	дахь	69
агаараар	ᠠᠮᠢᠰᠬᠤᠯᠠᠵᠤ	амьсгалж	12
агаараар	ᠳᠠᠮᠵᠢᠨ	дамжин	5
агаарт	ᠪᠠᠶᠢᠭ᠎ᠠ	байгаа	17
агаарт	ᠰᠠᠯᠬᠢᠯᠠᠭᠤᠯᠬᠤ	салхилуулах	16
агаарт	ᠭᠠᠷᠴᠤ	гарч	13
агаартай	ᠭᠠᠵᠠᠷ	газар	7
агаартай	ᠤᠷᠴᠢᠨ ᠳᠤ	орчинд	6
агаарыг	ᠨᠢ	нь	9
агаарыг	ᠪᠣᠬᠢᠷᠳᠠᠭᠤᠯᠵᠤ	бохирдуулж	8
агаарыг	ᠴᠡᠪᠡᠷᠰᠢᠭᠦᠯᠬᠦ	цэвэршүүлэх	6
агаарын	ᠤᠷᠢᠳᠴᠢᠯᠠᠭᠰᠠᠨ	урьдчилсан	397
агаарын	ᠲᠡᠭᠡᠭᠡᠪᠦᠷᠢ ᠶᠢᠨ	тээврийн	352
агаарын	ᠳᠠᠷᠤᠯᠲᠠ	даралт	285
агент	ᠯᠠᠭ	лаг	11
агент	ᠯᠠ	ла	5
агент	ᠲᠤᠮᠢᠯᠠᠬᠤ	томилох	5
агентлаг	ᠮᠡᠳᠡᠭᠡᠯᠡᠵᠡᠢ	мэдээлжээ	41
агентлаг	ᠨᠢ	нь	37
агентлаг	ᠪᠣᠯᠤᠨ	болон	33
агнах	ᠪᠠᠷᠢᠬᠤ	барих	35
агнах	ᠥᠪᠴᠢᠬᠦ	өвчих	13
агнах	ᠡᠷᠬᠡ	эрх	5
агнуур	ᠬᠢᠯᠭᠡᠬᠦ	хийлгэх	5
агсам	ᠲᠠᠯᠪᠢᠵᠤ	тавьж	15
агсам	ᠰᠣᠭᠲᠣᠭᠤ	согтуу	13
агсам	ᠲᠠᠯᠪᠢᠭᠰᠠᠨ	тавьсан	7
агсан	ᠳ	д	36
агсан	ᠰ	с	11
агсан	ᠣᠨ ᠳᠤ	онд	9
агт	ᠰᠤᠮᠤ ᠶᠢᠨ	сумын	10
агт	ᠡᠷᠳᠡᠨᠢ	эрдэнэ	5
агуй	ᠨᠢ	нь	12
агуу	ᠶᠡᠬᠡ	их	134
агуу	ᠲᠣᠮᠣ	том	51
агуу	ᠲᠡᠦᠬᠡ ᠲᠡᠢ	түүхтэй	42
агуулагдаж	ᠪᠠᠶᠢᠭ᠎ᠠ	байгаа	42
агуулагдаж	ᠪᠤᠢ	буй	25
агуулагдаж	ᠪᠠᠶᠢᠳᠠᠭ	байдаг	20
агуулах	ᠰᠠᠪᠠ	сав	29
агуулах	ᠪᠠᠷᠢᠬᠤ	барих	24
агуулах	ᠳᠠᠬᠢ	дахь	16
агуулга	ᠨᠢ	нь	190
агуулга	ᠪᠦᠬᠦᠢ	бүхий	139
агуулга	ᠠᠷᠭ᠎ᠠ	арга	23
агуулж	ᠪᠠᠶᠢᠳᠠᠭ	байдаг	54
агуулж	ᠪᠠᠶᠢᠭ᠎ᠠ	байгаа	52
агуулж	ᠪᠠᠶᠢᠨ᠎ᠠ	байна	29
агуулсан	ᠪᠠᠶᠢᠳᠠᠭ	байдаг	31
агуулсан	ᠬᠦᠨᠡᠰᠦᠨ ᠦ	хүнсний	15
агуулсан	ᠪᠠᠶᠢᠨ᠎ᠠ	байна	13
агшин	ᠪᠦᠷᠢ ᠶᠢ	бүрийг	12
агшин	ᠵᠠᠭᠤᠷ᠎ᠠ	зуур	12
агшин	ᠪᠦᠷ	бүр	7
агшинг	ᠡᠨᠳᠡ	энд	80
агшинг	ᠭᠡᠷᠡᠯ	гэрэл	5
агшинд	ᠯᠠ	л	7
агшныг	ᠬᠠᠷᠠᠭᠤᠯᠤᠭᠰᠠᠨ	харуулсан	8
ад	ᠦᠵᠡᠭᠡᠳ	үзээд	19
ад	ᠦᠵᠡᠬᠦ	үзэх	18
ад	ᠱᠣᠣ	шоо	16
адаг	ᠰᠡᠭᠦᠯ ᠳᠦ	сүүлд	25
адаг	ᠴᠠᠭᠠᠨ	цагаан	15
адаг	ᠰᠡᠭᠦᠯ ᠳᠦ ᠪᠡᠨ	сүүлдээ	12
адаглаад	ᠯᠠ	л	62
адал	ᠶᠠᠪᠤᠳᠠᠯ	явдал	148
адал	ᠶᠠᠪᠤᠳᠠᠯ ᠲᠠᠢ	явдалтай	59
адал	ᠶᠠᠪᠤᠳᠠᠯ ᠢᠶᠠᠷ	явдлаар	23
адгийн	ᠰᠢᠭᠠᠷᠤ	шаар	9
адгийн	ᠨᠠᠭᠠᠳᠤ	наад	8
адгийн	ᠵᠠᠷᠭᠤ	зарга	7
адгуус	ᠨᠣᠮᠣᠬᠠᠷᠠᠭᠤᠯᠬᠤ	номхруулах	14
адгуус	ᠮᠠᠭᠤᠯᠠᠬᠤ	муулах	13
адил	ᠲᠡᠭᠰᠢ	тэгш	92
адил	ᠶᠠᠭᠤᠮ᠎ᠠ	юм	87
адил	ᠲᠥᠰᠲᠡᠢ	төстэй	55
адилаар	ᠡᠨᠡ	энэ	5
адилгүй	ᠪᠠᠶᠢᠳᠠᠭ	байдаг	68
адилгүй	ᠪᠠᠶᠢᠭ᠎ᠠ	байгаа	51
адилгүй	ᠪᠠᠶᠢᠨ᠎ᠠ	байна	27
адилтгах	ᠪᠤᠰᠤᠳ	бусад	16
адилтгах	ᠲᠥᠷᠥ ᠶᠢᠨ	төрийн	15
адилтгах	ᠪᠠᠷᠢᠮᠲᠠ	баримт	11
адилхан	ᠯᠠ	л	113
адилхан	ᠪᠠᠶᠢᠬᠤ	байх	34
адилхан	ᠶᠠᠭᠤᠮ᠎ᠠ	юм	33
адис	ᠠᠪᠴᠤ	авч	16
адис	ᠠᠪᠤᠭᠰᠠᠨ	авсан	9
адис	ᠠᠪᠬᠤ	авах	5
адтай	ᠵᠢᠭᠠᠯ ᠤᠳ	жаалууд	5
адуу	ᠮᠠᠯ	мал	28
адуу	ᠨᠢ	нь	21
адуу	ᠦᠬᠡᠷ	үхэр	19
адуун	ᠰᠦᠷᠦᠭ ᠦᠨ	сүргийн	23
адуун	ᠰᠦᠷᠦᠭ	сүрэг	13
адуун	ᠴᠢᠯᠠᠭᠤᠨ	чулуун	13
адууны	ᠮᠢᠬ᠎ᠠ	мах	78
адууны	ᠮᠢᠬᠠᠨ	махан	11
адууны	ᠰᠣᠶᠣᠯ ᠤᠨ	соёлын	10
адуучин	ᠡᠷ᠎ᠡ	эр	5
аж	ᠠᠬᠤᠢ ᠶᠢᠨ	ахуйн	14095
аж	ᠠᠬᠤᠢ	ахуй	3357
аж	ᠦᠢᠯᠡᠳᠪᠦᠷᠢ	үйлдвэр	308
ажиг	ᠴᠤ	ч	6
ажиглагдах	ᠪᠣᠯᠤᠭᠰᠠᠨ	болсон	22
ажиглагдах	ᠶᠠᠭᠤᠮ᠎ᠠ	юм	16
ажиглагдах	ᠪᠣᠯᠤᠯ᠎ᠠ	боллоо	11
ажиглагч	ᠣᠷᠣᠨ ᠤ	орны	12
ажиглагч	ᠣᠷᠣᠨ	орон	8
ажиглагч	ᠨᠠᠷᠠ	нар	6
ажиглаж	ᠪᠠᠶᠢᠨ᠎ᠠ	байна	59
ажиглаж	ᠪᠠᠶᠢᠭ᠎ᠠ	байгаа	51
ажиглаж	ᠪᠠᠶᠢᠬᠤ ᠳᠤ	байхад	27
ажиглалт	ᠬᠢᠵᠦ	хийж	15
ажиглалт	ᠬᠢᠭᠰᠡᠨ	хийсэн	12
ажиглан	ᠬᠠᠷᠠᠵᠤ	харж	11
ажиглах	ᠬᠡᠷᠡᠭᠲᠡᠢ	хэрэгтэй	16
ажиглах	ᠠᠶᠠᠯᠠᠯ	аялал	10
ажиглах	ᠪᠣᠯᠤᠮᠵᠢ ᠲᠠᠢ	боломжтой	7
ажил	ᠬᠢᠵᠦ	хийж	960
ажил	ᠬᠡᠷᠡᠭ	хэрэг	798
ажил	ᠨᠢ	нь	778
ажилгүй	ᠢᠷᠭᠡᠳ ᠦᠨ	иргэдийн	79
ажилгүй	ᠪᠣᠯᠤᠭᠰᠠᠨ	болсон	50
ажилгүй	ᠪᠠᠶᠢᠭᠰᠠᠨ	байсан	48
ажилд	ᠨᠢ	нь	289
ажилд	ᠣᠷᠣᠭᠰᠠᠨ	орсон	122
ажилд	ᠤᠷᠤᠬᠤ	орох	93
ажилдаа	ᠣᠷᠣᠭᠰᠠᠨ	орсон	131
ажилдаа	ᠣᠷᠣᠵᠠᠢ	оржээ	94
ажилдаа	ᠣᠷᠣᠭᠠᠳ	ороод	84
ажиллагаа	ᠶᠠᠪᠤᠭᠤᠯᠵᠤ	явуулж	2501
ажиллагаа	ᠶᠠᠪᠤᠭᠤᠯᠳᠠᠭ	явуулдаг	1459
ажиллагаа	ᠶᠠᠪᠤᠭᠤᠯᠬᠤ	явуулах	856
ажилладаг	ᠶᠠᠭᠤᠮ᠎ᠠ	юм	236
ажилладаг	ᠪᠠᠶᠢᠭᠰᠠᠨ	байсан	169
ажилладаг	ᠪᠥᠭᠡᠳ	бөгөөд	114
ажиллаж	ᠪᠠᠶᠢᠭ᠎ᠠ	байгаа	6078
ажиллаж	ᠪᠠᠶᠢᠨ᠎ᠠ	байна	5192
ажиллаж	ᠪᠠᠶᠢᠭᠰᠠᠨ	байсан	3394
ажиллана	ᠭᠡᠵᠦ	гэж	197
ажиллана	ᠭᠡᠳᠡᠭ ᠢᠶᠡᠨ	гэдгээ	141
ажиллана	ᠭᠡᠳᠡᠭ ᠲᠦ	гэдэгт	125
ажилласан	ᠪᠠᠶᠢᠨ᠎ᠠ	байна	463
ажилласан	ᠶᠠᠭᠤᠮ᠎ᠠ	юм	212
ажилласан	ᠪᠥᠭᠡᠳ	бөгөөд	154
ажиллах	ᠶᠠᠭᠤᠮ᠎ᠠ	юм	689
ажиллах	ᠶᠣᠰᠣᠲᠠᠢ	ёстой	660
ажиллах	ᠪᠣᠯᠤᠨ᠎ᠠ	болно	548
ажиллуулж	ᠪᠠᠶᠢᠭ᠎ᠠ	байгаа	147
ажиллуулж	ᠪᠠᠶᠢᠨ᠎ᠠ	байна	103
ажиллуулж	ᠪᠠᠶᠢᠭᠰᠠᠨ	байсан	65
ажилсаг	ᠬᠥᠳᠡᠯᠮᠦᠷᠢᠴᠢ	хөдөлмөрч	7
ажилсаг	ᠪᠣᠯᠤᠭᠰᠠᠨ	болсон	5
ажилсаг	ᠬᠢᠴᠢᠶᠡᠩᠭᠦᠢ	хичээнгүй	5
ажилтай	ᠬᠣᠯᠪᠣᠭᠠᠲᠠᠢ	холбоотой	50
ажилтай	ᠲᠠᠨᠢᠯᠴᠠᠯ᠎ᠠ	танилцлаа	36
ажилтай	ᠪᠣᠯᠭᠠᠬᠤ	болгох	34
ажилтан	ᠠᠯᠪᠠᠨ	албан	215
ажилтан	ᠪ	б	139
ажилтан	ᠳ	д	122
ажилч	ᠬᠢᠴᠢᠶᠡᠩᠭᠦᠢ	хичээнгүй	16
ажилчид	ᠨᠢ	нь	84
ажилчид	ᠪᠣᠯᠤᠨ	болон	27
ажилчид	ᠴᠤ	ч	17
ажилчин	ᠠᠯᠪᠠᠨ	албан	15
ажилчин	ᠠᠵᠢᠯᠯᠠᠵᠤ	ажиллаж	14
ажилчин	ᠪᠡᠯᠡᠳᠬᠡᠬᠦ	бэлтгэх	6
ажлаа	ᠬᠢᠵᠦ	хийж	464
ажлаа	ᠬᠢᠭᠡᠳ	хийгээд	153
ажлаа	ᠬᠢᠬᠦ	хийх	142
ажлаас	ᠨᠢ	нь	705
ажлаас	ᠬᠠᠯᠬᠤ	халах	58
ажлаас	ᠴᠢᠯᠦᠭᠡᠯᠡᠬᠦ	чөлөөлөх	50
ажлаасаа	ᠴᠢᠯᠦᠭᠡᠯᠡᠭᠳᠡᠬᠦ	чөлөөлөгдөх	55
ажлаасаа	ᠴᠢᠯᠦᠭᠡᠯᠡᠭᠳᠡᠭᠰᠡᠨ	чөлөөлөгдсөн	53
ажлаасаа	ᠭᠠᠷᠤᠭᠰᠠᠨ	гарсан	24
ажлыг	ᠵᠣᠬᠢᠶᠠᠨ	зохион	750
ажлыг	ᠬᠢᠵᠦ	хийж	518
ажлыг	ᠨᠢ	нь	358
ажлын	ᠬᠡᠰᠡᠭ	хэсэг	3482
ажлын	ᠪᠠᠶᠢᠷᠢ	байр	1556
ажлын	ᠬᠦᠷᠢᠶᠡᠨ ᠳᠦ	хүрээнд	993
ажнай	ᠰᠢᠷᠭ᠎ᠠ	шарга	19
ажнай	ᠰᠢᠷᠭ᠎ᠠ ᠶᠢᠨ	шаргын	5
ажээ	ᠭᠡᠵᠦ	гэж	11
ажээ	ᠬᠡᠮᠡᠨ	хэмээн	6
ажээ	ᠪ	б	5
аз	ᠵᠢᠷᠭᠠᠯ	жаргал	504
аз	ᠵᠢᠷᠭᠠᠯᠲᠠᠢ	жаргалтай	497
аз	ᠵᠢᠷᠭᠠᠯ ᠢ	жаргалыг	175
азаа	ᠦᠵᠡᠬᠦ	үзэх	17
азаа	ᠦᠵᠡᠵᠦ	үзэж	8
азаа	ᠡᠬᠡ	эх	5
азаар	ᠬᠡᠨ	хэн	9
азаар	ᠬᠦᠮᠦᠨ ᠦ	хүний	9
азаар	ᠡᠨᠡ	энэ	8
азарга	ᠶᠡᠬᠡ	их	61
азарга	ᠮᠠᠨᠢ	маань	25
азарга	ᠠᠶᠢᠷᠠᠭ ᠤᠨ	айргийн	19
азгүй	ᠬᠦᠮᠦᠨ	хүн	6
азгүй	ᠶᠠᠭᠤᠮ᠎ᠠ	юм	5
ази	ᠲᠢᠪ ᠦᠨ	тивийн	1158
ази	ᠨᠣᠮᠣᠬᠠᠨ	номхон	793
ази	ᠪᠣᠯᠤᠨ	болон	73
азийн	ᠠᠪᠤᠷᠭᠤ	аварга	1127
азийн	ᠬᠥᠭᠵᠢᠯ ᠦᠨ	хөгжлийн	803
азийн	ᠨᠠᠭᠠᠳᠤᠮ ᠤᠨ	наадмын	487
азтай	ᠬᠦᠮᠦᠨ	хүн	49
азтай	ᠦᠵᠡᠭᠴᠢ	үзэгч	24
азтай	ᠭᠡᠵᠦ	гэж	21
азтан	ᠪᠣᠯᠤᠭᠰᠠᠨ	болсон	23
азтан	ᠪᠣᠯᠬᠤ	болох	11
азтан	ᠪᠣᠯᠵᠤ	болж	9
азын	ᠲᠩᠷᠢ	тэнгэр	13
азын	ᠰᠤᠭᠤᠯᠠᠭ᠎ᠠ	сугалаа	7
ай	ᠬᠥ	хө	77
ай	ᠰᠠᠪᠠ	сав	64
ай	ᠬᠥᠭᠡᠷᠦᠬᠦᠢ	хөөрхий	31
айгаад	ᠪᠠᠶᠢᠬᠤ	байх	25
айгаад	ᠪᠠᠶᠢᠭ᠎ᠠ	байгаа	13
айгаад	ᠪᠠᠶᠢᠨ᠎ᠠ	байна	10
айдаг	ᠪᠠᠶᠢᠭᠰᠠᠨ	байсан	16
айдаг	ᠶᠠᠭᠤᠮ᠎ᠠ	юм	13
айдаг	ᠪᠣᠯᠤᠭᠰᠠᠨ	болсон	10
айдас	ᠬᠦᠢᠳᠡᠰᠦ	хүйдэс	25
айдас	ᠲᠦᠭᠰᠢᠭᠦᠷᠢ	түгшүүр	21
айдас	ᠪᠤᠢ	бий	16
айдаст	ᠠᠪᠲᠠᠭᠤᠯᠵᠤ	автуулж	18
айдаст	ᠠᠪᠲᠠᠵᠤ	автаж	8
айдаст	ᠠᠪᠲᠠᠭᠠᠳ	автаад	5
айдастай	ᠪᠠᠶᠢᠨ᠎ᠠ	байна	11
айдастай	ᠪᠠᠶᠢᠭᠰᠠᠨ	байсан	11
айдастай	ᠪᠠᠶᠢᠭ᠎ᠠ	байгаа	10
айдсыг	ᠨᠢ	нь	5
айж	ᠪᠠᠶᠢᠨ᠎ᠠ	байна	95
айж	ᠪᠠᠶᠢᠭ᠎ᠠ	байгаа	36
айж	ᠪᠠᠶᠢᠭᠰᠠᠨ	байсан	31
айл	ᠡᠷᠦᠬᠡ	өрх	406
айл	ᠡᠷᠦᠬᠡ ᠶᠢᠨ	өрхийн	286
айл	ᠥᠷᠬᠥᠳ	өрхөд	111
айлаар	ᠣᠷᠣᠵᠤ	орж	10
айлаас	ᠭᠤᠶᠤᠬᠤ ᠪᠠᠷ	гуйхаар	12
айлгаж	ᠪᠠᠶᠢᠭ᠎ᠠ	байгаа	14
айлгаж	ᠪᠠᠶᠢᠭᠠᠳ	байгаад	11
айлгаж	ᠪᠠᠶᠢᠨ᠎ᠠ	байна	9
айлган	ᠰᠦᠷᠳᠡᠭᠦᠯᠵᠦ	сүрдүүлж	59
айлган	ᠰᠦᠷᠳᠡᠭᠦᠯᠬᠦ	сүрдүүлэх	30
айлгах	ᠭᠡᠵᠦ	гэж	11
айлгах	ᠲᠠᠺᠲ᠋ᠢᠺ	тактик	6
айлгах	ᠲᠥᠯᠥᠪᠯᠡᠭᠡ	төлөвлөгөө	5
айлд	ᠪᠠᠶᠢᠭ᠎ᠠ	байгаа	10
айлд	ᠣᠷᠣᠵᠤ	орж	10
айлд	ᠣᠴᠢᠵᠤ	очиж	9
айлууд	ᠨᠢ	нь	14
айлууд	ᠨᠢᠭᠡ	нэг	7
айлууд	ᠴᠤ	ч	7
айлчилсан	ᠶᠠᠭᠤᠮ᠎ᠠ	юм	14
айлчилсан	ᠨᠢ	нь	11
айлчилсан	ᠠᠩᠬᠠᠨ ᠤ	анхны	5
айлчлал	ᠬᠢᠵᠦ	хийж	486
айлчлал	ᠨᠢ	нь	212
айлчлал	ᠬᠢᠬᠦ	хийх	164
айлчлан	ᠢᠷᠡᠵᠦ	ирж	36
айлчлан	ᠢᠷᠡᠭᠰᠡᠨ	ирсэн	12
айлчлан	ᠢᠷᠡᠯ᠎ᠡ	ирлээ	7
айлчлах	ᠦᠶ᠎ᠡ ᠪᠡᠷ	үеэр	73
айлчлах	ᠭᠡᠵᠦ	гэж	40
айлчлах	ᠶᠠᠭᠤᠮ᠎ᠠ	юм	10
айлыг	ᠣᠷᠣᠨ	орон	16
айлын	ᠣᠷᠣᠨ	орон	998
айлын	ᠬᠡᠦᠬᠡᠳ ᠦᠳ	хүүхдүүд	56
айлын	ᠭᠡᠷ	гэр	48
аймаар	ᠶᠠᠭᠤᠮ᠎ᠠ	юм	18
аймаар	ᠪᠠᠶᠢᠭᠰᠠᠨ	байсан	7
аймаар	ᠶᠡᠬᠡ	их	6
аймаг	ᠳᠠᠬᠢ	дахь	517
аймаг	ᠣᠷᠣᠨ	орон	357
аймаг	ᠰᠤᠮᠤ	сум	351
аймгийн	ᠠᠷᠰᠯᠠᠨ	арслан	1195
аймгийн	ᠵᠠᠰᠠᠭ	засаг	1167
аймгийн	ᠪᠠᠶᠠᠨ	баян	348
аймшгийн	ᠺᠢᠨᠣ᠋	кино	33
аймшгийн	ᠺᠢᠨᠣᠨ ᠤ	киноны	20
аймшгийн	ᠺᠢᠨᠣᠨ ᠳᠤ	кинонд	8
аймшигт	ᠬᠡᠷᠡᠭ	хэрэг	74
аймшигт	ᠬᠡᠷᠡᠭ ᠢ	хэргийг	20
аймшигт	ᠭᠡᠮᠲᠦ	гэмт	7
аймшигтай	ᠨᠢ	нь	23
аймшигтай	ᠵᠦᠢᠯ	зүйл	19
аймшигтай	ᠬᠡᠷᠡᠭ	хэрэг	10
айн	ᠬᠣᠲᠠᠳ	хотод	7
айраг	ᠲᠦᠷᠦᠭᠦᠦ	түрүү	43
айраг	ᠰᠤᠮᠤ ᠶᠢᠨ	сумын	28
айраг	ᠠᠪᠤᠭᠰᠠᠨ	авсан	15
айргийн	ᠭᠤᠷᠪᠠ ᠳᠤ	гуравт	127
айргийн	ᠡᠵᠡᠨ	эзэн	76
айргийн	ᠲᠠᠪᠤ	тав	20
айсан	ᠶᠠᠭᠤᠮ᠎ᠠ	юм	11
айсан	ᠤᠤ	уу	10
айх	ᠬᠡᠷᠡᠭ ᠦᠭᠡᠢ	хэрэггүй	46
айх	ᠠᠶᠤᠯ ᠦᠭᠡᠢ	аюулгүй	32
айх	ᠶᠠᠭᠤᠮ᠎ᠠ	юм	24
айхавтар	ᠶᠡᠬᠡ	их	5
айхгүй	ᠪᠠᠶᠢᠨ᠎ᠠ	байна	25
айхгүй	ᠰᠢᠦ	шүү	8
айхгүй	ᠪᠠᠶᠢᠭ᠎ᠠ	байгаа	6
айхтар	ᠲᠣᠮᠣ	том	16
айхтар	ᠵᠦᠢᠯ	зүйл	10
айхтар	ᠰᠦᠷᠡᠬᠡᠢ	сүрхий	9
академи	ᠬᠠᠮᠲᠤᠷᠠᠨ	хамтран	23
академи	ᠨᠢ	нь	20
академи	ᠮᠣᠩᠭᠣᠯ ᠤᠨ	монголын	19
академич	ᠪ	б	38
академич	ᠵ	ж	26
академич	ᠳ	д	24
акт	ᠲᠠᠯᠪᠢᠭᠰᠠᠨ	тавьсан	17
акт	ᠭᠠᠷᠭᠠᠬᠤ	гаргах	11
акт	ᠲᠣᠭᠲᠠᠭᠠᠭᠰᠠᠨ	тогтоосон	10
ал	ᠪᠠᠨ	бан	74
ал	ᠲᠠᠨ	тан	28
ал	ᠭᠠ	га	17
алаад	ᠥᠭ	өг	6
алаад	ᠥᠭᠭᠦᠶ᠎ᠡ	өгье	5
алаг	ᠨᠢᠳᠦᠨ	нүдэн	22
алаг	ᠨᠢᠳᠦ	нүд	20
алаг	ᠡᠷᠳᠡᠨᠢ	эрдэнэ	18
алан	ᠬᠢᠳᠤᠬᠤ	хядах	33
алан	ᠬᠢᠳᠤᠭᠴᠢ	хядагч	9
алах	ᠭᠡᠮᠲᠦ	гэмт	22
алах	ᠭᠡᠳ	гээд	11
алах	ᠨᠢ	нь	10
алба	ᠬᠠᠭᠠᠭᠴᠢᠳ	хаагчид	366
алба	ᠬᠠᠭᠠᠭᠴᠢ	хаагч	254
алба	ᠨᠢ	нь	142
албаар	ᠳᠠᠮᠵᠢᠭᠤᠯᠤᠨ	дамжуулан	8
албагүй	ᠰᠢᠦ	шүү	16
албагүй	ᠴᠤ	ч	10
албагүй	ᠭᠡᠵᠦ	гэж	8
албан	ᠶᠣᠰᠣᠨ ᠤ	ёсны	3861
албан	ᠶᠣᠰᠣᠭᠠᠷ	ёсоор	3347
албан	ᠲᠤᠰᠢᠶᠠᠯ	тушаал	1312
албанд	ᠨᠡᠶᠢᠲᠡ ᠶᠢᠨ	нийтийн	218
албанд	ᠠᠵᠢᠯᠯᠠᠵᠤ	ажиллаж	85
албанд	ᠠᠵᠢᠯᠯᠠᠬᠤ	ажиллах	49
албатай	ᠬᠠᠮᠲᠤᠷᠠᠨ	хамтран	40
албатай	ᠬᠣᠯᠪᠣᠭᠠᠲᠠᠢ	холбоотой	13
албатай	ᠪᠠᠶᠢᠬᠤ	байх	9
алга	ᠪᠣᠯᠤᠭᠰᠠᠨ	болсон	375
алга	ᠪᠠᠶᠢᠨ᠎ᠠ	байна	262
алга	ᠪᠣᠯᠵᠤ	болж	139
алгаа	ᠲᠠᠰᠢ	таш	12
алгаа	ᠲᠣᠰᠤᠨ	тосон	10
алгаа	ᠲᠣᠰᠤᠭᠠᠳ	тосоод	7
алган	ᠳᠡᠭᠡᠷ᠎ᠡ	дээр	55
алган	ᠳᠡᠭᠡᠷ᠎ᠡ ᠪᠡᠨ	дээрээ	32
алд	ᠳᠡᠯᠢᠮ	дэлэм	23
алд	ᠴᠡᠩᠬᠡᠷ	цэнхэр	23
алд	ᠰᠠᠩ	сан	14
алдаа	ᠭᠠᠷᠭᠠᠭᠰᠠᠨ	гаргасан	309
алдаа	ᠳᠤᠲᠠᠭᠳᠠᠯ	дутагдал	150
алдаа	ᠭᠠᠷᠭᠠᠵᠤ	гаргаж	142
алдааг	ᠨᠢ	нь	47
алдааг	ᠵᠠᠰᠠᠬᠤ	засах	33
алдааг	ᠳᠠᠪᠲᠠᠬᠤ	давтах	18
алдаагаа	ᠵᠠᠰᠠᠬᠤ	засах	60
алдаагаа	ᠬᠦᠯᠢᠶᠡᠨ	хүлээн	23
алдаагаа	ᠵᠠᠰᠠᠵᠤ	засаж	20
алдаагүй	ᠪᠠᠶᠢᠨ᠎ᠠ	байна	12
алдаагүй	ᠵᠥᠪ	зөв	11
алдаагүй	ᠪᠠᠶᠢᠬᠤ	байх	7
алдаад	ᠪᠠᠶᠢᠨ᠎ᠠ	байна	60
алдаад	ᠪᠠᠶᠢᠭ᠎ᠠ	байгаа	52
алдаад	ᠪᠠᠶᠢᠭᠰᠠᠨ	байсан	23
алдаан	ᠳᠡᠭᠡᠷ᠎ᠡ	дээр	34
алдаан	ᠳᠡᠭᠡᠷ᠎ᠡ ᠪᠡᠨ	дээрээ	24
алдаан	ᠳᠡᠭᠡᠷ᠎ᠡ ᠡᠴᠡ ᠪᠡᠨ	дээрээсээ	9
алдаанаас	ᠪᠣᠯᠵᠤ	болж	62
алдаанаас	ᠪᠣᠯᠤᠭᠠᠳ	болоод	13
алдаанаас	ᠨᠢ	нь	5
алдаанаасаа	ᠰᠤᠷᠤᠯᠴᠠᠵᠤ	суралцаж	8
алдаанаасаа	ᠰᠤᠷᠤᠯᠴᠠᠬᠤ	суралцах	8
алдаанаасаа	ᠰᠤᠷᠭᠠᠮᠵᠢ	сургамж	8
алдаатай	ᠪᠣᠳᠣᠯᠭ᠎ᠠ	бодлого	49
алдаатай	ᠰᠢᠢᠳᠪᠦᠷᠢ	шийдвэр	21
алдаатай	ᠪᠠᠶᠢᠭᠰᠠᠨ	байсан	16
алдаг	ᠳᠠᠯ	дал	10
алдагдаж	ᠪᠠᠶᠢᠨ᠎ᠠ	байна	37
алдагдаж	ᠪᠠᠶᠢᠭ᠎ᠠ	байгаа	33
алдагдаж	ᠪᠠᠶᠢᠭ᠎ᠠ ᠶᠢ	байгааг	19
алдагдал	ᠬᠦᠯᠢᠶᠡᠵᠦ	хүлээж	107
алдагдал	ᠨᠢ	нь	90
алдагдал	ᠬᠦᠯᠢᠶᠡᠭᠰᠡᠨ	хүлээсэн	88
алдагдах	ᠵᠡᠷᠭᠡ	зэрэг	8
алдагдах	ᠨᠢ	нь	8
алдагдах	ᠤᠯᠤᠰ	улс	7
алдагдсан	ᠪᠠᠶᠢᠨ᠎ᠠ	байна	26
алдагдсан	ᠬᠡᠷᠡᠭ	хэрэг	19
алдагдсан	ᠭᠡᠬᠦ	гэх	15
алдаж	ᠪᠠᠶᠢᠨ᠎ᠠ	байна	180
алдаж	ᠪᠠᠶᠢᠭ᠎ᠠ	байгаа	134
алдаж	ᠪᠠᠶᠢᠭᠰᠠᠨ	байсан	85
алдалгүй	ᠰᠢᠭᠤᠷᠬᠠᠢ	шуурхай	29
алдалгүй	ᠠᠪᠴᠤ	авч	21
алдалгүй	ᠠᠪᠬᠤ	авах	18
алдан	ᠪᠠᠶᠢᠵᠤ	байж	8
алдан	ᠤᠨᠠᠭᠰᠠᠨ	унасан	7
алдан	ᠰᠠᠭᠤᠬᠤ	суух	5
алдана	ᠭᠡᠳᠡᠭ	гэдэг	34
алдана	ᠭᠡᠵᠦ	гэж	22
алдана	ᠭᠡᠰᠡᠨ	гэсэн	13
алдар	ᠰᠫᠣᠷᠲ	спорт	128
алдар	ᠨᠡᠷᠡ	нэр	53
алдар	ᠬᠦᠨᠳᠦ	хүнд	41
алдарт	ᠤᠶᠠᠭᠠᠴᠢ	уяач	548
алдарт	ᠳᠠᠭᠤᠴᠢᠨ	дуучин	124
алдарт	ᠵᠣᠬᠢᠶᠠᠯᠴᠢ	зохиолч	85
алдартай	ᠤᠷᠠᠨ	уран	28
алдартай	ᠪᠥᠭᠡᠳ	бөгөөд	23
алдартай	ᠪᠣᠯᠤᠭᠰᠠᠨ	болсон	22
алдарч	ᠪᠠᠶᠢᠨ᠎ᠠ	байна	20
алдарч	ᠪᠠᠶᠢᠭ᠎ᠠ	байгаа	5
алдаршсан	ᠡᠨᠡ	энэ	11
алдаршсан	ᠡᠨᠡᠳᠬᠡᠭ	энэтхэг	8
алдаршсан	ᠶᠠᠭᠤᠮ᠎ᠠ	юм	8
алдаршуулах	ᠵᠣᠷᠢᠯᠭ᠎ᠠ ᠲᠠᠢ	зорилготой	10
алдаршуулах	ᠠᠵᠢᠯ ᠢ	ажлыг	8
алдаршуулах	ᠰᠠᠷ᠎ᠠ	сар	7
алдах	ᠨᠢ	нь	79
алдах	ᠲᠣᠬᠢᠶᠠᠯᠳᠤᠯ	тохиолдол	49
алдах	ᠵᠡᠷᠭᠡ	зэрэг	44
алдахаас	ᠰᠡᠷᠭᠡᠶᠢᠯᠡᠵᠦ	сэргийлж	21
алдахаас	ᠠᠶᠤᠳᠠᠭ	айдаг	6
алдахаас	ᠥᠭᠡᠷ᠎ᠡ	өөр	6
алдахад	ᠬᠦᠷᠭᠡᠭᠰᠡᠨ	хүргэсэн	16
алдахад	ᠯᠠ	л	9
алдахад	ᠬᠦᠷᠭᠡᠳᠡᠭ	хүргэдэг	8
алдахгүй	ᠪᠠᠶᠢᠬᠤ	байх	60
алдахгүй	ᠪᠠᠶᠢᠬᠤ ᠶᠢ	байхыг	20
алдахгүй	ᠭᠡᠵᠦ	гэж	17
алдахгүйн	ᠲᠤᠯᠠᠳᠠ	тулд	93
алдахгүйн	ᠲᠥᠯᠥᠭᠡ	төлөө	16
алдахыг	ᠬᠦᠰᠡᠬᠦ ᠦᠭᠡᠢ	хүсэхгүй	18
алдахыг	ᠬᠦᠰᠡᠭᠡ ᠦᠭᠡᠢ	хүсээгүй	7
алдвал	ᠪᠠᠷᠢᠵᠤ	барьж	9
алдвал	ᠪᠦᠬᠦᠨ ᠢ	бүхнийг	8
алддаг	ᠪᠠᠶᠢᠨ᠎ᠠ	байна	19
алддаг	ᠶᠠᠭᠤᠮ᠎ᠠ	юм	15
алддаг	ᠭᠡᠰᠡᠨ	гэсэн	13
алдлаа	ᠭᠡᠬᠦ ᠳᠦ	гэхэд	10
алдлаа	ᠭᠡᠰᠡᠨ	гэсэн	7
алдлаа	ᠭᠡᠳ	гээд	7
алдраа	ᠳᠠᠭᠤᠷᠢᠰᠬᠠᠵᠤ	дуурсгаж	6
алдрай	ᠪᠢᠴᠢᠬᠠᠨ	бяцхан	13
алдрай	ᠨᠠᠰᠤᠨ ᠤ	насны	6
алдрыг	ᠬᠦᠷᠲᠡᠭᠰᠡᠨ	хүртсэн	14
алдрыг	ᠨᠢ	нь	9
алдрыг	ᠮᠠᠭᠲᠠᠨ	магтан	5
алдрын	ᠲᠠᠩᠬᠢᠮ	танхим	23
алдрын	ᠲᠠᠩᠬᠢᠮ ᠳᠤ	танхимд	23
алдрын	ᠣᠷᠭᠢᠯ ᠳᠤ	оргилд	16
алдсаар	ᠪᠠᠶᠢᠨ᠎ᠠ	байна	19
алдсаар	ᠪᠠᠶᠢᠭ᠎ᠠ	байгаа	8
алдсаар	ᠯᠠ	л	7
алдсан	ᠪᠠᠶᠢᠨ᠎ᠠ	байна	139
алдсан	ᠬᠡᠷᠡᠭ	хэрэг	110
алдсан	ᠶᠠᠭᠤᠮ᠎ᠠ	юм	96
алдчихаад	ᠪᠠᠶᠢᠨ᠎ᠠ	байна	13
алдчихаад	ᠪᠠᠶᠢᠭ᠎ᠠ	байгаа	6
алдчихлаа	ᠭᠡᠵᠦ	гэж	8
алдчихлаа	ᠭᠡᠳ	гээд	5
алж	ᠪᠠᠶᠢᠭ᠎ᠠ	байгаа	8
алж	ᠪᠠᠶᠢᠨ᠎ᠠ	байна	8
алж	ᠪᠣᠯᠬᠤ ᠦᠭᠡᠢ	болохгүй	7
алиа	ᠬᠣᠱᠣᠩ	хошин	9
алиа	ᠰᠠᠯᠪᠠᠳᠠᠢ	салбадай	8
алив	ᠪᠣᠰ	бос	13
алив	ᠪᠥᠭᠥᠳᠡᠭᠡᠷ ᠢᠶᠡᠨ	бүгдээрээ	5
алив	ᠥᠬᠢᠨ	охин	5
аливаа	ᠤᠯᠤᠰ	улс	208
аливаа	ᠠᠰᠠᠭᠤᠳᠠᠯ ᠢ	асуудлыг	132
аливаа	ᠵᠦᠢᠯ	зүйл	127
аливааг	ᠰᠢᠨᠵᠢᠯᠡᠬᠦ	шинжлэх	11
аливааг	ᠰᠤᠷᠬᠤ	сурах	6
алийг	ᠨᠢ	нь	211
алийг	ᠲᠡᠷᠡ	тэр	14
алийг	ᠴᠤ	ч	7
алийн	ᠪᠣᠯᠭᠠᠨ	болгон	58
алим	ᠯᠢᠢᠷ	лийр	7
алим	ᠵᠢᠮᠢᠰ	жимс	6
алим	ᠰᠢᠭ	шиг	5
алинд	ᠨᠢ	нь	182
алинд	ᠴᠤ	ч	33
алинд	ᠪᠤᠢ	бий	5
ална	ᠭᠡᠵᠦ	гэж	20
ална	ᠰᠢᠦ	шүү	20
ална	ᠲᠠᠯᠠᠨ᠎ᠠ	тална	16
алс	ᠬᠣᠯᠠ ᠶᠢᠨ	холын	70
алс	ᠬᠣᠯᠠ	хол	58
алс	ᠳᠣᠷᠣᠨᠠᠲᠤ	дорнод	30
алсаас	ᠬᠠᠷᠠᠬᠤ	харах	7
алсад	ᠪᠠᠶᠢᠭ᠎ᠠ	байгаа	10
алсад	ᠤᠷᠤᠰᠢᠬᠤ	орших	7
алсад	ᠰᠠᠭᠤᠭ᠎ᠠ	суугаа	7
алсан	ᠭᠡᠮᠲᠦ	гэмт	31
алсан	ᠪᠣᠯ	бол	21
алсан	ᠭᠡᠵᠦ	гэж	9
алсыг	ᠬᠠᠷᠠᠭᠰᠠᠨ	харсан	57
алсыг	ᠬᠠᠷᠠᠵᠤ	харж	19
алсыг	ᠬᠠᠷᠠᠬᠤ	харах	11
алсын	ᠬᠠᠷ᠎ᠠ	хараа	120
алсын	ᠬᠠᠷ᠎ᠠ ᠲᠠᠢ	хараатай	111
алсын	ᠤᠳᠤᠷᠢᠳᠤᠯᠭ᠎ᠠ	удирдлага	82
алт	ᠮᠥᠩᠭᠥ	мөнгө	735
алт	ᠮᠥᠩᠭᠥᠨ	мөнгөн	275
алт	ᠨᠢᠭᠡ	нэг	177
алтаар	ᠪᠦᠷᠢᠭᠰᠡᠨ	бүрсэн	19
алтаар	ᠬᠢᠭᠰᠡᠨ	хийсэн	10
алтай	ᠠᠶᠢᠮᠠᠭ ᠤᠨ	аймгийн	764
алтай	ᠬᠠᠩᠭᠠᠢ	хангай	295
алтай	ᠬᠠᠩᠭᠠᠢ ᠶᠢᠨ	хангайн	160
алтайн	ᠥᠪᠥᠷ	өвөр	486
алтайн	ᠪᠠᠷᠰ	барс	196
алтайн	ᠰᠠᠯᠪᠤᠷᠢ	салбар	181
алтан	ᠮᠧᠳᠠᠯ	медаль	2238
алтан	ᠳᠣᠷᠣᠨᠠᠲᠤ	дорнод	302
алтан	ᠭᠠᠳᠠᠰᠤ	гадас	224
алтанбулаг	ᠤᠯᠠᠭᠠᠨᠪᠠᠭᠠᠲᠤᠷ	улаанбаатар	62
алтанбулаг	ᠰᠤᠮᠤ ᠶᠢᠨ	сумын	49
алтанбулаг	ᠴᠢᠯᠦᠭᠡᠲᠦ	чөлөөт	28
алтангэрэл	ᠨᠠᠷᠠ	нар	36
алтангэрэл	ᠨᠠᠷᠠᠲᠤ	нарт	30
алтангэрэл	ᠨᠠᠷ ᠤᠨ	нарын	25
алтансүх	ᠠ	а	14
алтансүх	ᠪ	б	11
алтансүх	ᠤ	у	9
алтанцэцэг	ᠨᠠᠷᠠ	нар	23
алтанцэцэг	ᠪ	б	8
алтанцэцэг	ᠪᠤᠶᠤ	буюу	7
алтлаг	ᠰᠢᠷᠭᠠᠯ	шаргал	8
алтлаг	ᠮᠥᠩᠭᠥᠯᠢᠭ	мөнгөлөг	5
алтлаг	ᠥᠩᠭᠡ ᠲᠡᠢ	өнгөтэй	5
алтнаас	ᠦᠨᠡᠲᠡᠢ	үнэтэй	10
алтнаас	ᠴᠤ	ч	7
алтнаас	ᠢᠯᠡᠭᠦᠦ	илүү	5
алтны	ᠦᠨ᠎ᠡ	үнэ	178
алтны	ᠬᠡᠮᠵᠢᠶ᠎ᠡ	хэмжээ	146
алтны	ᠨᠥᠭᠡᠴᠡ	нөөц	126
алттай	ᠭᠡᠳᠡᠭ	гэдэг	7
алттай	ᠭᠡᠵᠦ	гэж	5
алтыг	ᠨᠢ	нь	49
алтыг	ᠬᠠᠤᠯᠢ	хууль	16
алтыг	ᠬᠤᠳᠠᠯᠳᠤᠨ	худалдан	15
алуурчин	ᠨᠢ	нь	6
алхаа	ᠭᠢᠰᠬᠢᠭᠡ	гишгээ	19
алхаад	ᠯᠠ	л	21
алхаад	ᠪᠠᠶᠢᠨ᠎ᠠ	байна	5
алхаад	ᠤᠳᠠᠭ᠎ᠠ ᠦᠭᠡᠢ	удаагүй	5
алхаж	ᠪᠠᠶᠢᠨ᠎ᠠ	байна	76
алхаж	ᠪᠠᠶᠢᠭ᠎ᠠ	байгаа	32
алхаж	ᠶᠠᠪᠤᠭ᠎ᠠ	яваа	31
алхам	ᠬᠢᠵᠦ	хийж	138
алхам	ᠨᠢ	нь	108
алхам	ᠬᠢᠬᠦ	хийх	105
алхан	ᠣᠷᠣᠭᠰᠠᠨ	орсон	8
алхан	ᠣᠷᠣᠵᠤ	орж	7
алхана	ᠳ᠋ᠠ	даа	5
алхах	ᠨᠢ	нь	31
алхах	ᠭᠡᠵᠦ	гэж	22
алхах	ᠶᠠᠭᠤᠮ᠎ᠠ	юм	14
алхмаар	ᠪᠠᠶᠢᠨ᠎ᠠ	байна	6
алхсан	ᠶᠠᠭᠤᠮ᠎ᠠ	юм	9
алхсан	ᠮᠣᠩᠭᠣᠯ ᠤᠨ	монголын	7
алхсан	ᠨᠢ	нь	6
алчуур	ᠨᠢ	нь	8
алчуур	ᠳᠡᠯᠭᠡᠵᠦ	дэлгэж	7
алчуур	ᠰᠢᠭ	шиг	6
аль	ᠪᠣᠯᠬᠤ	болох	2020
аль	ᠴᠤ	ч	1553
аль	ᠨᠢᠭᠡ	нэг	1328
ам	ᠳ᠋ᠣᠯᠯᠠᠷ	доллар	195
ам	ᠰᠠᠶᠢᠲᠠᠢ	сайтай	164
ам	ᠮᠧᠲ᠋ᠷ	метр	163
амаа	ᠥᠰᠬᠡᠬᠦ	өсгөх	20
амаа	ᠪᠠᠷᠢᠵᠤ	барьж	16
амаа	ᠪᠠᠷᠢᠬᠤ	барих	10
амаар	ᠪᠣᠯᠤᠨ	болон	20
амаар	ᠳᠣᠷᠣᠮᠵᠢᠯᠠᠵᠤ	доромжилж	14
амаар	ᠨᠢ	нь	8
амаараа	ᠭᠠᠷᠭᠠᠬᠤ	гаргах	8
амаараа	ᠰᠢᠷᠣᠢ	шороо	6
амалсан	ᠪᠠᠶᠢᠨ᠎ᠠ	байна	8
амалсан	ᠶᠠᠭᠤᠮ᠎ᠠ	юм	7
амалсан	ᠨᠢᠭᠡ	нэг	6
аман	ᠬᠦᠵᠦᠭᠦᠨ ᠳᠦ	хүзүүнд	175
аман	ᠬᠥᠵᠦᠭᠦᠦ	хүзүү	52
аман	ᠵᠣᠬᠢᠶᠠᠯ	зохиол	42
аманд	ᠨᠢ	нь	26
аманд	ᠣᠷᠣᠭᠰᠠᠨ	орсон	18
аманд	ᠴᠤ	ч	17
амандаа	ᠣᠷᠣᠭᠰᠠᠨ	орсон	19
амандаа	ᠬᠦᠷᠴᠦ	хүрч	11
амандаа	ᠬᠢᠵᠦ	хийж	7
амар	ᠠᠮᠤᠭᠤᠯᠠᠩ	амгалан	132
амар	ᠲᠠᠶᠢᠪᠤᠩ	тайван	132
амар	ᠬᠢᠯᠪᠠᠷ	хялбар	108
амаргүй	ᠪᠠᠶᠢᠭᠰᠠᠨ	байсан	51
амаргүй	ᠠᠵᠢᠯ	ажил	40
амаргүй	ᠳᠠᠪᠠᠭ᠎ᠠ	даваа	29
амардаг	ᠪᠠᠶᠢᠭᠰᠠᠨ	байсан	11
амардаг	ᠶᠠᠭᠤᠮ᠎ᠠ	юм	11
амардаг	ᠪᠠᠶᠢᠬᠤ ᠪᠠᠷ	байхаар	10
амаржих	ᠭᠠᠵᠠᠷ ᠤᠨ	газрын	210
амаржих	ᠭᠠᠵᠠᠷ ᠲᠤ	газарт	165
амаржих	ᠭᠠᠵᠠᠷ	газар	118
амарсан	ᠴᠤ	ч	10
амарсан	ᠤᠤ	уу	7
амарсан	ᠪᠠᠶᠢᠬᠤ	байх	6
амархан	ᠶᠠᠭᠤᠮ᠎ᠠ	юм	32
амархан	ᠪᠠᠶᠢᠳᠠᠭ	байдаг	25
амархан	ᠪᠠᠶᠢᠭᠰᠠᠨ	байсан	16
амарч	ᠪᠠᠶᠢᠭ᠎ᠠ	байгаа	52
амарч	ᠪᠠᠶᠢᠨ᠎ᠠ	байна	32
амарч	ᠪᠠᠶᠢᠭᠠᠳ	байгаад	26
амбан	ᠵᠠᠬᠢᠷᠤᠭᠴᠢ	захирагч	77
амгалан	ᠲᠠᠶᠢᠪᠤᠩ	тайван	133
амгалан	ᠨᠠᠷᠠ	нар	30
амгалан	ᠨᠢ	нь	24
амгаланбаатар	ᠨᠠᠷᠠ	нар	19
амгаланбаатар	ᠰ	с	8
амгаланбаатар	ᠪᠣᠯᠤᠨ	болон	7
амгаланг	ᠡᠷᠢᠶ᠎ᠡ	эрье	5
амгалангийн	ᠤᠳᠬ᠎ᠠ	утга	7
америк	ᠪᠣᠯᠤᠨ	болон	68
америк	ᠳᠠᠬᠢ	дахь	66
америк	ᠲᠢᠪ ᠦᠨ	тивийн	55
америкийн	ᠨᠡᠭᠡᠭᠡᠯᠲᠡᠲᠡᠢ	нээлттэй	174
америкийн	ᠨᠢᠭᠡᠳᠦᠭᠰᠡᠨ	нэгдсэн	123
америкийн	ᠺᠢᠨᠣ᠋	кино	66
америкт	ᠨᠢᠭᠡ	нэг	14
америкт	ᠠᠮᠢᠳᠤᠷᠠᠵᠤ	амьдарч	13
америкт	ᠴᠤ	ч	10
амжаагүй	ᠪᠠᠶᠢᠭ᠎ᠠ	байгаа	114
амжаагүй	ᠪᠠᠶᠢᠨ᠎ᠠ	байна	86
амжаагүй	ᠪᠠᠶᠢᠬᠤ ᠳᠤ	байхад	65
амжиж	ᠪᠠᠲᠤᠯᠠᠬᠤ	батлах	10
амжиж	ᠪᠥᠷᠢᠳᠬᠡᠭᠦᠯᠬᠦ	бүртгүүлэх	10
амжиж	ᠨᠢᠭᠡ	нэг	5
амжилт	ᠬᠦᠰᠡᠶ᠎ᠡ	хүсье	657
амжилт	ᠭᠠᠷᠭᠠᠭᠰᠠᠨ	гаргасан	351
амжилт	ᠭᠠᠷᠭᠠᠵᠤ	гаргаж	315
амжилтанд	ᠬᠦᠷᠦᠭᠰᠡᠨ	хүрсэн	68
амжилтанд	ᠬᠦᠷᠴᠦ	хүрч	43
амжилтанд	ᠬᠦᠷᠬᠦ	хүрэх	42
амжилттай	ᠵᠣᠬᠢᠶᠠᠨ	зохион	485
амжилттай	ᠪᠣᠯᠵᠤ	болж	443
амжилттай	ᠣᠷᠣᠯᠴᠠᠵᠤ	оролцож	384
амжилтыг	ᠨᠢ	нь	81
амжилтыг	ᠦᠵᠡᠭᠦᠯᠦᠭᠰᠡᠨ	үзүүлсэн	76
амжилтыг	ᠦᠵᠡᠭᠦᠯᠵᠦ	үзүүлж	67
амжилтын	ᠡᠵᠡᠨ	эзэн	146
амжилтын	ᠲᠥᠯᠥᠭᠡ	төлөө	102
амжилтын	ᠦᠨᠳᠦᠰᠦ	үндэс	58
амжих	ᠤᠤ	уу	45
амжих	ᠪᠣᠯᠪᠠ	болов	10
амжих	ᠡᠰᠡᠬᠦ	эсэх	8
амжихгүй	ᠪᠣᠯ	бол	34
амжихгүй	ᠪᠠᠶᠢᠬᠤ	байх	18
амжихгүй	ᠯᠠ	л	18
амжсан	ᠪᠠᠶᠢᠨ᠎ᠠ	байна	49
амжсан	ᠶᠠᠭᠤᠮ᠎ᠠ	юм	42
амжсан	ᠤᠤ	уу	34
амжуулах	ᠠᠵᠢᠯ	ажил	10
амжуулах	ᠨᠢ	нь	6
амиа	ᠠᠯᠠᠳᠠᠭᠰᠠᠨ	алдсан	811
амиа	ᠠᠯᠳᠠᠵᠤ	алдаж	125
амиа	ᠬᠣᠣᠷᠯᠠᠭᠰᠠᠨ	хорлосон	123
амилах	ᠭᠡᠵᠦ	гэж	16
амилах	ᠨᠢ	нь	16
амилах	ᠶᠠᠭᠤᠮ᠎ᠠ	юм	6
амилж	ᠪᠠᠶᠢᠭᠰᠠᠨ	байсан	10
амилсан	ᠶᠠᠭᠤᠮ᠎ᠠ	юм	10
амилуулах	ᠭᠡᠵᠦ	гэж	13
амилуулах	ᠨᠢ	нь	8
амилуулах	ᠰᠠᠭᠤᠷᠢ	суурь	8
амилуулж	ᠪᠠᠶᠢᠭᠰᠠᠨ	байсан	10
амилуулж	ᠪᠠᠶᠢᠭ᠎ᠠ	байгаа	7
амилуулж	ᠪᠠᠶᠢᠨ᠎ᠠ	байна	5
амилуулсан	ᠶᠠᠭᠤᠮ᠎ᠠ	юм	17
амилуулсан	ᠪᠠᠶᠢᠨ᠎ᠠ	байна	7
амилуулсан	ᠤᠷᠠᠨ	уран	6
амин	ᠴᠢᠬᠤᠯᠠ	чухал	242
амин	ᠰᠦᠨᠡᠰᠦ	сүнс	170
амин	ᠳᠡᠮ	дэм	148
аминд	ᠬᠦᠷᠦᠭᠰᠡᠨ	хүрсэн	160
аминд	ᠨᠢ	нь	37
аминд	ᠬᠦᠷᠴᠦ	хүрч	20
амлаад	ᠪᠠᠶᠢᠭ᠎ᠠ	байгаа	38
амлаад	ᠪᠠᠶᠢᠭᠰᠠᠨ	байсан	17
амлаад	ᠪᠤᠢ	буй	7
амлаж	ᠪᠠᠶᠢᠭᠰᠠᠨ	байсан	62
амлаж	ᠪᠠᠶᠢᠨ᠎ᠠ	байна	60
амлаж	ᠪᠠᠶᠢᠭ᠎ᠠ	байгаа	35
амлалт	ᠥᠭᠭᠦᠭᠰᠡᠨ	өгсөн	67
амлалт	ᠥᠭᠴᠦ	өгч	60
амлалт	ᠨᠡᠬᠡᠬᠦ	нэхэх	21
амлалтаа	ᠪᠡᠶᠡᠯᠡᠭᠦᠯᠵᠦ	биелүүлж	30
амлалтаа	ᠪᠡᠶᠡᠯᠡᠭᠦᠯᠬᠦ	биелүүлэх	23
амлалтаа	ᠬᠡᠷᠡᠭᠵᠢᠭᠦᠯᠬᠦ	хэрэгжүүлэх	9
амлалтыг	ᠨᠢ	нь	16
амлалтыг	ᠬᠡᠷᠡᠭᠵᠢᠭᠦᠯᠬᠦ	хэрэгжүүлэх	9
амлалтыг	ᠥᠭᠭᠦᠭᠰᠡᠨ	өгсөн	9
амлан	ᠠᠪᠴᠤ	авч	22
амлан	ᠠᠪᠤᠭᠰᠠᠨ	авсан	5
амласан	ᠶᠠᠭᠤᠮ᠎ᠠ	юм	36
амласан	ᠪᠠᠶᠢᠨ᠎ᠠ	байна	34
амласан	ᠴᠤ	ч	33
амлах	ᠨᠢ	нь	8
амлах	ᠪᠠᠶᠢᠨ᠎ᠠ	байна	7
амнаас	ᠠᠮᠠ	ам	30
амнаас	ᠨᠢ	нь	26
амнаас	ᠭᠠᠷᠴᠤ	гарч	19
амнаасаа	ᠪᠣᠯᠵᠤ	болж	8
амнаасаа	ᠤᠨᠠᠭᠠᠵᠤ	унагаж	5
амны	ᠬᠥᠨᠳᠡᠢ ᠶᠢᠨ	хөндийн	142
амны	ᠬᠠᠭᠠᠯᠲᠠ	хаалт	80
амны	ᠬᠥᠨᠳᠡᠢ	хөндий	42
амраад	ᠯᠠ	л	6
амрааж	ᠲᠠᠶᠢᠪᠤᠩ	тайван	6
амраах	ᠬᠡᠷᠡᠭᠲᠡᠢ	хэрэгтэй	5
амраг	ᠮᠢᠨᠢ	минь	87
амраг	ᠴᠢᠨᠢ	чинь	21
амраг	ᠰᠡᠳᠬᠢᠯ	сэтгэл	15
амрагийн	ᠶᠠᠪᠤᠳᠠᠯ ᠠᠴᠠ	явдлаас	9
амрагийн	ᠳᠠᠭᠤᠤ	дуу	8
амрагийн	ᠬᠣᠯᠪᠣᠭᠠᠲᠠᠢ	холбоотой	5
амралт	ᠴᠢᠯᠦᠭᠡᠲᠦ	чөлөөт	44
амралт	ᠠᠶᠠᠯᠠᠯ	аялал	33
амралт	ᠵᠤᠭᠠᠯᠠᠭ᠎ᠠ	зугаалга	28
амралтаа	ᠠᠪᠤᠭᠰᠠᠨ	авсан	40
амралтаа	ᠠᠪᠤᠭᠠᠳ	аваад	25
амралтаа	ᠵᠣᠬᠢᠴᠠᠭᠤᠯᠵᠤ	зохицуулж	14
амрах	ᠶᠠᠭᠤᠮ᠎ᠠ	юм	43
амрах	ᠠᠵᠤ	аж	18
амрах	ᠨᠢ	нь	18
амсаад	ᠪᠠᠶᠢᠭ᠎ᠠ	байгаа	15
амсаж	ᠪᠠᠶᠢᠭ᠎ᠠ	байгаа	15
амсаж	ᠪᠠᠶᠢᠨ᠎ᠠ	байна	14
амсаж	ᠪᠤᠢ	буй	9
амсах	ᠨᠢ	нь	17
амсах	ᠪᠣᠯᠤᠨ᠎ᠠ	болно	8
амсах	ᠭᠡᠵᠦ	гэж	6
амссан	ᠶᠠᠭᠤᠮ᠎ᠠ	юм	8
амссан	ᠴᠤ	ч	6
амссан	ᠨᠢ	нь	5
амт	ᠨᠢ	нь	28
амт	ᠴᠢᠨᠠᠷ	чанар	21
амт	ᠦᠨᠦᠷ	үнэр	12
амтай	ᠪᠣᠯᠭᠠᠨ	болгон	35
амтай	ᠮᠠᠨ ᠤ	манай	20
амтай	ᠪᠦᠬᠦᠨ	бүхэн	16
амтат	ᠴᠢᠨᠵᠦᠦ	чинжүү	16
амтат	ᠵᠣᠭᠣᠭ	зоог	6
амтат	ᠪᠢᠯᠠᠭᠤ	бялуу	5
амттай	ᠪᠠᠶᠢᠳᠠᠭ	байдаг	13
амттай	ᠬᠣᠭᠣᠯᠠ	хоол	12
амттай	ᠶᠠᠭᠤᠮ᠎ᠠ	юм	9
амттан	ᠢᠳᠡᠬᠦ	идэх	7
амтыг	ᠨᠢ	нь	12
амтыг	ᠰᠡᠷᠡᠯᠵᠢᠬᠦ	мэдрэх	8
амтыг	ᠮᠡᠳᠡᠷᠡᠴᠢ	мэдэрч	5
амыг	ᠨᠢ	нь	85
амыг	ᠣᠷᠣᠨ	орон	15
амыг	ᠡᠷᠡᠭᠦᠯ	эрүүл	14
амын	ᠬᠥᠭᠵᠢᠯ	хөгжил	520
амын	ᠡᠷᠡᠭᠦᠯ	эрүүл	221
амын	ᠬᠤᠪᠢ	хувь	203
амь	ᠨᠠᠰᠤ	нас	883
амь	ᠨᠠᠰᠤ ᠶᠢ	насыг	772
амь	ᠨᠠᠰᠤ ᠪᠠᠨ	насаа	765
амьд	ᠬᠥᠭᠵᠢᠮ ᠦᠨ	хөгжмийн	435
амьд	ᠬᠥᠭᠵᠢᠮ᠎ᠡ	хөгжим	121
амьд	ᠶᠠᠪᠤᠬᠤ	явах	115
амьдаар	ᠨᠢ	нь	58
амьдаар	ᠳᠠᠭᠤᠯᠠᠵᠤ	дуулж	17
амьдаар	ᠳᠠᠭᠤᠯᠠᠬᠤ	дуулах	13
амьдар	ᠳᠠᠭ	даг	13
амьдар	ᠴᠤ	ч	6
амьдардаг	ᠪᠠᠶᠢᠭᠰᠠᠨ	байсан	117
амьдардаг	ᠶᠠᠭᠤᠮ᠎ᠠ	юм	66
амьдардаг	ᠪᠥᠭᠡᠳ	бөгөөд	41
амьдарна	ᠭᠡᠳᠡᠭ	гэдэг	36
амьдарна	ᠭᠡᠵᠦ	гэж	31
амьдарна	ᠭᠡᠰᠡᠨ	гэсэн	14
амьдарсаар	ᠢᠷᠡᠭᠰᠡᠨ	ирсэн	19
амьдарсаар	ᠪᠠᠶᠢᠭ᠎ᠠ	байгаа	9
амьдарсаар	ᠯᠠ	л	8
амьдарсан	ᠴᠤ	ч	13
амьдарсан	ᠬᠦᠮᠦᠨ	хүн	11
амьдарсан	ᠶᠠᠭᠤᠮ᠎ᠠ	юм	10
амьдарч	ᠪᠠᠶᠢᠭ᠎ᠠ	байгаа	1187
амьдарч	ᠪᠠᠶᠢᠨ᠎ᠠ	байна	599
амьдарч	ᠪᠤᠢ	буй	553
амьдаръя	ᠭᠡᠵᠦ	гэж	12
амьдаръя	ᠭᠡᠰᠡᠨ	гэсэн	5
амьдраад	ᠪᠠᠶᠢᠭ᠎ᠠ	байгаа	17
амьдраад	ᠪᠠᠶᠢᠨ᠎ᠠ	байна	13
амьдраад	ᠪᠠᠶᠢᠵᠤ	байж	12
амьдрагч	ᠭ	г	17
амьдрал	ᠳᠡᠭᠡᠷ᠎ᠡ	дээр	549
амьдрал	ᠨᠢ	нь	140
амьдрал	ᠠᠬᠤᠢ	ахуй	105
амьдралаа	ᠵᠣᠷᠢᠭᠤᠯᠤᠭᠰᠠᠨ	зориулсан	38
амьдралаа	ᠠᠪᠴᠤ	авч	37
амьдралаа	ᠬᠣᠯᠪᠣᠭᠰᠠᠨ	холбосон	33
амьдралаар	ᠠᠮᠢᠳᠤᠷᠠᠵᠤ	амьдарч	27
амьдралаар	ᠨᠢ	нь	18
амьдралаар	ᠲᠣᠭᠯᠠᠵᠤ	тоглож	12
амьдралаас	ᠤᠷᠭᠤᠨ	урган	30
амьдралаас	ᠬᠣᠯᠠ	хол	17
амьдралаас	ᠲᠠᠰᠤᠷᠬᠠᠢ	тасархай	16
амьдралд	ᠨᠢ	нь	98
амьдралд	ᠶᠠᠮᠠᠷ	ямар	63
амьдралд	ᠬᠡᠷᠬᠢᠨ	хэрхэн	35
амьдралдаа	ᠨᠢᠭᠡ	нэг	12
амьдралдаа	ᠰᠡᠳᠬᠢᠯ	сэтгэл	12
амьдралдаа	ᠠᠩᠬ᠎ᠠ	анх	9
амьдралтай	ᠨᠢ	нь	23
амьдралтай	ᠬᠦᠮᠦᠰ	хүмүүс	16
амьдралтай	ᠬᠣᠯᠪᠣᠭᠠᠲᠠᠢ	холбоотой	15
амьдралын	ᠬᠡᠪ	хэв	272
амьдралын	ᠬᠠᠮᠤᠭ ᠤᠨ	хамгийн	97
амьдралын	ᠮᠢᠨᠢ	минь	95
амьдралынхаа	ᠲᠤᠷᠰᠢᠳᠠ	туршид	50
амьдралынхаа	ᠵᠢᠯ ᠢ	жилийг	25
амьдралынхаа	ᠶᠡᠬᠡᠩᠬᠢ	ихэнх	25
амьдран	ᠰᠠᠭᠤᠭ᠎ᠠ	суугаа	32
амьдран	ᠰᠠᠭᠤᠬᠤ	суух	25
амьдран	ᠰᠠᠭᠤᠳᠠᠭ	суудаг	22
амьдрана	ᠭᠡᠵᠦ	гэж	7
амьдрана	ᠭᠡᠳᠡᠭ	гэдэг	5
амьдрах	ᠣᠷᠴᠢᠨ	орчин	161
амьдрах	ᠪᠣᠯᠤᠮᠵᠢ	боломж	76
амьдрах	ᠣᠷᠴᠢᠨ ᠢ	орчныг	74
амьдрахад	ᠨᠢ	нь	23
амьдрахад	ᠬᠠᠮᠤᠭ ᠤᠨ	хамгийн	9
амьдрахад	ᠬᠡᠴᠡᠭᠦᠦ	хэцүү	9
амьдрахыг	ᠬᠦᠰᠴᠢ	хүсч	16
амьдрахыг	ᠬᠦᠰᠡᠳᠡᠭ	хүсдэг	12
амьдрахыг	ᠬᠦᠰᠡᠭᠰᠡᠨ	хүссэн	11
амьдрахын	ᠲᠤᠯᠠᠳᠠ	тулд	46
амьдрахын	ᠲᠥᠯᠥᠭᠡ	төлөө	32
амьдрахын	ᠡᠷᠬᠡᠨ ᠳᠦ	эрхэнд	10
амьдруулах	ᠶᠠᠭᠤᠮ᠎ᠠ	юм	11
амьдруулах	ᠲᠠᠰᠤᠭ	тасаг	10
амьдруулах	ᠨᠢ	нь	7
амьдын	ᠬᠠᠭᠠᠴᠠᠯ	хагацал	9
амьдын	ᠵᠢᠩ ᠦᠨ	жингийн	7
амьдын	ᠬᠣᠷᠸ᠎ᠠ ᠳᠤ	хорвоод	7
амьсгаа	ᠳᠠᠷᠤᠨ	даран	46
амьсгаа	ᠠᠪᠬᠤ	авах	21
амьсгаа	ᠠᠪᠴᠤ	авч	21
амьсгал	ᠬᠤᠷᠢᠶᠠᠭᠰᠠᠨ	хураасан	48
амьсгал	ᠨᠢ	нь	32
амьсгал	ᠳᠤᠮᠳᠠ	дунд	21
амьсгалах	ᠠᠭᠠᠷ	агаар	16
амьсгалах	ᠨᠢ	нь	12
амьсгалах	ᠲᠦᠪᠰᠢᠨ ᠳᠦ	түвшинд	5
амьсгалд	ᠪᠣᠯᠵᠤ	болж	10
амьсгалд	ᠠᠮᠵᠢᠯᠲᠠᠲᠠᠢ	амжилттай	7
амьсгалд	ᠪᠣᠯᠤᠯ᠎ᠠ	боллоо	5
амьсгалж	ᠪᠠᠶᠢᠨ᠎ᠠ	байна	22
амьсгалж	ᠪᠤᠢ	буй	16
амьсгалж	ᠪᠠᠶᠢᠭᠰᠠᠨ	байсан	12
амьсгалыг	ᠪᠦᠷᠢᠳᠦᠭᠦᠯᠬᠦ	бүрдүүлэх	11
амьсгалыг	ᠨᠢ	нь	10
амьсгалыг	ᠪᠦᠷᠢᠳᠦᠭᠦᠯᠵᠦ	бүрдүүлж	8
амьсгалын	ᠵᠠᠮ ᠤᠨ	замын	227
амьсгалын	ᠥᠭᠡᠷᠡᠴᠢᠯᠡᠯᠲᠡ	өөрчлөлт	195
амьсгалын	ᠵᠠᠮ ᠢᠶᠠᠷ	замаар	59
амьтад	ᠨᠢ	нь	20
амьтад	ᠴᠤ	ч	14
амьтад	ᠪᠠᠶᠢᠳᠠᠭ	байдаг	11
амьтай	ᠪᠦᠬᠦᠨ	бүхэн	7
амьтай	ᠭᠣᠣᠯ ᠲᠠᠢ	голтой	7
амьтай	ᠬᠣᠯᠪᠣᠭᠠᠲᠠᠢ	холбоотой	6
амьтан	ᠤᠷᠭᠤᠮᠠᠯ ᠤᠨ	ургамлын	103
амьтан	ᠤᠷᠭᠤᠮᠠᠯ	ургамал	78
амьтан	ᠶᠠᠭᠤᠮ᠎ᠠ	юм	62
амьтанд	ᠴᠤ	ч	8
амьтанд	ᠳᠠᠭᠠᠷᠢᠭᠤᠯᠬᠤ	дайруулах	5
амьтанд	ᠳᠠᠮᠵᠢᠭᠤᠯᠳᠠᠭ	дамжуулдаг	5
амьтнаас	ᠬᠦᠨᠳᠦ	хүнд	24
амьтны	ᠭᠣᠴᠣ	гоц	85
амьтны	ᠭᠠᠷᠤᠯ ᠲᠠᠢ	гаралтай	78
амьтны	ᠲᠤᠬᠠᠢ	тухай	61
ан	᠍ ᠤᠨ	ын	3356
ан	ᠳ	д	237
ан	ᠮᠠᠨ	ман	216
ана	ᠮᠠᠨᠤ	мана	35
анагаах	ᠤᠬᠠᠭᠠᠨ ᠤ	ухааны	796
анагаах	ᠤᠬᠠᠭᠠᠨ	ухаан	240
анагаах	ᠤᠬᠠᠭᠠᠨ ᠳᠤ	ухаанд	86
анализ	ᠬᠢᠵᠦ	хийж	27
анализ	ᠬᠢᠬᠦ	хийх	17
анализ	ᠬᠢᠭᠡᠳ	хийгээд	13
анар	ᠠ	а	16
анар	ᠪ	б	10
анар	ᠡᠷᠳᠡᠨᠢ	эрдэнэ	9
ангал	ᠷᠤ	руу	23
ангал	ᠪᠣᠯᠤᠭᠰᠠᠨ	болсон	5
ангал	ᠤᠷᠤᠭᠤ	уруу	5
ангараг	ᠭᠠᠷᠠᠭ	гариг	31
ангараг	ᠭᠠᠷᠠᠭ	гараг	20
ангараг	ᠭᠠᠷᠠᠭ ᠤᠨ	гаригийн	15
анги	ᠨᠢ	нь	123
анги	ᠷᠤ	руу	107
анги	ᠪᠤᠶᠤ	буюу	65
ангид	ᠢᠯᠠ	ял	122
ангид	ᠪᠠᠶᠢᠬᠤ	байх	119
ангид	ᠪᠠᠶᠢᠬᠤ ᠳᠤ ᠪᠠᠨ	байхдаа	67
ангидаа	ᠡᠯᠰᠡᠯᠲᠡ	элсэлт	8
ангидаа	ᠯᠠ	л	5
ангидаа	ᠣᠷᠣᠭᠠᠳ	ороод	5
ангижрах	ᠶᠠᠭᠤᠮ᠎ᠠ	юм	5
ангийн	ᠰᠤᠷᠤᠭᠴᠢ	сурагч	439
ангийн	ᠳ᠋ᠤᠭᠠᠷ	дугаар	266
ангийн	ᠪᠠᠭᠰᠢ	багш	225
ангийнхаа	ᠪᠦᠬᠦ	бүх	7
ангийнхаа	ᠬᠡᠦᠬᠡᠳ ᠢ	хүүхдийг	7
ангийнхаа	ᠬᠡᠦᠬᠡᠳ ᠦᠳ ᠢ	хүүхдүүдийг	7
ангийнхан	ᠨᠢ	нь	31
ангийнхан	ᠨᠢᠭᠡᠳᠦᠭᠡᠷ	нэгдүгээр	17
ангийнхан	ᠡᠨᠡ	энэ	7
ангилал	ᠲᠤᠰ	тус	36
ангилал	ᠪᠣᠯᠬᠤ	болох	12
ангилал	ᠨᠢ	нь	12
ангилах	ᠬᠡᠷᠡᠭᠲᠡᠢ	хэрэгтэй	6
ангилах	ᠪᠣᠯᠤᠨ	болон	5
ангилж	ᠦᠵᠡᠪᠡᠯ	үзвэл	18
ангилж	ᠪᠣᠯᠤᠨ᠎ᠠ	болно	12
ангилж	ᠪᠠᠶᠢᠭ᠎ᠠ	байгаа	6
ангилсан	ᠪᠠᠶᠢᠨ᠎ᠠ	байна	6
ангилсан	ᠬᠣᠭ	хог	5
ангир	ᠤᠷᠭ᠎ᠠ ᠪᠠᠨ	уургаа	12
ангир	ᠰᠢᠭ	шиг	9
ангир	ᠰᠢᠪᠠᠭᠤ	шувуу	6
ангит	ᠺᠢᠨᠣ᠋	кино	110
ангит	ᠺᠢᠨᠣᠨ ᠤ	киноны	80
ангит	ᠺᠢᠨᠣᠭ	киног	40
англи	ᠬᠡᠯᠡ	хэл	554
англи	ᠣᠷᠣᠰ	орос	139
англи	ᠮᠣᠩᠭᠣᠯ	монгол	117
анд	ᠮᠢᠨᠢ	минь	72
анд	ᠨᠥᠬᠥᠳ	нөхөд	72
анд	ᠨᠥᠬᠥᠷ	нөхөр	34
андахгүй	ᠰᠠᠶᠢᠨ	сайн	28
андахгүй	ᠪᠢᠵᠡ	биз	18
андахгүй	ᠮᠡᠳᠡᠨ᠎ᠡ	мэднэ	15
андгай	ᠡᠷᠭᠦᠬᠦ	өргөх	8
андгай	ᠡᠷᠭᠦᠭᠰᠡᠨ	өргөсөн	6
андууд	ᠮᠢᠨᠢ	минь	21
андууд	ᠪᠣᠯᠬᠤ	болох	6
андууд	ᠨᠢ	нь	5
андуураад	ᠪᠠᠶᠢᠨ᠎ᠠ	байна	5
андуураад	ᠪᠠᠶᠢᠬᠤ	байх	5
андуурч	ᠪᠣᠯᠬᠤ ᠦᠭᠡᠢ	болохгүй	7
андуурч	ᠣᠯᠭᠤᠭᠰᠠᠨ	олгосон	7
андуурч	ᠪᠤᠷᠤᠭᠤ	буруу	6
анзаараагүй	ᠪᠣᠯᠤᠯᠲᠠᠢ	бололтой	6
анзаараагүй	ᠯᠠ	л	5
анзаараагүй	ᠶᠠᠭᠤᠮ᠎ᠠ	юм	5
анзаараад	ᠪᠠᠶᠢᠬᠤ ᠳᠤ	байхад	35
анзаараад	ᠪᠠᠶᠢᠳᠠᠭ ᠦᠭᠡᠢ	байдаггүй	6
анзаарах	ᠬᠡᠷᠡᠭᠲᠡᠢ	хэрэгтэй	15
анзаарах	ᠰᠡᠬᠦᠭᠡ ᠦᠭᠡᠢ	сөхөөгүй	11
анзаарах	ᠶᠣᠰᠣᠲᠠᠢ	ёстой	9
анзаарахгүй	ᠪᠠᠶᠢᠭ᠎ᠠ	байгаа	10
анзаарахгүй	ᠥᠩᠭᠡᠷᠡᠴᠢ	өнгөрч	8
анзаардаггүй	ᠪᠠᠶᠢᠵᠤ	байж	9
анзаардаггүй	ᠶᠠᠭᠤᠮ᠎ᠠ	юм	9
анзаардаггүй	ᠴᠤ	ч	5
анзаарсан	ᠪᠠᠶᠢᠬᠤ	байх	33
анзаарсан	ᠪᠣᠯ	бол	27
анзаарсан	ᠶᠠᠭᠤᠮ᠎ᠠ	юм	9
анзаарч	ᠪᠠᠶᠢᠭ᠎ᠠ	байгаа	21
анзаарч	ᠪᠠᠶᠢᠨ᠎ᠠ	байна	21
анзаарч	ᠪᠠᠶᠢᠬᠤ ᠳᠤ	байхад	11
аниад	ᠯᠠ	л	8
аниад	ᠳᠠᠷᠠᠭ᠎ᠠ	дараа	7
аниад	ᠪᠣᠳᠣᠭᠠᠷᠠᠢ	бодоорой	6
анир	ᠴᠢᠮᠡᠭᠡ ᠦᠭᠡᠢ	чимээгүй	14
анир	ᠠᠯᠳᠠᠷᠠᠬᠤ	алдрах	5
аниргүй	ᠲᠠᠯ᠎ᠠ	тал	5
ану	᠍ ᠤᠨ	ын	5920
ану	ᠳ	д	1392
ану	ᠪᠣᠯᠤᠨ	болон	183
анх	ᠤᠳᠠᠭ᠎ᠠ	удаа	4821
анх	ᠣᠨ ᠳᠤ	онд	816
анх	ᠤᠳᠤᠭ᠎ᠠ ᠪᠠᠨ	удаагаа	655
анхаа	ᠮ	м	6
анхаа	ᠬᠠᠯᠢᠭᠤᠨ	халиун	5
анхаар	ᠳᠣᠲᠣᠷ᠎ᠠ	дотор	28
анхаар	ᠯᠠ	лаа	6
анхаарал	ᠬᠠᠩᠳᠠᠭᠤᠯᠬᠤ	хандуулах	321
анхаарал	ᠲᠠᠲᠠᠵᠤ	татаж	310
анхаарал	ᠲᠠᠲᠠᠭᠰᠠᠨ	татсан	262
анхааралтай	ᠠᠵᠢᠭᠯᠠᠵᠤ	ажиглаж	82
анхааралтай	ᠬᠠᠩᠳᠠᠬᠤ	хандах	17
анхааралтай	ᠬᠠᠷᠠᠵᠤ	харж	14
анхааран	ᠠᠵᠢᠯᠯᠠᠵᠤ	ажиллаж	58
анхааран	ᠠᠵᠢᠯᠯᠠᠬᠤ	ажиллах	25
анхааран	ᠠᠵᠢᠯᠯᠠᠨ᠎ᠠ	ажиллана	13
анхаарлаа	ᠬᠠᠩᠳᠠᠭᠤᠯᠬᠤ	хандуулах	220
анхаарлаа	ᠲᠥᠪᠯᠡᠷᠡᠭᠦᠯᠬᠦ	төвлөрүүлэх	21
анхаарлаа	ᠴᠢᠭᠯᠡᠭᠦᠯᠬᠦ	чиглүүлэх	8
анхаарлыг	ᠲᠠᠲᠠᠵᠤ	татаж	322
анхаарлыг	ᠲᠠᠲᠠᠭᠰᠠᠨ	татсан	153
анхаарлыг	ᠲᠠᠲᠠᠭᠠᠳ	татаад	91
анхаарлын	ᠲᠥᠪᠡᠳ	төвд	561
анхаарлын	ᠭᠠᠳᠠᠨ᠎ᠠ	гадна	27
анхаарлын	ᠲᠥᠪ	төв	13
анхааруулах	ᠨᠢ	нь	9
анхааруулах	ᠵᠦᠢᠯ	зүйл	6
анхааруулах	ᠲᠡᠮᠳᠡᠭ	тэмдэг	6
анхааруулж	ᠪᠠᠶᠢᠨ᠎ᠠ	байна	922
анхааруулж	ᠪᠠᠶᠢᠭ᠎ᠠ	байгаа	82
анхааруулж	ᠪᠠᠶᠢᠭᠰᠠᠨ	байсан	43
анхаарч	ᠠᠵᠢᠯᠯᠠᠬᠤ	ажиллах	286
анхаарч	ᠪᠠᠶᠢᠭ᠎ᠠ	байгаа	261
анхаарч	ᠪᠠᠶᠢᠨ᠎ᠠ	байна	211
анхан	ᠱᠠᠲᠤᠨ ᠤ	шатны	2868
анхан	ᠪᠣᠯᠤᠨ	болон	287
анхан	ᠱᠠᠲᠤ	шат	31
анхбаяр	ᠨᠠᠷᠠ	нар	31
анхбаяр	ᠨᠢ	нь	15
анхбаяр	ᠨ	н	14
анхдагч	ᠵᠠᠬ᠎ᠠ	зах	79
анхдагч	ᠨᠢ	нь	51
анхдагч	ᠪᠣᠯᠵᠤ	болж	28
анхдугаар	ᠶᠡᠬᠡ	их	112
анхдугаар	ᠴᠢᠭᠤᠯᠭᠠᠨ	чуулган	63
анхдугаар	ᠦᠨᠳᠦᠰᠦᠨ	үндсэн	38
анхилуун	ᠦᠨᠦᠷᠲᠦ	үнэрт	7
анхлан	ᠵᠣᠬᠢᠶᠠᠨ	зохион	10
анхлан	ᠣᠨ ᠳᠤ	онд	9
анхлан	ᠰᠠᠨᠠᠭᠠᠴᠢᠯᠠᠵᠤ	санаачилж	7
анхнаасаа	ᠯᠠ	л	81
анхнаасаа	ᠡᠨᠡ	энэ	27
анхнаасаа	ᠪᠤᠷᠤᠭᠤ	буруу	17
анхны	ᠬᠥᠷᠥᠩᠭᠡ	хөрөнгө	248
анхны	ᠲᠣᠬᠢᠶᠠᠯᠳᠤᠯ	тохиолдол	208
анхны	ᠪᠡᠶ᠎ᠡ	бие	179
анхных	ᠨᠢ	нь	109
анхных	ᠶᠠᠭᠤᠮ᠎ᠠ	юм	13
анхных	ᠪᠢᠰᠢ	биш	9
анхныхаа	ᠲᠣᠭᠯᠠᠯᠲᠠ ᠶᠢ	тоглолтыг	8
анхныхаа	ᠪᠡᠶ᠎ᠡ	бие	5
анчин	ᠬᠦᠮᠦᠨ	хүн	8
апп	᠍ ᠢ	ыг	12
апп	᠍ ᠤᠨ	ын	11
апп	ᠨᠢ	нь	10
аппарат	ᠨᠢ	нь	71
аппарат	ᠲᠣᠨᠣᠭ	тоног	30
аппарат	ᠵᠡᠷᠭᠡ	зэрэг	17
аппликейшн	ᠨᠢ	нь	23
аппликейшн	ᠠᠰᠢᠭᠯᠠᠨ	ашиглан	5
ар	ᠭᠡᠷ ᠦᠨ ᠬᠢᠨ	гэрийнхэн	645
ар	ᠠᠷᠤ ᠠᠴᠠ ᠪᠠᠨ	араасаа	298
ар	ᠭᠡᠷ ᠦᠨ	гэрийн	150
араа	ᠰᠢᠳᠦ	шүд	12
араар	ᠨᠢ	нь	18
араар	ᠳᠠᠯᠠᠯᠬᠤ	даллах	15
араар	ᠲᠠᠯᠪᠢᠭᠰᠠᠨ	тавьсан	7
араас	ᠨᠢ	нь	457
араас	ᠨᠡᠬᠡᠵᠦ	нэхэж	30
араас	ᠴᠢᠨᠢ	чинь	18
араасаа	ᠣᠯᠠᠨ	олон	21
араасаа	ᠬᠥᠪᠥᠷᠡᠭᠰᠡᠭᠡᠷ	хөвөрсөөр	13
араасаа	ᠳᠠᠭᠠᠭᠤᠯᠵᠤ	дагуулж	12
араатан	ᠠᠮᠢᠲᠠᠨ	амьтан	9
араатан	ᠵᠢᠭᠦᠷᠲᠡᠨ	жигүүртэн	9
араатан	ᠠᠮᠢᠲᠠᠨ ᠠᠴᠠ	амьтнаас	8
арав	ᠭᠠᠷᠤᠢ	гаруй	523
арав	ᠬᠣᠨᠣᠭ ᠤᠨ	хоногийн	122
арав	ᠳᠠᠬᠢ	дахь	96
аравдугаар	ᠰᠠᠷ᠎ᠠ ᠶᠢᠨ	сарын	1641
аравдугаар	ᠰᠠᠷ᠎ᠠ ᠳᠤ	сард	628
аравдугаар	ᠰᠠᠷ᠎ᠠ	сар	52
аравт	ᠪᠠᠭᠠᠳᠴᠤ	багтаж	13
аравт	ᠨᠢ	нь	11
аравт	ᠣᠷᠣᠳᠠᠭ	ордог	9
араг	ᠶᠠᠰᠤ	яс	45
араг	ᠶᠠᠰᠤ ᠶᠢ	ясыг	34
араг	ᠶᠠᠰᠤᠨ ᠤ	ясны	7
арай	ᠥᠭᠡᠷ᠎ᠡ	өөр	483
арай	ᠯᠠ	л	344
арай	ᠴᠤ	ч	186
арал	ᠳᠡᠭᠡᠷ᠎ᠡ	дээр	88
арал	ᠳᠡᠭᠡᠷᠡᠬᠢ	дээрх	17
арал	ᠷᠤ	руу	16
араншин	ᠨᠢ	нь	11
араншин	ᠭᠠᠷᠭᠠᠳᠠᠭ	гаргадаг	5
арваад	ᠵᠢᠯ	жил	90
арваад	ᠵᠢᠯ ᠦᠨ	жилийн	77
арваад	ᠬᠣᠨᠣᠭ ᠤᠨ	хоногийн	29
арван	ᠵᠢᠯ ᠦᠨ	жилийн	552
арван	ᠵᠢᠯ	жил	255
арван	ᠵᠢᠯ ᠳᠦ	жилд	131
арваннэгдүгээр	ᠰᠠᠷ᠎ᠠ ᠶᠢᠨ	сарын	1320
арваннэгдүгээр	ᠰᠠᠷ᠎ᠠ ᠳᠤ	сард	569
арваннэгдүгээр	ᠰᠠᠷ᠎ᠠ	сар	42
арванхоёрдугаар	ᠰᠠᠷ᠎ᠠ ᠶᠢᠨ	сарын	1085
арванхоёрдугаар	ᠰᠠᠷ᠎ᠠ ᠳᠤ	сард	412
арванхоёрдугаар	ᠰᠠᠷ᠎ᠠ	сар	44
арвижуулах	ᠳᠡᠯᠭᠡᠷᠡᠭᠦᠯᠬᠦ	дэлгэрүүлэх	13
арвижуулах	ᠪᠣᠳᠣᠯᠭ᠎ᠠ	бодлого	8
арвин	ᠶᠡᠬᠡ	их	84
арвин	ᠲᠤᠷᠰᠢᠯᠭ᠎ᠠ ᠲᠠᠢ	туршлагатай	82
арвин	ᠭᠡᠰᠢᠭᠦᠨ	гишүүн	60
арга	ᠬᠡᠮᠵᠢᠶ᠎ᠡ	хэмжээ	6463
арга	ᠬᠡᠮᠵᠢᠶ᠎ᠡ ᠶᠢ	хэмжээг	2918
арга	ᠬᠡᠮᠵᠢᠶᠡᠨ ᠳᠦ	хэмжээнд	1393
аргаа	ᠪᠠᠷᠠᠭᠰᠠᠨ	барсан	81
аргаа	ᠪᠠᠷ᠎ᠠ ᠳᠤ	бараад	68
аргаа	ᠪᠠᠷᠵᠢ	барж	32
аргаар	ᠪᠣᠯᠪᠠᠰᠤᠷᠠᠭᠤᠯᠤᠭᠰᠠᠨ	боловсруулсан	51
аргаар	ᠪᠠᠶᠠᠵᠢᠭᠤᠯᠬᠤ	баяжуулах	47
аргаар	ᠮᠥᠩᠭᠥ	мөнгө	41
аргагүй	ᠶᠠᠭᠤᠮ᠎ᠠ	юм	270
аргагүй	ᠪᠣᠯᠤᠭᠰᠠᠨ	болсон	162
аргагүй	ᠯᠠ	л	145
аргадан	ᠪᠠᠶᠢᠵᠤ	байж	5
аргадан	ᠰᠠᠭᠤᠨ᠎ᠠ	сууна	5
аргал	ᠲᠡᠭᠦᠵᠦ	түүж	11
аргал	ᠲᠡᠦᠬᠡ	түүх	6
аргаль	ᠶᠠᠩᠭᠢᠷ	янгир	19
аргаль	ᠬᠣᠨᠢ	хонь	13
аргаль	ᠤᠭᠠᠯᠵᠠ	угалз	11
аргатай	ᠪᠣᠯᠤᠭᠰᠠᠨ	болсон	8
аргыг	ᠨᠢ	нь	29
аргыг	ᠬᠡᠷᠡᠭᠯᠡᠵᠦ	хэрэглэж	27
аргыг	ᠤᠯᠬᠤ	олох	17
аргын	ᠨᠢᠭᠡ	нэг	18
аргын	ᠲᠠᠯ᠎ᠠ ᠪᠠᠷ	талаар	17
аргын	ᠬᠤᠪᠢ ᠳᠤ	хувьд	9
ард	ᠲᠦᠮᠡᠨ ᠦ	түмний	2778
ард	ᠲᠦᠮᠡᠨ	түмэн	2608
ард	ᠲᠦᠮᠡᠨ ᠳᠦ	түмэнд	857
ардаа	ᠣᠷᠬᠢᠵᠤ	орхиж	56
ардаа	ᠣᠷᠬᠢᠭᠰᠠᠨ	орхисон	43
ардаа	ᠣᠷᠬᠢᠵᠠᠢ	орхижээ	33
ардчилал	ᠵᠠᠬ᠎ᠠ	зах	79
ардчилал	ᠡᠷᠬᠡ	эрх	66
ардчилал	ᠬᠦᠮᠦᠨ ᠦ	хүний	63
ардчилалын	ᠦᠨᠡᠲᠦ	үнэт	17
ардчилалын	ᠲᠥᠯᠥᠭᠡ	төлөө	10
ардчилалын	ᠦᠶ᠎ᠡ ᠳᠦ	үед	5
ардчилсан	ᠨᠠᠮ ᠤᠨ	намын	3083
ардчилсан	ᠨᠠᠮ	нам	1230
ардчилсан	ᠬᠤᠪᠢᠰᠬᠠᠯ ᠤᠨ	хувьсгалын	292
ардын	ᠵᠦᠵᠦᠭᠡᠴᠢᠨ	жүжигчин	963
ардын	ᠬᠤᠪᠢᠰᠬᠠᠯ ᠤᠨ	хувьсгалын	745
ардын	ᠨᠠᠮ ᠤᠨ	намын	570
ардынхаа	ᠡᠷᠡᠭᠦᠯ	эрүүл	22
ардынхаа	ᠲᠥᠯᠥᠭᠡ	төлөө	5
ариг	ᠭᠠᠮᠲᠠᠢ	гамтай	24
ариг	ᠪᠠᠩᠬᠢ	банк	6
ариг	ᠳᠠᠭᠤᠯᠠᠳᠠᠭ	дуулдаг	5
арилаагүй	ᠪᠠᠶᠢᠨ᠎ᠠ	байна	21
арилаагүй	ᠪᠠᠶᠢᠭ᠎ᠠ	байгаа	10
арилаагүй	ᠬᠡᠪ ᠢᠶᠡᠷ	хэвээр	5
арилах	ᠶᠠᠭᠤᠮ᠎ᠠ	юм	12
арилах	ᠪᠤᠢ	вэ	7
арилах	ᠪᠣᠯᠤᠮᠵᠢ ᠲᠠᠢ	боломжтой	5
арилахгүй	ᠪᠠᠶᠢᠨ᠎ᠠ	байна	11
арилахгүй	ᠤᠳᠠᠭᠠᠨ	удаан	8
арилгаж	ᠪᠠᠶᠢᠭ᠎ᠠ	байгаа	12
арилгаж	ᠴᠢᠳᠠᠬᠤ ᠦᠭᠡᠢ	чадахгүй	8
арилгаж	ᠴᠢᠳᠠᠭᠰᠠᠨ	чадсан	8
арилгасан	ᠭᠡᠵᠦ	гэж	6
арилгасан	ᠲᠣᠬᠢᠶᠠᠯᠳᠤᠯ ᠳᠤ	тохиолдолд	5
арилгах	ᠲᠠᠯ᠎ᠠ ᠪᠠᠷ	талаар	28
арилгах	ᠬᠦᠷᠲᠡᠯ᠎ᠡ	хүртэл	25
арилгах	ᠬᠡᠷᠡᠭᠲᠡᠢ	хэрэгтэй	22
арилж	ᠪᠠᠶᠢᠭ᠎ᠠ	байгаа	10
арилж	ᠪᠠᠶᠢᠨ᠎ᠠ	байна	10
арилжаа	ᠬᠢᠬᠦ	хийх	49
арилжаа	ᠨᠢ	нь	46
арилжаа	ᠨᠠᠶᠢᠮᠠᠭ᠎ᠠ	наймаа	40
арилжаалах	ᠪᠣᠯᠤᠭᠰᠠᠨ	болсон	33
арилжаалах	ᠵᠠᠮ ᠢᠶᠠᠷ	замаар	8
арилжиж	ᠨᠡᠶᠢᠲᠡ	нийт	22
арилжиж	ᠪᠠᠶᠢᠭ᠎ᠠ	байгаа	17
арилжиж	ᠡᠬᠢᠯᠡᠭᠰᠡᠨ	эхэлсэн	5
арилжих	ᠶᠠᠭᠤᠮ᠎ᠠ	юм	8
арилжих	ᠭᠡᠷ	гэр	6
арилжих	ᠪᠤᠭ	буг	5
арилна	ᠭᠡᠵᠦ	гэж	15
арилсан	ᠭᠡᠵᠦ	гэж	8
ариун	ᠴᠡᠪᠡᠷ	цэвэр	158
ариун	ᠳᠠᠭᠰᠢᠨ	дагшин	40
ариун	ᠨᠠᠨᠳᠢᠨ	нандин	39
ариунаа	ᠨᠠᠷᠠ	нар	15
ариунаа	ᠪ	б	7
ариунаа	ᠪᠣᠯᠤᠨ	болон	7
ариутгал	ᠬᠠᠯᠳᠠᠪᠤᠷᠢᠭᠦᠶᠢᠵᠢᠭᠦᠯᠦᠯᠲᠡ	халдваргүйжүүлэлт	69
ариутгал	ᠬᠢᠭᠰᠡᠨ	хийсэн	8
ариутгал	ᠬᠢᠵᠦ	хийж	6
ариутгах	ᠲᠠᠲᠠᠭᠤᠷᠬ᠎ᠠ	татуурга	15
ариутгах	ᠴᠢᠨᠠᠷ	чанар	8
ариутгах	ᠠᠵᠢᠯ ᠢ	ажлыг	7
ариухан	ᠬᠠᠶᠢᠷ᠎ᠠ	хайр	13
арлын	ᠣᠷᠣᠨ ᠤ	орны	25
арлын	ᠣᠷᠣᠨ ᠳᠤ	оронд	16
арлын	ᠵᠢᠵᠢᠭ	жижиг	15
арми	ᠪᠤᠢ	бий	7
арми	ᠨᠢ	нь	5
армийн	ᠳᠡᠯᠡᠬᠡᠢ ᠶᠢᠨ	дэлхийн	28
армийн	ᠭᠧᠨᠧᠷᠠᠯ	генерал	14
армийн	ᠠᠪᠤᠷᠭᠤ	аварга	8
арслан	ᠪ	б	320
арслан	ᠬ	х	247
арслан	ᠳ	д	234
арслангийн	ᠬᠤᠪᠢ ᠳᠤ	хувьд	17
арслантай	ᠭᠦᠦᠷᠡ	гүүр	13
архаг	ᠡᠪᠡᠳᠴᠢᠨ	өвчин	62
архаг	ᠦᠷᠪᠢᠰᠦᠯ	үрэвсэл	49
архаг	ᠬᠠᠭᠤᠴᠢ	хууч	37
архангай	ᠠᠶᠢᠮᠠᠭ ᠤᠨ	аймгийн	824
архангай	ᠠᠶᠢᠮᠠᠭ	аймаг	122
архангай	ᠥᠪᠦᠷᠬᠠᠩᠭᠠᠢ	өвөрхангай	60
архи	ᠰᠤᠭᠳᠤᠭᠤᠷᠠᠭᠤᠯᠬᠤ	согтууруулах	302
архи	ᠲᠠᠮᠠᠬᠢ	тамхи	155
архи	ᠲᠠᠮᠠᠬᠢᠨ ᠤ	тамхины	123
архив	ᠠᠯᠪᠠᠨ	албан	17
архив	ᠪᠣᠯᠤᠨ	болон	6
архийг	ᠨᠢ	нь	7
архийг	ᠬᠡᠲᠦᠷᠡᠭᠦᠯᠦᠨ	хэтрүүлэн	7
архийг	ᠶᠡᠬᠡ	их	5
архинаас	ᠪᠣᠯᠵᠤ	болж	13
архинаас	ᠭᠠᠷᠤᠭᠰᠠᠨ	гарсан	9
архинаас	ᠬᠠᠮᠢᠶᠠᠷᠤᠯ ᠲᠠᠢ	хамааралтай	7
архинд	ᠳᠣᠩᠲᠣᠬᠤ	донтох	46
архинд	ᠣᠷᠣᠭᠰᠠᠨ	орсон	6
архинд	ᠣᠷᠣᠵᠤ	орж	5
архины	ᠬᠣᠣᠷᠳᠠᠯᠭ᠎ᠠ	хордлого	34
архины	ᠬᠠᠮᠢᠶᠠᠷᠤᠯ ᠲᠠᠢ	хамааралтай	29
архины	ᠬᠡᠷᠡᠭᠯᠡᠭᠡ	хэрэглээ	25
архитектур	ᠪᠠᠶᠢᠭᠠᠯᠢ	байгаль	7
архичин	ᠬᠦᠮᠦᠨ	хүн	6
арц	ᠪᠣᠭᠳᠠ ᠶᠢᠨ	богдын	41
арц	ᠰᠠᠭᠤᠷᠢ	суурь	32
арц	ᠬᠥᠵᠢ	хүж	10
арчаагүй	ᠪᠠᠶᠢᠳᠠᠯ ᠳᠤ	байдалд	9
арчаагүй	ᠪᠠᠶᠢᠳᠠᠯ	байдал	6
арчиж	ᠴᠡᠪᠡᠷᠯᠡᠵᠦ	цэвэрлэж	8
арчиж	ᠪᠣᠯᠤᠨ᠎ᠠ	болно	6
арчиж	ᠳᠤᠯᠠᠭᠠᠨ	дулаан	6
арчлах	ᠬᠠᠮᠠᠭᠠᠯᠠᠬᠤ	хамгаалах	11
арчлах	ᠪᠣᠷᠣᠳᠠᠬᠤ	бордох	6
арчлах	ᠲᠠᠯ᠎ᠠ ᠪᠠᠷ	талаар	6
арын	ᠬᠠᠭᠠᠯᠭ᠎ᠠ	хаалга	34
арын	ᠺᠠᠮᠧᠷ	камер	30
арын	ᠠᠯᠪᠠᠨ ᠳᠤ	албанд	27
арьс	ᠰᠢᠷ	шир	377
арьс	ᠥᠩᠭᠡ ᠪᠡᠷ	өнгөөр	60
арьс	ᠨᠢ	нь	59
арьсыг	ᠨᠢ	нь	26
арьсыг	ᠬᠤᠪᠢᠶᠠᠵᠤ	хувааж	5
асаасан	ᠭᠠᠯ	гал	13
асаасан	ᠴᠦᠳᠡᠩᠵᠡ	шүдэнз	7
асаасан	ᠪᠠᠶᠢᠨ᠎ᠠ	байна	5
асаах	ᠶᠣᠰᠣᠯᠠᠯ	ёслол	8
асаах	ᠨᠢ	нь	5
асан	ᠳ	д	544
асан	ᠨ	н	507
асан	ᠪ	б	263
асар	ᠶᠡᠬᠡ	их	1947
асар	ᠲᠣᠮᠣ	том	476
асар	ᠥᠨᠳᠥᠷ	өндөр	136
асарч	ᠪᠠᠶᠢᠭ᠎ᠠ	байгаа	20
асарч	ᠪᠤᠢ	буй	9
асах	ᠭᠡᠷᠡᠯ	гэрэл	7
асгаж	ᠪᠠᠶᠢᠭ᠎ᠠ	байгаа	6
асгат	ᠰᠤᠮᠤ ᠶᠢᠨ	сумын	22
асгат	ᠬᠠᠯᠵᠠᠨ	халзан	6
асгат	ᠰᠤᠮᠤ	сум	5
асрагч	ᠨᠠᠷᠠ	нар	12
асрагч	ᠰᠤᠪᠢᠯᠠᠭᠴᠢ	сувилагч	7
асрагч	ᠪᠠᠭᠰᠢ	багш	6
асрах	ᠰᠤᠪᠢᠯᠠᠬᠤ	сувилах	9
асрах	ᠣᠯᠠᠨ	олон	7
асрах	ᠱᠠᠭᠠᠷᠳᠠᠯᠭ᠎ᠠ ᠲᠠᠢ	шаардлагатай	5
ассамблей	ᠨᠢ	нь	8
ассан	ᠭᠠᠯ	гал	13
ассан	ᠲᠦᠢᠮᠡᠷ	түймэр	7
асуу	ᠳᠠᠯ	дал	187
асуу	ᠳᠠᠯᠳᠠ	далд	44
асуу	ᠰᠠᠩ	сан	10
асуувал	ᠢᠯᠡᠭᠦᠦ	илүү	14
асуувал	ᠪᠢ	би	7
асуугаад	ᠪᠠᠶᠢᠭ᠎ᠠ	байгаа	24
асуугаад	ᠪᠠᠶᠢᠨ᠎ᠠ	байна	18
асуугаад	ᠯᠠ	л	17
асуудаг	ᠶᠠᠭᠤᠮ᠎ᠠ	юм	20
асуудаг	ᠪᠠᠶᠢᠭᠰᠠᠨ	байсан	13
асуудаг	ᠯᠠ	л	12
асуудал	ᠨᠢ	нь	1235
асуудал	ᠬᠠᠷᠢᠭᠤᠴᠠᠭᠰᠠᠨ	хариуцсан	776
асуудал	ᠳᠡᠭᠡᠷ᠎ᠡ	дээр	742
асуудалтай	ᠬᠣᠯᠪᠣᠭᠳᠠᠭᠤᠯᠤᠨ	холбогдуулан	235
асуудалтай	ᠬᠣᠯᠪᠣᠭᠠᠲᠠᠢ	холбоотой	119
асуудалтай	ᠪᠠᠶᠢᠭ᠎ᠠ	байгаа	56
асуудлууд	ᠳᠡᠭᠡᠷ᠎ᠡ	дээр	66
асуудлууд	ᠪᠤᠢ	бий	45
асуудлууд	ᠪᠠᠶᠢᠭ᠎ᠠ	байгаа	44
асуудлыг	ᠰᠢ ᠳᠦ ᠬᠢ	шийдэх	615
асуудлыг	ᠬᠡᠯᠡᠯᠴᠡᠬᠦ	хэлэлцэх	531
асуудлыг	ᠬᠡᠯᠡᠯᠴᠡᠵᠦ	хэлэлцэж	518
асуудлын	ᠲᠠᠯ᠎ᠠ ᠪᠠᠷ	талаар	445
асуудлын	ᠬᠦᠷᠢᠶᠡᠨ ᠳᠦ	хүрээнд	332
асуудлын	ᠨᠢᠭᠡ	нэг	273
асууж	ᠪᠠᠶᠢᠨ᠎ᠠ	байна	138
асууж	ᠬᠠᠷᠢᠭᠤᠯᠲᠠ	хариулт	134
асууж	ᠰᠠᠨᠠᠯ	санал	93
асуулга	ᠶᠠᠪᠤᠭᠤᠯᠬᠤ	явуулах	56
асуулга	ᠶᠠᠪᠤᠭᠤᠯᠵᠤ	явуулж	56
асуулга	ᠲᠠᠯᠪᠢᠭᠰᠠᠨ	тавьсан	41
асуулт	ᠠᠰᠠᠭᠤᠵᠤ	асууж	568
асуулт	ᠬᠠᠷᠢᠭᠤᠯᠲᠠ	хариулт	154
асуулт	ᠲᠠᠯᠪᠢᠵᠤ	тавьж	137
асуултанд	ᠬᠠᠷᠢᠭᠤᠯᠲᠠ	хариулт	34
асуултанд	ᠬᠠᠷᠢᠭᠤᠯᠵᠤ	хариулж	15
асуултанд	ᠨᠢ	нь	11
асуултын	ᠬᠠᠷᠢᠭᠤᠭ	хариуг	92
асуултын	ᠬᠠᠷᠢᠭᠤ	хариу	45
асуултын	ᠬᠠᠷᠢᠭᠤᠯᠲᠠ	хариулт	36
асуумаар	ᠪᠠᠶᠢᠨ᠎ᠠ	байна	135
асуумаар	ᠪᠠᠶᠢᠭ᠎ᠠ	байгаа	14
асуумаар	ᠰᠠᠨᠠᠭᠳᠠᠯ᠎ᠠ	санагдлаа	8
асуун	ᠤᠩᠰᠢᠭᠴᠢ	уншигч	33
асуун	ᠰᠠᠨᠠᠯ᠎ᠠ	саналаа	5
асууна	ᠭᠡᠵᠦ	гэж	8
асууна	ᠭᠡᠳᠡᠭ	гэдэг	5
асууна	ᠭᠡᠰᠡᠨ	гэсэн	5
асуусан	ᠶᠠᠭᠤᠮ᠎ᠠ	юм	85
асуусан	ᠨᠢ	нь	24
асуусан	ᠪᠠᠶᠢᠨ᠎ᠠ	байна	23
асуух	ᠨᠢ	нь	62
асуух	ᠬᠡᠷᠡᠭᠲᠡᠢ	хэрэгтэй	51
асуух	ᠵᠦᠢᠯ	зүйл	31
асуухад	ᠨᠢ	нь	16
асуухад	ᠲᠠ	та	10
асуухад	ᠲᠡᠷᠡ ᠪᠡᠷ	тэрээр	9
асууя	ᠭᠡᠵᠦ	гэж	12
асууя	ᠴᠢ	чи	5
асч	ᠪᠠᠶᠢᠭ᠎ᠠ	байгаа	18
асч	ᠪᠠᠶᠢᠨ᠎ᠠ	байна	8
асч	ᠪᠠᠶᠢᠭᠰᠠᠨ	байсан	6
ат	ᠯᠠ	лаа	6
атаа	ᠵᠢᠲᠦᠭᠡ	жөтөө	21
атаа	ᠬᠣᠷᠣᠰᠤᠯ	хорсол	16
атал	ᠤᠡᠬ	уих	8
атал	ᠳᠠᠬᠢᠨ	дахин	7
атал	ᠡᠨᠡ	энэ	7
атар	ᠥᠷᠭᠥᠭᠡ	өргөө	21
атар	ᠭᠠᠵᠠᠷ	газар	15
атар	ᠲᠠᠯᠬ᠎ᠠ	талх	7
атга	ᠭᠤᠯᠢᠷ	гурил	6
атга	ᠨᠥᠵᠢ	нөж	6
атгаад	ᠠᠯᠠᠳᠠᠭᠰᠠᠨ	алдсан	18
атгаад	ᠠᠯᠳᠠᠯ ᠢᠶᠠᠨ	алдлаа	5
атгаж	ᠪᠠᠶᠢᠭ᠎ᠠ	байгаа	19
атгаж	ᠪᠠᠶᠢᠭᠰᠠᠨ	байсан	10
атгаж	ᠪᠤᠢ	буй	5
атгасан	ᠭᠠᠷ	гар	17
атлаа	ᠵᠣᠬᠢᠬᠤ	зохих	18
атлаа	ᠣᠳᠣ	одоо	12
атлаа	ᠡᠨᠡ	энэ	12
атлетик	ᠰᠠᠭᠰᠤᠨ	сагсан	8
атлетик	ᠰᠠᠭᠤᠭ᠎ᠠ	суугаа	6
атомын	ᠴᠠᠬᠢᠯᠭᠠᠨ	цахилгаан	167
атомын	ᠡᠷᠴᠢᠮ	эрчим	19
атомын	ᠪᠥᠮᠪᠥᠭᠡ	бөмбөг	17
аугаа	ᠶᠡᠬᠡ	их	95
аугаа	ᠡᠬᠡ	эх	38
аугаа	ᠲᠣᠮᠣ	том	10
аудио	ᠸᠢᠳᠢᠣ᠋	видео	22
аудио	ᠪᠣᠯᠤᠨ	болон	10
аудио	ᠪᠢᠴᠢᠯᠭᠡ	бичлэг	7
аудит	ᠬᠢᠵᠦ	хийж	30
аудит	ᠬᠢᠬᠦ	хийх	21
аудит	ᠬᠢᠭᠰᠡᠨ	хийсэн	16
афганистан	ᠤᠯᠤᠰ ᠤᠨ	улсын	16
афганистан	ᠤᠯᠤᠰ ᠲᠤ	улсад	15
афганистан	ᠵᠡᠷᠭᠡ	зэрэг	9
африк	ᠲᠢᠪ ᠦᠨ	тивийн	78
африк	ᠯᠠᠲ᠋ᠢᠨ	латин	24
африк	ᠪᠣᠯᠤᠨ	болон	20
африкийн	ᠪᠦᠭᠦᠳᠡ	бүгд	47
африкийн	ᠤᠯᠤᠰ	улс	31
африкийн	ᠵᠠᠷᠢᠮ	зарим	15
ах	ᠳᠡᠭᠦᠦ	дүү	730
ах	ᠨᠢ	нь	310
ах	ᠨᠠᠷᠠ	нар	199
ахад	ᠨᠢ	нь	9
ахадсан	ᠠᠴᠢᠶ᠎ᠠ	ачаа	5
ахадсан	ᠲᠣᠭ᠎ᠠ	тоо	5
ахан	ᠳᠡᠭᠦᠰ	дүүс	90
ахан	ᠳᠡᠭᠦᠰ ᠦᠨ	дүүсийн	40
ахан	ᠳᠡᠭᠦᠰ ᠢᠶᠡᠨ	дүүсээ	22
ахдаа	ᠮᠠᠰᠢ	маш	6
ахиад	ᠯᠠ	л	58
ахиад	ᠨᠢᠭᠡ	нэг	40
ахиад	ᠬᠣᠶᠠᠷ	хоёр	11
ахиж	ᠪᠠᠶᠢᠭ᠎ᠠ	байгаа	15
ахиж	ᠪᠠᠶᠢᠨ᠎ᠠ	байна	12
ахиж	ᠬᠡᠵᠢᠶ᠎ᠡ	хэзээ	9
ахимаг	ᠨᠠᠰᠤᠨ ᠤ	насны	28
ахимаг	ᠨᠠᠰᠤᠲᠠᠢ	настай	10
ахин	ᠳᠠᠬᠢᠨ	дахин	68
ахин	ᠨᠢᠭᠡ	нэг	32
ахин	ᠰᠣᠯᠢᠬᠤ	солих	6
ахисан	ᠲᠦᠪᠰᠢᠨ ᠳᠦ	түвшинд	14
ахисан	ᠱᠠᠲᠤᠨ ᠤ	шатны	9
ахиу	ᠪᠤᠰᠤᠳ	бусад	12
ахиу	ᠴᠠᠰᠤ	цас	10
ахиу	ᠤᠷᠭᠤᠴᠠ	ургац	5
ахиулах	ᠪᠣᠯᠤᠮᠵᠢ ᠲᠠᠢ	боломжтой	18
ахиулах	ᠪᠣᠯᠤᠮᠵᠢ	боломж	14
ахиулах	ᠵᠣᠷᠢᠯᠭ᠎ᠠ ᠲᠠᠢ	зорилготой	14
ахиулж	ᠴᠢᠳᠠᠭᠰᠠᠨ	чадсан	12
ахиулж	ᠴᠢᠳᠠᠯ ᠢᠶᠠᠨ	чадлаа	9
ахиулж	ᠬᠥᠭᠵᠢᠭᠦᠯᠬᠦ	хөгжүүлэх	6
ахиухан	ᠮᠥᠩᠭᠥ	мөнгө	13
ахиухан	ᠬᠡᠮᠵᠢᠶ᠎ᠡ ᠪᠡᠷ	хэмжээгээр	6
ахиухан	ᠤᠤᠭᠤᠵᠤ	ууж	5
ахих	ᠲᠤᠰᠤᠮ	тусам	58
ахих	ᠲᠤᠰᠤᠮ ᠢᠶᠠᠨ	тусмаа	8
ахих	ᠲᠤᠲᠤᠮ	тутам	8
ахиц	ᠳᠡᠪᠰᠢᠯ	дэвшил	168
ахиц	ᠭᠠᠷᠴᠤ	гарч	87
ахиц	ᠭᠠᠷᠤᠨ᠎ᠠ	гарна	56
ахлагч	ᠪ	б	121
ахлагч	ᠳ	д	78
ахлагч	ᠤᠡᠬ	уих	65
ахлах	ᠳᠠᠰᠬᠠᠯᠵᠢᠭᠤᠯᠤᠭᠴᠢ	дасгалжуулагч	372
ахлах	ᠵᠥᠪᠯᠡᠬᠦ	зөвлөх	342
ахлах	ᠮᠡᠷᠭᠡᠵᠢᠯᠲᠡᠨ	мэргэжилтэн	339
ахлуулсан	ᠠᠵᠢᠯ ᠤᠨ	ажлын	277
ахлуулсан	ᠪᠠᠭ	баг	23
ахлуулсан	ᠡᠷᠡᠭᠦᠯ	эрүүл	9
ахмад	ᠨᠠᠰᠤᠲᠠᠨ	настан	313
ахмад	ᠪᠠᠭᠰᠢ	багш	111
ахмад	ᠤᠷᠠᠨ	уран	90
ахмадын	ᠵᠣᠯᠪᠣᠭ᠎ᠠ	золбоо	35
ахмадын	ᠤᠯᠤᠰ ᠤᠨ	улсын	29
ахмадын	ᠬᠣᠷᠢᠶᠠᠨ ᠤ	хорооны	23
ахтай	ᠬᠠᠮᠲᠤ	хамт	9
ахтай	ᠨᠢ	нь	5
ахтайгаа	ᠬᠠᠮᠲᠤ	хамт	11
ахуй	ᠨᠢᠭᠡᠴᠡ	нэгж	582
ахуй	ᠭᠠᠵᠠᠷ	газар	137
ахуй	ᠬᠥᠩᠭᠡᠨ	хөнгөн	105
ахуйн	ᠨᠢᠭᠡᠴᠡ	нэгж	3210
ахуйн	ᠪᠠᠶᠢᠩᠭᠤ ᠶᠢᠨ	байнгын	726
ахуйн	ᠰᠠᠶᠢᠳ	сайд	536
ахыгаа	ᠳᠠᠭᠠᠵᠤ	дагаж	5
ахыгаа	ᠳᠡᠯᠡᠬᠡᠢ	дэлхий	5
ахыгаа	ᠥᠪᠡᠷ ᠦᠨ ᠢᠶᠡᠨ	өөрийнхөө	5
ахын	ᠳᠡᠭᠦᠦ	дүү	20
ахын	ᠮᠠᠨᠢ	маань	15
ахын	ᠬᠤᠪᠢ ᠳᠤ	хувьд	12
ач	ᠬᠣᠯᠪᠣᠭᠳᠠᠯ	холбогдол	2212
ач	ᠲᠤᠰ	тус	87
ач	ᠲᠤᠰᠠ ᠶᠢ	тусыг	78
ачаа	ᠲᠡᠭᠡᠭᠡᠪᠦᠷᠢ ᠶᠢᠨ	тээврийн	104
ачаа	ᠲᠡᠭᠡᠭᠡᠪᠦᠷᠢᠯᠡᠬᠦ	тээвэрлэх	54
ачаа	ᠡᠷᠭᠢᠯᠲᠡ	эргэлт	26
ачааг	ᠡᠭᠦᠷᠴᠢ	үүрч	25
ачааг	ᠨᠢ	нь	23
ачааг	ᠨᠢᠷᠤᠭᠤᠨ ᠳᠤ ᠪᠠᠨ	нуруундаа	12
ачаад	ᠶᠠᠪᠤᠵᠤ	явж	5
ачаалал	ᠶᠡᠬᠡ ᠲᠡᠢ	ихтэй	156
ачаалал	ᠶᠡᠬᠡ	их	76
ачаалал	ᠨᠢ	нь	47
ачааны	ᠮᠠᠰᠢᠨ	машин	83
ачааны	ᠬᠦᠨᠳᠦ ᠶᠢ	хүндийг	61
ачааны	ᠮᠠᠰᠢᠨ ᠤ	машины	59
ачаар	ᠡᠨᠡ	энэ	19
ачаар	ᠯᠠ	л	16
ачаар	ᠪᠢᠳᠡ	бид	15
ачийг	ᠨᠢ	нь	30
ачийг	ᠲᠠᠨᠢ	тань	17
ачийг	ᠬᠠᠷᠢᠭᠤᠯᠬᠤ	хариулах	15
ачит	ᠶᠡᠬᠡᠲᠦ	ихт	10
ачит	ᠪᠠᠭᠰᠢ	багш	8
ачит	ᠡᠬᠡ	эх	5
ачих	ᠪᠠᠶᠢᠭᠤᠯᠤᠮᠵᠢ	байгууламж	31
ачих	ᠪᠠᠭᠤᠯᠭᠠᠬᠤ	буулгах	21
ачих	ᠪᠣᠯᠤᠮᠵᠢ ᠲᠠᠢ	боломжтой	11
ашгийг	ᠬᠠᠮᠠᠭᠠᠯᠠᠬᠤ	хамгаалах	443
ашгийг	ᠨᠡᠮᠡᠭᠳᠡᠭᠦᠯᠬᠦ	нэмэгдүүлэх	173
ашгийг	ᠨᠢ	нь	150
ашгийн	ᠲᠥᠯᠥᠭᠡ	төлөө	397
ашгийн	ᠪᠤᠰᠤ	бус	98
ашгийн	ᠬᠤᠪ ᠤᠨ	хувийн	36
ашгүй	ᠨᠢᠭᠡ	нэг	17
ашгүй	ᠳ᠋ᠡ	дээ	11
ашгүй	ᠪᠦᠬᠦ	бүх	5
ашиг	ᠤᠯᠬᠤ	олох	359
ашиг	ᠣᠷᠣᠯᠭ᠎ᠠ	орлого	350
ашиг	ᠨᠢ	нь	331
ашиглагдах	ᠪᠣᠯᠤᠮᠵᠢ ᠲᠠᠢ	боломжтой	11
ашиглагдах	ᠪᠣᠯᠤᠮᠵᠢ ᠦᠭᠡᠢ	боломжгүй	10
ашиглагдах	ᠬᠤᠭᠤᠴᠠᠭ᠎ᠠ	хугацаа	7
ашигладаг	ᠪᠠᠶᠢᠨ᠎ᠠ	байна	58
ашигладаг	ᠪᠠᠶᠢᠭᠰᠠᠨ	байсан	37
ашигладаг	ᠶᠠᠭᠤᠮ᠎ᠠ	юм	35
ашиглаж	ᠪᠠᠶᠢᠭ᠎ᠠ	байгаа	516
ашиглаж	ᠪᠠᠶᠢᠨ᠎ᠠ	байна	245
ашиглаж	ᠪᠣᠯᠬᠤ	болох	175
ашиглалт	ᠬᠠᠮᠠᠭᠠᠯᠠᠯᠲᠠ	хамгаалалт	17
ашиглалт	ᠵᠠᠰᠠᠪᠤᠷᠢ	засвар	16
ашиглалт	ᠪᠣᠯᠤᠨ	болон	15
ашиглан	ᠣᠯᠠᠨ	олон	27
ашиглан	ᠬᠢᠭᠰᠡᠨ	хийсэн	25
ашиглан	ᠥᠪᠡᠷ ᠦᠨ	өөрийн	24
ашиглана	ᠭᠡᠵᠦ	гэж	45
ашиглана	ᠭᠡᠰᠡᠨ	гэсэн	33
ашиглана	ᠭᠡᠳᠡᠭ	гэдэг	14
ашигласан	ᠨᠢ	нь	59
ашигласан	ᠭᠡᠬᠦ	гэх	42
ашигласан	ᠪᠠᠶᠢᠨ᠎ᠠ	байна	41
ашиглах	ᠪᠣᠯᠤᠮᠵᠢ ᠲᠠᠢ	боломжтой	407
ашиглах	ᠨᠢ	нь	284
ашиглах	ᠪᠣᠯᠤᠮᠵᠢ ᠦᠭᠡᠢ	боломжгүй	154
ашиглуулах	ᠠᠰᠠᠭᠤᠳᠠᠯ ᠢ	асуудлыг	8
ашиглуулах	ᠨᠢ	нь	7
ашиглуулах	ᠰᠡᠷᠭᠦᠭᠡᠨ	сэргээн	6
ашигт	ᠮᠠᠯᠲᠠᠮᠠᠯ	малтмал	909
ашигт	ᠨᠡᠶᠢᠴᠡᠭᠰᠡᠨ	нийцсэн	101
ашигт	ᠠᠵᠢᠯᠯᠠᠭ᠎ᠠ	ажиллагаа	31
ашигтай	ᠪᠠᠶᠢᠬᠤ	байх	230
ашигтай	ᠠᠵᠢᠯᠯᠠᠵᠤ	ажиллаж	205
ашигтай	ᠬᠠᠮᠲᠤ ᠶᠢᠨ	хамтын	150
аюул	ᠭᠦᠢ	гүй	58
аюул	ᠵᠠᠨᠤᠯ	занал	47
аюул	ᠤᠴᠠᠷᠠᠭᠤᠯᠵᠤ	учруулж	39
аюулаас	ᠤᠷᠢᠳᠴᠢᠯᠠᠨ	урьдчилан	114
аюулаас	ᠰᠡᠷᠡᠮᠵᠢᠲᠡᠢ	сэрэмжтэй	77
аюулаас	ᠬᠠᠮᠠᠭᠠᠯᠠᠬᠤ	хамгаалах	47
аюулгүй	ᠪᠠᠶᠢᠳᠠᠯ ᠤᠨ	байдлын	2470
аюулгүй	ᠪᠠᠶᠢᠳᠠᠯ	байдал	2397
аюулгүй	ᠪᠠᠶᠢᠳᠠᠯ ᠢ	байдлыг	1688
аюулт	ᠦᠵᠡᠭᠳᠡᠯ	үзэгдэл	30
аюулт	ᠡᠪᠡᠳᠴᠢᠨ	өвчин	13
аюулт	ᠡᠪᠡᠳᠴᠢᠨ ᠳᠦ	өвчинд	7
аюултай	ᠭᠡᠵᠦ	гэж	54
аюултай	ᠶᠠᠭᠤᠮ᠎ᠠ	юм	52
аюултай	ᠬᠣᠭ	хог	48
аюулыг	ᠪᠤᠢ	бий	6
аюулыг	ᠪᠠᠭᠤᠷᠠᠭᠤᠯᠬᠤ	бууруулах	6
аюулыг	ᠳᠠᠭᠠᠭᠤᠯᠵᠤ	дагуулж	5
аюуш	ᠨᠠᠷᠠ	нар	15
аюуш	ᠪ	б	11
аюуш	ᠨ	н	11
ая	ᠳᠠᠭᠤ ᠪᠠᠨ	дуугаа	232
ая	ᠲᠤᠬᠠᠲᠠᠢ	тухтай	162
ая	ᠵᠣᠬᠢᠶᠠᠭᠴᠢ	зохиогч	93
аяа	ᠮᠢᠨᠦ	миний	7
аяга	ᠲᠠᠪᠠᠭ	таваг	36
аяга	ᠬᠠᠯᠪᠠᠭ᠎ᠠ	халбага	30
аяга	ᠤᠰᠤ	ус	20
аягатай	ᠰᠦ᠋	сүү	11
аягатай	ᠪᠠᠶᠢᠬᠤ	байх	5
аягүй	ᠪᠣᠯ	бол	74
аягүй	ᠯᠠ	л	8
аягүй	ᠭᠣᠶᠣ	гоё	6
аядуу	ᠵᠥᠭᠡᠯᠡᠨ	зөөлөн	24
аядуу	ᠲᠠᠶᠢᠪᠤᠩ	тайван	5
аялаад	ᠢᠷᠡᠭᠰᠡᠨ	ирсэн	10
аялагч	ᠭ	г	6
аялагч	ᠰᠤᠳᠤᠯᠤᠭᠠᠴᠢ	судлаач	6
аялаж	ᠠᠮᠠᠷᠠᠵᠤ	амарч	10
аялаж	ᠪᠠᠶᠢᠭ᠎ᠠ	байгаа	8
аялал	ᠵᠢᠭᠤᠯᠴᠢᠯᠠᠯ	жуулчлал	527
аялал	ᠵᠤᠭᠠᠯᠠᠭ᠎ᠠ	зугаалга	50
аялал	ᠵᠣᠬᠢᠶᠠᠨ	зохион	48
аялан	ᠲᠣᠭᠯᠠᠯᠲᠠ	тоглолт	215
аялан	ᠲᠣᠭᠯᠠᠯᠲᠠ ᠶᠢ	тоглолтыг	27
аялан	ᠲᠣᠭᠯᠠᠬᠤ	тоглох	14
аялах	ᠳᠤᠷᠠᠲᠠᠢ	дуртай	23
аялах	ᠶᠠᠭᠤᠮ᠎ᠠ	юм	22
аялах	ᠪᠣᠯᠤᠮᠵᠢ ᠲᠠᠢ	боломжтой	19
аялгуу	ᠨᠢ	нь	30
аялгуу	ᠰᠠᠶᠢᠬᠠᠨ	сайхан	16
аялгуу	ᠮᠢᠨᠢ	минь	14
аялгууг	ᠨᠢ	нь	31
аялгууг	ᠲᠣᠭᠯᠠᠵᠤ	тоглож	5
аялгуугаар	ᠪᠡᠯᠡᠭ	бэлэг	5
аялгуут	ᠰᠣᠯᠢᠷ	солир	17
аялгуут	ᠰᠠᠶᠢᠬᠠᠨ	сайхан	7
аялгуут	ᠵᠦᠵᠦᠭᠡ	жүжиг	6
аялж	ᠪᠤᠢ	буй	21
аялж	ᠪᠠᠶᠢᠭᠰᠠᠨ	байсан	16
аялж	ᠶᠠᠪᠤᠭᠰᠠᠨ	явсан	14
аяллаа	ᠠᠮᠵᠢᠯᠲᠠᠲᠠᠢ	амжилттай	17
аяллаа	ᠡᠬᠢᠯᠡᠭᠦᠯᠵᠦ	эхлүүлж	5
аяллаа	ᠦᠷᠭᠦᠯᠵᠢᠯᠡᠭᠦᠯᠵᠦ	үргэлжлүүлж	5
аялсан	ᠨᠢ	нь	12
аялсан	ᠶᠠᠭᠤᠮ᠎ᠠ	юм	7
аялуулах	ᠶᠠᠭᠤᠮ᠎ᠠ	юм	12
аян	ᠵᠠᠮ ᠤᠨ	замын	46
аян	ᠥᠷᠨᠢᠭᠦᠯᠵᠦ	өрнүүлж	44
аян	ᠵᠣᠬᠢᠶᠠᠨ	зохион	40
аянга	ᠴᠠᠬᠢᠯᠭᠠᠨ	цахилгаан	23
аянга	ᠨᠢᠷᠭᠡᠬᠦ	ниргэх	5
аянд	ᠢᠳᠡᠪᠬᠢᠲᠡᠢ	идэвхтэй	11
аянд	ᠨᠢᠭᠡᠳᠴᠦ	нэгдэж	11
аянд	ᠨᠢᠭᠡᠳᠦᠨ	нэгдэн	7
аяндаа	ᠯᠠ	л	20
аяндаа	ᠠᠷᠢᠯᠤᠨ᠎ᠠ	арилна	11
аяндаа	ᠴᠡᠭᠴᠡᠷᠡᠬᠦ	цэгцрэх	9
аяны	ᠬᠦᠷᠢᠶᠡᠨ ᠳᠦ	хүрээнд	318
аяны	ᠨᠡᠭᠡᠭᠡᠯᠲᠡ	нээлт	25
аяны	ᠵᠣᠷᠢᠯᠭ᠎ᠠ	зорилго	19
аяс	ᠰᠢᠨ᠎ᠡ	шинэ	7
аяс	ᠠᠶᠠᠰ	аяс	6
аяс	ᠳᠠᠭᠤᠤ	дуу	6
аясаар	ᠨᠢ	нь	8
аясаар	ᠲᠦᠢᠮᠡᠷ	түймэр	7
аястай	ᠪᠠᠶᠢᠭᠰᠠᠨ	байсан	6
аястай	ᠪᠠᠶᠢᠨ᠎ᠠ	байна	5
аястай	ᠪᠠᠶᠢᠬᠤ	байх	5
аясыг	ᠨᠢ	нь	9
аясыг	ᠳᠠᠭᠠᠵᠤ	дагаж	7
аятай	ᠲᠤᠬᠠᠲᠠᠢ	тухтай	16
аятай	ᠶᠠᠭᠤ	юу	11
аятай	ᠨᠥᠬᠥᠴᠡᠯ	нөхцөл	8
аятайхан	ᠰᠢᠯᠲᠠᠭ	шалтаг	5
аятайхан	ᠶᠠᠭᠤᠮ᠎ᠠ	юм	5
аяыг	ᠨᠢ	нь	46
аяыг	ᠬᠥᠭᠵᠢᠮ ᠦᠨ	хөгжмийн	14
аяыг	ᠵᠣᠬᠢᠶᠠᠵᠤ	зохиож	6
б	ᠦ	ү	256
б	ᠭ	г	131
б	ᠠᠩᠭᠢ ᠶᠢᠨ	ангийн	72
ба	ᠡᠨᠡ	энэ	413
ба	ᠲᠡᠭᠦᠨ ᠡᠴᠡ	түүнээс	352
ба	ᠨᠡᠶᠢᠲᠡ	нийт	160
баа	ᠲᠠᠷᠠ	тар	45
баа	ᠰᠠᠩ	сан	21
баа	ᠬᠠᠨ	хан	7
баавар	ᠪᠤᠶᠤ	буюу	13
баавар	ᠲᠡᠭᠦᠨ ᠦ	түүний	5
баавгай	ᠨᠢ	нь	29
баавгай	ᠰᠤᠳᠤᠯᠤᠯ	судлал	12
баавгай	ᠰᠢᠭ	шиг	10
баавгайн	ᠠᠷᠠᠰᠤ ᠶᠢ	арьсыг	14
баавгайн	ᠰᠠᠪᠠᠷ	савар	14
баавгайн	ᠲᠣᠭ᠎ᠠ	тоо	11
баагий	ᠠᠪᠤᠷᠭᠤ	аварга	6
баагий	ᠴᠢ	чи	5
бааз	ᠰᠠᠭᠤᠷᠢ	суурь	79
бааз	ᠳᠡᠭᠡᠷ᠎ᠡ	дээр	22
бааз	ᠨᠢ	нь	20
баар	ᠴᠡᠩᠭᠡᠭᠡᠨ ᠦ	цэнгээний	68
баар	ᠷᠧᠰᠲ᠋ᠣᠷᠠᠨ	ресторан	23
баар	ᠺᠠᠷᠠᠣᠺᠧ	караоке	12
бааранд	ᠣᠷᠣᠵᠤ	орж	6
бааранд	ᠰᠠᠭᠤᠵᠤ	сууж	6
бааранд	ᠣᠷᠣᠭᠠᠳ	ороод	5
баарны	ᠡᠵᠡᠳ	эзэд	6
баарны	ᠡᠭᠦᠳᠡᠨ ᠳᠦ	үүдэнд	5
баас	ᠰᠢᠭᠡᠰᠦ	шээс	6
баас	ᠦᠬᠦᠭᠰᠡᠨ	үхсэн	5
баасан	ᠭᠠᠷᠠᠭ ᠲᠤ	гаригт	1018
баасан	ᠭᠠᠷᠠᠭ ᠤᠨ	гаригийн	298
баасан	ᠭᠠᠷᠠᠭ	гариг	121
баатар	ᠭᠠᠪᠢᠶᠠᠲᠤ	гавьяат	393
баатар	ᠠᠷᠠᠳ ᠤᠨ	ардын	78
баатар	ᠬ	х	67
баатарлаг	ᠭᠠᠪᠢᠶ᠎ᠠ	гавьяа	8
баатарлаг	ᠦᠢᠯᠡᠰ	үйлс	7
баатарлаг	ᠦᠢᠯᠡᠰ ᠢ	үйлсийг	7
баатрууд	ᠲᠩᠷᠢ	тэнгэр	24
баатрууд	ᠨᠢ	нь	8
баатрууд	ᠶᠠᠭᠤᠮ᠎ᠠ	юм	8
баатрын	ᠳᠦᠷᠢ ᠳᠦ	дүрд	7
баатрын	ᠳᠦᠷᠢ ᠪᠡᠷ	дүрээр	7
баахан	ᠮᠥᠩᠭᠥ	мөнгө	36
баахан	ᠶᠠᠭᠤᠮ᠎ᠠ	юм	35
баахан	ᠬᠠᠤᠯᠢ	хууль	12
баг	ᠨᠢ	нь	357
баг	ᠣᠷᠣᠯᠴᠠᠵᠤ	оролцож	181
баг	ᠡᠨᠡ	энэ	179
бага	ᠬᠤᠷᠠᠯ	хурал	1683
бага	ᠨᠠᠰᠤᠨ ᠤ	насны	1082
бага	ᠵᠡᠷᠭᠡ	зэрэг	968
багаа	ᠪᠦᠷᠢᠳᠦᠭᠦᠯᠦᠭᠰᠡᠨ	бүрдүүлсэн	35
багаа	ᠪᠦᠷᠢᠳᠦᠭᠦᠯᠵᠦ	бүрдүүлж	28
багаа	ᠪᠦᠷᠢᠳᠦᠭᠦᠯᠬᠦ	бүрдүүлэх	21
багаар	ᠪᠣᠳᠣᠬᠤ ᠳᠤ	бодоход	112
багаар	ᠠᠵᠢᠯᠯᠠᠬᠤ	ажиллах	77
багаар	ᠨᠢ	нь	31
багаараа	ᠬᠣᠶᠠᠳᠤᠭᠠᠷ	хоёрдугаар	19
багаараа	ᠣᠷᠣᠯᠴᠠᠵᠤ	оролцож	17
багаараа	ᠮᠥᠩᠭᠥᠨ	мөнгөн	16
багаас	ᠨᠢ	нь	200
багаас	ᠭᠠᠳᠠᠨ᠎ᠠ	гадна	21
багаас	ᠷ	р	19
багаасаа	ᠯᠠ	л	117
багаасаа	ᠶᠠᠪᠤᠬᠤ	явах	12
багаасаа	ᠰᠢᠯᠢᠳᠡᠭ	шилдэг	8
багавтар	ᠡᠭᠦᠯᠡᠲᠡᠢ	үүлтэй	946
багавтар	ᠪᠤᠰᠤᠳ	бусад	5
багагүй	ᠬᠤᠭᠤᠴᠠᠭ᠎ᠠ	хугацаа	323
багагүй	ᠬᠤᠭᠤᠴᠠᠭᠠᠨ ᠳᠤ	хугацаанд	116
багагүй	ᠮᠥᠩᠭᠥ	мөнгө	72
багад	ᠨᠢ	нь	40
багад	ᠮᠢᠨᠢ	минь	6
багадаа	ᠯᠠ	л	33
багадаа	ᠮᠢᠩᠭᠠᠨ	мянган	27
багадаа	ᠰᠠᠶ᠋ᠢ	сая	24
багаж	ᠬᠡᠷᠡᠭᠰᠡᠯ	хэрэгсэл	164
багаж	ᠲᠣᠨᠣᠭ	тоног	126
багаж	ᠲᠥᠬᠥᠭᠡᠷᠦᠮᠵᠢ	төхөөрөмж	40
багана	ᠨᠢ	нь	15
багана	ᠪᠣᠯᠤᠭᠰᠠᠨ	болсон	7
багана	ᠰᠢᠭ	шиг	5
багасаад	ᠪᠠᠶᠢᠨ᠎ᠠ	байна	15
багасаад	ᠪᠠᠶᠢᠭ᠎ᠠ	байгаа	9
багасаад	ᠢᠷᠡᠬᠦ ᠪᠡᠷ	ирэхээр	9
багасаж	ᠪᠠᠶᠢᠨ᠎ᠠ	байна	23
багасаж	ᠪᠠᠶᠢᠭ᠎ᠠ	байгаа	20
багасаж	ᠮᠥᠰᠥ	мөс	6
багасах	ᠨᠢ	нь	32
багасах	ᠶᠠᠭᠤᠮ᠎ᠠ	юм	24
багасах	ᠪᠣᠯᠤᠮᠵᠢ ᠲᠠᠢ	боломжтой	10
багасгах	ᠨᠢ	нь	50
багасгах	ᠬᠡᠷᠡᠭᠲᠡᠢ	хэрэгтэй	48
багасгах	ᠲᠠᠯ᠎ᠠ ᠪᠠᠷ	талаар	22
багатай	ᠪᠠᠶᠢᠳᠠᠭ	байдаг	39
багатай	ᠳᠠᠪᠠᠨ	даван	38
багатай	ᠴᠤ	ч	34
багахан	ᠴᠤ	ч	34
багахан	ᠬᠡᠮᠵᠢᠶ᠎ᠡ ᠪᠡᠷ	хэмжээгээр	18
багахан	ᠬᠡᠰᠡᠭ ᠢ	хэсгийг	16
багачууд	ᠮᠠᠨᠢ	маань	11
багачууд	ᠥᠨᠳᠥᠷ	өндөр	9
багачууд	ᠨᠢ	нь	8
багийн	ᠳᠠᠰᠬᠠᠯᠵᠢᠭᠤᠯᠤᠭᠴᠢ	дасгалжуулагч	585
багийн	ᠠᠬᠠᠯᠠᠭᠴᠢ	ахлагч	502
багийн	ᠠᠬᠠᠯᠠᠬᠤ	ахлах	355
баглаа	ᠪᠣᠭᠣᠳᠠᠯ	боодол	90
баглаа	ᠪᠣᠭᠣᠳᠠᠯ ᠲᠠᠢ	боодолтой	7
баглаа	ᠴᠡᠴᠡᠭ	цэцэг	7
багтаа	ᠲᠤᠰ	тус	24
багтаа	ᠢᠯᠠᠯᠲᠠ	ялалт	22
багтаа	ᠬᠣᠵᠢᠯ	хожил	17
багтаагүй	ᠪᠠᠶᠢᠨ᠎ᠠ	байна	9
багтаагүй	ᠶᠠᠭᠤᠮ᠎ᠠ	юм	8
багтаагүй	ᠪᠠᠶᠢᠭᠰᠠᠨ	байсан	7
багтаад	ᠪᠠᠶᠢᠨ᠎ᠠ	байна	38
багтаад	ᠪᠠᠶᠢᠭ᠎ᠠ	байгаа	28
багтаад	ᠪᠤᠢ	буй	16
багтааж	ᠪᠠᠶᠢᠭ᠎ᠠ	байгаа	13
багтааж	ᠴᠢᠳᠠᠭᠰᠠᠨ	чадсан	7
багтааж	ᠪᠠᠶᠢᠭᠰᠠᠨ	байсан	6
багтаамж	ᠪᠦᠬᠦᠢ	бүхий	25
багтаамж	ᠶᠡᠬᠡ ᠲᠡᠢ	ихтэй	21
багтаамж	ᠨᠢ	нь	13
багтаасан	ᠪᠠᠶᠢᠨ᠎ᠠ	байна	59
багтаасан	ᠪᠠᠶᠢᠳᠠᠭ	байдаг	24
багтаасан	ᠶᠠᠭᠤᠮ᠎ᠠ	юм	17
багтаах	ᠪᠣᠯᠤᠮᠵᠢ ᠲᠠᠢ	боломжтой	8
багтаах	ᠪᠣᠯᠤᠮᠵᠢ ᠦᠭᠡᠢ	боломжгүй	6
багтаах	ᠶᠣᠰᠣᠲᠠᠢ	ёстой	6
багтаж	ᠪᠠᠶᠢᠭ᠎ᠠ	байгаа	451
багтаж	ᠪᠠᠶᠢᠨ᠎ᠠ	байна	221
багтаж	ᠪᠤᠢ	буй	165
багтай	ᠲᠣᠭᠯᠠᠵᠤ	тоглож	145
багтай	ᠬᠢᠵᠦ	хийж	82
багтай	ᠲᠣᠭᠯᠠᠬᠤ	тоглох	78
багтамгүй	ᠶᠡᠬᠡ	их	6
багтана	ᠭᠡᠵᠦ	гэж	15
багтана	ᠭᠡᠳᠡᠭ	гэдэг	8
багтах	ᠶᠠᠭᠤᠮ᠎ᠠ	юм	28
багтах	ᠶᠣᠰᠣᠲᠠᠢ	ёстой	23
багтах	ᠪᠤᠢ	вэ	17
багтахгүй	ᠪᠠᠶᠢᠭ᠎ᠠ	байгаа	7
багтахгүй	ᠪᠣᠯ	бол	7
багтахгүй	ᠰᠢᠬᠠᠮ	шахам	6
багтраа	ᠡᠪᠡᠳᠴᠢᠨ	өвчин	12
багтраа	ᠡᠪᠡᠳᠴᠢᠲᠡᠢ	өвчтэй	8
багтсан	ᠪᠠᠶᠢᠨ᠎ᠠ	байна	330
багтсан	ᠶᠠᠭᠤᠮ᠎ᠠ	юм	134
багтсан	ᠪᠥᠭᠡᠳ	бөгөөд	110
багц	ᠬᠠᠤᠯᠢ ᠶᠢᠨ	хуулийн	284
багц	ᠬᠠᠤᠯᠢ	хууль	112
багц	ᠬᠠᠤᠯᠢ ᠶᠢ	хуулийг	104
багцад	ᠪᠠᠲᠤᠯᠠᠭᠳᠠᠭᠰᠠᠨ	батлагдсан	9
багцад	ᠲᠡᠷᠪᠤᠮ	тэрбум	7
багцад	ᠬᠠᠮᠢᠶᠠᠷᠬᠤ	хамаарах	5
багш	ᠨᠠᠷᠠ	нар	1934
багш	ᠨᠠᠷ ᠤᠨ	нарын	1012
багш	ᠨᠠᠷ ᠢ	нарыг	333
багшаа	ᠪᠢ	би	22
багшаар	ᠠᠵᠢᠯᠯᠠᠵᠤ	ажиллаж	60
багшаар	ᠠᠵᠢᠯᠯᠠᠬᠤ	ажиллах	34
багшаар	ᠠᠵᠢᠯᠯᠠᠭᠰᠠᠨ	ажилласан	15
багшаас	ᠨᠢ	нь	9
багшаас	ᠯᠠ	л	6
багшдаа	ᠪᠠᠶᠠᠷᠯᠠᠯ᠎ᠠ	баярлалаа	20
багшдаа	ᠪᠠᠶᠠᠷᠯᠠᠵᠤ	баярлаж	8
багшдаа	ᠮᠠᠰᠢ	маш	8
багшийг	ᠨᠢ	нь	13
багшийг	ᠮᠠᠨᠢ	маань	8
багшийг	ᠬᠥᠭᠵᠢᠭᠦᠯᠬᠦ	хөгжүүлэх	6
багшийн	ᠮᠡᠷᠭᠡᠵᠢᠯ	мэргэжил	103
багшийн	ᠠᠵᠢᠯ ᠢ	ажлыг	97
багшийн	ᠤᠳᠤᠷᠢᠳᠤᠯᠭ᠎ᠠ	удирдлага	67
багшийнхаа	ᠤᠳᠤᠷᠢᠳᠤᠯᠭ᠎ᠠ	удирдлага	18
багшийнхаа	ᠨᠡᠷᠡᠮᠵᠢᠲᠦ	нэрэмжит	12
багшийнхаа	ᠲᠤᠬᠠᠢ	тухай	8
багшлах	ᠪᠣᠯᠪᠠᠰᠤᠨ	боловсон	52
багшлах	ᠡᠷᠬᠡ	эрх	32
багшлах	ᠡᠷᠬᠡ ᠶᠢᠨ	эрхийн	21
багын	ᠨᠠᠶᠢᠵᠠ	найз	57
багын	ᠨᠠᠶᠢᠵᠠ ᠨᠤᠭᠤᠳ	найзууд	26
багын	ᠯᠠ	л	10
бадам	ᠣᠴᠢᠷ	очир	13
бадар	ᠤᠤᠭᠠᠨ	ууган	233
бадарч	ᠠ	а	44
бадарч	ᠲᠥᠷᠥ ᠶᠢᠨ	төрийн	11
бадарч	ᠨᠠᠷ ᠤᠨ	нарын	10
бадраа	ᠭᠤᠸᠠᠢ	гуай	5
бадрал	ᠨᠠᠷᠠ	нар	9
бадрал	ᠨᠢ	нь	8
бадрал	ᠨᠠᠷ ᠢ	нарыг	7
бадрах	ᠨᠠᠴᠢᠨ	начин	13
бадрах	ᠪᠣᠯᠲᠤᠭᠠᠢ	болтугай	11
бадрах	ᠣᠨᠣᠭ᠎ᠠ	оноо	10
базаах	ᠬᠡᠷᠡᠭᠲᠡᠢ	хэрэгтэй	12
базаах	ᠶᠠᠭᠤᠮ᠎ᠠ	юм	10
базаах	ᠪᠣᠯᠤᠭᠰᠠᠨ	болсон	5
бай	ᠭᠠ	гаа	1165
бай	ᠨᠠ	на	831
бай	ᠰᠠᠩ	сан	609
байв	ᠤᠤ	уу	523
байв	ᠠ	аа	44
байв	ᠳ᠋ᠠ	даа	44
байвал	ᠬᠢᠭᠡᠷᠡᠢ	хийгээрэй	20003
байвал	ᠡᠨᠡ	энэ	102
байвал	ᠲᠡᠷᠡ	тэр	82
байвч	ᠰᠠᠴᠢ	сачий	11
байвч	ᠲᠩᠷᠢ	тэнгэр	6
байг	ᠭᠡᠬᠦ ᠳᠦ	гэхэд	55
байг	ᠭᠡᠬᠦ	гэх	27
байг	ᠯᠠ	л	18
байга	ᠶᠠᠭᠤᠮ᠎ᠠ	юм	14
байга	ᠠ	а	5
байгаа	ᠶᠠᠭᠤᠮ᠎ᠠ	юм	30062
байгаа	ᠨᠢ	нь	11999
байгаа	ᠠᠵᠤ	аж	8457
байгааг	ᠨᠢ	нь	508
байгааг	ᠬᠠᠷᠠᠭᠤᠯᠵᠤ	харуулж	298
байгааг	ᠴᠤ	ч	262
байгаагаа	ᠢᠯᠡᠷᠬᠡᠶᠢᠯᠡᠭᠰᠡᠨ	илэрхийлсэн	360
байгаагаа	ᠢᠯᠡᠷᠬᠡᠶᠢᠯᠡᠵᠦ	илэрхийлж	236
байгаагаа	ᠢᠯᠡᠷᠬᠡᠶᠢᠯᠡᠭᠡᠳ	илэрхийлээд	183
байгаагаар	ᠨᠢ	нь	106
байгаагаар	ᠪᠣᠯ	бол	103
байгаагаар	ᠡᠨᠡ	энэ	80
байгаагаараа	ᠣᠨᠴᠠᠯᠢᠭ	онцлог	270
байгаагаараа	ᠶᠡᠬᠡᠬᠡᠨ	ихээхэн	25
байгаагаараа	ᠡᠨᠡ	энэ	21
байгаагаас	ᠭᠠᠳᠠᠨ᠎ᠠ	гадна	165
байгаагаас	ᠨᠢ	нь	84
байгаагаас	ᠪᠣᠯᠵᠤ	болж	71
байгаагүй	ᠶᠠᠭᠤᠮ᠎ᠠ	юм	304
байгаагүй	ᠪᠣᠯ	бол	86
байгаагүй	ᠴᠤ	ч	85
байгаагүйгээр	ᠥᠰᠦᠭᠰᠡᠨ	өссөн	7
байгаагүйгээр	ᠪᠢᠳᠡᠨ ᠳᠦ	бидэнд	5
байгаад	ᠯᠠ	л	342
байгаад	ᠪᠠᠶᠠᠷᠲᠠᠢ	баяртай	250
байгаад	ᠰᠡᠳᠬᠢᠯ	сэтгэл	146
байгаадаа	ᠪᠠᠶᠠᠷᠲᠠᠢ	баяртай	272
байгаадаа	ᠰᠡᠳᠬᠢᠯ	сэтгэл	39
байгаадаа	ᠲᠠᠭᠠᠲᠠᠢ	таатай	29
байгаарай	ᠭᠡᠵᠦ	гэж	43
байгаарай	ᠭᠡᠰᠡᠨ	гэсэн	16
байгаасай	ᠭᠡᠵᠦ	гэж	287
байгаасай	ᠯᠠ	л	42
байгаасай	ᠭᠡᠰᠡᠨ	гэсэн	20
байгаатай	ᠬᠣᠯᠪᠣᠭᠳᠠᠭᠤᠯᠤᠨ	холбогдуулан	462
байгаатай	ᠬᠣᠯᠪᠣᠭᠠᠲᠠᠢ	холбоотой	420
байгаатай	ᠠᠳᠠᠯᠢ	адил	78
байгаач	ᠡ	ээ	10
байгаач	ᠭᠡᠵᠦ	гэж	9
байгаач	ᠡᠵᠢ	ээж	5
байгал	ᠨᠠᠭᠤᠷ	нуур	25
байгал	ᠨᠠᠭᠤᠷ ᠤᠨ	нуурын	14
байгал	ᠣᠷᠴᠢᠨ	орчин	11
байгалиа	ᠬᠠᠮᠠᠭᠠᠯᠠᠬᠤ	хамгаалах	19
байгалиа	ᠨᠥᠬᠥᠨ	нөхөн	9
байгалиа	ᠬᠠᠶᠢᠷᠠᠯᠠᠨ	хайрлан	5
байгалийг	ᠨᠥᠬᠥᠨ	нөхөн	9
байгалийн	ᠬᠡᠢ	хий	295
байгалийн	ᠪᠠᠶᠠᠯᠢᠭ	баялаг	282
байгалийн	ᠨᠥᠭᠡᠴᠡ	нөөц	246
байгаль	ᠣᠷᠴᠢᠨ	орчин	2773
байгаль	ᠤᠷᠴᠢᠨ ᠳᠤ	орчинд	941
байгаль	ᠬᠠᠮᠠᠭᠠᠯᠠᠬᠤ	хамгаалах	559
байгуулаад	ᠪᠠᠶᠢᠨ᠎ᠠ	байна	87
байгуулаад	ᠪᠠᠶᠢᠭ᠎ᠠ	байгаа	81
байгуулаад	ᠶᠠᠪᠤᠵᠤ	явж	27
байгуулагдаж	ᠪᠠᠶᠢᠭ᠎ᠠ	байгаа	314
байгуулагдаж	ᠪᠤᠢ	буй	304
байгуулагдаж	ᠪᠠᠶᠢᠨ᠎ᠠ	байна	148
байгуулагдан	ᠠᠵᠢᠯᠯᠠᠵᠤ	ажиллаж	87
байгуулагдан	ᠠᠵᠢᠯᠯᠠᠭᠰᠠᠨ	ажилласан	23
байгуулагдан	ᠦᠢᠯᠡ	үйл	16
байгуулагдах	ᠭᠡᠵᠦ	гэж	157
байгуулагдах	ᠶᠠᠭᠤᠮ᠎ᠠ	юм	83
байгуулагдах	ᠵᠠᠰᠠᠭ ᠤᠨ	засгийн	56
байгуулагдсан	ᠠᠵᠢᠯ ᠤᠨ	ажлын	237
байгуулагдсан	ᠪᠥᠭᠡᠳ	бөгөөд	146
байгуулагдсан	ᠴᠠᠭ ᠠᠴᠠ ᠪᠠᠨ	цагаасаа	133
байгуулагч	ᠣᠷᠣᠨ ᠤ	орны	98
байгуулагч	ᠣᠷᠣᠨ	орон	59
байгуулагч	ᠨᠢ	нь	56
байгуулалт	ᠬᠢᠵᠦ	хийж	72
байгуулалт	ᠬᠢᠬᠦ	хийх	71
байгуулалт	ᠨᠢ	нь	67
байгууламж	ᠪᠠᠷᠢᠬᠤ	барих	81
байгууламж	ᠨᠢ	нь	69
байгууламж	ᠪᠤᠢ	бий	25
байгуулах	ᠲᠤᠬᠠᠢ	тухай	949
байгуулах	ᠭᠡᠵᠦ	гэж	941
байгуулах	ᠶᠠᠭᠤᠮ᠎ᠠ	юм	479
байгуулдаг	ᠪᠥᠭᠡᠳ	бөгөөд	140
байгуулдаг	ᠶᠠᠭᠤᠮ᠎ᠠ	юм	69
байгуулдаг	ᠪᠢᠯᠡ	билээ	44
байгуулж	ᠪᠠᠶᠢᠭ᠎ᠠ	байгаа	1436
байгуулж	ᠪᠤᠢ	буй	1082
байгуулж	ᠪᠠᠶᠢᠨ᠎ᠠ	байна	1007
байгууллаа	ᠭᠡᠵᠦ	гэж	22
байгууллаа	ᠭᠡᠬᠦ ᠳᠦ	гэхэд	20
байгууллаа	ᠭᠡᠳ	гээд	7
байгууллага	ᠨᠢ	нь	719
байгууллага	ᠠᠯᠪᠠᠨ	албан	327
байгууллага	ᠪᠣᠯᠤᠨ	болон	301
байгуулна	ᠭᠡᠵᠦ	гэж	120
байгуулна	ᠭᠡᠳᠡᠭ	гэдэг	57
байгуулна	ᠭᠡᠰᠡᠨ	гэсэн	53
байгуулсан	ᠶᠠᠭᠤᠮ᠎ᠠ	юм	527
байгуулсан	ᠪᠠᠶᠢᠨ᠎ᠠ	байна	478
байгуулсан	ᠨᠢ	нь	319
байгуулъя	ᠭᠡᠵᠦ	гэж	22
байгуулъя	ᠭᠡᠰᠡᠨ	гэсэн	18
байгуулъя	ᠭᠡᠬᠦ ᠳᠦ	гэхэд	8
байдаг	ᠶᠠᠭᠤᠮ᠎ᠠ	юм	3683
байдаг	ᠠᠵᠤ	аж	1131
байдаг	ᠨᠢ	нь	708
байдаггүй	ᠶᠠᠭᠤᠮ᠎ᠠ	юм	295
байдаггүй	ᠴᠤ	ч	50
байдаггүй	ᠨᠢ	нь	49
байдагт	ᠲᠠᠯᠠᠷᠬᠠᠵᠤ	талархаж	8
байдагт	ᠨᠢ	нь	7
байдагт	ᠯᠠ	л	6
байдал	ᠭᠠᠳᠠᠭᠠᠳᠤ	гадаад	859
байдал	ᠨᠢ	нь	843
байдал	ᠳᠡᠭᠡᠷ᠎ᠡ	дээр	341
байдалд	ᠣᠷᠣᠭᠰᠠᠨ	орсон	282
байдалд	ᠣᠷᠣᠵᠤ	орж	187
байдалд	ᠣᠷᠣᠭᠠᠳ	ороод	110
байдалтай	ᠪᠠᠶᠢᠨ᠎ᠠ	байна	225
байдалтай	ᠪᠠᠶᠢᠭ᠎ᠠ	байгаа	167
байдалтай	ᠬᠣᠯᠪᠣᠭᠠᠲᠠᠢ	холбоотой	138
байдгаа	ᠪᠠᠷᠵᠢ	барж	6
байдгаа	ᠢᠯᠡᠷᠬᠡᠶᠢᠯᠡᠭᠡᠳ	илэрхийлээд	6
байдгаа	ᠲᠠᠪᠢᠭᠠᠳ	тавиад	6
байдгаараа	ᠯᠠ	л	20
байдгаараа	ᠣᠨᠴᠠᠯᠢᠭ	онцлог	17
байдгаараа	ᠳᠠᠪᠠᠭᠤ	давуу	10
байдгаас	ᠭᠠᠳᠠᠨ᠎ᠠ	гадна	21
байдгаас	ᠨᠢ	нь	18
байдгаас	ᠪᠣᠯᠵᠤ	болж	13
байдгийг	ᠪᠢᠳᠡ	бид	37
байдгийг	ᠴᠤ	ч	33
байдгийг	ᠨᠢ	нь	29
байдгийн	ᠨᠢᠭᠡ	нэг	56
байдгийн	ᠤᠴᠢᠷ	учир	20
байдгийн	ᠬᠤᠪᠢ ᠳᠤ	хувьд	19
байдлаа	ᠤᠷᠪᠠᠭᠤᠯᠤᠨ	урвуулан	84
байдлаа	ᠬᠠᠩᠭᠠᠵᠤ	хангаж	42
байдлаа	ᠬᠠᠩᠭᠠᠬᠤ	хангах	40
байдлаар	ᠨᠡᠶᠢᠲᠡ	нийт	335
байдлаар	ᠮᠣᠩᠭᠣᠯ	монгол	259
байдлаар	ᠮᠠᠨ ᠤ	манай	228
байдлаас	ᠪᠣᠯᠵᠤ	болж	199
байдлаас	ᠰᠢᠯᠲᠠᠭᠠᠯᠠᠨ	шалтгаалан	120
байдлаас	ᠭᠠᠷᠬᠤ	гарах	105
байдлыг	ᠬᠠᠩᠭᠠᠬᠤ	хангах	1544
байдлыг	ᠬᠠᠩᠭᠠᠵᠤ	хангаж	245
байдлыг	ᠳᠡᠮᠵᠢᠬᠦ	дэмжих	202
байдлын	ᠲᠤᠬᠠᠢ	тухай	2085
байдлын	ᠲᠠᠯ᠎ᠠ ᠪᠠᠷ	талаар	591
байдлын	ᠶᠡᠷᠦᠩᠬᠡᠢ	ерөнхий	328
байж	ᠪᠣᠯᠬᠤ	болох	1761
байж	ᠪᠣᠯᠤᠨ᠎ᠠ	болно	1097
байж	ᠪᠣᠯᠵᠣᠰᠢ ᠦᠭᠡᠢ	болзошгүй	1063
байжээ	ᠭᠡᠵᠦ	гэж	54
байжээ	ᠭᠡᠳᠡᠭ ᠢ	гэдгийг	20
байжээ	ᠭᠡᠰᠡᠨ	гэсэн	12
байлаа	ᠴᠤ	ч	267
байлаа	ᠰᠢᠦ	шүү	255
байлаа	ᠭᠡᠬᠦ ᠳᠦ	гэхэд	178
байлгаж	ᠪᠠᠶᠢᠭᠠᠳ	байгаад	28
байлгаж	ᠪᠣᠯᠬᠤ ᠦᠭᠡᠢ	болохгүй	22
байлгаж	ᠪᠠᠶᠢᠭ᠎ᠠ	байгаа	20
байлгана	ᠭᠡᠵᠦ	гэж	27
байлгана	ᠭᠡᠰᠡᠨ	гэсэн	17
байлгана	ᠭᠡᠳᠡᠭ	гэдэг	15
байлгах	ᠨᠢ	нь	85
байлгах	ᠬᠡᠷᠡᠭᠲᠡᠢ	хэрэгтэй	69
байлгах	ᠶᠣᠰᠣᠲᠠᠢ	ёстой	69
байлгахыг	ᠬᠦᠰᠡᠳᠡᠭ	хүсдэг	15
байлгахыг	ᠬᠢᠴᠢᠶᠡᠵᠦ	хичээж	9
байлгахыг	ᠵᠣᠷᠢᠵᠤ	зорьж	8
байлгахын	ᠲᠤᠯᠠᠳᠠ	тулд	208
байлгахын	ᠲᠥᠯᠥᠭᠡ	төлөө	41
байлгая	ᠭᠡᠪᠡᠯ	гэвэл	14
байлгая	ᠭᠡᠵᠦ	гэж	13
байлгая	ᠭᠡᠰᠡᠨ	гэсэн	6
байлгүй	ᠳ᠋ᠡ	дээ	399
байлгүй	ᠶᠠᠬᠤᠪ	яахав	153
байлгүй	ᠶᠠᠬᠤ	яах	106
байлдаан	ᠪᠣᠯᠵᠤ	болж	5
байлдаанд	ᠣᠷᠣᠯᠴᠠᠭᠰᠠᠨ	оролцсон	8
байлдаанд	ᠣᠷᠣᠯᠴᠠᠵᠤ	оролцож	6
байлдаанд	ᠮᠣᠩᠭᠣᠯ	монгол	5
байлдааны	ᠢᠯᠠᠯᠲᠠ ᠶᠢᠨ	ялалтын	39
байлдааны	ᠭᠠᠯᠲᠤ	галт	31
байлдааны	ᠰᠥᠨᠥᠭᠡᠭᠴᠢ	сөнөөгч	18
байлдагч	ᠫ	п	15
байлдагч	ᠭ	г	5
байлдан	ᠳᠠᠭᠠᠭᠤᠯᠵᠤ	дагуулж	177
байлдан	ᠳᠠᠭᠠᠭᠤᠯᠤᠭᠰᠠᠨ	дагуулсан	89
байлдан	ᠳᠠᠭᠠᠭᠤᠯᠬᠤ	дагуулах	33
байлтай	ᠪᠢᠰᠢ	биш	22
байлтай	ᠨᠢ	нь	10
баймаар	ᠪᠠᠶᠢᠨ᠎ᠠ	байна	124
баймаар	ᠶᠠᠭᠤᠮ᠎ᠠ	юм	75
баймаар	ᠪᠠᠶᠢᠭ᠎ᠠ	байгаа	14
баймааргүй	ᠪᠠᠶᠢᠨ᠎ᠠ	байна	40
баймааргүй	ᠶᠠᠭᠤᠮ᠎ᠠ	юм	8
баймааргүй	ᠯᠠ	л	7
байн	ᠪᠠᠶᠢᠨ	байн	197
байн	ᠭᠠ	га	17
байн	ᠠ	а	15
байна	ᠭᠡᠵᠦ	гэж	6306
байна	ᠪᠤᠢ	вэ	5799
байна	ᠤᠤ	уу	5645
байнаа	ᠭᠡᠰᠡᠨ	гэсэн	11
байнаа	ᠬᠥ	хө	11
байнаа	ᠳ᠋ᠠ	даа	8
байнга	ᠯᠠ	л	259
байнга	ᠣᠷᠣᠰᠢᠨ	оршин	58
байнга	ᠭᠠᠷᠳᠠᠭ	гардаг	49
байнгын	ᠬᠣᠷᠢᠶᠠᠨ ᠤ	хорооны	9332
байнгын	ᠬᠣᠷᠤᠭ᠎ᠠ	хороо	2166
байнгын	ᠬᠣᠷᠢᠶᠠᠨ	хороон	158
байр	ᠰᠠᠭᠤᠷᠢ ᠪᠠᠨ	сууриа	1806
байр	ᠰᠠᠭᠤᠷᠢ	суурь	1719
байр	ᠰᠠᠭᠤᠷᠢ ᠲᠠᠢ	суурьтай	1524
байраа	ᠬᠠᠳᠠᠭᠠᠯᠠᠵᠤ	хадгалж	30
байраа	ᠲᠠᠯᠪᠢᠵᠤ	тавьж	16
байраа	ᠠᠯᠳᠠᠵᠤ	алдаж	15
байран	ᠳᠡᠭᠡᠷ᠎ᠡ	дээр	73
байран	ᠳᠠᠬᠢ	дахь	37
байран	ᠳᠡᠭᠡᠷ᠎ᠡ ᠪᠡᠨ	дээрээ	27
байранд	ᠣᠷᠣᠭᠰᠠᠨ	орсон	254
байранд	ᠣᠷᠣᠵᠤ	орж	103
байранд	ᠣᠷᠣᠵᠠᠢ	оржээ	88
байрандаа	ᠣᠷᠣᠵᠤ	орж	21
байрандаа	ᠤᠷᠤᠬᠤ	орох	9
байрандаа	ᠣᠷᠣᠭᠰᠠᠨ	орсон	9
байрладаг	ᠪᠥᠭᠡᠳ	бөгөөд	35
байрладаг	ᠶᠠᠭᠤᠮ᠎ᠠ	юм	21
байрладаг	ᠬᠦᠨᠡᠰᠦᠨ ᠦ	хүнсний	13
байрлаж	ᠪᠠᠶᠢᠭ᠎ᠠ	байгаа	96
байрлаж	ᠪᠠᠶᠢᠭᠰᠠᠨ	байсан	62
байрлаж	ᠪᠤᠢ	буй	48
байрлан	ᠦᠢᠯᠡ	үйл	11
байрласан	ᠪᠠᠶᠢᠳᠠᠭ	байдаг	10
байрласан	ᠪᠠᠶᠢᠨ᠎ᠠ	байна	7
байрласан	ᠪᠠᠶᠢᠬᠤ	байх	6
байрлах	ᠪᠥᠭᠡᠳ	бөгөөд	27
байрлах	ᠪᠠᠶᠢᠷᠢ	байр	25
байрлах	ᠳ᠋ᠤᠭᠠᠷ	дугаар	25
байрлуулах	ᠪᠣᠯᠤᠮᠵᠢ ᠲᠠᠢ	боломжтой	24
байрлуулах	ᠨᠢ	нь	15
байрлуулах	ᠶᠠᠭᠤᠮ᠎ᠠ	юм	15
байрлуулж	ᠪᠣᠯᠤᠨ᠎ᠠ	болно	14
байрлуулж	ᠪᠠᠶᠢᠭᠰᠠᠨ	байсан	7
байрлуулж	ᠪᠣᠯᠬᠤ	болох	7
байрлуулна	ᠤᠤ	уу	5
байрны	ᠦᠨ᠎ᠡ	үнэ	203
байрны	ᠲᠥᠯᠥᠪᠦᠷᠢ	төлбөр	73
байрны	ᠠᠰᠠᠭᠤᠳᠠᠯ	асуудал	46
байртай	ᠪᠣᠯᠬᠤ	болох	115
байртай	ᠪᠣᠯᠵᠤ	болж	59
байртай	ᠪᠣᠯᠤᠭᠰᠠᠨ	болсон	59
байршил	ᠨᠢ	нь	30
байршил	ᠬᠤᠭᠤᠴᠠᠭ᠎ᠠ	хугацаа	17
байршил	ᠲᠣᠭ᠎ᠠ	тоо	15
байрших	ᠭᠠᠵᠠᠷ ᠤᠨ	газрын	8
байршуулан	ᠮ	м	24
байршуулан	ᠨᠢᠭᠡᠴᠡ	нэгж	6
байршуулан	ᠣᠯᠠᠨ	олон	5
байршуулах	ᠪᠣᠯᠤᠮᠵᠢ	боломж	36
байршуулах	ᠶᠣᠰᠣᠲᠠᠢ	ёстой	16
байршуулах	ᠶᠠᠭᠤᠮ᠎ᠠ	юм	15
байршуулж	ᠪᠠᠶᠢᠭ᠎ᠠ	байгаа	24
байршуулж	ᠣᠯᠠᠨ	олон	11
байршуулж	ᠪᠠᠶᠢᠭᠰᠠᠨ	байсан	7
байрыг	ᠨᠢ	нь	64
байрыг	ᠡᠵᠡᠯᠡᠭᠰᠡᠨ	эзэлсэн	61
байрыг	ᠪᠤᠢ	бий	50
байрын	ᠲᠥᠯᠥᠭᠡ	төлөө	189
байрын	ᠱᠠᠩᠨᠠᠯᠲᠤ	шагналт	98
байрын	ᠱᠠᠩᠨᠠᠯ	шагнал	41
байсаар	ᠪᠠᠶᠢᠨ᠎ᠠ	байна	280
байсаар	ᠢᠷᠡᠭᠰᠡᠨ	ирсэн	234
байсаар	ᠪᠠᠶᠢᠭ᠎ᠠ	байгаа	130
байсан	ᠶᠠᠭᠤᠮ᠎ᠠ	юм	9741
байсан	ᠪᠣᠯ	бол	5951
байсан	ᠴᠤ	ч	5208
байсангүй	ᠡ	ээ	17
байсангүй	ᠭᠡᠵᠦ	гэж	10
байсангүй	ᠶᠠᠭᠤ	юу	9
байсанд	ᠨᠢ	нь	11
байсанд	ᠣᠷᠣᠰᠢᠨ᠎ᠠ	оршино	9
байсанд	ᠯᠠ	л	5
байсансан	ᠪᠣᠯ	бол	18
байснаа	ᠰᠠᠨᠠᠵᠤ	санаж	30
байснаа	ᠣᠳᠣ	одоо	21
байснаа	ᠭᠡᠨᠡᠳᠲᠡ	гэнэт	19
байснаас	ᠭᠠᠳᠠᠨ᠎ᠠ	гадна	66
байснаас	ᠬᠣᠶᠢᠰᠢ	хойш	55
байснаас	ᠢᠯᠡᠭᠦᠦ	илүү	54
байсныг	ᠨᠢ	нь	149
байсныг	ᠰᠠᠨᠠᠵᠤ	санаж	91
байсныг	ᠪᠢᠳᠡ	бид	67
байсхийгээд	ᠯᠠ	л	92
байтал	ᠨᠢᠭᠡ	нэг	44
байтал	ᠡᠨᠡ	энэ	29
байтал	ᠭᠡᠨᠡᠳᠲᠡ	гэнэт	26
байтугай	ᠨᠢᠭᠡ	нэг	19
байтугай	ᠤᠡᠬ	уих	19
байтугай	ᠪᠦᠷ	бүр	13
байх	ᠶᠣᠰᠣᠲᠠᠢ	ёстой	5982
байх	ᠨᠢ	нь	3476
байх	ᠶᠠᠭᠤᠮ᠎ᠠ	юм	3414
байхаа	ᠪᠣᠯᠢᠭᠰᠠᠨ	больсон	53
байхаа	ᠪᠣᠯᠢᠵᠤ	больж	26
байхаа	ᠪᠣᠯᠢᠨ᠎ᠠ	болино	15
байхаар	ᠪᠣᠯᠤᠭᠰᠠᠨ	болсон	140
байхаар	ᠨᠢ	нь	132
байхаар	ᠵᠢᠭᠠᠭᠰᠠᠨ	заасан	97
байхаас	ᠭᠠᠳᠠᠨ᠎ᠠ	гадна	161
байхаас	ᠥᠭᠡᠷ᠎ᠡ	өөр	42
байхаас	ᠦᠯᠦ	үл	41
байхаасаа	ᠯᠠ	л	78
байхаасаа	ᠢᠯᠡᠭᠦᠦ	илүү	12
байхаасаа	ᠦᠯᠦ	үл	9
байхав	ᠳ᠋ᠡ	дээ	89
байхад	ᠨᠢ	нь	994
байхад	ᠯᠠ	л	285
байхад	ᠡᠨᠡ	энэ	158
байхгүй	ᠶᠠᠭᠤ	юу	891
байхгүй	ᠪᠣᠯ	бол	357
байхгүй	ᠰᠢᠦ	шүү	337
байхгүйг	ᠬᠠᠷᠠᠭᠤᠯᠵᠤ	харуулж	5
байхгүйн	ᠳᠡᠭᠡᠷ᠎ᠡ	дээр	7
байхгүйн	ᠲᠤᠯᠠᠳᠠ	тулд	6
байхдаа	ᠴᠤ	ч	89
байхдаа	ᠯᠠ	л	88
байхдаа	ᠪᠢ	би	59
байхсан	ᠭᠡᠵᠦ	гэж	6
байхсан	ᠳ᠋ᠠ	даа	5
байхыг	ᠦᠭᠡᠶᠢᠰᠬᠡᠬᠦ ᠦᠭᠡᠢ	үгүйсгэхгүй	251
байхыг	ᠠᠩᠬᠠᠷᠤᠭᠤᠯᠵᠤ	анхааруулж	165
байхыг	ᠴᠤ	ч	74
байхын	ᠲᠤᠯᠠᠳᠠ	тулд	277
байхын	ᠠᠷᠭ᠎ᠠ ᠦᠭᠡᠢ	аргагүй	151
байхын	ᠣᠷᠣᠨ ᠳᠤ	оронд	82
байцаа	ᠯᠤᠤᠪᠠᠩ	лууван	7
байцаа	ᠥᠷᠭᠡᠰᠦᠲᠦ	өргөст	5
байцаагч	ᠨᠠᠷᠠ	нар	199
байцаагч	ᠨ	н	63
байцаагч	ᠨᠠᠷ ᠤᠨ	нарын	59
байцаалт	ᠶᠠᠪᠤᠭᠤᠯᠵᠤ	явуулж	53
байцаалт	ᠠᠪᠤᠭᠰᠠᠨ	авсан	34
байцаалт	ᠠᠪᠴᠤ	авч	34
байцаах	ᠭᠠᠵᠠᠷ ᠤᠨ	газрын	169
байцаах	ᠭᠠᠵᠠᠷ ᠲᠤ	газарт	103
байцаах	ᠭᠠᠵᠠᠷ	газар	95
байшин	ᠪᠠᠷᠢᠯᠭ᠎ᠠ	барилга	81
байшин	ᠪᠠᠷᠢᠬᠤ	барих	47
байшин	ᠪᠠᠷᠢᠵᠤ	барьж	36
байшинг	ᠨᠢ	нь	9
байшингийн	ᠰᠠᠭᠤᠷᠢ	суурь	38
байшингийн	ᠳᠤᠮᠳᠠ ᠶᠢᠨ	дундын	16
байшингийн	ᠳᠡᠭᠡᠪᠦᠷ	дээвэр	10
байшинд	ᠠᠮᠢᠳᠤᠷᠠᠵᠤ	амьдарч	13
байшинд	ᠠᠮᠢᠳᠤᠷᠠᠳᠠᠭ	амьдардаг	12
байшинд	ᠨᠢ	нь	5
байя	ᠭᠡᠵᠦ	гэж	81
байя	ᠭᠡᠰᠡᠨ	гэсэн	61
байя	ᠭᠡᠳᠡᠭ	гэдэг	26
бакалавр	ᠮᠠᠭᠢᠰᠲ᠋ᠷ	магистр	71
бакалавр	ᠵᠡᠷᠭᠡ ᠲᠡᠢ	зэрэгтэй	17
бакалавр	ᠣᠨ ᠳᠤ	онд	12
бактери	ᠨᠢ	нь	13
бактери	ᠢᠯᠡᠷᠡᠭᠰᠡᠨ	илэрсэн	6
бал	ᠪᠤᠷᠮ᠎ᠠ	бурам	23
бал	ᠨᠢ	нь	9
бал	ᠰᠠᠷ᠎ᠠ	сар	8
балаг	ᠨᠢ	нь	8
балай	ᠴᠢᠬᠢᠨ	чихэн	21
балай	ᠶᠠᠭᠤᠮ᠎ᠠ	юм	9
балай	ᠴᠢᠬᠢ	чих	6
баланс	ᠨᠢ	нь	9
баланс	ᠳᠡᠭᠡᠷ᠎ᠡ	дээр	6
балба	ᠤᠯᠤᠰ ᠤᠨ	улсын	8
балба	ᠤᠯᠤᠰ	улс	6
балба	ᠤᠯᠤᠰ ᠲᠤ	улсад	5
балгас	ᠪᠣᠯᠤᠭᠰᠠᠨ	болсон	12
балет	ᠨᠢ	нь	23
балет	ᠶᠠᠭᠤᠮ᠎ᠠ	юм	8
балет	ᠪᠣᠯ	бол	7
балмад	ᠡᠷ᠎ᠡ	эр	7
балмад	ᠦᠢᠯᠡ	үйл	7
балмад	ᠶᠠᠪᠤᠳᠠᠯ	явдал	6
балчир	ᠨᠠᠰᠤ	нас	11
балчир	ᠬᠡᠦᠬᠡᠳ	хүүхэд	8
балчир	ᠦᠷᠡᠰ	үрс	8
бамбай	ᠪᠤᠯᠴᠢᠷᠬᠠᠢ	булчирхай	28
бамбай	ᠬᠢᠵᠦ	хийж	6
бамбай	ᠦᠨᠡᠭᠡᠨ	үнэгэн	6
бамбар	ᠨᠢ	нь	15
бамбар	ᠠᠰᠠᠭᠠᠬᠤ	асаах	6
бан	ᠭᠢ	ги	90
бан	ᠲᠤᠰᠢᠶᠠᠯ	тушаал	9
бан	ᠶᠣᠰᠣᠭᠠᠷ	ёсоор	9
банди	ᠨᠠᠷᠠ	нар	20
банди	ᠪᠠᠭᠰᠢ	багш	15
банди	ᠪᠠᠭᠰᠢ ᠶᠢᠨ	багшийн	7
банзан	ᠭᠢᠲ᠋ᠠᠷ	гитар	19
банк	ᠨᠢ	нь	296
банк	ᠪᠤᠰᠤ	бус	236
банк	ᠪᠣᠯᠤᠨ	болон	224
банкинд	ᠰᠠᠶ᠋ᠢ	сая	39
банкинд	ᠢᠲᠡᠭᠡᠬᠦ	итгэх	32
банкинд	ᠮᠥᠩᠭᠥ ᠪᠡᠨ	мөнгөө	28
бантан	ᠬᠤᠳᠬᠤᠵᠤ	хутгаж	7
банш	ᠡᠺᠰᠫᠣᠷᠲᠯᠠᠬᠤ	экспортлох	6
бар	ᠲᠠᠤᠯᠠᠢ	туулай	66
бар	ᠵᠢᠷᠤᠭ ᠤᠨ	зургийн	18
бар	ᠤᠯᠤᠰ	улс	18
бараа	ᠪᠦᠲᠦᠭᠡᠭᠳᠡᠬᠦᠨ	бүтээгдэхүүн	613
бараа	ᠠᠵᠢᠯ	ажил	291
бараа	ᠲᠦᠭᠦᠬᠡᠢ	түүхий	124
барааг	ᠨᠢ	нь	27
барааг	ᠬᠤᠳᠠᠯᠳᠤᠨ	худалдан	10
барааг	ᠬᠠᠮᠢᠭ᠎ᠠ	хаана	7
бараад	ᠪᠠᠶᠢᠨ᠎ᠠ	байна	38
бараад	ᠪᠠᠶᠢᠭ᠎ᠠ	байгаа	13
бараалхах	ᠶᠠᠭᠤᠮ᠎ᠠ	юм	20
бараалхах	ᠦᠶ᠎ᠡ ᠪᠡᠷ	үеэр	16
бараалхах	ᠠᠵᠤ	аж	9
бараан	ᠥᠩᠭᠡ ᠶᠢᠨ	өнгийн	16
бараан	ᠮᠡᠳᠡᠭᠡᠯᠡᠯ	мэдээлэл	13
бараан	ᠰᠡᠭᠦᠳᠡᠷ	сүүдэр	8
бараанд	ᠨᠣᠭᠳᠠᠬᠤ	ногдох	9
барааны	ᠦᠨ᠎ᠡ	үнэ	315
барааны	ᠳᠡᠯᠭᠡᠭᠦᠷ	дэлгүүр	34
барааны	ᠵᠠᠬ᠎ᠠ	зах	24
бараг	ᠯᠠ	л	801
бараг	ᠪᠠᠶᠢᠬᠤ ᠦᠭᠡᠢ	байхгүй	218
бараг	ᠪᠦᠬᠦ	бүх	193
барагдуулах	ᠲᠤᠬᠠᠢ	тухай	76
барагдуулах	ᠶᠣᠰᠣᠲᠠᠢ	ёстой	36
барагдуулах	ᠪᠣᠯᠤᠮᠵᠢ ᠲᠠᠢ	боломжтой	23
барагтай	ᠪᠣᠯ	бол	33
барагтай	ᠯᠠ	л	11
барах	ᠤᠤ	уу	15
барах	ᠡᠷᠦᠰᠳᠡᠯ	эрсдэл	14
барах	ᠲᠣᠬᠢᠶᠠᠯᠳᠤᠯ	тохиолдол	13
барахгүй	ᠪᠠᠶᠢᠨ᠎ᠠ	байна	16
барахгүй	ᠣᠯᠠᠨ	олон	10
барахгүй	ᠶᠡᠬᠡ	их	7
баргийн	ᠬᠦᠮᠦᠨ	хүн	27
баргийн	ᠠᠪᠤ ᠶᠢᠨ	аавын	9
баргийн	ᠬᠦᠨᠳᠦ	хүнд	7
бардаг	ᠪᠠᠶᠢᠨ᠎ᠠ	байна	24
бардаг	ᠭᠡᠰᠡᠨ	гэсэн	15
бардаг	ᠨᠢ	нь	7
бардам	ᠬᠡᠯᠡᠵᠦ	хэлж	22
бардам	ᠵᠠᠩ	зан	16
бардам	ᠲᠠᠤᠯᠠᠢ	туулай	16
барж	ᠪᠠᠶᠢᠨ᠎ᠠ	байна	55
барж	ᠪᠠᠶᠢᠭ᠎ᠠ	байгаа	48
барж	ᠬᠦᠮᠦᠨ	хүн	39
бариа	ᠵᠠᠰᠠᠯ	засал	67
бариа	ᠰᠠᠶᠢᠨ	сайн	12
бариа	ᠵᠠᠰᠠᠯᠴᠢ	засалч	11
бариагүй	ᠪᠠᠶᠢᠨ᠎ᠠ	байна	11
бариагүй	ᠪᠠᠶᠢᠭ᠎ᠠ	байгаа	8
бариагүй	ᠪᠠᠶᠢᠭᠰᠠᠨ	байсан	8
бариад	ᠪᠠᠶᠢᠭ᠎ᠠ	байгаа	137
бариад	ᠪᠠᠶᠢᠨ᠎ᠠ	байна	67
бариад	ᠯᠠ	л	45
барив	ᠮᠣᠩᠭᠣᠯ	монгол	17
барив	ᠤᠡᠬ	уих	6
баривчлах	ᠢᠯᠠ	ял	106
баривчлах	ᠡᠰᠡᠬᠦᠯ᠎ᠡ	эсхүл	49
баривчлах	ᠦᠶ᠎ᠡ ᠪᠡᠷ	үеэр	33
баригдаад	ᠪᠠᠶᠢᠭ᠎ᠠ	байгаа	22
баригдаад	ᠪᠠᠶᠢᠨ᠎ᠠ	байна	7
баригдаад	ᠢᠷᠡᠬᠦ ᠪᠡᠷ	ирэхээр	7
баригдаж	ᠪᠠᠶᠢᠭ᠎ᠠ	байгаа	386
баригдаж	ᠪᠤᠢ	буй	256
баригдаж	ᠪᠠᠶᠢᠨ᠎ᠠ	байна	52
баригдана	ᠭᠡᠵᠦ	гэж	7
баригдана	ᠭᠡᠰᠡᠨ	гэсэн	7
баригдах	ᠶᠠᠭᠤᠮ᠎ᠠ	юм	35
баригдах	ᠣᠷᠣᠨ	орон	34
баригдах	ᠲᠡᠮᠦᠷ	төмөр	26
баригдахгүй	ᠪᠠᠶᠢᠬᠤ	байх	8
баригдахгүй	ᠭᠡᠵᠦ	гэж	7
баригдахгүй	ᠪᠠᠶᠢᠭ᠎ᠠ	байгаа	5
баригдсан	ᠪᠠᠶᠢᠨ᠎ᠠ	байна	44
баригдсан	ᠣᠷᠣᠨ	орон	37
баригдсан	ᠨᠢ	нь	20
баригч	ᠬᠦᠴᠦᠨ	хүчин	80
баригч	ᠨᠠᠮ	нам	58
баригч	ᠨᠠᠮ ᠤᠨ	намын	57
баригчид	ᠨᠢ	нь	38
баригчид	ᠡᠨᠡ	энэ	21
баригчид	ᠠᠷᠠᠳ	ард	13
барил	ᠨᠢ	нь	59
барил	ᠳᠠᠩ	даан	34
барил	ᠤᠷ᠎ᠠ	ур	12
барилаа	ᠭᠡᠵᠦ	гэж	17
барилаа	ᠭᠡᠬᠦ ᠳᠦ	гэхэд	17
барилаа	ᠮᠣᠩᠭᠣᠯ	монгол	11
барилаар	ᠠᠵᠢᠯᠯᠠᠵᠤ	ажиллаж	13
барилаар	ᠰᠤᠷᠤᠯᠴᠠᠨ᠎ᠠ	суралцана	12
барилаар	ᠬᠢᠴᠢᠶᠡᠯ ᠢᠶᠡᠨ	хичээлээ	10
барилга	ᠬᠣᠲᠠ	хот	1151
барилга	ᠪᠠᠶᠢᠭᠤᠯᠤᠮᠵᠢ	байгууламж	432
барилга	ᠪᠠᠷᠢᠬᠤ	барих	283
барилгын	ᠠᠵᠢᠯ	ажил	537
барилгын	ᠰᠠᠯᠪᠤᠷᠢ ᠳᠤ	салбарт	403
барилгын	ᠠᠵᠢᠯ ᠢ	ажлыг	379
барилдах	ᠶᠠᠭᠤᠮ᠎ᠠ	юм	143
барилдах	ᠡᠷᠬᠡ ᠶᠢ	эрхийг	102
барилдах	ᠡᠷᠬᠡ ᠲᠡᠢ	эрхтэй	75
барилдлага	ᠦᠯᠦ	үл	17
барилдлага	ᠦᠬᠦᠬᠦ	үхэх	11
барилдлага	ᠢᠳᠡᠷ	идэр	9
барилдуулах	ᠰᠢᠢᠳᠪᠦᠷᠢ	шийдвэр	6
барилдуулах	ᠭᠡᠵᠦ	гэж	5
баримал	ᠨᠢ	нь	8
баримал	ᠬᠢᠬᠦ	хийх	7
баримал	ᠤᠷᠠᠨ	уран	5
барималч	ᠠ	а	12
барималч	ᠳ	д	6
барималч	ᠵᠢᠷᠤᠭᠠᠴᠢ	зураач	6
баримжаа	ᠣᠯᠭᠣᠬᠤ	олгох	37
баримжаа	ᠠᠪᠴᠤ	авч	7
баримт	ᠪᠢᠴᠢᠭ	бичиг	842
баримт	ᠨᠢ	нь	134
баримт	ᠪᠤᠢ	бий	80
баримталж	ᠪᠤᠢ	буй	218
баримталж	ᠪᠠᠶᠢᠭ᠎ᠠ	байгаа	209
баримталж	ᠪᠠᠶᠢᠨ᠎ᠠ	байна	109
баримтат	ᠺᠢᠨᠣ᠋	кино	244
баримтат	ᠺᠢᠨᠣᠭ	киног	62
баримтат	ᠺᠢᠨᠣᠨ ᠤ	киноны	59
баримтлал	ᠨᠢ	нь	60
баримтлал	ᠳᠤᠮᠳᠠ	дунд	51
баримтлал	ᠭᠠᠳᠠᠭᠠᠳᠤ	гадаад	20
баримтлах	ᠪᠣᠳᠣᠯᠭ᠎ᠠ	бодлого	913
баримтлах	ᠦᠨᠳᠦᠰᠦᠨ	үндсэн	240
баримтлах	ᠶᠣᠰᠣᠲᠠᠢ	ёстой	78
барин	ᠲᠠᠪᠢᠨ	тавин	28
барин	ᠠᠵᠢᠯᠯᠠᠵᠤ	ажиллаж	11
барин	ᠳᠠᠭᠠᠷᠢᠭᠰᠠᠨ	дайрсан	9
барина	ᠭᠡᠵᠦ	гэж	147
барина	ᠭᠡᠰᠡᠨ	гэсэн	119
барина	ᠭᠡᠳᠡᠭ	гэдэг	72
бариул	ᠨᠢ	нь	10
бариулах	ᠪᠤᠢ	вэ	6
бариулах	ᠬᠡᠷᠡᠭᠲᠡᠢ	хэрэгтэй	6
бариулах	ᠭᠡᠵᠦ	гэж	5
бариулж	ᠪᠠᠶᠢᠭ᠎ᠠ	байгаа	21
бариулж	ᠪᠤᠢ	буй	9
бариулж	ᠪᠠᠶᠢᠨ᠎ᠠ	байна	5
барих	ᠨᠢ	нь	298
барих	ᠭᠡᠵᠦ	гэж	293
барих	ᠠᠵᠢᠯ ᠢ	ажлыг	205
барихад	ᠪᠡᠯᠡᠨ	бэлэн	47
барихад	ᠵᠣᠷᠢᠭᠤᠯᠵᠤ	зориулж	31
барихад	ᠱᠠᠭᠠᠷᠳᠠᠭᠳᠠᠬᠤ	шаардагдах	28
барихгүй	ᠪᠣᠯ	бол	21
барихгүй	ᠪᠠᠶᠢᠬᠤ	байх	15
барихгүй	ᠪᠠᠶᠢᠬᠤ ᠶᠢ	байхыг	10
барс	ᠡᠮ	эм	13
барс	ᠡᠬᠡ	эх	7
барсан	ᠪᠠᠶᠢᠨ᠎ᠠ	байна	200
барсан	ᠬᠦᠮᠦᠨ ᠦ	хүний	62
барсан	ᠨᠢ	нь	48
бартаа	ᠶᠡᠬᠡ ᠲᠡᠢ	ихтэй	20
бартаа	ᠰᠠᠭᠠᠳ	саад	18
бартаа	ᠰᠠᠭᠠᠳ ᠢ	саадыг	10
бартаат	ᠵᠠᠮ ᠤᠨ	замын	49
бартаат	ᠵᠠᠮ	зам	9
бартаат	ᠵᠠᠮ ᠳᠤ	замд	8
баруун	ᠬᠣᠶᠢᠨ᠎ᠠ ᠠᠴᠠ	хойноос	1509
баруун	ᠡᠮᠦᠨ᠎ᠡ ᠡᠴᠡ	өмнөөс	1162
баруун	ᠵᠦᠭ ᠦᠨ	зүгийн	733
баруунаас	ᠪᠤᠰᠤᠳ	бусад	43
баруунаас	ᠵᠡᠭᠦᠨ	зүүн	27
баруунаас	ᠪᠠᠷᠠᠭᠤᠨ	баруун	12
баршгүй	ᠬᠤᠪᠢ	хувь	27
баршгүй	ᠭᠠᠷᠤᠵᠠ	гарз	7
баршгүй	ᠶᠠᠭᠤᠮ᠎ᠠ	юм	7
барь	ᠰᠠᠩ	сан	23
барь	ᠭᠡᠰᠡᠨ	гэсэн	9
барь	ᠭᠡᠳ	гээд	9
барьдаг	ᠶᠠᠭᠤᠮ᠎ᠠ	юм	29
барьдаг	ᠪᠠᠶᠢᠭᠰᠠᠨ	байсан	21
барьдаг	ᠮᠣᠳᠣ	мод	13
барьж	ᠪᠠᠶᠢᠭ᠎ᠠ	байгаа	947
барьж	ᠪᠤᠢ	буй	392
барьж	ᠪᠠᠶᠢᠨ᠎ᠠ	байна	366
барьсаар	ᠢᠷᠡᠭᠰᠡᠨ	ирсэн	14
барьсаар	ᠪᠠᠶᠢᠭ᠎ᠠ	байгаа	11
барьсаар	ᠭᠠᠷᠴᠤ	гарч	5
барьсан	ᠶᠠᠭᠤᠮ᠎ᠠ	юм	160
барьсан	ᠬᠠᠤᠯᠢ ᠶᠢᠨ	хуулийн	143
барьсан	ᠴᠤ	ч	100
барьц	ᠰᠣᠩᠭᠣᠵᠤ	сонгож	28
барьц	ᠮᠡᠬᠡᠨ ᠦ	мэхний	17
барьц	ᠠᠯᠠᠳᠠᠬᠤ	алдах	8
барьцаалан	ᠵᠡᠭᠡᠯᠢ	зээл	58
барьцаалан	ᠵᠢᠭᠡᠯᠡᠳᠦᠭᠦᠯᠬᠦ	зээлдүүлэх	40
барьцаалан	ᠵᠢᠭᠡᠯᠡᠳᠬᠦ	зээлдэх	30
барьцаалах	ᠵᠠᠮ ᠢᠶᠠᠷ	замаар	10
барьцаалах	ᠵᠡᠷᠭᠡ	зэрэг	8
барьцаалах	ᠬᠥᠷᠥᠩᠭᠡ	хөрөнгө	8
барьцаалсан	ᠭᠡᠬᠦ	гэх	15
барьцаалсан	ᠬᠡᠷᠡᠭ	хэрэг	9
барьцаалсан	ᠦᠨᠡᠲᠦ	үнэт	5
барья	ᠭᠡᠵᠦ	гэж	12
барья	ᠭᠡᠰᠡᠨ	гэсэн	10
барья	ᠭᠡᠳᠡᠭ	гэдэг	6
бас	ᠨᠢᠭᠡ	нэг	1730
бас	ᠯᠠ	л	1567
бас	ᠨᠢᠭᠡᠨ	нэгэн	883
басхүү	ᠪᠠᠭᠰᠢ	багш	13
басхүү	ᠡᠨᠡ	энэ	6
басхүү	ᠰᠠᠩᠬᠦᠦ	санхүү	5
бат	ᠡᠷᠳᠡᠨᠢ	эрдэнэ	2019
бат	ᠡᠭᠦᠯᠡ	үүл	825
бат	ᠤᠷᠤᠰᠢᠬᠤ	орших	406
батаа	ᠡᠨᠡ	энэ	6
батаа	ᠨᠠᠷ ᠢ	нарыг	5
батаа	ᠡᠬᠡ	эх	5
баталгаа	ᠭᠠᠷᠭᠠᠵᠤ	гаргаж	122
баталгаа	ᠨᠢ	нь	106
баталгаа	ᠪᠠᠶᠢᠬᠤ ᠦᠭᠡᠢ	байхгүй	103
баталгаагүй	ᠡᠮ	эм	12
баталгаагүй	ᠶᠠᠭᠤᠮ᠎ᠠ	юм	8
баталгаагүй	ᠬᠦᠨᠡᠰᠦ	хүнс	6
баталгаажсан	ᠦᠨᠡᠲᠦ	үнэт	97
баталгаажсан	ᠪᠠᠶᠢᠬᠤ	байх	52
баталгаажсан	ᠪᠠᠶᠢᠨ᠎ᠠ	байна	11
баталгаажуулаад	ᠪᠠᠶᠢᠨ᠎ᠠ	байна	9
баталгаажуулах	ᠶᠣᠰᠣᠲᠠᠢ	ёстой	35
баталгаажуулах	ᠶᠠᠭᠤᠮ᠎ᠠ	юм	22
баталгаажуулах	ᠱᠠᠭᠠᠷᠳᠠᠯᠭ᠎ᠠ ᠲᠠᠢ	шаардлагатай	21
баталгаажуулж	ᠪᠠᠶᠢᠭ᠎ᠠ	байгаа	23
баталгаажуулж	ᠥᠭᠭᠦᠭᠰᠡᠨ	өгсөн	12
баталгаажуулж	ᠪᠠᠶᠢᠨ᠎ᠠ	байна	11
баталгаат	ᠬᠤᠭᠤᠴᠠᠭ᠎ᠠ	хугацаа	51
баталгаат	ᠵᠠᠮ	зам	30
баталгаат	ᠨᠥᠭᠡᠴᠡ	нөөц	20
баталдаг	ᠪᠠᠶᠢᠭᠰᠠᠨ	байсан	15
баталдаг	ᠶᠠᠭᠤᠮ᠎ᠠ	юм	11
баталдаг	ᠪᠠᠶᠢᠬᠤ	байх	10
баталж	ᠪᠠᠶᠢᠨ᠎ᠠ	байна	115
баталж	ᠪᠠᠶᠢᠭ᠎ᠠ	байгаа	92
баталж	ᠪᠠᠶᠢᠭᠰᠠᠨ	байсан	75
баталсан	ᠶᠠᠭᠤᠮ᠎ᠠ	юм	231
баталсан	ᠪᠠᠶᠢᠨ᠎ᠠ	байна	219
баталсан	ᠨᠢ	нь	124
батбаяр	ᠨᠠᠷᠠ	нар	83
батбаяр	ᠤ	у	64
батбаяр	ᠰᠠᠶᠢᠳ	сайд	62
батлагдаж	ᠪᠠᠶᠢᠨ᠎ᠠ	байна	35
батлагдаж	ᠪᠠᠶᠢᠭ᠎ᠠ	байгаа	29
батлагдаж	ᠪᠠᠶᠢᠭᠰᠠᠨ	байсан	25
батлагдах	ᠶᠣᠰᠣᠲᠠᠢ	ёстой	35
батлагдах	ᠨᠢ	нь	31
батлагдах	ᠭᠡᠵᠦ	гэж	28
батлагдвал	ᠮᠣᠩᠭᠣᠯ	монгол	17
батлагдвал	ᠢᠷᠡᠬᠦ	ирэх	9
батлагдвал	ᠡᠨᠡ	энэ	8
батлагдлаа	ᠭᠡᠬᠦ ᠳᠦ	гэхэд	10
батлагдлаа	ᠭᠡᠵᠦ	гэж	9
батлагдлаа	ᠴᠤ	ч	5
батлагдсан	ᠪᠠᠶᠢᠨ᠎ᠠ	байна	92
батлагдсан	ᠡᠳᠦᠷ ᠡᠴᠡ	өдрөөс	69
батлагдсан	ᠬᠠᠤᠯᠢ	хууль	63
батлаж	ᠪᠠᠶᠢᠨ᠎ᠠ	байна	6
батлаж	ᠪᠠᠶᠢᠭ᠎ᠠ	байгаа	5
батлаж	ᠥᠭᠭᠦᠭᠰᠡᠨ	өгсөн	5
батламж	ᠭᠠᠷᠳᠠᠭᠤᠯᠬᠤ	гардуулах	32
батламж	ᠵᠢᠭᠤᠬᠤ	жуух	16
батламж	ᠬᠠᠭᠤᠳᠠᠰᠤ	хуудас	13
батлан	ᠬᠠᠮᠠᠭᠠᠯᠠᠬᠤ	хамгаалах	824
батлан	ᠳᠠᠭᠠᠭᠠᠯᠲᠠ	даалт	228
батлан	ᠭᠠᠷᠭᠠᠭᠰᠠᠨ	гаргасан	93
батлах	ᠲᠤᠬᠠᠢ	тухай	2323
батлах	ᠶᠣᠰᠣᠲᠠᠢ	ёстой	225
батлах	ᠨᠢ	нь	194
батлуулах	ᠱᠠᠭᠠᠷᠳᠠᠯᠭ᠎ᠠ ᠲᠠᠢ	шаардлагатай	37
батлуулах	ᠭᠡᠵᠦ	гэж	35
батлуулах	ᠶᠣᠰᠣᠲᠠᠢ	ёстой	25
баттай	ᠡᠬᠡ	эх	109
баттай	ᠮᠡᠳᠡᠭᠡᠯᠡᠯ	мэдээлэл	17
баттай	ᠬᠡᠯᠡᠬᠦ	хэлэх	16
баттулга	ᠰᠠᠶᠢᠳ	сайд	77
баттулга	ᠨᠠᠷᠠ	нар	67
баттулга	ᠰᠠᠶᠢᠳ ᠤᠨ	сайдын	64
баттөр	ᠣᠨᠣᠭ᠎ᠠ	оноо	27
баттөр	ᠪᠣᠯᠤᠨ	болон	9
баттөр	ᠨᠠᠷᠠ	нар	9
батцэнгэл	ᠰᠤᠮᠤ ᠶᠢᠨ	сумын	39
батцэнгэл	ᠠ	а	13
батцэнгэл	ᠡ	э	8
бах	ᠮᠡᠯᠡᠬᠡᠢ	мэлхий	10
бах	ᠨᠢ	нь	10
бах	ᠵᠡᠷᠭᠡ	зэрэг	5
бахархаж	ᠪᠠᠶᠢᠨ᠎ᠠ	байна	133
бахархаж	ᠶᠠᠪᠤᠳᠠᠭ	явдаг	73
бахархаж	ᠪᠠᠶᠢᠭ᠎ᠠ	байгаа	44
бахархал	ᠪᠣᠯᠤᠭᠰᠠᠨ	болсон	101
бахархал	ᠶᠠᠭᠤᠮ᠎ᠠ	юм	31
бахархал	ᠪᠣᠯ	бол	19
бахархан	ᠶᠠᠷᠢᠵᠤ	ярьж	20
бахархан	ᠶᠠᠷᠢᠬᠤ	ярих	5
бахархах	ᠰᠡᠳᠬᠢᠯ	сэтгэл	50
бахархах	ᠵᠦᠢᠯ	зүйл	15
бахархах	ᠦᠵᠡᠯ ᠢ	үзлийг	14
бахархдаг	ᠶᠠᠭᠤᠮ᠎ᠠ	юм	16
бахархдаг	ᠪᠠᠶᠢᠭᠰᠠᠨ	байсан	5
бахархдаг	ᠰᠢᠦ	шүү	5
бахь	ᠪᠠᠶᠢᠳᠠᠭ ᠢᠶᠠᠷ ᠢᠶᠠᠨ	байдгаараа	56
баяжиж	ᠪᠠᠶᠢᠨ᠎ᠠ	байна	17
баяжих	ᠨᠢ	нь	10
баяжих	ᠪᠣᠯᠤᠮᠵᠢ	боломж	5
баяжмал	ᠳᠠᠬᠢ	дахь	72
баяжмал	ᠪᠣᠯᠪᠠᠰᠤᠷᠠᠭᠤᠯᠬᠤ	боловсруулах	26
баяжмал	ᠦᠢᠯᠡᠳᠪᠦᠷᠢᠯᠡᠬᠦ	үйлдвэрлэх	22
баяжуулах	ᠦᠢᠯᠡᠳᠪᠦᠷᠢ	үйлдвэр	228
баяжуулах	ᠡᠷᠳᠡᠨᠢᠲᠦ	эрдэнэт	44
баяжуулах	ᠬᠦᠴᠦᠨ	хүчин	20
баялаг	ᠡᠷᠴᠢᠮ	эрчим	206
баялаг	ᠶᠡᠬᠡ ᠲᠡᠢ	ихтэй	84
баялаг	ᠨᠢ	нь	64
баялагтай	ᠬᠣᠯᠪᠣᠭᠠᠲᠠᠢ	холбоотой	10
баялагтай	ᠬᠡᠷᠡᠨ ᠢᠶᠡᠨ	хэрнээ	10
баялагтай	ᠴᠤ	ч	10
баялгийг	ᠨᠢ	нь	31
баялгийг	ᠠᠰᠢᠭᠯᠠᠬᠤ	ашиглах	23
баялгийг	ᠪᠦᠲᠦᠭᠡᠵᠦ	бүтээж	13
баян	ᠥᠯᠥᠭᠡᠢ	өлгий	1004
баян	ᠥᠨᠳᠥᠷ	өндөр	173
баян	ᠤᠤᠯ	уул	151
баянбулаг	ᠰᠤᠮᠤ ᠶᠢᠨ	сумын	18
баянгол	ᠳᠡᠭᠦᠷᠭᠡ	дүүрэг	187
баянгол	ᠭᠤᠷᠪᠠᠨ	гурван	57
баянгол	ᠰᠤᠮᠤ ᠶᠢᠨ	сумын	49
баянжаргал	ᠨᠠᠷᠠ	нар	14
баянлиг	ᠪᠤᠤᠴᠢᠬᠠᠨ	бууцагаан	19
баянлиг	ᠰᠤᠮᠤ ᠶᠢᠨ	сумын	12
баянлиг	ᠰᠤᠮᠤ	сум	5
баянхонгор	ᠠᠶᠢᠮᠠᠭ ᠤᠨ	аймгийн	507
баянхонгор	ᠠᠶᠢᠮᠠᠭ	аймаг	118
баянхонгор	ᠭᠣᠪᠢ	говь	56
баянцагаан	ᠰᠤᠮᠤ ᠶᠢᠨ	сумын	51
баянцагаан	ᠪᠠᠭ ᠤᠨ	багийн	6
баяны	ᠠᠷᠤ	ар	10
баяр	ᠨᠠᠭᠠᠳᠤᠮ ᠤᠨ	наадмын	1505
баяр	ᠨᠠᠭᠠᠳᠤᠮ ᠳᠤ	наадамд	619
баяр	ᠬᠦᠷᠭᠡᠶ᠎ᠡ	хүргэе	594
баяраа	ᠪ	б	18
баяраа	ᠲᠡᠮᠳᠡᠭᠯᠡᠬᠦ	тэмдэглэх	17
баяраа	ᠲᠡᠮᠳᠡᠭᠯᠡᠭᠰᠡᠨ	тэмдэглэсэн	15
баяраар	ᠳᠦᠭᠦᠷᠡᠩ	дүүрэн	7
баяраар	ᠯᠠ	л	7
баяраар	ᠪᠤᠶᠤ	буюу	6
баярлаад	ᠯᠠ	л	11
баярлаад	ᠪᠠᠷᠠᠬᠤ ᠦᠭᠡᠢ	барахгүй	6
баярлаад	ᠪᠠᠶᠢᠬᠤ	байх	5
баярладаг	ᠶᠠᠭᠤᠮ᠎ᠠ	юм	18
баярладаг	ᠰᠢᠦ	шүү	6
баярлаж	ᠪᠠᠶᠢᠨ᠎ᠠ	байна	220
баярлаж	ᠶᠠᠪᠤᠳᠠᠭ	явдаг	140
баярлаж	ᠪᠠᠶᠢᠭ᠎ᠠ	байгаа	95
баярлалаа	ᠭᠡᠵᠦ	гэж	191
баярлалаа	ᠲᠠ	та	18
баярлалаа	ᠭᠡᠳᠡᠭ	гэдэг	16
баярлан	ᠬᠥᠷᠴᠢ	хөөрч	5
баярлана	ᠭᠡᠳᠡᠭ	гэдэг	7
баярласан	ᠰᠡᠳᠬᠢᠯ ᠢᠶᠡᠨ	сэтгэлээ	23
баярласан	ᠰᠢᠦ	шүү	15
баярласан	ᠪᠠᠶᠢᠬᠤ	байх	13
баярлах	ᠶᠣᠰᠣᠲᠠᠢ	ёстой	20
баярлах	ᠨᠢ	нь	11
баярлах	ᠬᠡᠷᠡᠭᠲᠡᠢ	хэрэгтэй	10
баярлуулах	ᠭᠡᠵᠦ	гэж	9
баярлуулах	ᠨᠢ	нь	7
баярлуулж	ᠪᠠᠶᠢᠭᠰᠠᠨ	байсан	17
баярлуулж	ᠪᠠᠶᠢᠭ᠎ᠠ	байгаа	10
баярлуулж	ᠴᠢᠳᠠᠭᠰᠠᠨ	чадсан	7
баярлуулсан	ᠶᠠᠭᠤᠮ᠎ᠠ	юм	21
баярлуулсан	ᠪᠢᠯᠡ	билээ	8
баярлуулсан	ᠪᠣᠯ	бол	5
баярт	ᠵᠣᠷᠢᠭᠤᠯᠤᠭᠰᠠᠨ	зориулсан	163
баярт	ᠵᠣᠷᠢᠭᠤᠯᠤᠨ	зориулан	85
баярт	ᠦᠢᠯᠡ	үйл	34
баяртай	ᠪᠠᠶᠢᠨ᠎ᠠ	байна	1308
баяртай	ᠪᠠᠶᠢᠭ᠎ᠠ	байгаа	281
баяртай	ᠪᠠᠶᠢᠭ᠎ᠠ ᠪᠠᠨ	байгаагаа	187
баяртайгаар	ᠬᠦᠯᠢᠶᠡᠨ	хүлээн	18
баяртайгаар	ᠬᠦᠯᠢᠶᠡᠵᠦ	хүлээж	6
баярхүү	ᠠ	а	12
баярхүү	ᠨᠠᠷᠠ	нар	12
баярхүү	ᠪ	б	6
баярыг	ᠤᠭᠲᠤᠨ	угтан	19
баярыг	ᠤᠭᠲᠤᠵᠤ	угтаж	17
баярыг	ᠨᠢ	нь	14
баярын	ᠡᠳᠦᠷ	өдөр	195
баярын	ᠮᠡᠨᠳᠦ	мэнд	179
баярын	ᠡᠳᠦᠷ ᠦᠳ ᠲᠦ	өдрүүдэд	148
баясаж	ᠪᠠᠶᠢᠭ᠎ᠠ	байгаа	7
баясах	ᠨᠢ	нь	5
баясгаж	ᠪᠠᠶᠢᠨ᠎ᠠ	байна	8
баясгаж	ᠪᠠᠶᠢᠭ᠎ᠠ	байгаа	5
баясгаж	ᠰᠡᠳᠬᠢᠯ	сэтгэл	5
баясгалан	ᠨᠠᠷᠠ	нар	23
баясгалан	ᠪ	б	13
баясгалан	ᠡᠨᠡ	энэ	8
баячууд	ᠨᠢ	нь	11
баячууд	ᠯᠠ	л	9
баячуудын	ᠨᠢᠭᠡ	нэг	9
баячуудын	ᠬᠡᠦᠬᠡᠳ ᠦᠳ	хүүхдүүд	9
баячуудын	ᠲᠣᠭ᠎ᠠ	тоо	6
бензин	ᠰᠢᠲᠠᠬᠤᠨ	шатахуун	48
бензин	ᠭᠠᠷᠭᠠᠬᠤ	гаргах	23
бензин	ᠳ᠋ᠢᠽᠧᠯ	дизель	14
берлин	ᠬᠣᠲᠠ ᠶᠢᠨ	хотын	44
берлин	ᠬᠣᠲᠠᠳ	хотод	22
берлин	ᠳ᠋ᠡᠬᠢ	дэх	8
бетон	ᠵᠠᠭᠤᠷᠮᠠᠭ	зуурмаг	37
бетон	ᠳᠡᠷ᠎ᠡ	дэр	11
бетон	ᠭᠦᠦᠷᠡ	гүүр	10
би	ᠡᠨᠡ	энэ	1093
би	ᠴᠢᠨᠢ	чинь	821
би	ᠴᠤ	ч	781
бид	ᠡᠨᠡ	энэ	1418
бид	ᠬᠣᠶᠠᠷ	хоёр	1239
бид	ᠨᠠᠷᠠ	нар	807
бидний	ᠬᠤᠪᠢ ᠳᠤ	хувьд	685
бидний	ᠵᠦᠭ ᠡᠴᠡ	зүгээс	242
бидний	ᠡᠳᠦᠷ	өдөр	153
биднийг	ᠣᠴᠢᠬᠤ ᠳᠤ	очиход	78
биднийг	ᠬᠦᠯᠢᠶᠡᠵᠦ	хүлээж	51
биднийг	ᠳᠡᠮᠵᠢᠵᠦ	дэмжиж	25
биднийх	ᠪᠠᠶᠢᠭᠠᠰᠠᠢ	байгаасай	12
биднийх	ᠪᠢᠰᠢ	биш	6
биднээс	ᠢᠯᠡᠭᠦᠦ	илүү	48
биднээс	ᠱᠠᠭᠠᠷᠳᠠᠵᠤ	шаардаж	16
биднээс	ᠡᠬᠢᠯᠡᠨ᠎ᠡ	эхлэнэ	15
бидэн	ᠰᠢᠭ	шиг	62
бидэн	ᠬᠣᠶᠠᠷ	хоёр	42
бидэн	ᠷᠦᠦ	рүү	36
бидэнд	ᠪᠤᠢ	бий	100
бидэнд	ᠶᠠᠮᠠᠷ	ямар	90
бидэнд	ᠬᠡᠷᠡᠭᠲᠡᠢ	хэрэгтэй	81
бидэнтэй	ᠬᠠᠮᠲᠤ	хамт	68
бидэнтэй	ᠬᠠᠮᠲᠤᠷᠠᠨ	хамтран	51
бидэнтэй	ᠬᠠᠮᠲᠤᠷᠠᠵᠤ	хамтарч	32
бие	ᠳᠠᠭᠠᠭᠰᠠᠨ	даасан	2276
бие	ᠳᠠᠩ	даан	499
бие	ᠪᠡᠶᠡᠩ ᠢᠶᠡᠨ	биенээ	495
биед	ᠨᠢ	нь	161
биед	ᠭᠡᠮᠲᠦᠯ	гэмтэл	80
биед	ᠶᠠᠮᠠᠷ	ямар	65
биедээ	ᠠᠪᠴᠤ	авч	47
биедээ	ᠬᠢᠨᠠᠯᠲᠠ	хяналт	13
биедээ	ᠪᠠᠶᠠᠷ	баяр	11
биеийг	ᠨᠢ	нь	123
биеийг	ᠮᠢᠨᠢ	минь	20
биеийг	ᠴᠢᠨᠢ	чинь	13
биеийн	ᠲᠠᠮᠢᠷ	тамир	922
биеийн	ᠪᠠᠶᠢᠳᠠᠯ	байдал	822
биеийн	ᠲᠠᠮᠢᠷ ᠤᠨ	тамирын	577
биеийнх	ᠨᠢ	нь	51
биелж	ᠪᠠᠶᠢᠨ᠎ᠠ	байна	24
биелж	ᠪᠠᠶᠢᠭ᠎ᠠ	байгаа	18
биеллээ	ᠣᠯᠵᠤ	олж	66
биеллээ	ᠣᠯᠤᠭᠰᠠᠨ	олсон	37
биеллээ	ᠤᠯᠬᠤ	олох	28
биелсэн	ᠦ᠋	үү	14
биелсэн	ᠭᠡᠵᠦ	гэж	7
биелсэн	ᠨᠢ	нь	5
биелэлээ	ᠣᠯᠵᠤ	олж	53
биелэлээ	ᠤᠯᠬᠤ	олох	22
биелэлээ	ᠣᠯᠤᠭᠰᠠᠨ	олсон	14
биелэх	ᠪᠣᠯᠤᠮᠵᠢ ᠲᠠᠢ	боломжтой	25
биелэх	ᠨᠢ	нь	21
биелэх	ᠪᠣᠯᠲᠤᠭᠠᠢ	болтугай	12
биелүүлж	ᠪᠠᠶᠢᠭ᠎ᠠ	байгаа	78
биелүүлж	ᠴᠢᠳᠠᠬᠤ ᠦᠭᠡᠢ	чадахгүй	54
биелүүлж	ᠴᠢᠳᠠᠭ᠎ᠠ ᠦᠭᠡᠢ	чадаагүй	38
биелүүлнэ	ᠭᠡᠰᠡᠨ	гэсэн	5
биелүүлэх	ᠶᠣᠰᠣᠲᠠᠢ	ёстой	66
биелүүлэх	ᠨᠢ	нь	32
биелүүлэх	ᠭᠡᠵᠦ	гэж	30
биелүүлэхийг	ᠱᠠᠭᠠᠷᠳᠠᠵᠤ	шаардаж	13
биелүүлэхийг	ᠱᠠᠭᠠᠷᠳᠠᠭᠰᠠᠨ	шаардсан	9
биелүүлэхийг	ᠬᠣᠶᠠᠷ	хоёр	8
биенд	ᠨᠢ	нь	7
биенд	ᠴᠢᠨᠢ	чинь	7
биендээ	ᠢᠲᠡᠭᠡᠬᠦ	итгэх	5
биенийхээ	ᠡᠰᠡᠷᠡᠭ	эсрэг	11
биенийхээ	ᠡᠷᠬᠡ	эрх	6
биенийхээ	ᠳᠡᠭᠡᠷ᠎ᠡ	дээр	5
биенээ	ᠳᠡᠮᠵᠢᠵᠦ	дэмжиж	28
биенээ	ᠬᠠᠷᠢᠯᠴᠠᠨ	харилцан	22
биенээ	ᠬᠠᠶᠢᠷᠠᠯᠠᠵᠤ	хайрлаж	12
биенээсээ	ᠬᠠᠮᠢᠶᠠᠷᠤᠯ ᠲᠠᠢ	хамааралтай	7
биенээсээ	ᠰᠤᠷᠤᠯᠴᠠᠬᠤ	суралцах	6
биенээсээ	ᠥᠷᠢᠰᠦᠨ	өрсөн	6
биетэй	ᠨᠢ	нь	17
биетэй	ᠬᠦᠮᠦᠨ	хүн	17
биетэй	ᠪᠠᠶᠢᠭᠰᠠᠨ	байсан	15
биеэ	ᠠᠪᠴᠤ	авч	69
биеэ	ᠬᠠᠮᠠᠭᠠᠯᠠᠵᠤ	хамгаалж	69
биеэ	ᠳᠠᠭᠠᠭᠰᠠᠨ	даасан	61
биеэр	ᠢᠷᠡᠵᠦ	ирж	80
биеэр	ᠣᠴᠢᠵᠤ	очиж	53
биеэр	ᠨᠢ	нь	29
биеэрээ	ᠮᠡᠳᠡᠷᠡᠴᠢ	мэдэрч	13
биеэрээ	ᠮᠡᠳᠡᠷᠡᠭᠰᠡᠨ	мэдэрсэн	12
биеэрээ	ᠲᠤᠭᠤᠯᠤᠭᠰᠠᠨ	туулсан	9
биеэс	ᠴᠤ	ч	5
биз	ᠳ᠋ᠡ	дээ	2585
биз	ᠡ	ээ	1282
биз	ᠭᠡᠵᠦ	гэж	55
бизнес	ᠡᠷᠬᠢᠯᠡᠭᠴᠢ	эрхлэгч	329
бизнес	ᠡᠷᠬᠢᠯᠡᠬᠦ	эрхлэх	239
бизнес	ᠡᠷᠬᠡᠯᠡᠵᠦ	эрхэлж	153
бизнесмэн	ᠬᠦᠮᠦᠨ ᠦ	хүний	7
бизнесмэн	ᠪ	б	6
бизнесмэн	ᠬᠦᠮᠦᠨ	хүн	6
бий	ᠪᠣᠯᠭᠠᠬᠤ	болгох	2867
бий	ᠪᠣᠯᠭᠠᠵᠤ	болгож	1397
бий	ᠪᠣᠯᠤᠭᠰᠠᠨ	болсон	1146
бил	ᠦ᠋	үү	296
бил	ᠡ	ээ	17
билгийн	ᠲᠥᠪ	төв	19
билгийн	ᠲᠤᠯᠤᠭᠠᠨ	тулаан	18
билгийн	ᠠᠺᠠᠳᠧᠮᠢ	академи	5
билгүүн	ᠣᠨᠣᠭ᠎ᠠ	оноо	42
билгүүн	ᠪ	б	20
билгүүн	ᠨᠠᠷᠠ	нар	15
билиг	ᠳᠡᠭᠡᠳᠦ	дээд	6
билэг	ᠲᠡᠮᠳᠡᠭ	тэмдэг	61
билэг	ᠡᠬᠡ	эх	12
билэг	ᠭᠡᠳᠡᠭ	гэдэг	10
билэгдэл	ᠪᠣᠯᠤᠭᠰᠠᠨ	болсон	9
билэгдэл	ᠪᠣᠯᠭᠠᠨ	болгон	5
билэгт	ᠰᠠᠶᠢᠨ	сайн	34
билэгт	ᠨᠠᠷᠠ	нар	12
билэгт	ᠭᠡᠳᠡᠭ	гэдэг	10
билээ	ᠳ᠋ᠡ	дээ	206
билээ	ᠭᠡᠵᠦ	гэж	64
билээ	ᠯᠠ	л	48
билүү	ᠭᠡᠵᠦ	гэж	23
билүү	ᠬᠡᠨ	хэн	23
билүү	ᠳ᠋ᠡ	дээ	17
бин	ᠠᠯᠢ	аль	8
бин	ᠵᠠᠢ ᠳᠤ	зайд	6
био	ᠠᠶᠤᠯ ᠦᠭᠡᠢ	аюулгүй	31
био	ᠲᠦᠯᠡᠰᠢ	түлш	22
био	ᠲᠧᠭᠨᠣᠯᠣᠭᠢ	технологи	10
биологи	ᠭᠠᠵᠠᠷᠵᠦᠢ	газарзүй	18
биологи	ᠡᠷᠡᠭᠦᠯ	эрүүл	13
биологи	ᠮᠣᠩᠭᠣᠯ	монгол	11
биотехнологи	ᠪᠠᠶᠢᠭᠠᠯᠢ	байгаль	6
биотехнологи	ᠬᠢᠮᠢ	хими	6
бирж	ᠳᠡᠭᠡᠷ᠎ᠡ	дээр	589
бирж	ᠥᠨᠥᠳᠥᠷ	өнөөдөр	79
бирж	ᠪᠠᠶᠢᠭᠤᠯᠬᠤ	байгуулах	55
биржийн	ᠦᠢᠯᠡ	үйл	88
биржийн	ᠭᠦᠢᠴᠡᠳᠭᠡᠬᠦ	гүйцэтгэх	87
биржийн	ᠲᠤᠬᠠᠢ	тухай	53
битгий	ᠬᠡᠯᠡ	хэл	432
битгий	ᠮᠠᠷᠲᠠᠭᠠᠷᠠᠢ	мартаарай	29
битгий	ᠯᠠ	л	21
битүү	ᠮᠥᠰᠦᠨ	мөсөн	27
битүү	ᠵᠠᠬ᠎ᠠ	зах	21
битүү	ᠮᠣᠷᠢ	морь	20
битүүлэг	ᠬᠡᠷᠡᠭ	хэрэг	5
бич	ᠲᠠᠬᠢᠶ᠎ᠠ	тахиа	54
бич	ᠭᠡᠶᠢᠨ	гийн	34
бич	ᠨᠣᠬᠠᠢ	нохой	22
бичдэг	ᠪᠠᠶᠢᠭᠰᠠᠨ	байсан	37
бичдэг	ᠶᠠᠭᠤᠮ᠎ᠠ	юм	29
бичдэг	ᠪᠣᠯᠤᠭᠰᠠᠨ	болсон	20
бичиг	ᠪᠠᠷᠢᠮᠲᠠ	баримт	660
бичиг	ᠨᠢ	нь	124
бичиг	ᠪᠠᠶᠢᠭᠤᠯᠤᠭᠰᠠᠨ	байгуулсан	88
бичигдсэн	ᠪᠠᠶᠢᠨ᠎ᠠ	байна	149
бичигдсэн	ᠪᠣᠯ	бол	53
бичигдсэн	ᠶᠠᠭᠤᠮ᠎ᠠ	юм	40
бичигдээгүй	ᠬᠠᠤᠯᠢ	хууль	118
бичигдээгүй	ᠬᠠᠤᠯᠢ ᠶᠢ	хуулийг	11
бичигдээгүй	ᠳᠦᠷᠢᠮ	дүрэм	9
бичигтэй	ᠪᠣᠯᠬᠤ	болох	13
бичигтэй	ᠲᠡᠭᠡᠭᠡᠪᠦᠷᠢᠯᠡᠯᠲᠡ	тээвэрлэлт	8
бичигтэй	ᠬᠣᠯᠪᠣᠭᠠᠲᠠᠢ	холбоотой	7
бичиж	ᠪᠠᠶᠢᠭ᠎ᠠ	байгаа	221
бичиж	ᠪᠠᠶᠢᠨ᠎ᠠ	байна	205
бичиж	ᠪᠠᠶᠢᠭᠰᠠᠨ	байсан	186
бичил	ᠠᠭᠤᠷᠬᠠᠢ	уурхай	122
бичил	ᠪᠢᠽᠢᠨ᠋ᠧᠰ	бизнес	31
бичил	ᠵᠢᠵᠢᠭ	жижиг	24
бичих	ᠨᠢ	нь	76
бичих	ᠶᠣᠰᠣᠲᠠᠢ	ёстой	40
бичих	ᠪᠣᠯᠤᠭᠰᠠᠨ	болсон	39
бичихгүй	ᠪᠠᠶᠢᠭ᠎ᠠ	байгаа	6
бичихгүй	ᠪᠣᠯ	бол	5
бичихдээ	ᠪᠤᠰᠤᠳ ᠤᠨ	бусдын	7
бичихдээ	ᠴᠤ	ч	5
бичлэг	ᠬᠢᠬᠦ	хийх	63
бичлэг	ᠨᠢ	нь	60
бичлэг	ᠬᠢᠵᠦ	хийж	50
бичлэгийн	ᠠᠫᠫᠠᠷᠠᠲ	аппарат	26
бичлэгийн	ᠰᠲ᠋ᠦ᠋ᠳᠢ	студи	23
бичлэгийн	ᠤᠷᠤᠯᠳᠤᠭᠠᠨ	уралдаан	22
бичлээ	ᠭᠡᠳ	гээд	7
бичмэл	ᠨᠢ	нь	5
бичнэ	ᠭᠡᠵᠦ	гэж	25
бичнэ	ᠭᠡᠳᠡᠭ	гэдэг	18
бичнэ	ᠦ᠋	үү	11
бичсэн	ᠪᠠᠶᠢᠨ᠎ᠠ	байна	292
бичсэн	ᠶᠠᠭᠤᠮ᠎ᠠ	юм	150
бичсэн	ᠪᠠᠶᠢᠳᠠᠭ	байдаг	141
бичээгүй	ᠪᠠᠶᠢᠨ᠎ᠠ	байна	6
бичээгүй	ᠭᠡᠳᠡᠭ ᠢᠶᠡᠨ	гэдгээ	5
бичээд	ᠪᠠᠶᠢᠭ᠎ᠠ	байгаа	41
бичээд	ᠯᠠ	л	36
бичээд	ᠪᠠᠶᠢᠨ᠎ᠠ	байна	20
бичээс	ᠪᠦᠬᠦᠢ	бүхий	5
бичээч	ᠴ	ц	6
бичээч	ᠳ	д	5
бичүүлж	ᠪᠠᠶᠢᠭᠰᠠᠨ	байсан	8
бичүүлж	ᠪᠠᠶᠢᠨ᠎ᠠ	байна	7
бичүүлж	ᠪᠠᠶᠢᠭ᠎ᠠ	байгаа	6
бичүүлсэн	ᠪᠠᠶᠢᠨ᠎ᠠ	байна	8
бичүүлсэн	ᠭᠡᠵᠦ	гэж	7
бичүүлсэн	ᠶᠠᠭᠤᠮ᠎ᠠ	юм	6
бичүүлэх	ᠨᠢ	нь	7
бичүүлэх	ᠭᠡᠵᠦ	гэж	6
биш	ᠦ᠋	үү	1538
биш	ᠶᠠᠭᠤᠮ᠎ᠠ	юм	922
биш	ᠰᠢᠦ	шүү	610
бишгүй	ᠯᠠ	л	51
бишгүй	ᠣᠯᠠᠨ	олон	25
бишгүй	ᠪᠤᠢ	бий	17
биширч	ᠪᠠᠶᠢᠨ᠎ᠠ	байна	10
биширч	ᠶᠠᠪᠤᠳᠠᠭ	явдаг	9
биширч	ᠪᠠᠶᠢᠯ᠎ᠠ	байлаа	8
бишрэл	ᠬ	х	7
бишээ	ᠭᠡᠳᠡᠭ ᠢ	гэдгийг	6
блог	ᠳᠡᠭᠡᠷ᠎ᠡ	дээр	7
блок	ᠨᠢ	нь	12
блок	ᠪᠤᠶᠤ	буюу	10
блок	ᠬᠢᠵᠦ	хийж	7
бн	᠍ ᠤᠨ	ын	6
бнсу	᠍ ᠤᠨ	ын	2403
бнсу	ᠳ	д	645
бнсу	ᠪᠩᠬᠠᠤ	бнхау	118
бнхау	᠍ ᠤᠨ	ын	4282
бнхау	ᠳ	д	750
бнхау	ᠲᠠᠢ	тай	215
бог	ᠮᠠᠯ ᠤᠨ	малын	52
бог	ᠮᠠᠯ	мал	23
бог	ᠳᠣᠬᠣ	дох	17
богд	ᠬᠠᠨ	хан	104
богд	ᠬᠠᠭᠠᠨ ᠤ	хааны	102
богд	ᠤᠤᠯ ᠤᠨ	уулын	91
богдын	ᠥᠪᠥᠷ	өвөр	40
богдын	ᠭᠣᠣᠯ ᠤᠨ	голын	5
богино	ᠬᠤᠭᠤᠴᠠᠭᠠᠨ ᠳᠤ	хугацаанд	1422
богино	ᠬᠤᠭᠤᠴᠠᠭᠠᠨ ᠤ	хугацааны	296
богино	ᠬᠤᠭᠤᠴᠠᠭ᠎ᠠ ᠲᠠᠢ	хугацаатай	100
богинохон	ᠬᠤᠭᠤᠴᠠᠭᠠᠨ ᠳᠤ	хугацаанд	97
богинохон	ᠴᠤ	ч	20
богинохон	ᠬᠤᠭᠤᠴᠠᠭ᠎ᠠ	хугацаа	12
бод	ᠳ᠋ᠠ	доо	111
бод	ᠯᠠ	л	23
бод	ᠮᠠᠯ ᠤᠨ	малын	23
бодвол	ᠬᠠᠷᠢᠴᠠᠩᠭᠤᠢ	харьцангуй	48
бодвол	ᠢᠯᠡᠭᠦᠦ	илүү	45
бодвол	ᠡᠨᠡ	энэ	25
боддог	ᠶᠠᠭᠤᠮ᠎ᠠ	юм	296
боддог	ᠪᠤᠢ	вэ	169
боддог	ᠪᠠᠶᠢᠭᠰᠠᠨ	байсан	134
боддоггүй	ᠶᠠᠭᠤᠮ᠎ᠠ	юм	14
боддоггүй	ᠪᠠᠶᠢᠭᠰᠠᠨ	байсан	7
бодис	ᠨᠢ	нь	109
бодис	ᠢᠯᠡᠷᠡᠭᠰᠡᠨ	илэрсэн	51
бодис	ᠠᠭᠤᠯᠠᠭᠰᠠᠨ	агуулсан	37
бодистой	ᠬᠣᠯᠪᠣᠭᠠᠲᠠᠢ	холбоотой	55
бодистой	ᠲᠡᠮᠡᠴᠡᠬᠦ	тэмцэх	11
бодит	ᠪᠠᠶᠢᠳᠠᠯ	байдал	545
бодит	ᠠᠵᠢᠯ	ажил	201
бодит	ᠠᠮᠢᠳᠤᠷᠠᠯ	амьдрал	192
бодлого	ᠪᠣᠯᠪᠠᠰᠤᠷᠠᠯ	боловсрол	887
бодлого	ᠨᠢ	нь	457
бодлого	ᠪᠠᠲᠤᠯᠠᠬᠤ	батлах	437
бодлогогүй	ᠶᠠᠪᠤᠵᠤ	явж	22
бодлогогүй	ᠠᠯᠬᠤᠮ	алхам	12
бодлогогүй	ᠶᠠᠪᠤᠭᠰᠠᠨ	явсан	7
бодлоо	ᠢᠯᠡᠷᠬᠡᠶᠢᠯᠡᠬᠦ	илэрхийлэх	131
бодлоо	ᠴᠢᠯᠦᠭᠡᠲᠡᠢ	чөлөөтэй	106
бодлоо	ᠢᠯᠡᠷᠬᠡᠶᠢᠯᠡᠵᠦ	илэрхийлж	96
бодлоор	ᠡᠨᠡ	энэ	49
бодлоор	ᠪᠣᠯ	бол	34
бодлоор	ᠮᠣᠩᠭᠣᠯ	монгол	20
бодлоороо	ᠨᠢᠭᠡᠳᠦᠭᠰᠡᠨ	нэгдсэн	7
бодлоороо	ᠨᠢᠭᠡᠳᠴᠦ	нэгдэж	5
бодлоос	ᠮᠢᠨᠢ	минь	8
бодлыг	ᠨᠢ	нь	159
бодлыг	ᠰᠤᠨᠤᠰᠬᠤ	сонсох	53
бодлыг	ᠰᠣᠨᠣᠰᠤᠯ᠎ᠠ	сонслоо	38
бодно	ᠰᠢᠦ	шүү	25
бодно	ᠪᠢᠵᠡ	биз	16
бодно	ᠤᠤ	уу	12
бодогдож	ᠪᠠᠶᠢᠨ᠎ᠠ	байна	49
бодогдож	ᠪᠠᠶᠢᠪᠠ	байв	43
бодогдож	ᠪᠠᠶᠢᠭᠰᠠᠨ	байсан	25
бодогдоно	ᠭᠡᠰᠡᠨ	гэсэн	5
бодогдоод	ᠪᠠᠶᠢᠨ᠎ᠠ	байна	17
бодогдоод	ᠪᠠᠶᠢᠭ᠎ᠠ	байгаа	9
бодогдоод	ᠯᠠ	л	9
бодогдох	ᠶᠠᠭᠤᠮ᠎ᠠ	юм	25
бодогдох	ᠪᠣᠯᠤᠭᠰᠠᠨ	болсон	7
бодогдох	ᠦᠶ᠎ᠡ	үе	6
бодогдсон	ᠰᠢᠦ	шүү	13
бодогдсон	ᠪᠤᠢ	бэ	8
бодож	ᠪᠠᠶᠢᠨ᠎ᠠ	байна	2927
бодож	ᠪᠠᠶᠢᠭ᠎ᠠ	байгаа	1181
бодож	ᠪᠠᠶᠢᠭᠰᠠᠨ	байсан	336
бодол	ᠲᠥᠷᠦᠵᠢ	төрж	83
бодол	ᠪᠤᠢ	бий	78
бодол	ᠪᠠᠶᠢᠷᠢ	байр	67
бодолгүй	ᠪᠠᠶᠢᠨ᠎ᠠ	байна	19
бодолгүй	ᠪᠠᠶᠢᠭ᠎ᠠ	байгаа	12
бодолгүй	ᠶᠠᠬᠤᠪ	яахав	7
бодолд	ᠮᠢᠨᠢ	минь	15
бодолд	ᠨᠢ	нь	6
бодолд	ᠥᠨᠵᠢᠭᠰᠡᠨ	өнжсөн	5
бодолдоо	ᠦᠨᠡᠨᠴᠢ	үнэнч	11
бодолдоо	ᠪᠢ	би	7
бодолдоо	ᠲᠤᠤᠱᠲᠠᠢ	тууштай	7
бодолтой	ᠪᠠᠶᠢᠭ᠎ᠠ	байгаа	301
бодолтой	ᠪᠠᠶᠢᠨ᠎ᠠ	байна	276
бодолтой	ᠶᠠᠪᠤᠳᠠᠭ	явдаг	89
бодолцох	ᠶᠣᠰᠣᠲᠠᠢ	ёстой	55
бодолцох	ᠬᠡᠷᠡᠭᠲᠡᠢ	хэрэгтэй	53
бодолцох	ᠨᠢ	нь	16
бодон	ᠪᠣᠳᠣᠨ	бодон	8
бодон	ᠪᠣᠳᠣᠭᠰᠠᠭᠠᠷ	бодсоор	8
бодоогүй	ᠡ	ээ	10
бодоогүй	ᠶᠠᠭᠤᠮ᠎ᠠ	юм	9
бодоогүй	ᠪᠠᠶᠢᠬᠤ	байх	8
бодоод	ᠪᠠᠶᠢᠭ᠎ᠠ	байгаа	66
бодоод	ᠯᠠ	л	65
бодоод	ᠦᠵᠡ	үз	61
бодох	ᠬᠡᠷᠡᠭᠲᠡᠢ	хэрэгтэй	185
бодох	ᠪᠦᠷᠢᠳᠬᠡᠯ	бүртгэл	140
бодох	ᠶᠣᠰᠣᠲᠠᠢ	ёстой	127
бодохгүй	ᠪᠠᠶᠢᠨ᠎ᠠ	байна	203
бодохгүй	ᠪᠠᠶᠢᠭ᠎ᠠ	байгаа	37
бодохгүй	ᠪᠣᠯ	бол	12
бодохдоо	ᠪᠢ	би	5
бодоход	ᠡᠨᠡ	энэ	35
бодоход	ᠲᠡᠷᠡ	тэр	21
бодоход	ᠨᠢᠭᠡ	нэг	20
бодохоор	ᠦᠨᠡᠬᠡᠷ	үнэхээр	18
бодохоор	ᠯᠠ	л	13
бодохоор	ᠡᠨᠡ	энэ	13
бодохоос	ᠢᠯᠡᠭᠦᠦ ᠲᠡᠢ	илүүтэй	10
бодохоос	ᠢᠯᠡᠭᠦᠦ	илүү	9
бодохоос	ᠴᠤ	ч	9
бодсон	ᠴᠤ	ч	178
бодсон	ᠶᠠᠭᠤᠮ᠎ᠠ	юм	142
бодсон	ᠤᠤ	уу	35
бодсоор	ᠪᠠᠶᠢᠭᠠᠳ	байгаад	11
бодъё	ᠯᠠ	л	9
бодь	ᠳᠠᠭᠠᠳᠬᠠᠯ	даатгал	13
бокс	ᠴᠢᠯᠦᠭᠡᠲᠦ	чөлөөт	24
бокс	ᠪᠤᠤᠳᠠᠯᠭ᠎ᠠ	буудлага	20
бокс	ᠷᠤ	руу	20
бол	ᠡᠨᠡ	энэ	2508
бол	ᠣᠳᠣ	одоо	1031
бол	ᠮᠣᠩᠭᠣᠯ	монгол	973
болбол	ᠳ᠋ᠠ	доо	17
болбол	ᠶᠠᠬᠤ	яах	13
болбол	ᠡᠨᠡ	энэ	12
болвол	ᠳ᠋ᠠ	доо	10
болвол	ᠡᠨᠡ	энэ	10
болвол	ᠶᠠᠮᠠᠷ	ямар	6
болго	ᠭᠡᠵᠦ	гэж	19
болго	ᠭᠡᠰᠡᠨ	гэсэн	11
болго	ᠰᠣᠨ	сон	10
болгов	ᠭᠡᠵᠦ	гэж	6
болгов	ᠤᠤ	уу	5
болговол	ᠮᠠᠨ ᠤ	манай	5
болговол	ᠶᠠᠰᠤᠨ	яасан	5
болгодог	ᠪᠠᠶᠢᠨ᠎ᠠ	байна	71
болгодог	ᠶᠠᠭᠤᠮ᠎ᠠ	юм	43
болгодог	ᠪᠠᠶᠢᠭᠰᠠᠨ	байсан	26
болгож	ᠪᠠᠶᠢᠨ᠎ᠠ	байна	725
болгож	ᠪᠠᠶᠢᠭ᠎ᠠ	байгаа	674
болгож	ᠪᠤᠢ	буй	212
болголоо	ᠭᠡᠵᠦ	гэж	91
болголоо	ᠭᠡᠬᠦ ᠳᠦ	гэхэд	10
болголоо	ᠭᠡᠳ	гээд	8
болгомоор	ᠪᠠᠶᠢᠨ᠎ᠠ	байна	48
болгон	ᠵᠣᠬᠢᠶᠠᠨ	зохион	517
болгон	ᠵᠠᠷᠯᠠᠭᠰᠠᠨ	зарласан	145
болгон	ᠥᠭᠡᠷᠡᠴᠢᠯᠡᠵᠦ	өөрчилж	99
болгонд	ᠨᠢ	нь	40
болгонд	ᠯᠠ	л	18
болгонд	ᠥᠭᠡᠷ᠎ᠡ	өөр	13
болгоно	ᠭᠡᠵᠦ	гэж	181
болгоно	ᠭᠡᠰᠡᠨ	гэсэн	104
болгоно	ᠭᠡᠳᠡᠭ	гэдэг	69
болгоны	ᠳᠠᠷᠠᠭ᠎ᠠ	дараа	24
болгоны	ᠡᠮᠦᠨ᠎ᠡ	өмнө	18
болгоны	ᠠᠷᠠᠳ	ард	12
болгоныг	ᠨᠢ	нь	30
болгоныг	ᠪᠢᠳᠡ	бид	7
болгоныг	ᠴᠢᠨᠢ	чинь	6
болгоод	ᠪᠠᠶᠢᠭ᠎ᠠ	байгаа	153
болгоод	ᠪᠠᠶᠢᠨ᠎ᠠ	байна	97
болгоод	ᠵᠣᠭᠰᠣᠬᠤ ᠦᠭᠡᠢ	зогсохгүй	36
болгоомжлол	ᠪᠠᠶᠢᠭ᠎ᠠ	байгаа	35
болгоомжлол	ᠪᠠᠶᠢᠨ᠎ᠠ	байна	33
болгоомжлол	ᠴᠤ	ч	25
болгоомжлох	ᠬᠡᠷᠡᠭᠲᠡᠢ	хэрэгтэй	25
болгоомжлох	ᠨᠢ	нь	10
болгоомжлох	ᠶᠣᠰᠣᠲᠠᠢ	ёстой	6
болгосон	ᠪᠠᠶᠢᠨ᠎ᠠ	байна	527
болгосон	ᠶᠠᠭᠤᠮ᠎ᠠ	юм	352
болгосон	ᠨᠢ	нь	200
болгох	ᠨᠢ	нь	496
болгох	ᠬᠡᠷᠡᠭᠲᠡᠢ	хэрэгтэй	426
болгох	ᠶᠣᠰᠣᠲᠠᠢ	ёстой	360
болгоход	ᠴᠢᠭᠯᠡᠭᠰᠡᠨ	чиглэсэн	50
болгоход	ᠠᠩᠬᠠᠷᠴᠤ	анхаарч	30
болгоход	ᠴᠢᠬᠤᠯᠠ	чухал	23
болгоё	ᠭᠡᠵᠦ	гэж	89
болгоё	ᠭᠡᠰᠡᠨ	гэсэн	59
болгоё	ᠭᠡᠪᠡᠯ	гэвэл	31
болд	ᠡᠷᠳᠡᠨᠢ	эрдэнэ	152
болд	ᠲᠡᠮᠦᠷ	төмөр	89
болд	ᠮᠣᠩᠭᠣᠯ	монгол	59
болдгийг	ᠪᠢᠳᠡ	бид	12
болдгийг	ᠬᠠᠷᠠᠭᠤᠯᠤᠭᠰᠠᠨ	харуулсан	8
болдгийг	ᠬᠠᠷᠠᠭᠤᠯᠬᠤ	харуулах	7
болдгийн	ᠠᠳᠠᠯᠢ ᠪᠠᠷ	адилаар	5
болдгийн	ᠵᠢᠱᠢᠶ᠎ᠡ	жишээ	5
болдгийн	ᠲᠣᠳᠣ	тод	5
болдог	ᠶᠠᠭᠤᠮ᠎ᠠ	юм	581
болдог	ᠪᠠᠶᠢᠨ᠎ᠠ	байна	316
болдог	ᠪᠠᠶᠢᠭᠰᠠᠨ	байсан	140
болдоггүй	ᠶᠠᠭᠤᠮ᠎ᠠ	юм	435
болдоггүй	ᠪᠠᠶᠢᠭᠰᠠᠨ	байсан	21
болдоггүй	ᠯᠠ	л	15
болдогсон	ᠪᠣᠯ	бол	54
болдоо	ᠭ	г	7
болдоо	ᠭᠡᠵᠦ	гэж	5
болдоо	ᠮᠠᠨᠢ	маань	5
болж	ᠪᠠᠶᠢᠨ᠎ᠠ	байна	6909
болж	ᠪᠠᠶᠢᠭ᠎ᠠ	байгаа	4996
болж	ᠪᠤᠢ	буй	1880
болжмор	ᠰᠢᠪᠠᠭᠤ	шувуу	7
болжмор	ᠰᠢᠭ	шиг	5
болжээ	ᠭᠡᠵᠦ	гэж	98
болжээ	ᠭᠡᠰᠡᠨ	гэсэн	28
болжээ	ᠭᠡᠳᠡᠭ ᠢ	гэдгийг	22
болзол	ᠬᠠᠩᠭᠠᠭᠰᠠᠨ	хангасан	267
болзол	ᠬᠠᠩᠭᠠᠵᠤ	хангаж	101
болзол	ᠬᠠᠩᠭᠠᠭᠠᠳ	хангаад	99
болзоо	ᠲᠣᠭᠲᠠᠭᠠᠭᠰᠠᠨ	тогтоосон	6
болзошгүй	ᠭᠡᠵᠦ	гэж	192
болзошгүй	ᠭᠡᠬᠦ	гэх	163
болзошгүй	ᠪᠠᠶᠢᠭ᠎ᠠ	байгаа	133
болзсон	ᠭᠠᠵᠠᠷ ᠢᠶᠠᠨ	газраа	12
болилоо	ᠭᠡᠬᠦ ᠳᠦ	гэхэд	8
болино	ᠭᠡᠰᠡᠨ	гэсэн	16
болино	ᠭᠡᠵᠦ	гэж	14
болиод	ᠤᠳᠤᠵᠤ	удаж	17
болиод	ᠪᠠᠶᠢᠭ᠎ᠠ	байгаа	13
болиод	ᠪᠠᠶᠢᠨ᠎ᠠ	байна	8
болиоч	ᠡ	ээ	19
болиоч	ᠭᠡᠵᠦ	гэж	7
болиоч	ᠳ᠋ᠡ	дээ	6
болиулах	ᠬᠡᠷᠡᠭᠲᠡᠢ	хэрэгтэй	15
болиулах	ᠭᠡᠵᠦ	гэж	6
болиулах	ᠶᠣᠰᠣᠲᠠᠢ	ёстой	5
болих	ᠬᠡᠷᠡᠭᠲᠡᠢ	хэрэгтэй	169
болих	ᠨᠢ	нь	24
болих	ᠤᠤ	уу	20
боллоо	ᠭᠡᠵᠦ	гэж	455
боллоо	ᠭᠡᠰᠡᠨ	гэсэн	132
боллоо	ᠬᠡᠮᠡᠨ	хэмээн	108
болмоор	ᠪᠠᠶᠢᠨ᠎ᠠ	байна	145
болмоор	ᠪᠠᠶᠢᠭ᠎ᠠ	байгаа	23
болмоор	ᠶᠠᠭᠤᠮ᠎ᠠ	юм	17
болно	ᠭᠡᠵᠦ	гэж	1873
болно	ᠭᠡᠰᠡᠨ	гэсэн	1022
болно	ᠰᠢᠦ	шүү	521
болноо	ᠳ᠋ᠠ	доо	9
болов	ᠤᠤ	уу	5992
болов	ᠠ᠋	оо	83
болов	ᠭᠡᠳᠡᠭ	гэдэг	39
боловсон	ᠬᠦᠴᠦᠨ	хүчин	704
боловсон	ᠬᠦᠴᠦᠨ ᠦ	хүчний	470
боловсон	ᠥᠩᠭᠡᠷᠡᠭᠦᠯᠬᠦ	өнгөрүүлэх	69
боловсорсон	ᠬᠦᠮᠦᠰ	хүмүүс	5
боловсрол	ᠰᠤᠶᠤᠯ	соёл	1378
боловсрол	ᠰᠢᠨᠵᠢᠯᠡᠬᠦ	шинжлэх	1201
боловсрол	ᠣᠯᠭᠣᠬᠤ	олгох	233
боловсролын	ᠰᠤᠷᠭᠠᠭᠤᠯᠢ ᠶᠢᠨ	сургуулийн	691
боловсролын	ᠰᠠᠯᠪᠤᠷᠢ ᠳᠤ	салбарт	484
боловсролын	ᠲᠤᠬᠠᠢ	тухай	318
боловсронгуй	ᠪᠣᠯᠭᠠᠬᠤ	болгох	928
боловсронгуй	ᠪᠣᠯᠭᠠᠵᠤ	болгож	143
боловсронгуй	ᠪᠣᠯᠭᠠᠬᠤ ᠳᠤ	болгоход	60
боловсрох	ᠡᠷᠬᠡ	эрх	11
боловсрох	ᠪᠣᠯᠤᠮᠵᠢ	боломж	8
боловсрох	ᠬᠡᠷᠡᠭᠲᠡᠢ	хэрэгтэй	6
боловсруулаад	ᠪᠠᠶᠢᠭ᠎ᠠ	байгаа	41
боловсруулаад	ᠪᠠᠶᠢᠨ᠎ᠠ	байна	40
боловсруулаад	ᠤᠡᠬ	уих	16
боловсруулалт	ᠬᠢᠬᠦ	хийх	35
боловсруулалт	ᠬᠢᠭᠰᠡᠨ	хийсэн	32
боловсруулалт	ᠬᠢᠵᠦ	хийж	25
боловсруулах	ᠦᠢᠯᠡᠳᠪᠦᠷᠢ	үйлдвэр	522
боловсруулах	ᠠᠵᠢᠯ ᠤᠨ	ажлын	243
боловсруулах	ᠡᠭᠦᠷᠭᠡ	үүрэг	236
боловсруулж	ᠪᠠᠶᠢᠭ᠎ᠠ	байгаа	219
боловсруулж	ᠤᠡᠬ	уих	150
боловсруулж	ᠪᠠᠶᠢᠨ᠎ᠠ	байна	121
боловсруулсан	ᠪᠠᠶᠢᠨ᠎ᠠ	байна	254
боловсруулсан	ᠶᠠᠭᠤᠮ᠎ᠠ	юм	61
боловсруулсан	ᠪᠥᠭᠡᠳ	бөгөөд	59
боловч	ᠡᠨᠡ	энэ	181
боловч	ᠨᠥᠭᠥᠭᠡ	нөгөө	76
боловч	ᠲᠡᠷᠡ	тэр	55
бололгүй	ᠶᠠᠬᠤᠪ	яахав	27
бололгүй	ᠶᠠᠬᠤ	яах	18
бололтой	ᠶᠠᠭᠤᠮ᠎ᠠ	юм	333
бололтой	ᠪᠠᠶᠢᠨ᠎ᠠ	байна	26
бололтой	ᠳᠣᠭ	дог	22
бололцоо	ᠪᠤᠢ	бий	107
бололцоо	ᠪᠠᠶᠢᠨ᠎ᠠ	байна	69
бололцоо	ᠨᠢ	нь	63
боломгүй	ᠵᠦᠢᠯ	зүйл	30
боломгүй	ᠰᠠᠨᠠᠭᠳᠠᠨ᠎ᠠ	санагдана	14
боломгүй	ᠶᠠᠭᠤᠮ᠎ᠠ	юм	13
боломж	ᠪᠤᠢ	бий	912
боломж	ᠪᠠᠶᠢᠨ᠎ᠠ	байна	578
боломж	ᠪᠠᠶᠢᠭ᠎ᠠ	байгаа	443
боломжгүй	ᠪᠣᠯᠤᠭᠰᠠᠨ	болсон	335
боломжгүй	ᠭᠡᠵᠦ	гэж	310
боломжгүй	ᠭᠡᠰᠡᠨ	гэсэн	235
боломжийг	ᠣᠯᠭᠤᠵᠤ	олгож	317
боломжийг	ᠪᠦᠷᠢᠳᠦᠭᠦᠯᠬᠦ	бүрдүүлэх	228
боломжийг	ᠨᠢ	нь	219
боломжийн	ᠲᠠᠯ᠎ᠠ ᠪᠠᠷ	талаар	250
боломжийн	ᠦᠨᠡᠲᠡᠢ	үнэтэй	54
боломжийн	ᠬᠡᠮᠵᠢᠶᠡᠨ ᠳᠦ	хэмжээнд	49
боломжит	ᠬᠤᠪᠢᠯᠪᠤᠷᠢ	хувилбар	27
боломжит	ᠪᠦᠬᠦ	бүх	24
боломжит	ᠡᠬᠡ	эх	16
боломжоо	ᠠᠰᠢᠭᠯᠠᠵᠤ	ашиглаж	37
боломжоо	ᠠᠯᠠᠳᠠᠭᠰᠠᠨ	алдсан	31
боломжоо	ᠠᠰᠢᠭᠯᠠᠨ	ашиглан	28
боломжоороо	ᠣᠯᠠᠨ	олон	8
боломжтой	ᠶᠠᠭᠤᠮ᠎ᠠ	юм	1450
боломжтой	ᠭᠡᠵᠦ	гэж	818
боломжтой	ᠪᠣᠯᠬᠤ	болох	565
болон	ᠪᠤᠰᠤᠳ	бусад	2961
болон	ᠬᠣᠯᠪᠣᠭᠣᠳᠠᠬᠤ	холбогдох	2099
болон	ᠲᠥᠷᠥ ᠶᠢᠨ	төрийн	979
болонгуут	ᠯᠠ	л	10
болоо	ᠶᠠᠭᠤ	юу	47
болоо	ᠶᠠᠭᠤᠮ᠎ᠠ	юм	14
болоо	ᠰᠢᠦ	шүү	13
болоогүй	ᠶᠠᠭᠤᠮ᠎ᠠ	юм	189
болоогүй	ᠪᠠᠶᠢᠨ᠎ᠠ	байна	159
болоогүй	ᠪᠠᠶᠢᠭ᠎ᠠ	байгаа	87
болоод	ᠪᠠᠶᠢᠨ᠎ᠠ	байна	1835
болоод	ᠪᠠᠶᠢᠭ᠎ᠠ	байгаа	1419
болоод	ᠯᠠ	л	269
болоорой	ᠭᠡᠵᠦ	гэж	10
болоосой	ᠭᠡᠵᠦ	гэж	105
болоосой	ᠭᠡᠰᠡᠨ	гэсэн	14
болоосой	ᠳ᠋ᠠ	доо	11
болооч	ᠭᠡᠰᠡᠨ	гэсэн	9
болооч	ᠭᠡᠵᠦ	гэж	6
болор	ᠴᠣᠮᠣ	цом	394
болор	ᠡᠷᠳᠡᠨᠢ	эрдэнэ	93
болор	ᠡᠬᠡ	эх	35
болортуяа	ᠨᠠᠷᠠ	нар	15
болортуяа	ᠣᠷᠬᠣᠨ	орхон	9
болортуяа	ᠪ	б	6
болох	ᠶᠠᠭᠤᠮ᠎ᠠ	юм	5470
болох	ᠨᠢ	нь	2950
болох	ᠭᠡᠵᠦ	гэж	1409
болохгүй	ᠭᠡᠵᠦ	гэж	646
болохгүй	ᠶᠠᠭᠤᠮ᠎ᠠ	юм	323
болохгүй	ᠭᠡᠰᠡᠨ	гэсэн	312
болохгүйг	ᠨᠢ	нь	17
болохгүйг	ᠰᠠᠨᠠᠭᠤᠯᠤᠭᠰᠠᠨ	сануулсан	7
болохгүйг	ᠶᠠᠰᠤ	яс	5
болохдоо	ᠯᠠ	л	5
болоход	ᠨᠢ	нь	90
болоход	ᠣᠶᠢᠷᠠᠬᠠᠨ	ойрхон	30
болоход	ᠪᠡᠯᠡᠨ	бэлэн	29
болохоо	ᠪᠠᠶᠢᠯ᠎ᠠ	байлаа	43
болохоо	ᠬᠠᠷᠠᠭᠤᠯᠤᠭᠰᠠᠨ	харуулсан	19
болохоо	ᠬᠠᠷᠠᠭᠤᠯᠵᠤ	харуулж	17
болохоор	ᠲᠡᠷᠡ	тэр	334
болохоор	ᠡᠨᠡ	энэ	295
болохоор	ᠪᠠᠶᠢᠨ᠎ᠠ	байна	252
болохоороо	ᠣᠨᠴᠠᠯᠢᠭ	онцлог	21
болохоороо	ᠯᠠ	л	20
болохоороо	ᠴᠤ	ч	6
болохоос	ᠪᠢᠰᠢ	биш	376
болохоос	ᠭᠠᠳᠠᠨ᠎ᠠ	гадна	191
болохоос	ᠡᠮᠦᠨ᠎ᠡ	өмнө	98
болохсон	ᠭᠡᠵᠦ	гэж	13
болохсон	ᠭᠡᠰᠡᠨ	гэсэн	9
болохуйц	ᠣᠯᠠᠨ	олон	9
болохуйц	ᠦᠢᠯᠡ	үйл	7
болохуйц	ᠰᠢᠨ᠎ᠡ	шинэ	6
болохыг	ᠨᠢ	нь	149
болохыг	ᠲᠣᠭᠲᠠᠭᠠᠭᠰᠠᠨ	тогтоосон	142
болохыг	ᠬᠦᠰᠴᠢ	хүсч	73
болохын	ᠲᠤᠯᠠᠳᠠ	тулд	281
болохын	ᠲᠥᠯᠥᠭᠡ	төлөө	89
болохын	ᠬᠤᠪᠢ ᠳᠤ	хувьд	56
болсноо	ᠮᠡᠳᠡᠭᠳᠡᠭᠰᠡᠨ	мэдэгдсэн	45
болсноо	ᠵᠠᠷᠯᠠᠭᠰᠠᠨ	зарласан	39
болсноо	ᠠᠯᠪᠠᠨ	албан	38
болсныг	ᠨᠢ	нь	44
болсныг	ᠲᠠ	та	35
болсныг	ᠬᠠᠷᠠᠭᠤᠯᠵᠤ	харуулж	32
болсон	ᠪᠠᠶᠢᠨ᠎ᠠ	байна	4568
болсон	ᠶᠠᠭᠤᠮ᠎ᠠ	юм	3063
болсон	ᠨᠢ	нь	1869
болсонгүй	ᠶᠠᠭᠤ	юу	8
болсонгүй	ᠪᠤᠢ	вэ	7
болсонгүй	ᠡ	ээ	7
болсонд	ᠪᠠᠶᠠᠷ	баяр	52
болсонд	ᠪᠠᠶᠠᠷᠲᠠᠢ	баяртай	43
болсонд	ᠰᠡᠳᠬᠢᠯ	сэтгэл	14
болсоноо	ᠠᠯᠪᠠᠨ	албан	8
болсоноор	ᠡᠨᠡ	энэ	7
болсоноор	ᠣᠨᠣᠭ᠎ᠠ ᠶᠢ	оноог	6
болсоор	ᠪᠠᠶᠢᠨ᠎ᠠ	байна	110
болсоор	ᠤᠳᠤᠵᠤ	удаж	65
болсоор	ᠪᠠᠶᠢᠭ᠎ᠠ	байгаа	58
болтлоо	ᠪᠠᠭᠤᠷᠠᠭᠰᠠᠨ	буурсан	47
болтлоо	ᠥᠰᠦᠭᠰᠡᠨ	өссөн	39
болтлоо	ᠪᠠᠭᠤᠷᠠᠵᠠᠢ	буурчээ	18
болтол	ᠨᠢ	нь	160
болтол	ᠡᠨᠡ	энэ	25
болтол	ᠲᠣᠳᠣᠷᠬᠠᠢ ᠦᠭᠡᠢ	тодорхойгүй	19
болтугай	ᠭᠡᠵᠦ	гэж	33
болтугай	ᠬᠡᠮᠡᠨ	хэмээн	21
болхоор	ᠪᠢ	би	6
болчимгүй	ᠦᠢᠯᠡᠳᠦᠯ	үйлдэл	12
болчимгүй	ᠠᠯᠬᠤᠮ	алхам	10
болчимгүй	ᠵᠦᠢᠯ	зүйл	5
болчих	ᠶᠠᠭᠤᠮ᠎ᠠ	юм	105
болчих	ᠭᠡᠳ	гээд	62
болчих	ᠸᠢᠢ	вий	56
болчихжээ	ᠭᠡᠵᠦ	гэж	6
болчихлоо	ᠭᠡᠵᠦ	гэж	61
болчихлоо	ᠭᠡᠳ	гээд	25
болчихлоо	ᠰᠢᠦ	шүү	23
болчихож	ᠪᠠᠶᠢᠭ᠎ᠠ	байгаа	111
болчихож	ᠪᠠᠶᠢᠨ᠎ᠠ	байна	11
болчихоод	ᠪᠠᠶᠢᠨ᠎ᠠ	байна	443
болчихоод	ᠪᠠᠶᠢᠭ᠎ᠠ	байгаа	398
болчихоод	ᠪᠠᠶᠢᠬᠤ ᠳᠤ	байхад	60
болчихсон	ᠶᠠᠭᠤᠮ᠎ᠠ	юм	195
болчихсон	ᠪᠠᠶᠢᠨ᠎ᠠ	байна	148
болчихсон	ᠪᠠᠶᠢᠭᠰᠠᠨ	байсан	119
болшгүй	ᠵᠦᠢᠯ	зүйл	16
болшгүй	ᠰᠤᠶᠤᠯ	соёл	7
болъё	ᠭᠡᠵᠦ	гэж	89
болъё	ᠭᠡᠰᠡᠨ	гэсэн	47
болъё	ᠭᠡᠪᠡᠯ	гэвэл	18
боль	ᠭᠡᠵᠦ	гэж	15
боль	ᠴᠢ	чи	10
боль	ᠭᠡᠰᠡᠨ	гэсэн	8
больж	ᠪᠠᠶᠢᠨ᠎ᠠ	байна	28
больж	ᠪᠠᠶᠢᠭ᠎ᠠ	байгаа	20
больсон	ᠪᠠᠶᠢᠨ᠎ᠠ	байна	62
больсон	ᠶᠠᠭᠤᠮ᠎ᠠ	юм	31
больсон	ᠴᠤ	ч	25
больё	ᠭᠡᠵᠦ	гэж	35
больё	ᠭᠡᠰᠡᠨ	гэсэн	14
больё	ᠭᠡᠳᠡᠭ	гэдэг	8
боов	ᠬᠬᠺ	ххк	10
боов	ᠪᠣᠭᠣᠷᠰᠣᠭ	боорцог	7
боов	ᠲᠠᠯᠬ᠎ᠠ	талх	5
боодол	ᠨᠢ	нь	15
боодол	ᠡᠪᠡᠰᠦ	өвс	9
боодол	ᠪᠣᠭᠣᠳᠠᠯ	боодол	7
боож	ᠦᠬᠦᠬᠦ	үхэх	17
боож	ᠪᠠᠶᠢᠭ᠎ᠠ	байгаа	9
боож	ᠪᠣᠯᠬᠤ ᠦᠭᠡᠢ	болохгүй	9
боол	ᠨᠢ	нь	14
боол	ᠪᠣᠯᠵᠤ	болж	12
боол	ᠮᠡᠲᠦ	мэт	12
боолт	ᠨᠢ	нь	5
боом	ᠡᠪᠡᠳᠴᠢᠨ	өвчин	59
боом	ᠭᠠᠯᠵᠠᠭᠤ	галзуу	7
боом	ᠲᠣᠣᠷ	тоор	7
боомилох	ᠨᠢ	нь	7
боомилох	ᠭᠡᠰᠡᠨ	гэсэн	5
боомт	ᠳᠡᠭᠡᠷ᠎ᠡ	дээр	76
боомт	ᠬᠦᠷᠲᠡᠯ᠎ᠡ	хүртэл	52
боомт	ᠷᠤ	руу	42
боомтод	ᠬᠦᠷᠬᠦ	хүрэх	10
боомтод	ᠠᠵᠢᠯᠯᠠᠵᠤ	ажиллаж	6
боомтод	ᠬᠦᠷᠭᠡᠬᠦ	хүргэх	6
боох	ᠶᠡᠬᠡ	их	17
боох	ᠮᠡᠬᠡ ᠪᠡᠷ	мэхээр	5
бооцоо	ᠲᠠᠯᠪᠢᠭᠰᠠᠨ	тавьсан	10
бооцоо	ᠲᠠᠯᠪᠢᠵᠤ	тавьж	7
бооцоо	ᠲᠠᠯᠪᠢᠬᠤ	тавих	5
бор	ᠵᠢᠷᠦᠬᠡ ᠪᠡᠷ ᠢᠶᠡᠨ	зүрхээрээ	92
бор	ᠰᠢᠪᠠᠭᠤ	шувуу	82
бор	ᠭᠥᠷᠥᠭᠡᠰᠦ	гөрөөс	46
боргио	ᠴᠣᠮᠣ	цом	54
бордоо	ᠤᠷᠭᠤᠮᠠᠯ	ургамал	16
бордоо	ᠬᠡᠷᠡᠭᠯᠡᠬᠦ	хэрэглэх	9
бордоо	ᠲᠡᠵᠢᠭᠡᠯ	тэжээл	6
боржин	ᠲᠥᠪ	төв	28
боржин	ᠺᠯᠤᠶᠢᠪ	клуб	5
боржин	ᠴᠢᠯᠠᠭᠤᠨ	чулуун	5
борлуулах	ᠶᠠᠭᠤᠮ᠎ᠠ	юм	26
борлуулах	ᠨᠢ	нь	23
борлуулах	ᠪᠣᠯᠤᠮᠵᠢ ᠲᠠᠢ	боломжтой	22
бороо	ᠣᠷᠣᠨ᠎ᠠ	орно	1054
бороо	ᠣᠷᠣᠬᠤ ᠦᠭᠡᠢ	орохгүй	883
бороо	ᠣᠷᠣᠵᠤ	орж	132
бороон	ᠳᠤᠰᠤᠯ ᠤᠳ	дуслууд	16
бороон	ᠳᠤᠰᠤᠯ	дусал	12
бороон	ᠳᠤᠮᠳᠠ	дунд	9
бороонд	ᠨᠣᠷᠤᠭᠰᠠᠨ	норсон	15
бороонд	ᠨᠣᠷᠴᠤ	норж	7
бороонд	ᠴᠢ	чи	7
борооноор	ᠭᠡᠳᠡᠭ	гэдэг	11
борооноор	ᠭᠡᠭᠴᠢ ᠪᠡᠷ	гэгчээр	10
борооны	ᠡᠮᠦᠨ᠎ᠡ	өмнө	72
борооны	ᠤᠰᠤ	ус	48
борооны	ᠳᠠᠷᠠᠭᠠᠬᠢ	дараах	40
бороотой	ᠵᠤᠨ ᠤ	зуны	16
бороотой	ᠦᠶ᠎ᠡ ᠳᠦ	үед	13
бороотой	ᠪᠠᠶᠢᠭᠰᠠᠨ	байсан	8
борхон	ᠵᠢᠷᠦᠬᠡ	зүрх	10
борхон	ᠵᠢᠷᠦᠬᠡ ᠪᠡᠨ	зүрхээ	7
борхон	ᠵᠢᠷᠦᠬᠡ ᠶᠢ	зүрхийг	5
бос	ᠰᠣᠨ	сон	5
босго	ᠣᠨᠣᠭ᠎ᠠ	оноо	124
босго	ᠣᠨᠣᠭ᠎ᠠ ᠶᠢ	оноог	84
босго	ᠦᠨ᠎ᠡ	үнэ	24
босгодог	ᠶᠠᠭᠤᠮ᠎ᠠ	юм	8
босгож	ᠪᠠᠶᠢᠭ᠎ᠠ	байгаа	41
босгож	ᠢᠷᠡᠬᠦ	ирэх	30
босгож	ᠪᠠᠶᠢᠨ᠎ᠠ	байна	28
босгоод	ᠪᠠᠶᠢᠭ᠎ᠠ	байгаа	14
босгоод	ᠢᠷᠡᠨ᠎ᠡ	ирнэ	7
босгоод	ᠢᠷᠡᠬᠦ	ирэх	6
босгосон	ᠨᠢ	нь	20
босгосон	ᠶᠠᠭᠤᠮ᠎ᠠ	юм	16
босгосон	ᠬᠥᠷᠥᠩᠭᠡ	хөрөнгө	12
босгох	ᠪᠣᠯᠤᠮᠵᠢ ᠲᠠᠢ	боломжтой	42
босгох	ᠪᠣᠯᠤᠮᠵᠢ	боломж	39
босгох	ᠨᠢ	нь	31
босгыг	ᠰᠠᠶ᠋ᠢ	сая	58
босгыг	ᠳᠠᠪᠠᠵᠤ	давж	28
босгыг	ᠳᠠᠪᠤᠰᠤᠨ	давсан	20
босдог	ᠪᠤᠢ	вэ	5
бослого	ᠬᠥᠳᠡᠯᠭᠡᠭᠡᠨ	хөдөлгөөн	10
бослого	ᠲᠡᠮᠡᠴᠡᠯ	тэмцэл	9
бослого	ᠭᠠᠷᠭᠠᠵᠤ	гаргаж	8
босож	ᠢᠷᠡᠭᠡᠳ	ирээд	8
босож	ᠪᠠᠶᠢᠭ᠎ᠠ	байгаа	6
босож	ᠢᠷᠡᠨ᠎ᠡ	ирнэ	5
босоо	ᠬᠥᠬᠡ	хөх	62
босоо	ᠴᠠᠭᠠᠨ	цагаан	29
босоо	ᠮᠣᠩᠭᠣᠯ	монгол	23
босоод	ᠯᠠ	л	24
босоод	ᠢᠷᠡᠨ᠎ᠡ	ирнэ	19
босоод	ᠢᠷᠡᠬᠦ	ирэх	14
босох	ᠶᠠᠭᠤᠮ᠎ᠠ	юм	23
босох	ᠨᠢ	нь	17
босох	ᠭᠡᠵᠦ	гэж	14
босс	ᠨᠢ	нь	5
боссон	ᠪᠠᠶᠢᠨ᠎ᠠ	байна	9
боссон	ᠨᠢ	нь	9
боссон	ᠴᠤ	ч	8
бостон	ᠪᠠᠯᠧᠲ	балет	44
бостон	ᠬᠣᠲᠠ ᠶᠢᠨ	хотын	18
бостон	ᠬᠣᠲᠠ ᠠᠴᠠ	хотоос	10
босч	ᠢᠷᠡᠭᠡᠳ	ирээд	48
босч	ᠪᠠᠶᠢᠭ᠎ᠠ	байгаа	24
босч	ᠪᠠᠶᠢᠨ᠎ᠠ	байна	23
боть	ᠨᠣᠮ	ном	39
боть	ᠨᠣᠮ ᠢ	номыг	12
боть	ᠨᠢ	нь	12
бохир	ᠤᠰᠤᠨ ᠤ	усны	240
бохир	ᠤᠰᠤ	ус	222
бохир	ᠤᠰᠤ ᠶᠢ	усыг	130
бохирдож	ᠪᠠᠶᠢᠨ᠎ᠠ	байна	14
бохирдож	ᠪᠠᠶᠢᠭ᠎ᠠ	байгаа	9
бохирдож	ᠬᠥᠷᠦᠰ	хөрс	6
бохирдсон	ᠭᠠᠷ ᠢᠶᠠᠨ	гараа	7
бохирдсон	ᠨᠢ	нь	7
бохирдсон	ᠲᠠᠯᠠᠪᠠᠢ ᠶᠢ	талбайг	6
бохирдуулж	ᠪᠠᠶᠢᠭ᠎ᠠ	байгаа	45
бохирдуулж	ᠪᠠᠶᠢᠨ᠎ᠠ	байна	8
бохирдуулж	ᠪᠤᠢ	буй	8
бохь	ᠵᠠᠵᠢᠯᠬᠤ	зажлах	6
бохь	ᠨᠢ	нь	6
бохь	ᠵᠠᠵᠢᠯᠵᠤ	зажилж	5
бренд	ᠪᠦᠲᠦᠭᠡᠭᠳᠡᠬᠦᠨ	бүтээгдэхүүн	6
бренд	ᠪᠣᠯᠤᠭᠰᠠᠨ	болсон	5
брокер	ᠳ᠋ᠢᠯᠧᠷ	дилер	13
брокер	ᠡᠶᠢᠨ	ийн	5
бу	ᠰᠠᠳ᠋	сад	51
бу	ᠷᠤ	руу	36
бу	ᠰᠠᠭᠠᠷᠠ	саар	11
буг	ᠳᠠᠷᠠᠬᠤ	дарах	17
буг	ᠪᠣᠯᠲᠠᠯ᠎ᠠ ᠪᠠᠨ	болтлоо	6
буг	ᠴᠢᠳᠬᠥᠷ	чөтгөр	5
буга	ᠰᠣᠭᠣ	согоо	13
буга	ᠰᠢᠲᠦᠭᠡᠨ	шүтээн	13
буга	ᠰᠠᠷᠠᠯ	саарал	11
бугуйвч	ᠨᠢ	нь	32
бугуйн	ᠴᠠᠭ	цаг	83
бугуйн	ᠴᠠᠭ ᠢ	цагийг	17
бугуйн	ᠴᠠᠭ ᠢᠶᠠᠨ	цагаа	16
бугын	ᠠᠵᠤ	аж	38
бугын	ᠡᠪᠡᠷ	эвэр	15
бугын	ᠴᠢᠪ	чив	13
буд	ᠭᠠᠷᠠᠭ	гараг	16
будаа	ᠡᠯᠡᠰᠦᠨ	элсэн	22
будаа	ᠨᠢ	нь	19
будаа	ᠮᠢᠬ᠎ᠠ	мах	12
будааг	ᠨᠢ	нь	6
будааны	ᠦᠨ᠎ᠡ	үнэ	17
будааны	ᠰᠢᠭᠦᠰᠦ	шүүс	6
будааны	ᠰᠢᠭᠦᠰᠦ ᠶᠢ	шүүсийг	6
будаг	ᠨᠢ	нь	47
будаг	ᠲᠣᠰᠤᠨ	тосон	6
будаг	ᠰᠢᠩᠬᠤ	шунх	6
будаж	ᠪᠠᠶᠢᠨ᠎ᠠ	байна	7
будаж	ᠪᠠᠶᠢᠭ᠎ᠠ	байгаа	6
будаж	ᠪᠣᠯᠬᠤ ᠦᠭᠡᠢ	болохгүй	5
будалт	ᠬᠥᠷᠥᠭ	хөрөг	9
будалт	ᠦᠰᠦ	үс	6
буддын	ᠱᠠᠰᠢᠨ	шашин	22
буддын	ᠭᠦᠨ	гүн	16
буддын	ᠯᠠᠮᠠ	лам	10
бужигнаан	ᠳᠤᠮᠳᠠ	дунд	8
бузар	ᠪᠤᠯᠠᠢ	булай	18
бузар	ᠪᠤᠯᠠᠢ ᠶᠢ	булайг	6
бузар	ᠭᠡᠵᠦ	гэж	5
буй	ᠶᠠᠭᠤᠮ᠎ᠠ	юм	2226
буй	ᠨᠢ	нь	1059
буй	ᠠᠵᠤ	аж	894
буйг	ᠬᠠᠷᠠᠭᠤᠯᠵᠤ	харуулж	37
буйг	ᠴᠤ	ч	36
буйг	ᠨᠢ	нь	27
буйгаа	ᠢᠯᠡᠷᠬᠡᠶᠢᠯᠡᠭᠰᠡᠨ	илэрхийлсэн	114
буйгаа	ᠢᠯᠡᠷᠬᠡᠶᠢᠯᠡᠵᠦ	илэрхийлж	71
буйгаа	ᠢᠯᠡᠷᠬᠡᠶᠢᠯᠡᠭᠡᠳ	илэрхийлээд	58
буйд	ᠲᠠᠯᠠᠷᠬᠠᠵᠤ	талархаж	42
буйд	ᠲᠠᠯᠠᠷᠬᠠᠯ	талархал	39
буйд	ᠪᠠᠶᠠᠷᠲᠠᠢ	баяртай	30
буйдан	ᠳᠡᠭᠡᠷ᠎ᠡ	дээр	19
буйдан	ᠳᠡᠭᠡᠷ᠎ᠡ ᠪᠡᠨ	дээрээ	8
буйдан	ᠰᠠᠨᠳᠠᠯᠢ	сандал	8
буйл	ᠨᠢ	нь	6
буйл	ᠰᠢᠳᠦ	шүд	5
буйр	ᠨᠠᠭᠤᠷ ᠤᠨ	нуурын	12
буйр	ᠨᠠᠭᠤᠷ	нуур	11
бул	ᠬᠠᠷ᠎ᠠ	хар	7
бул	ᠴᠢᠯᠠᠭᠤ	чулуу	5
бул	ᠴᠢᠯᠠᠭᠤ ᠶᠢ	чулууг	5
булааж	ᠠᠪᠬᠤ	авах	20
булааж	ᠠᠪᠴᠤ	авч	18
булааж	ᠠᠪᠤᠭᠠᠳ	аваад	15
булаам	ᠪᠦᠰᠡᠭᠦᠶᠢᠴᠦᠳ	бүсгүйчүүд	5
булаам	ᠡᠮᠡᠭᠲᠡᠢ	эмэгтэй	5
булаан	ᠠᠪᠴᠤ	авч	21
булаан	ᠠᠪᠬᠤ	авах	11
булаан	ᠠᠪᠤᠭᠰᠠᠨ	авсан	10
булаасан	ᠶᠠᠭᠤᠮ᠎ᠠ	юм	5
булаах	ᠭᠡᠵᠦ	гэж	5
булаг	ᠱᠠᠩᠳᠠ	шанд	47
булаг	ᠨᠢ	нь	21
булаг	ᠱᠠᠩᠳᠠ ᠶᠢᠨ	шандын	11
булан	ᠪᠦᠷᠢ ᠳᠦ	бүрт	282
булан	ᠪᠦᠷᠢᠶᠡᠰᠦ	бүрээс	176
булан	ᠲᠣᠬᠣᠢ	тохой	26
буланд	ᠨᠢ	нь	13
буланд	ᠰᠢᠬᠠᠵᠤ	шахаж	10
буланд	ᠡᠨᠡ	энэ	5
булах	ᠨᠢ	нь	6
булга	ᠡᠷᠳᠡᠨᠢ	эрдэнэ	13
булга	ᠣᠢ ᠶᠢᠨ	ойн	6
булга	ᠡᠷᠳᠡᠨᠢ ᠶᠢ	эрдэнийг	5
булган	ᠠᠶᠢᠮᠠᠭ ᠤᠨ	аймгийн	632
булган	ᠰᠤᠮᠤ ᠶᠢᠨ	сумын	199
булган	ᠠᠶᠢᠮᠠᠭ	аймаг	103
булгийн	ᠤᠰᠤ	ус	12
булгийн	ᠡᠬᠡ	эх	11
булгийн	ᠳᠠᠷᠤᠭ᠎ᠠ	дарга	6
булж	ᠤᠰᠠᠳᠭᠠᠬᠤ	устгах	5
булсан	ᠭᠡᠬᠦ	гэх	6
бултаж	ᠪᠠᠶᠢᠭ᠎ᠠ	байгаа	8
бултах	ᠠᠷᠭ᠎ᠠ	арга	11
бултах	ᠠᠷᠭ᠎ᠠ ᠦᠭᠡᠢ	аргагүй	9
булхай	ᠯᠤᠶᠢᠪᠠᠷ	луйвар	17
булчин	ᠰᠢᠷᠪᠦᠰᠦ	шөрмөс	29
булчин	ᠪᠣᠯᠤᠨ	болон	18
булчин	ᠨᠢ	нь	14
булчирхай	ᠴᠤ	ч	22
булчирхай	ᠨᠢ	нь	19
булчирхай	ᠲᠣᠮᠣᠷᠠᠬᠤ	томрох	13
булш	ᠪᠤᠩᠬᠤᠨ	бунхан	38
булш	ᠨᠢ	нь	6
булшлах	ᠲᠤᠬᠠᠢ	тухай	14
булшлах	ᠭᠡᠷ ᠢᠶᠡᠨ	гэрээ	11
булшлах	ᠭᠡᠵᠦ	гэж	9
бум	ᠠᠮᠠ	ам	31
бум	ᠲᠥᠭᠥᠷᠢᠭ	төгрөг	27
бум	ᠡᠷᠳᠡᠨᠢ	эрдэнэ	22
буман	ᠤᠴᠠᠷᠠᠯ	учрал	22
буман	ᠥᠯᠵᠡᠢ	өлзий	9
буман	ᠣᠯᠠᠨ ᠤ	олны	5
бумба	ᠭᠠᠯᠵᠠᠭᠤᠷᠠᠨ᠎ᠠ	галзуурна	6
бундмаа	ᠠ	а	26
бундмаа	ᠨᠠᠷᠠ	нар	15
бундмаа	ᠡᠬᠢᠨ ᠦ	эхний	13
бургас	ᠠᠭᠴᠢ	агч	7
буриад	ᠤᠯᠤᠰ ᠤᠨ	улсын	165
буриад	ᠤᠯᠤᠰ	улс	41
буриад	ᠤᠯᠤᠰ ᠲᠤ	улсад	16
буриадын	ᠠᠷᠠᠳ ᠤᠨ	ардын	19
буриадын	ᠤᠯᠠᠭᠠᠨ	улаан	15
буриадын	ᠤᠯᠤᠰ ᠤᠨ	улсын	12
бурмаа	ᠨᠠᠷᠠ	нар	52
бурмаа	ᠭᠡᠰᠢᠭᠦᠨ	гишүүн	32
бурмаа	ᠤᠡᠬ	уих	28
буруу	ᠭᠡᠵᠦ	гэж	256
буруу	ᠶᠠᠭᠤᠮ᠎ᠠ	юм	175
буруу	ᠣᠶᠢᠯᠠᠭᠠᠯᠲᠠ	ойлголт	159
бурууг	ᠨᠢ	нь	60
бурууг	ᠪᠤᠰᠤᠳ ᠠᠴᠠ	бусдаас	13
бурууг	ᠰᠢᠭᠦᠬᠦ	шүүх	11
буруугаа	ᠬᠦᠯᠢᠶᠡᠨ	хүлээн	33
буруугаа	ᠬᠦᠯᠢᠶᠡᠵᠦ	хүлээж	24
буруугаа	ᠬᠦᠯᠢᠶᠡᠭᠰᠡᠨ	хүлээсэн	15
буруугаар	ᠠᠰᠢᠭᠯᠠᠵᠤ	ашиглаж	15
буруугаар	ᠣᠶᠢᠯᠠᠭᠠᠵᠤ	ойлгож	9
буруугаар	ᠣᠶᠢᠯᠠᠭᠠᠭᠠᠳ	ойлгоод	8
буруугүй	ᠪᠤᠷᠤᠭᠤᠲᠠᠨ	буруутан	62
буруугүй	ᠭᠡᠵᠦ	гэж	57
буруугүй	ᠬᠡᠮᠡᠨ	хэмээн	36
буруудах	ᠵᠦᠢᠯ ᠦᠭᠡᠢ	зүйлгүй	24
буруудах	ᠵᠦᠢᠯ	зүйл	14
буруудах	ᠶᠠᠭᠤᠮ᠎ᠠ ᠦᠭᠡᠢ	юмгүй	6
буруутай	ᠨᠢ	нь	316
буруутай	ᠭᠡᠵᠦ	гэж	167
буруутай	ᠦᠢᠯᠡ	үйл	133
буруутайг	ᠨᠢ	нь	45
буруутайг	ᠲᠣᠭᠲᠠᠭᠠᠵᠤ	тогтоож	6
буруутайг	ᠰᠢᠭᠦᠬᠦ	шүүх	6
буруутан	ᠨᠢ	нь	97
буруутан	ᠪᠣᠯᠵᠤ	болж	13
буруутан	ᠪᠣᠯᠬᠤ	болох	11
буруутгаж	ᠪᠠᠶᠢᠭ᠎ᠠ	байгаа	318
буруутгаж	ᠪᠤᠢ	буй	94
буруутгаж	ᠪᠠᠶᠢᠭᠰᠠᠨ	байсан	51
буруутгах	ᠠᠷᠭ᠎ᠠ ᠦᠭᠡᠢ	аргагүй	66
буруутгах	ᠨᠢ	нь	25
буруутгах	ᠭᠡᠵᠦ	гэж	16
бурхан	ᠮᠢᠨᠢ	минь	73
бурхан	ᠪᠠᠭᠰᠢ ᠶᠢᠨ	багшийн	69
бурхан	ᠪᠣᠯᠤᠭᠰᠠᠨ	болсон	49
бурханаас	ᠵᠠᠶᠠᠭᠠᠭᠰᠠᠨ	заяасан	9
бурханаас	ᠥᠭᠭᠦᠭᠰᠡᠨ	өгсөн	5
бурханд	ᠢᠯᠡᠭᠡᠭᠰᠡᠨ	илгээсэн	10
бурханы	ᠣᠷᠣᠨ ᠳᠤ	оронд	16
бурханы	ᠱᠠᠰᠢᠨ	шашин	13
бурханы	ᠡᠯᠴᠢ	элч	9
бурхнаас	ᠥᠭᠭᠦᠭᠰᠡᠨ	өгсөн	9
бурхнаас	ᠵᠠᠶᠠᠭᠠᠭᠰᠠᠨ	заяасан	8
бурхнаас	ᠢᠯᠡᠭᠡᠭᠰᠡᠨ	илгээсэн	5
бурхны	ᠣᠷᠣᠨ ᠳᠤ	оронд	45
бурхны	ᠱᠠᠰᠢᠨ	шашин	11
бурхны	ᠬᠡᠰᠢᠭ	хишиг	6
бус	ᠪᠠᠶᠢᠭᠤᠯᠤᠯᠭ᠎ᠠ	байгууллага	657
бус	ᠬᠠᠷᠢᠨ	харин	288
бус	ᠤᠤ	уу	231
бусаар	ᠬᠢᠯᠢ	хил	127
бусаар	ᠣᠯᠵᠤ	олж	87
бусаар	ᠪᠡᠯᠡᠳᠬᠡᠭᠰᠡᠨ	бэлтгэсэн	61
бусад	ᠨᠤᠲᠤᠭ ᠢᠶᠠᠷ	нутгаар	3852
бусад	ᠬᠠᠤᠯᠢ ᠶᠢᠨ	хуулийн	1596
бусад	ᠨᠢ	нь	749
бусаддаа	ᠦᠯᠢᠭᠡᠷ	үлгэр	6
бусадтай	ᠪᠦᠯᠦᠭᠯᠡᠨ	бүлэглэн	80
бусадтай	ᠬᠤᠪᠢᠶᠠᠯᠴᠠᠬᠤ	хуваалцах	31
бусадтай	ᠯᠠ	л	16
бусармаг	ᠦᠢᠯᠡ	үйл	15
бусармаг	ᠦᠢᠯᠡᠳᠦᠯ ᠢ	үйлдлийг	10
бусармаг	ᠦᠢᠯᠡᠳᠦᠯ	үйлдэл	9
бусдаар	ᠪᠣᠯ	бол	22
бусдаар	ᠳᠠᠮᠵᠢᠭᠤᠯᠤᠨ	дамжуулан	13
бусдаас	ᠢᠯᠡᠭᠦᠦ	илүү	75
бусдаас	ᠢᠯᠭᠠᠷᠠᠬᠤ	ялгарах	59
бусдаас	ᠬᠠᠷᠠᠭᠠᠲᠤ	хараат	35
бусдаасаа	ᠢᠯᠡᠭᠦᠦ	илүү	33
бусдаасаа	ᠠᠷᠠᠢ	арай	16
бусдаасаа	ᠢᠯᠭᠠᠷᠴᠢ	ялгарч	10
бусдад	ᠨᠢ	нь	53
бусдад	ᠶᠡᠬᠡ	их	42
бусдад	ᠰᠢᠯᠵᠢᠭᠦᠯᠬᠦ	шилжүүлэх	30
бусдыг	ᠨᠢ	нь	177
бусдыг	ᠣᠨᠴᠠ	онц	34
бусдыг	ᠬᠤᠭᠤᠷᠴᠢ	хуурч	17
бусдыгаа	ᠪᠣᠳᠣᠪᠠᠯ	бодвол	17
бусдыгаа	ᠮᠠᠩᠯᠠᠶᠢᠯᠠᠨ	манлайлан	8
бусдыгаа	ᠮᠠᠩᠯᠠᠶᠢᠯᠠᠵᠤ	манлайлж	7
бусдын	ᠡᠳ᠋	эд	320
бусдын	ᠭᠠᠷ ᠲᠤ	гарт	96
бусдын	ᠠᠳᠠᠯᠢ	адил	86
бусыг	ᠦᠵᠡᠭᠦᠯᠦᠭᠰᠡᠨ	үзүүлсэн	52
бусыг	ᠦᠵᠡᠭᠦᠯᠵᠡᠢ	үзүүлжээ	17
бусыг	ᠦᠵᠡᠭᠦᠯᠵᠦ	үзүүлж	13
бусын	ᠦᠵᠡᠰᠬᠦᠯᠡᠩ ᠲᠡᠢ	үзэсгэлэнтэй	10
бусын	ᠬᠣᠷᠣᠭᠳᠠᠯ	хорогдол	9
бусын	ᠵᠦᠢᠯ	зүйл	7
бут	ᠰᠥᠭᠡᠭ	сөөг	34
бут	ᠠᠪᠬᠤ	авах	16
бут	ᠠᠪᠬᠤ ᠪᠠᠷ	авахаар	9
бутан	ᠤᠯᠤᠰ ᠤᠨ	улсын	9
бутан	ᠤᠯᠤᠰ	улс	5
бууг	ᠨᠢ	нь	11
буугаад	ᠪᠠᠶᠢᠨ᠎ᠠ	байна	14
буугаад	ᠢᠷᠡᠬᠦ ᠳᠦ	ирэхэд	9
буугаад	ᠯᠠ	л	9
буудаг	ᠶᠠᠭᠤᠮ᠎ᠠ	юм	7
буудагч	ᠳᠡᠯᠡᠬᠡᠢ ᠶᠢᠨ	дэлхийн	6
буудаж	ᠬᠥᠨᠥᠭᠡᠭᠰᠡᠨ	хөнөөсөн	58
буудаж	ᠠᠮᠢ	амь	14
буудаж	ᠪᠠᠶᠢᠭ᠎ᠠ	байгаа	9
буудай	ᠢᠮᠫᠤᠷᠲᠯᠠᠬᠤ	импортлох	60
буудай	ᠣᠷᠣᠭᠤᠯᠵᠤ	оруулж	47
буудай	ᠮᠢᠩᠭᠠᠨ	мянган	31
буудал	ᠪᠠᠷᠢᠬᠤ	барих	117
буудал	ᠳᠡᠭᠡᠷ᠎ᠡ	дээр	113
буудал	ᠨᠢ	нь	49
буудалд	ᠵᠣᠬᠢᠶᠠᠨ	зохион	44
буудалд	ᠪᠣᠯᠵᠤ	болж	40
буудалд	ᠪᠣᠯᠬᠤ	болох	37
буудах	ᠲᠤᠰᠢᠶᠠᠯ	тушаал	29
буудах	ᠳᠠᠰᠬᠠᠯ	дасгал	14
буудах	ᠪᠣᠯᠤᠮᠵᠢ	боломж	7
буудлага	ᠬᠥᠩᠭᠡᠨ	хөнгөн	10
буудлага	ᠴᠢᠯᠦᠭᠡᠲᠦ	чөлөөт	8
буудлага	ᠮᠣᠩᠭᠣᠯ ᠤᠨ	монголын	7
буудлын	ᠬᠤᠷᠠᠯ ᠤᠨ	хурлын	68
буудлын	ᠥᠷᠥᠭᠡᠨ ᠳᠦ	өрөөнд	18
буудлын	ᠪᠠᠷᠠᠭᠤᠨ	баруун	17
буудна	ᠰᠢᠦ	шүү	8
буудна	ᠭᠡᠳᠡᠭ	гэдэг	5
бууж	ᠪᠠᠶᠢᠨ᠎ᠠ	байна	60
бууж	ᠪᠠᠶᠢᠭ᠎ᠠ	байгаа	59
бууж	ᠥᠭᠭᠦᠬᠦ ᠦᠭᠡᠢ	өгөхгүй	44
бууз	ᠪᠠᠩᠰᠢ	банш	36
бууз	ᠬᠤᠤᠱᠤᠤᠷ	хуушуур	13
бууз	ᠨᠢᠭᠡ	нэг	6
буулаа	ᠭᠡᠬᠦ ᠳᠦ	гэхэд	5
буулгаад	ᠠᠯᠢ	аль	5
буулгаад	ᠪᠠᠶᠢᠨ᠎ᠠ	байна	5
буулгаж	ᠠᠪᠤᠭᠰᠠᠨ	авсан	100
буулгаж	ᠠᠪᠤᠯ᠎ᠠ	авлаа	39
буулгаж	ᠪᠠᠶᠢᠭ᠎ᠠ	байгаа	34
буулгана	ᠭᠡᠵᠦ	гэж	19
буулгана	ᠭᠡᠰᠡᠨ	гэсэн	16
буулгана	ᠭᠡᠳᠡᠭ	гэдэг	10
буулгасан	ᠶᠠᠭᠤᠮ᠎ᠠ	юм	30
буулгасан	ᠨᠢ	нь	29
буулгасан	ᠪᠠᠶᠢᠨ᠎ᠠ	байна	26
буулгах	ᠨᠢ	нь	38
буулгах	ᠭᠡᠵᠦ	гэж	35
буулгах	ᠲᠤᠬᠠᠢ	тухай	34
буулт	ᠬᠢᠵᠦ	хийж	36
буулт	ᠬᠢᠭᠰᠡᠨ	хийсэн	26
буулт	ᠬᠢᠬᠦ	хийх	21
буун	ᠳᠠᠭᠤᠤ	дуу	50
бууна	ᠭᠡᠳᠡᠭ	гэдэг	11
бууна	ᠭᠡᠳᠡᠭ ᠢ	гэдгийг	10
бууна	ᠭᠡᠰᠡᠨ	гэсэн	10
бууны	ᠰᠤᠮᠤ	сум	23
бууны	ᠮ	м	18
бууны	ᠰᠤᠮᠤᠨ ᠳᠤ	суманд	13
буур	ᠰᠠᠩ	сан	22
буураад	ᠪᠠᠶᠢᠭ᠎ᠠ	байгаа	67
буураад	ᠪᠠᠶᠢᠨ᠎ᠠ	байна	67
буураад	ᠪᠠᠶᠢᠭᠰᠠᠨ	байсан	14
буурай	ᠬᠥᠭᠵᠢᠯᠲᠡᠢ	хөгжилтэй	53
буурай	ᠣᠷᠣᠨ ᠤ	орны	16
буурай	ᠣᠷᠣᠨ	орон	16
буурал	ᠲᠢᠪ ᠦᠨ	тивийн	37
буурал	ᠠᠪᠤ	аав	23
буурал	ᠡᠵᠢ	ээж	10
буурах	ᠨᠢ	нь	89
буурах	ᠪᠣᠯᠤᠮᠵᠢ ᠲᠠᠢ	боломжтой	62
буурах	ᠬᠠᠨᠳᠤᠯᠭ᠎ᠠ	хандлага	49
буурахгүй	ᠪᠠᠶᠢᠭ᠎ᠠ	байгаа	106
буурахгүй	ᠪᠠᠶᠢᠨ᠎ᠠ	байна	74
буурахгүй	ᠪᠠᠶᠢᠭ᠎ᠠ ᠶᠢ	байгааг	19
буурлаа	ᠭᠡᠵᠦ	гэж	13
буурлаа	ᠭᠡᠰᠡᠨ	гэсэн	8
буурлаа	ᠭᠡᠬᠦ ᠳᠦ	гэхэд	7
буурлууд	ᠮᠠᠨᠢ	маань	5
буурсан	ᠪᠠᠶᠢᠨ᠎ᠠ	байна	440
буурсан	ᠨᠢ	нь	323
буурсан	ᠦᠵᠡᠭᠦᠯᠦᠯᠲᠡ	үзүүлэлт	244
бууруулах	ᠦᠨᠳᠦᠰᠦᠨ ᠦ	үндэсний	180
бууруулах	ᠪᠣᠯᠤᠮᠵᠢ ᠲᠠᠢ	боломжтой	107
бууруулах	ᠲᠠᠯ᠎ᠠ ᠪᠠᠷ	талаар	99
бууруулж	ᠪᠠᠶᠢᠭ᠎ᠠ	байгаа	69
бууруулж	ᠴᠢᠳᠠᠭᠰᠠᠨ	чадсан	49
бууруулж	ᠪᠠᠶᠢᠨ᠎ᠠ	байна	29
бууруулсан	ᠨᠢ	нь	50
бууруулсан	ᠪᠠᠶᠢᠨ᠎ᠠ	байна	38
бууруулсан	ᠶᠠᠭᠤᠮ᠎ᠠ	юм	20
буурч	ᠪᠠᠶᠢᠭ᠎ᠠ	байгаа	406
буурч	ᠪᠠᠶᠢᠨ᠎ᠠ	байна	171
буурч	ᠪᠠᠶᠢᠭᠰᠠᠨ	байсан	47
буурчээ	ᠭᠡᠵᠦ	гэж	5
буурь	ᠰᠠᠭᠤᠷᠢ ᠲᠠᠢ	суурьтай	21
буурь	ᠵᠢᠭᠠᠵᠤ	зааж	8
буусан	ᠶᠠᠭᠤᠮ᠎ᠠ	юм	40
буусан	ᠨᠢ	нь	31
буусан	ᠪᠠᠶᠢᠨ᠎ᠠ	байна	30
буутай	ᠡᠲᠡᠭᠡᠳ	этгээд	9
буух	ᠨᠢ	нь	39
буух	ᠡᠵᠡᠨ	эзэн	27
буух	ᠪᠤᠢ	вэ	19
буухад	ᠨᠢ	нь	13
буухад	ᠯᠠ	л	6
буухгүй	ᠪᠠᠶᠢᠭ᠎ᠠ	байгаа	19
буухгүй	ᠪᠠᠶᠢᠨ᠎ᠠ	байна	13
буухгүй	ᠶᠠᠭᠤᠮ᠎ᠠ	юм	8
буухиа	ᠤᠷᠤᠯᠳᠤᠭᠠᠨ	уралдаан	19
буухиа	ᠲᠡᠮᠡᠴᠡᠭᠡᠨ	тэмцээн	13
буухиа	ᠨᠢ	нь	9
бууцагаан	ᠰᠤᠮᠤ ᠶᠢᠨ	сумын	12
бууцагаан	ᠰᠤᠮᠤ	сум	7
бууцагаан	ᠪᠠᠶᠠᠨᠯᠢᠭ	баянлиг	5
бууч	ᠪᠣᠯᠤᠭᠰᠠᠨ	болсон	7
бууч	ᠪᠣᠯᠵᠤ	болж	5
бух	ᠰᠢᠭ	шиг	9
бухимдаж	ᠪᠠᠶᠢᠨ᠎ᠠ	байна	43
бухимдаж	ᠪᠠᠶᠢᠭ᠎ᠠ	байгаа	23
бухимдаж	ᠪᠠᠶᠢᠭᠰᠠᠨ	байсан	13
бухимдал	ᠳᠡᠭᠡᠳᠦ	дээд	8
бухимдал	ᠨᠢ	нь	8
бухимдал	ᠲᠥᠷᠦᠭᠦᠯᠵᠦ	төрүүлж	6
бухимдах	ᠬᠦᠮᠦᠨ	хүн	11
бухимдах	ᠵᠦᠢᠯ	зүйл	8
бухимдах	ᠶᠠᠭᠤᠮ᠎ᠠ	юм	7
бухимдлаа	ᠢᠯᠡᠷᠬᠡᠶᠢᠯᠡᠵᠦ	илэрхийлж	12
бухимдлаа	ᠢᠯᠡᠷᠬᠡᠶᠢᠯᠡᠭᠰᠡᠨ	илэрхийлсэн	11
бухимдлаа	ᠲᠠᠶᠢᠯᠬᠤ	тайлах	5
бухимдлыг	ᠲᠥᠷᠦᠭᠦᠯᠵᠦ	төрүүлж	10
бухимдлыг	ᠨᠢ	нь	8
бухимдуулж	ᠪᠠᠶᠢᠨ᠎ᠠ	байна	20
бухимдуулж	ᠪᠠᠶᠢᠭ᠎ᠠ	байгаа	8
бухимдуулж	ᠪᠤᠢ	буй	6
буцаагаад	ᠪᠠᠶᠢᠭᠰᠠᠨ	байсан	20
буцаагаад	ᠪᠠᠶᠢᠭ᠎ᠠ	байгаа	18
буцаагаад	ᠠᠪᠬᠤ	авах	8
буцаад	ᠯᠠ	л	29
буцаад	ᠢᠷᠡᠬᠦ ᠳᠦ	ирэхэд	12
буцаад	ᠥᠰᠴᠢ	өсч	12
буцааж	ᠠᠪᠬᠤ	авах	50
буцааж	ᠪᠠᠶᠢᠭᠰᠠᠨ	байсан	48
буцааж	ᠥᠭᠬᠦ	өгөх	35
буцаан	ᠣᠯᠭᠣᠬᠤ	олгох	116
буцаан	ᠠᠪᠬᠤ	авах	79
буцаан	ᠠᠪᠴᠤ	авч	49
буцаах	ᠲᠤᠬᠠᠢ	тухай	50
буцаах	ᠰᠢᠢᠳᠪᠦᠷᠢ	шийдвэр	43
буцаах	ᠨᠢ	нь	18
буцаж	ᠪᠠᠶᠢᠭ᠎ᠠ	байгаа	42
буцаж	ᠢᠷᠡᠭᠰᠡᠨ	ирсэн	37
буцаж	ᠪᠠᠶᠢᠨ᠎ᠠ	байна	30
буцалж	ᠪᠠᠶᠢᠳᠠᠭ	байдаг	9
буцалж	ᠪᠠᠶᠢᠬᠤ	байх	9
буцалж	ᠪᠠᠶᠢᠭᠰᠠᠨ	байсан	8
буцалсан	ᠤᠰᠤ	ус	45
буцалсан	ᠤᠰᠤᠨ ᠳᠤ	усанд	20
буцалсан	ᠬᠠᠯᠠᠭᠤᠨ	халуун	13
буцалтгүй	ᠲᠤᠰᠠᠯᠠᠮᠵᠢ	тусламж	228
буцалтгүй	ᠰᠢᠢᠳᠡᠭᠰᠡᠨ	шийдсэн	9
буцан	ᠢᠷᠡᠵᠦ	ирж	10
буцан	ᠣᠷᠣᠵᠤ	орж	5
буцах	ᠵᠠᠮ ᠳᠤ ᠪᠠᠨ	замдаа	33
буцах	ᠳᠠᠮᠵᠢᠨ	дамжин	31
буцах	ᠭᠡᠵᠦ	гэж	28
буцахгүй	ᠪᠣᠯᠤᠭᠰᠠᠨ	болсон	9
буцахгүй	ᠪᠠᠶᠢᠭ᠎ᠠ	байгаа	5
буцахдаа	ᠵᠠᠯᠠᠨ᠎ᠠ	зална	7
буцдаг	ᠪᠠᠶᠢᠭᠰᠠᠨ	байсан	9
буцлаа	ᠭᠡᠵᠦ	гэж	9
буцлаа	ᠳ᠋ᠠ	даа	5
буцна	ᠭᠡᠰᠡᠨ	гэсэн	6
буцсан	ᠶᠠᠭᠤᠮ᠎ᠠ	юм	29
буцсан	ᠨᠢ	нь	26
буцсан	ᠪᠠᠶᠢᠨ᠎ᠠ	байна	20
бушуухан	ᠰᠢᠭ	шиг	8
бушуухан	ᠯᠠ	л	7
буюу	ᠣᠨ ᠤ	оны	572
буюу	ᠡᠨᠡ	энэ	456
буюу	ᠣᠨ ᠳᠤ	онд	387
буян	ᠵᠠᠶᠠᠭ᠎ᠠ	заяа	37
буян	ᠬᠤᠸᠠ	ухаа	33
буян	ᠥᠯᠵᠡᠢ	өлзий	32
буянаар	ᠪᠢᠳᠡ	бид	7
буянаар	ᠯᠠ	л	7
буянаар	ᠪᠢ	би	5
буянт	ᠬᠤᠸᠠ	ухаа	1159
буянт	ᠰᠤᠮᠤ ᠶᠢᠨ	сумын	34
буянт	ᠬᠤᠸᠠ ᠶᠢᠨ	ухаагийн	30
буянтай	ᠠᠵᠢᠯ	ажил	17
буянтай	ᠦᠢᠯᠡᠰ	үйлс	16
буянтай	ᠬᠦᠮᠦᠨ	хүн	14
буянхишиг	ᠨᠠᠷᠠ	нар	8
буянхишиг	ᠣᠷᠬᠣᠨ	орхон	7
буянхишиг	ᠬᠡᠦ	хүү	5
буяны	ᠦᠢᠯᠡᠰ ᠲᠦ	үйлсэд	32
буяны	ᠠᠵᠢᠯ	ажил	15
буяны	ᠦᠢᠯᠡ	үйл	13
бшуя	ᠨ ᠤ	ны	227
бшуя	ᠨᠳ	нд	30
бшуя	ᠲᠠᠢ	тай	18
бэ	ᠭᠡᠳᠡᠭ ᠢ	гэдгийг	450
бэ	ᠭᠡᠳᠡᠭ	гэдэг	296
бэ	ᠭᠡᠵᠦ	гэж	237
бэл	ᠪᠡᠨᠴᠢᠨ	бэнчин	15
бэл	ᠳ᠋ᠡᠬᠢ	дэх	11
бэл	ᠭᠡᠶᠢᠨ	гийн	6
бэлгийг	ᠨᠢ	нь	5
бэлгийн	ᠵᠠᠮ ᠤᠨ	замын	179
бэлгийн	ᠵᠠᠮ ᠢᠶᠠᠷ	замаар	135
бэлгийн	ᠳᠤᠷ᠎ᠠ	дур	33
бэлгэ	ᠲᠡᠮᠳᠡᠭ	тэмдэг	143
бэлгэ	ᠭᠡᠳᠡᠭ	гэдэг	5
бэлгэвч	ᠬᠡᠷᠡᠭᠯᠡᠬᠦ	хэрэглэх	11
бэлгэдэл	ᠪᠣᠯᠤᠭᠰᠠᠨ	болсон	37
бэлгэдэл	ᠭᠡᠵᠦ	гэж	11
бэлгэдэл	ᠨᠢ	нь	10
бэлгэнд	ᠠᠪᠬᠤ	авах	14
бэлгэнд	ᠠᠪᠤᠭᠰᠠᠨ	авсан	10
бэлгэнд	ᠢᠷᠡᠭᠰᠡᠨ	ирсэн	8
бэлгээ	ᠵᠠᠳᠠᠯᠵᠤ	задалж	7
бэлгээ	ᠵᠠᠳᠠᠯᠤᠨ	задлан	5
бэлд	ᠨᠢ	нь	12
бэлд	ᠭᠡᠳᠡᠭ	гэдэг	6
бэлд	ᠤᠷᠤᠰᠢᠬᠤ	орших	5
бэлдсэн	ᠪᠠᠶᠢᠨ᠎ᠠ	байна	17
бэлдсэн	ᠪᠠᠶᠢᠭ᠎ᠠ	байгаа	16
бэлдсэн	ᠪᠠᠶᠢᠬᠤ	байх	13
бэлдэж	ᠪᠠᠶᠢᠨ᠎ᠠ	байна	97
бэлдэж	ᠪᠠᠶᠢᠭ᠎ᠠ	байгаа	92
бэлдэж	ᠪᠠᠶᠢᠭᠰᠠᠨ	байсан	28
бэлдэх	ᠬᠡᠷᠡᠭᠲᠡᠢ	хэрэгтэй	27
бэлдэх	ᠭᠡᠵᠦ	гэж	11
бэлдэх	ᠶᠣᠰᠣᠲᠠᠢ	ёстой	11
бэлдээд	ᠪᠠᠶᠢᠭ᠎ᠠ	байгаа	29
бэлдээд	ᠪᠠᠶᠢᠨ᠎ᠠ	байна	16
бэлдээд	ᠯᠠ	л	6
бэлтгэж	ᠪᠠᠶᠢᠭ᠎ᠠ	байгаа	302
бэлтгэж	ᠪᠠᠶᠢᠨ᠎ᠠ	байна	263
бэлтгэж	ᠪᠤᠢ	буй	76
бэлтгэл	ᠬᠢᠵᠦ	хийж	459
бэлтгэл	ᠠᠵᠢᠯ	ажил	433
бэлтгэл	ᠠᠵᠢᠯ ᠢ	ажлыг	356
бэлтгэн	ᠭᠠᠷᠭᠠᠬᠤ	гаргах	28
бэлтгэн	ᠨᠡᠶᠢᠯᠡᠭᠦᠯᠦᠭᠴᠢ	нийлүүлэгч	28
бэлтгэн	ᠭᠠᠷᠭᠠᠭᠰᠠᠨ	гаргасан	25
бэлтгэсэн	ᠱ	ш	683
бэлтгэсэн	ᠪᠠᠶᠢᠨ᠎ᠠ	байна	52
бэлтгэсэн	ᠣᠯᠵᠤ	олж	44
бэлтгэх	ᠡᠭᠦᠷᠭᠡ	үүрэг	749
бэлтгэх	ᠠᠵᠢᠯ ᠤᠨ	ажлын	66
бэлтгэх	ᠨᠢ	нь	49
бэлчир	ᠢᠳᠡᠷ	идэр	131
бэлчир	ᠰᠡᠯᠡᠩᠭᠡ	сэлэнгэ	20
бэлчир	ᠪᠣᠯᠤᠨ	болон	11
бэлчээр	ᠲᠣᠮ ᠲᠠᠢ	томтой	12
бэлчээр	ᠠᠰᠢᠭᠯᠠᠬᠤ	ашиглах	9
бэлчээр	ᠤᠰᠤᠨ ᠤ	усны	9
бэлчээрт	ᠭᠠᠷᠴᠤ	гарч	5
бэлэг	ᠪᠠᠷᠢᠵᠤ	барьж	111
бэлэг	ᠪᠠᠷᠢᠬᠤ	барих	94
бэлэг	ᠪᠠᠷᠢᠭᠰᠠᠨ	барьсан	94
бэлэглэдэг	ᠪᠠᠶᠢᠬᠤ ᠳᠤ	байхад	8
бэлэглэдэг	ᠶᠠᠭᠤᠮ᠎ᠠ	юм	6
бэлэглэдэг	ᠪᠣᠯ	бол	5
бэлэглэж	ᠪᠠᠶᠢᠭᠰᠠᠨ	байсан	37
бэлэглэж	ᠪᠠᠶᠢᠭ᠎ᠠ	байгаа	34
бэлэглэж	ᠪᠤᠢ	буй	19
бэлэглэнэ	ᠭᠡᠵᠦ	гэж	8
бэлэглэсэн	ᠶᠠᠭᠤᠮ᠎ᠠ	юм	54
бэлэглэсэн	ᠪᠠᠶᠢᠨ᠎ᠠ	байна	39
бэлэглэсэн	ᠨᠢ	нь	15
бэлэглэх	ᠶᠠᠭᠤᠮ᠎ᠠ	юм	24
бэлэглэх	ᠨᠢ	нь	15
бэлэглэх	ᠡᠳᠦᠷ	өдөр	13
бэлэгтэй	ᠬᠤᠳᠠᠯᠳᠤᠭ᠎ᠠ	худалдаа	8
бэлэн	ᠪᠣᠯᠤᠭᠰᠠᠨ	болсон	470
бэлэн	ᠮᠥᠩᠭᠥ	мөнгө	457
бэлэн	ᠪᠠᠶᠢᠨ᠎ᠠ	байна	437
бэлэнчлэх	ᠰᠡᠳᠬᠢᠯᠭᠡ	сэтгэлгээ	12
бэр	ᠭᠤᠶᠤᠬᠤ	гуйх	21
бэр	ᠴᠡᠴᠡᠭ	цэцэг	17
бэр	ᠴᠡᠴᠡᠭ ᠢ	цэцгийг	16
бэртэх	ᠨᠢ	нь	8
бэртэх	ᠠᠮᠢ	амь	5
бэрх	ᠪᠠᠶᠢᠨ᠎ᠠ	байна	22
бэрх	ᠶᠠᠭᠤᠮ᠎ᠠ	юм	18
бэрх	ᠤᠤᠯ	уул	17
бэрхшээл	ᠨᠢ	нь	59
бэрхшээл	ᠲᠤᠯᠭᠠᠷᠴᠢ	тулгарч	46
бэрхшээл	ᠤᠴᠠᠷᠠᠭᠤᠯᠵᠤ	учруулж	33
бэрхшээлийг	ᠳᠠᠪᠠᠨ	даван	65
бэрхшээлийг	ᠠᠷᠢᠯᠭᠠᠬᠤ	арилгах	16
бэрхшээлийг	ᠬᠡᠷᠬᠢᠨ	хэрхэн	16
бэрхшээлийн	ᠲᠠᠯ᠎ᠠ ᠪᠠᠷ	талаар	27
бэрхшээлийн	ᠲᠠᠯᠠᠭᠠᠷᠬᠢ	талаарх	7
бэрхшээлийн	ᠨᠢᠭᠡ	нэг	5
бэрхшээлтэй	ᠢᠷᠭᠡᠳ ᠦᠨ	иргэдийн	233
бэрхшээлтэй	ᠢᠷᠭᠡᠳ	иргэд	227
бэрхшээлтэй	ᠬᠡᠦᠬᠡᠳ ᠦᠨ	хүүхдийн	82
бэрхшээлээс	ᠪᠣᠯᠤᠭᠠᠳ	болоод	6
бэрхшээлээс	ᠰᠢᠯᠲᠠᠭᠠᠯᠠᠨ	шалтгаалан	6
бэрхшээлээс	ᠭᠠᠳᠠᠨ᠎ᠠ	гадна	5
бэсрэг	ᠵᠦᠵᠦᠭᠡ ᠶᠢᠨ	жүжгийн	73
бэсрэг	ᠨᠠᠭᠠᠳᠤᠮ	наадам	38
бэсрэг	ᠺᠢᠨᠣ᠋	кино	28
бэх	ᠨᠢ	нь	12
бэх	ᠣᠴᠢᠷ	очир	8
бэх	ᠦᠨᠳᠦᠰᠦ	үндэс	7
бэхжүүлэх	ᠨᠢ	нь	126
бэхжүүлэх	ᠪᠠᠭ᠎ᠠ	бага	59
бэхжүүлэх	ᠦᠨᠳᠦᠰᠦᠨ ᠦ	үндэсний	32
бээжин	ᠬᠣᠲᠠᠳ	хотод	96
бээжин	ᠳ᠋ᠡᠬᠢ	дэх	61
бээжин	ᠬᠣᠲᠠ ᠶᠢᠨ	хотын	60
бээжинд	ᠪᠣᠯᠤᠭᠰᠠᠨ	болсон	20
бээжинд	ᠪᠣᠯᠬᠤ	болох	10
бээжинд	ᠰᠠᠭᠤᠭ᠎ᠠ	суугаа	9
бээлий	ᠨᠢ	нь	17
бээлий	ᠺᠯᠤᠶᠢᠪ	клуб	15
бээлий	ᠬᠡᠷᠡᠭᠯᠡᠬᠦ	хэрэглэх	5
бялдар	ᠣᠶᠤᠨ	оюун	8
бялдар	ᠰᠠᠶᠢᠲᠠᠢ	сайтай	7
бялдар	ᠰᠡᠳᠬᠢᠯ	сэтгэл	7
бялуу	ᠬᠤᠪᠢᠶᠠᠬᠤ	хуваах	9
бялуу	ᠣᠷᠭᠢᠯᠤᠭᠤᠨ	оргилуун	6
бялуу	ᠥᠨᠳᠡᠭᠡ	өндөг	5
бямба	ᠭᠠᠷᠠᠭ ᠲᠤ	гаригт	672
бямба	ᠣᠴᠢᠷ	очир	456
бямба	ᠭᠠᠷᠠᠭ ᠤᠨ	гаригийн	118
бямбаа	ᠨᠢ	нь	15
бямбаа	ᠨᠠᠷᠠ	нар	12
бямбаа	ᠪᠣᠯᠤᠨ	болон	10
бяр	ᠨᠢ	нь	19
бяр	ᠴᠢᠳᠠᠯ	чадал	18
бяр	ᠲᠡᠩᠬᠡᠭᠡ	тэнхээ	14
бяртай	ᠪᠥᠬᠡ	бөх	6
бяртай	ᠪᠠᠶᠢᠭᠰᠠᠨ	байсан	5
бяртай	ᠬᠦᠮᠦᠨ	хүн	5
бясалгал	ᠬᠢᠬᠦ	хийх	14
бясалгал	ᠬᠢᠵᠦ	хийж	13
бясалгал	ᠬᠢᠳᠡᠭ	хийдэг	7
бяслаг	ᠪᠠ	ба	5
бяцхан	ᠥᠬᠢᠨ	охин	72
бяцхан	ᠬᠡᠦ	хүү	55
бяцхан	ᠦᠷᠡᠰ	үрс	42
бүгд	ᠨᠠᠶᠢᠷᠠᠮᠳᠠᠬᠤ	найрамдах	2229
бүгд	ᠯᠠ	л	662
бүгд	ᠮᠡᠳᠡᠨ᠎ᠡ	мэднэ	99
бүгдийг	ᠨᠢ	нь	899
бүгдийг	ᠨᠢᠭᠡ	нэг	42
бүгдийг	ᠬᠢᠵᠦ	хийж	25
бүгдийн	ᠲᠥᠯᠥᠭᠡ	төлөө	10
бүгдийн	ᠰᠠᠶᠢᠨ	сайн	8
бүгдийн	ᠳᠠᠷᠠᠭ᠎ᠠ	дараа	5
бүгдийнх	ᠨᠢ	нь	72
бүгдэд	ᠨᠢ	нь	265
бүгдэд	ᠠᠳᠠᠯᠢᠬᠠᠨ	адилхан	5
бүгдэд	ᠨᠡᠭᠡᠭᠡᠯᠲᠡᠲᠡᠢ	нээлттэй	5
бүгдээрээ	ᠯᠠ	л	137
бүгдээрээ	ᠨᠢᠭᠡ	нэг	37
бүгдээрээ	ᠮᠡᠳᠡᠵᠦ	мэдэж	25
бүгдээс	ᠨᠢ	нь	25
бүгдээс	ᠬᠠᠷᠠᠬᠤ ᠳᠤ	харахад	15
бүгдээс	ᠬᠠᠮᠤᠭ ᠤᠨ	хамгийн	6
бүдгэрч	ᠪᠠᠶᠢᠨ᠎ᠠ	байна	8
бүдэг	ᠪᠠᠳᠠᠭ	бадаг	24
бүдэг	ᠪᠦᠷᠬᠦᠭ	бүрхэг	6
бүдэрсэн	ᠴᠤ	ч	5
бүдэрсэн	ᠶᠠᠭᠤᠮ᠎ᠠ	юм	5
бүдэрч	ᠪᠠᠶᠢᠨ᠎ᠠ	байна	9
бүдэрч	ᠤᠨᠠᠭᠠᠳ	унаад	5
бүдүүлэг	ᠶᠣᠰᠣ	ёс	12
бүдүүлэг	ᠠᠯᠳᠠᠭ᠎ᠠ	алдаа	8
бүдүүлэг	ᠦᠭᠡ	үг	7
бүдүүн	ᠰᠢᠯᠤᠭᠤᠨ	шулуун	40
бүдүүн	ᠭᠡᠳᠡᠰᠦ	гэдэс	20
бүдүүн	ᠪᠦᠯᠦᠭ	бүлэг	14
бүжгийн	ᠡᠷᠳᠡᠮ ᠦᠨ	эрдмийн	623
бүжгийн	ᠬᠣᠣᠰ ᠤᠨ	хосын	29
бүжгийн	ᠴᠢᠭᠤᠯᠭ᠎ᠠ	чуулга	28
бүжиг	ᠨᠠᠭᠠᠳᠤᠮ	наадам	15
бүжиг	ᠵᠦᠵᠦᠭᠡ ᠶᠢᠨ	жүжгийн	13
бүжиг	ᠬᠥᠭᠵᠢᠮ᠎ᠡ	хөгжим	11
бүжиглэдэг	ᠪᠠᠶᠢᠭᠰᠠᠨ	байсан	9
бүжиглэдэг	ᠶᠠᠭᠤᠮ᠎ᠠ	юм	7
бүжиглэж	ᠪᠠᠶᠢᠭ᠎ᠠ	байгаа	25
бүжиглэж	ᠪᠤᠢ	буй	14
бүжиглэж	ᠪᠠᠶᠢᠨ᠎ᠠ	байна	12
бүжиглэх	ᠳᠤᠷᠠᠲᠠᠢ	дуртай	13
бүжиглэх	ᠨᠢ	нь	11
бүжиглэх	ᠶᠠᠭᠤᠮ᠎ᠠ	юм	5
бүжигчин	ᠲ	т	18
бүжигчин	ᠪ	б	16
бүжигчин	ᠰᠣᠶᠣᠯ ᠤᠨ	соёлын	15
бүжих	ᠶᠠᠭᠤᠮ᠎ᠠ	юм	8
бүжих	ᠨᠢ	нь	6
бүл	ᠨᠠᠶᠢᠵᠠ	найз	101
бүл	ᠦᠷ᠎ᠡ	үр	68
бүл	ᠬᠥᠭᠵᠢᠯ ᠦᠨ	хөгжлийн	49
бүлд	ᠨᠢ	нь	22
бүлд	ᠲᠥᠷᠦᠵᠢ	төрж	14
бүлд	ᠥᠰᠦᠭᠰᠡᠨ	өссөн	13
бүлийг	ᠳᠡᠮᠵᠢᠬᠦ	дэмжих	11
бүлийн	ᠬᠦᠴᠦᠷᠬᠡᠶᠢᠯᠡᠯ	хүчирхийлэл	138
бүлийн	ᠲᠤᠬᠠᠢ	тухай	120
бүлийн	ᠬᠥᠭᠵᠢᠯ ᠦᠨ	хөгжлийн	71
бүлийнхэн	ᠨᠢ	нь	78
бүлийнхэн	ᠪᠣᠯᠤᠨ	болон	17
бүлийнхэн	ᠮᠠᠨᠢ	маань	13
бүлийнхээ	ᠬᠦᠮᠦᠨ ᠢ	хүнийг	8
бүлийнхээ	ᠲᠥᠯᠥᠭᠡ	төлөө	6
бүлийнхээ	ᠬᠠᠮᠲᠤ	хамт	5
бүлтэй	ᠪᠣᠯᠵᠤ	болж	15
бүлтэй	ᠪᠣᠯᠬᠤ	болох	10
бүлтэй	ᠪᠣᠯᠤᠭᠠᠳ	болоод	7
бүлэг	ᠥᠨᠥᠳᠥᠷ	өнөөдөр	172
бүлэг	ᠵᠠᠪᠰᠠᠷᠯᠠᠭ᠎ᠠ	завсарлага	152
бүлэг	ᠪᠠᠶᠢᠭᠤᠯᠬᠤ	байгуулах	139
бүлэглэн	ᠦᠢᠯᠡᠳᠦᠭᠰᠡᠨ	үйлдсэн	37
бүлэглэн	ᠵᠣᠳᠣᠵᠤ	зодож	16
бүлэглэн	ᠠᠪᠬᠤ ᠪᠠᠷ	авахаар	14
бүлэгт	ᠮᠡᠳᠡᠭᠡᠯᠡᠯ	мэдээлэл	19
бүлэгт	ᠨᠢ	нь	16
бүлэгт	ᠴᠢᠭᠯᠡᠭᠰᠡᠨ	чиглэсэн	15
бүлээ	ᠠᠪᠴᠤ	авч	18
бүлээ	ᠲᠡᠵᠢᠭᠡᠬᠦ	тэжээх	12
бүлээ	ᠬᠠᠮᠠᠭᠠᠯᠠᠬᠤ	хамгаалах	11
бүлээн	ᠤᠰᠤ ᠪᠠᠷ	усаар	50
бүлээн	ᠤᠰᠤᠨ ᠳᠤ	усанд	34
бүлээн	ᠴᠢᠰᠤ ᠪᠠᠨ	цусаа	14
бүлээрээ	ᠰᠢᠨ᠎ᠡ	шинэ	6
бүлээрээ	ᠦᠵᠡᠬᠦ	үзэх	6
бүлээрээ	ᠠᠵᠢᠯᠯᠠᠵᠤ	ажиллаж	5
бүр	ᠴᠤ	ч	586
бүр	ᠨᠢᠭᠡ	нэг	386
бүр	ᠤᠯᠠᠮᠵᠢᠯᠠᠯ	уламжлал	366
бүргэд	ᠬᠦᠷᠡᠯ	хүрэл	15
бүргэд	ᠳᠡᠪᠵᠢᠶ᠎ᠡ	дэвжээ	7
бүргэд	ᠮᠥᠩᠭᠥ	мөнгө	7
бүрд	ᠨᠢ	нь	65
бүрд	ᠰᠤᠮᠤ ᠶᠢᠨ	сумын	47
бүрд	ᠰᠤᠮᠤᠨ ᠳᠤ	суманд	9
бүрддэг	ᠪᠥᠭᠡᠳ	бөгөөд	24
бүрддэг	ᠪᠠᠶᠢᠨ᠎ᠠ	байна	22
бүрддэг	ᠶᠠᠭᠤᠮ᠎ᠠ	юм	22
бүрдсэн	ᠪᠠᠶᠢᠨ᠎ᠠ	байна	69
бүрдсэн	ᠠᠵᠢᠯ ᠤᠨ	ажлын	67
бүрдсэн	ᠶᠠᠭᠤᠮ᠎ᠠ	юм	48
бүрдэж	ᠪᠠᠶᠢᠭ᠎ᠠ	байгаа	308
бүрдэж	ᠪᠠᠶᠢᠨ᠎ᠠ	байна	236
бүрдэж	ᠪᠤᠢ	буй	28
бүрдэл	ᠨᠢ	нь	16
бүрдэл	ᠨᠡᠶᠢᠯᠡᠭᠦᠯᠬᠦ	нийлүүлэх	10
бүрдэл	ᠳᠤᠲᠠᠭᠤ	дутуу	8
бүрдэнэ	ᠭᠡᠵᠦ	гэж	159
бүрдэнэ	ᠬᠡᠮᠡᠨ	хэмээн	27
бүрдэнэ	ᠭᠡᠰᠡᠨ	гэсэн	18
бүрдэх	ᠶᠠᠭᠤᠮ᠎ᠠ	юм	370
бүрдэх	ᠪᠥᠭᠡᠳ	бөгөөд	120
бүрдэх	ᠠᠵᠤ	аж	53
бүрдээ	ᠨᠢᠭᠡ	нэг	8
бүрдээ	ᠡᠨᠡᠬᠦ	энэхүү	6
бүрдүүлж	ᠪᠠᠶᠢᠭ᠎ᠠ	байгаа	284
бүрдүүлж	ᠪᠠᠶᠢᠨ᠎ᠠ	байна	242
бүрдүүлж	ᠪᠤᠢ	буй	106
бүрдүүлсэн	ᠪᠠᠶᠢᠨ᠎ᠠ	байна	84
бүрдүүлсэн	ᠶᠠᠭᠤᠮ᠎ᠠ	юм	42
бүрдүүлсэн	ᠪᠠᠶᠢᠬᠤ	байх	31
бүрдүүлэх	ᠲᠤᠬᠠᠢ	тухай	157
бүрдүүлэх	ᠨᠢ	нь	150
бүрдүүлэх	ᠶᠣᠰᠣᠲᠠᠢ	ёстой	131
бүрий	ᠪᠣᠯᠲᠠᠯ᠎ᠠ	болтол	7
бүрий	ᠬᠦᠷᠲᠡᠯ᠎ᠡ	хүртэл	6
бүрий	ᠲᠠᠰᠤᠷᠠᠲᠠᠯ᠎ᠠ	тасартал	5
бүрийг	ᠬᠥᠭᠵᠢᠭᠦᠯᠬᠦ	хөгжүүлэх	355
бүрийг	ᠨᠢ	нь	127
бүрийг	ᠵᠢᠭᠳᠡ	жигд	23
бүрийд	ᠴᠢᠨᠢ	чинь	5
бүрийн	ᠮᠢᠭᠮᠠᠷ	мягмар	114
бүрийн	ᠭᠤᠷᠪᠠᠳᠤᠭᠠᠷ	гуравдугаар	108
бүрийн	ᠯᠠ	л	100
бүрийнхээ	ᠳᠠᠷᠠᠭ᠎ᠠ	дараа	6
бүрийнхээ	ᠰᠡᠳᠬᠢᠯ ᠳᠦ	сэтгэлд	5
бүрмөсөн	ᠪᠤᠴᠠᠬᠤ	буцах	8
бүрмөсөн	ᠵᠣᠭᠰᠣᠬᠤ	зогсоох	8
бүрмөсөн	ᠬᠤᠷᠢᠭᠯᠠᠬᠤ	хориглох	5
бүрнээ	ᠬᠢᠴᠢᠶᠡᠵᠦ	хичээж	13
бүрнээ	ᠯᠠ	л	9
бүрнээ	ᠨᠡᠶᠢᠴᠡᠭᠰᠡᠨ	нийцсэн	8
бүрсэн	ᠲᠠᠷᠠᠭ	тараг	6
бүрт	ᠨᠢ	нь	350
бүрт	ᠨᠢᠭᠡ	нэг	71
бүрт	ᠮᠢᠩᠭᠠᠨ	мянган	53
бүртгэгдсэн	ᠪᠠᠶᠢᠨ᠎ᠠ	байна	208
бүртгэгдсэн	ᠨᠢ	нь	81
бүртгэгдсэн	ᠪᠥᠭᠡᠳ	бөгөөд	30
бүртгэгдэж	ᠬᠦᠮᠦᠨ	хүн	79
бүртгэгдэж	ᠪᠠᠶᠢᠭ᠎ᠠ	байгаа	52
бүртгэгдэж	ᠪᠠᠶᠢᠭᠰᠠᠨ	байсан	37
бүртгэгдэх	ᠶᠠᠭᠤᠮ᠎ᠠ	юм	7
бүртгэгдэх	ᠪᠣᠯᠤᠭᠰᠠᠨ	болсон	6
бүртгэгч	ᠮᠥᠷᠳᠡᠨ	мөрдөн	40
бүртгэл	ᠡᠨᠡ	энэ	72
бүртгэл	ᠪᠣᠯᠤᠨ	болон	32
бүртгэл	ᠨᠢ	нь	30
бүртгэлтэй	ᠪᠠᠶᠢᠳᠠᠭ	байдаг	57
бүртгэлтэй	ᠬᠣᠯᠪᠣᠭᠠᠲᠠᠢ	холбоотой	46
бүртгэлтэй	ᠪᠠᠶᠢᠨ᠎ᠠ	байна	42
бүртгэх	ᠮᠥᠷᠳᠡᠨ	мөрдөн	60
бүртгэх	ᠶᠠᠭᠤᠮ᠎ᠠ	юм	52
бүртгэх	ᠠᠵᠢᠯ	ажил	25
бүртгүүлж	ᠠᠮᠵᠢᠭ᠎ᠠ ᠦᠭᠡᠢ	амжаагүй	18
бүртгүүлж	ᠪᠠᠶᠢᠭ᠎ᠠ	байгаа	18
бүртгүүлж	ᠪᠤᠢ	буй	13
бүртгүүлнэ	ᠦ᠋	үү	9
бүртгүүлнэ	ᠭᠡᠵᠦ	гэж	7
бүртгүүлнэ	ᠭᠡᠳᠡᠭ	гэдэг	6
бүртгүүлэн	ᠰᠤᠷᠤᠯᠴᠠᠬᠤ	суралцах	5
бүртгүүлэх	ᠪᠣᠯᠤᠮᠵᠢ ᠲᠠᠢ	боломжтой	67
бүртгүүлэх	ᠶᠠᠭᠤᠮ᠎ᠠ	юм	38
бүртгүүлэх	ᠶᠣᠰᠣᠲᠠᠢ	ёстой	32
бүртэй	ᠲᠤᠯᠵᠤ	тулж	13
бүртээ	ᠥᠭᠡᠷ᠎ᠡ	өөр	13
бүртээ	ᠯᠠ	л	11
бүртээ	ᠲᠤᠬᠠᠢ ᠶᠢᠨ	тухайн	9
бүрхэг	ᠪᠠᠶᠢᠭ᠎ᠠ	байгаа	27
бүрхэг	ᠪᠠᠶᠢᠨ᠎ᠠ	байна	27
бүрхэг	ᠬᠡᠪ ᠢᠶᠡᠷ	хэвээр	14
бүрхүүл	ᠲᠣᠭᠲᠠᠭᠰᠠᠨ	тогтсон	23
бүрхүүл	ᠡᠭᠦᠰᠬᠦ	үүсэх	13
бүрхүүл	ᠲᠣᠭᠲᠠᠵᠤ	тогтож	11
бүрчлэн	ᠰᠢᠯᠭᠠᠵᠤ	шалгаж	9
бүрчлэн	ᠭᠠᠷᠭᠠᠵᠤ	гаргаж	5
бүрчлэн	ᠰᠢᠯᠭᠠᠬᠤ	шалгах	5
бүрэлдсэн	ᠪᠠᠶᠢᠭᠰᠠᠨ	байсан	5
бүрэлдсэн	ᠨᠢ	нь	5
бүрэлдсэн	ᠲᠣᠬᠢᠶᠠᠯᠳᠤᠯ ᠳᠤ	тохиолдолд	5
бүрэлдэх	ᠡᠬᠡ	эх	285
бүрэлдэх	ᠡᠬᠡ ᠶᠢᠨ	эхийн	10
бүрэлдэхүүн	ᠬᠡᠰᠡᠭ	хэсэг	89
бүрэлдэхүүн	ᠬᠡᠷᠡᠭ ᠢ	хэргийг	47
бүрэлдэхүүн	ᠬᠦᠯᠢᠶᠡᠨ	хүлээн	32
бүрэн	ᠡᠷᠬᠡᠲᠦ	эрхт	1091
бүрэн	ᠪᠣᠯᠤᠮᠵᠢ ᠲᠠᠢ	боломжтой	796
бүрэн	ᠡᠷᠬᠡ ᠶᠢᠨ	эрхийн	443
бүрээ	ᠭᠡᠰᠡᠨ	гэсэн	5
бүрээ	ᠮᠥᠰᠦᠨ	мөсөн	5
бүрээр	ᠨᠢ	нь	141
бүрээр	ᠯᠠ	л	58
бүрээр	ᠰᠠᠨᠠᠯ	санал	45
бүрээс	ᠨᠢ	нь	92
бүрээс	ᠰᠢᠯᠭᠠᠷᠠᠭᠰᠠᠨ	шалгарсан	34
бүрээс	ᠢᠷᠡᠭᠰᠡᠨ	ирсэн	31
бүс	ᠨᠤᠲᠤᠭ ᠤᠨ	нутгийн	2082
бүс	ᠨᠤᠲᠤᠭ ᠲᠤ	нутагт	647
бүс	ᠨᠤᠲᠤᠭ	нутаг	638
бүсгүй	ᠮᠢᠨᠢ	минь	140
бүсгүй	ᠬᠦᠮᠦᠨ	хүн	89
бүсгүй	ᠬᠦᠮᠦᠨ ᠦ	хүний	60
бүсгүйг	ᠤᠳᠠᠭ᠎ᠠ	удаа	8
бүсгүйг	ᠰᠢᠯᠭᠠᠷᠠᠭᠤᠯᠬᠤ	шалгаруулах	6
бүсгүйг	ᠪᠢ	би	5
бүсгүйгээ	ᠵᠣᠳᠣᠵᠤ	зодож	14
бүсгүйгээ	ᠬᠥᠨᠥᠭᠡᠭᠰᠡᠨ	хөнөөсөн	10
бүсгүйн	ᠳᠦᠷᠢ ᠶᠢ	дүрийг	26
бүсгүйн	ᠳᠦᠷᠦ	дүр	15
бүсгүйн	ᠲᠠᠯ᠎ᠠ ᠪᠠᠷ	талаар	14
бүсгүйтэй	ᠠᠭᠤᠯᠵᠠᠵᠤ	уулзаж	5
бүсгүйтэй	ᠠᠭᠤᠯᠵᠠᠯ᠎ᠠ	уулзлаа	5
бүсгүйчүүд	ᠮᠠᠨᠢ	маань	43
бүсгүйчүүд	ᠮᠢᠨᠢ	минь	12
бүсгүйчүүд	ᠡᠨᠡ	энэ	10
бүсгүйчүүдийн	ᠬᠤᠪᠢ ᠳᠤ	хувьд	28
бүсгүйчүүдийн	ᠨᠢᠭᠡ	нэг	24
бүсгүйчүүдийн	ᠲᠤᠬᠠᠢ	тухай	9
бүсээ	ᠴᠢᠩᠭᠠᠯᠠᠬᠤ	чангалах	56
бүсээ	ᠴᠢᠩᠭᠠᠯᠠᠭᠰᠠᠨ	чангалсан	20
бүсээ	ᠴᠢᠩᠭᠠᠯᠠᠭᠠᠳ	чангалаад	17
бүтдэг	ᠶᠠᠭᠤᠮ᠎ᠠ	юм	13
бүтдэг	ᠪᠣᠯ	бол	5
бүтдэг	ᠪᠤᠢ	вэ	5
бүтнэ	ᠭᠡᠵᠦ	гэж	13
бүтнэ	ᠭᠡᠳᠡᠭ	гэдэг	8
бүтсэн	ᠪᠥᠭᠡᠳ	бөгөөд	26
бүтсэн	ᠪᠤᠢ	бэ	14
бүтсэн	ᠡᠨᠡ	энэ	10
бүтэж	ᠪᠠᠶᠢᠭ᠎ᠠ	байгаа	43
бүтэж	ᠪᠠᠶᠢᠨ᠎ᠠ	байна	16
бүтэж	ᠪᠤᠢ	буй	12
бүтэлгүй	ᠬᠠᠶᠢᠷ᠎ᠠ ᠶᠢᠨ	хайрын	7
бүтэлгүй	ᠪᠣᠯᠤᠭᠰᠠᠨ	болсон	6
бүтэн	ᠵᠢᠯ ᠦᠨ	жилийн	279
бүтэн	ᠵᠢᠯ	жил	224
бүтэн	ᠬᠣᠶᠠᠷ	хоёр	106
бүтэх	ᠶᠠᠭᠤᠮ᠎ᠠ	юм	17
бүтэх	ᠪᠥᠭᠡᠳ	бөгөөд	16
бүтэх	ᠨᠢ	нь	11
бүтэхгүй	ᠪᠠᠶᠢᠭ᠎ᠠ	байгаа	50
бүтэхгүй	ᠵᠦᠢᠯ	зүйл	31
бүтэхгүй	ᠪᠠᠶᠢᠨ᠎ᠠ	байна	23
бүтэц	ᠵᠣᠬᠢᠶᠠᠨ	зохион	533
бүтэц	ᠨᠢ	нь	122
бүтэц	ᠣᠷᠣᠨ	орон	104
бүтээгдэхүүн	ᠦᠢᠯᠡᠳᠪᠦᠷᠢᠯᠡᠬᠦ	үйлдвэрлэх	300
бүтээгдэхүүн	ᠬᠤᠪᠢᠶᠠᠬᠤ	хуваах	250
бүтээгдэхүүн	ᠨᠢ	нь	236
бүтээгч	ᠨᠢ	нь	14
бүтээгч	ᠬᠥᠳᠡᠯᠮᠦᠷᠢᠴᠢ	хөдөлмөрч	13
бүтээгч	ᠤᠯᠤᠰ	улс	12
бүтээгээд	ᠪᠠᠶᠢᠭ᠎ᠠ	байгаа	17
бүтээдэг	ᠶᠠᠭᠤᠮ᠎ᠠ	юм	12
бүтээдэг	ᠨᠢ	нь	8
бүтээдэг	ᠤᠯᠤᠰ	улс	6
бүтээе	ᠭᠡᠰᠡᠨ	гэсэн	23
бүтээе	ᠭᠡᠵᠦ	гэж	16
бүтээж	ᠪᠠᠶᠢᠭ᠎ᠠ	байгаа	244
бүтээж	ᠪᠤᠢ	буй	113
бүтээж	ᠪᠠᠶᠢᠨ᠎ᠠ	байна	96
бүтээл	ᠨᠢ	нь	395
бүтээл	ᠪᠣᠯᠬᠤ	болох	213
бүтээл	ᠶᠠᠭᠤᠮ᠎ᠠ	юм	155
бүтээлд	ᠨᠢ	нь	27
бүтээлд	ᠣᠯᠭᠤᠳᠠᠭ	олгодог	11
бүтээлд	ᠬᠦᠴᠦ	хүч	11
бүтээлийг	ᠨᠢ	нь	67
бүтээлийг	ᠣᠯᠠᠨ	олон	51
бүтээлийг	ᠲᠠᠶᠢᠰᠠᠨ᠎ᠠ	тайзнаа	22
бүтээлийн	ᠦᠵᠡᠰᠬᠦᠯᠡᠩ	үзэсгэлэн	98
бүтээлийн	ᠪᠡᠶ᠎ᠡ	бие	49
бүтээлийн	ᠬᠤᠪᠢ ᠳᠤ	хувьд	47
бүтээлч	ᠬᠦᠮᠦᠨ	хүн	91
бүтээлч	ᠬᠦᠮᠦᠨ ᠦ	хүний	63
бүтээлч	ᠶᠠᠭᠤᠮ᠎ᠠ	юм	53
бүтээлээ	ᠬᠢᠵᠦ	хийж	54
бүтээлээ	ᠲᠣᠯᠢᠯᠠᠭᠤᠯᠬᠤ	толилуулах	37
бүтээлээ	ᠲᠤᠭᠤᠷᠪᠢᠬᠤ	туурвих	32
бүтээлээсээ	ᠲᠦᠷᠢ	түр	16
бүтээлээсээ	ᠭᠠᠳᠠᠨ᠎ᠠ	гадна	8
бүтээлээсээ	ᠵᠠᠪᠰᠠᠷᠯᠠᠭ᠎ᠠ	завсарлага	8
бүтээмж	ᠥᠨᠳᠥᠷ	өндөр	13
бүтээмж	ᠪᠠᠭᠠᠲᠠᠢ	багатай	11
бүтээмж	ᠨᠢ	нь	10
бүтээн	ᠪᠠᠶᠢᠭᠤᠯᠤᠯᠲᠠ	байгуулалт	1592
бүтээн	ᠪᠠᠢ	бай	68
бүтээн	ᠪᠠᠶᠢᠭᠤᠯᠬᠤ	байгуулах	47
бүтээнэ	ᠭᠡᠳᠡᠭ	гэдэг	20
бүтээнэ	ᠭᠡᠵᠦ	гэж	17
бүтээнэ	ᠭᠡᠳᠡᠭ ᠲᠦ	гэдэгт	10
бүтээсэн	ᠪᠠᠶᠢᠨ᠎ᠠ	байна	204
бүтээсэн	ᠶᠠᠭᠤᠮ᠎ᠠ	юм	102
бүтээсэн	ᠪᠥᠭᠡᠳ	бөгөөд	90
бүтээх	ᠭᠡᠵᠦ	гэж	56
бүтээх	ᠨᠢ	нь	51
бүтээх	ᠶᠠᠭᠤᠮ᠎ᠠ	юм	30
бүтээхийн	ᠲᠤᠯᠠᠳᠠ	тулд	68
бүтээхийн	ᠲᠥᠯᠥᠭᠡ	төлөө	45
бүх	ᠵᠦᠢᠯ	зүйл	937
бүх	ᠯᠠ	л	746
бүх	ᠲᠥᠷᠦᠯ ᠦᠨ	төрлийн	689
бүхий	ᠯᠠ	л	3034
бүхий	ᠭᠠᠵᠠᠷ ᠲᠤ	газарт	484
бүхий	ᠠᠵᠢᠯ ᠤᠨ	ажлын	371
бүхний	ᠡᠴᠦᠰ ᠲᠦ	эцэст	85
бүхний	ᠡᠮᠦᠨ᠎ᠡ	өмнө	68
бүхний	ᠴᠠᠭᠠᠨ᠎ᠠ	цаана	59
бүхнийг	ᠬᠦᠰᠡᠨ	хүсэн	80
бүхнийг	ᠨᠢ	нь	52
бүхнийг	ᠬᠢᠵᠦ	хийж	43
бүхнийхээ	ᠢᠲᠡᠭᠡᠯ ᠢ	итгэлийг	9
бүхнийхээ	ᠲᠥᠯᠥᠭᠡ	төлөө	6
бүхнээ	ᠵᠣᠷᠢᠭᠤᠯᠵᠤ	зориулж	28
бүхнээ	ᠵᠣᠷᠢᠭᠤᠯᠤᠭᠰᠠᠨ	зориулсан	18
бүхнээ	ᠬᠢᠬᠦ	хийх	18
бүхнээр	ᠳᠠᠮᠵᠢᠭᠤᠯᠤᠨ	дамжуулан	8
бүхнээс	ᠬᠠᠷᠠᠬᠤ ᠳᠤ	харахад	45
бүхнээс	ᠢᠯᠡᠭᠦᠦ	илүү	39
бүхнээс	ᠡᠭᠦᠳᠡᠨ	үүдэн	14
бүхэл	ᠪᠦᠲᠦᠨ	бүтэн	622
бүхэл	ᠡᠳᠦᠷ ᠦᠨ	өдрийн	11
бүхэл	ᠳ᠋ᠡ	дээ	5
бүхэлд	ᠨᠢ	нь	728
бүхэлдээ	ᠡᠨᠡ	энэ	8
бүхэлдээ	ᠨᠢᠭᠡ	нэг	6
бүхэлдээ	ᠥᠭᠡᠷᠡᠴᠢᠯᠡᠭᠳᠡᠭᠰᠡᠨ	өөрчлөгдсөн	6
бүхэн	ᠨᠢ	нь	191
бүхэн	ᠮᠡᠳᠡᠵᠦ	мэдэж	131
бүхэн	ᠡᠨᠡ	энэ	107
бүхэнд	ᠨᠡᠭᠡᠭᠡᠯᠲᠡᠲᠡᠢ	нээлттэй	47
бүхэнд	ᠬᠦᠷᠭᠡᠵᠦ	хүргэж	46
бүхэнд	ᠡᠨᠡ	энэ	35
бүхэндээ	ᠬᠦᠷᠭᠡᠵᠦ	хүргэж	32
бүхэндээ	ᠪᠠᠶᠠᠷᠯᠠᠯ᠎ᠠ	баярлалаа	16
бүхэндээ	ᠮᠣᠩᠭᠣᠯ	монгол	8
бүхэнтэй	ᠠᠭᠤᠯᠵᠠᠵᠤ	уулзаж	20
бүхэнтэй	ᠬᠠᠮᠲᠤᠷᠠᠨ	хамтран	12
бүхэнтэй	ᠬᠠᠮᠲᠤᠷᠠᠵᠤ	хамтарч	10
бүү	ᠬᠡᠯᠡ	хэл	939
бүү	ᠮᠡᠳᠡ	мэд	329
бүү	ᠠᠢ	ай	48
бүүвэй	ᠪᠦᠪᠡᠢ	бүүвэй	12
бүүвэй	ᠡᠵᠢ	ээж	7
бүүвэй	ᠠᠶᠠᠯᠠᠭᠰᠠᠨ	аялсан	6
бүүвэйн	ᠳᠠᠭᠤᠤ	дуу	19
бүүвэйн	ᠳᠠᠭᠤᠨ ᠤ	дууны	6
бүүвэйн	ᠡᠨᠡ	энэ	5
бүүр	ᠴᠤ	ч	57
бүүр	ᠡᠰᠡᠷᠭᠦ ᠪᠡᠷ	эсрэгээр	6
бүүр	ᠲᠣᠳᠣᠷᠬᠠᠢ	тодорхой	5
бөгж	ᠵᠡᠭᠦᠵᠦ	зүүж	13
бөгж	ᠨᠢ	нь	11
бөгж	ᠵᠡᠭᠦᠭᠰᠡᠨ	зүүсэн	6
бөглөх	ᠬᠡᠷᠡᠭᠲᠡᠢ	хэрэгтэй	7
бөглөх	ᠶᠠᠭᠤᠮ᠎ᠠ	юм	6
бөгс	ᠨᠢ	нь	7
бөгс	ᠡᠷᠭᠢᠬᠦ	эргэх	6
бөгс	ᠷᠦᠦ	рүү	5
бөгөөд	ᠡᠨᠡ	энэ	2658
бөгөөд	ᠪᠦᠷᠢᠨ	бүрэн	939
бөгөөд	ᠲᠤᠰ	тус	550
бөмбөг	ᠠᠪᠴᠤ	авч	89
бөмбөг	ᠠᠪᠤᠯᠲᠠ	авалт	65
бөмбөг	ᠠᠪᠴᠠᠢ	авчээ	29
бөмбөгч	ᠮᠠᠶᠢᠺᠯ	майкл	9
бөмбөгч	ᠶᠠᠭᠤᠮ᠎ᠠ	юм	5
бөмбөгөр	ᠨᠣᠭᠣᠭᠠᠨ	ногоон	13
бөмбөгөр	ᠵᠡᠷᠭᠡ	зэрэг	5
бөмбөлөг	ᠨᠡᠶᠢᠯᠡᠭᠦᠯᠬᠦ	нийлүүлэх	16
бөмбөлөг	ᠬᠡᠯᠪᠡᠷᠢ ᠲᠡᠢ	хэлбэртэй	8
бөмбөлөг	ᠪᠣᠯᠤᠨ	болон	7
бөмбөрцөг	ᠳᠡᠭᠡᠷ᠎ᠡ	дээр	8
бөмбөрцөг	ᠬᠡᠯᠪᠡᠷᠢ ᠲᠡᠢ	хэлбэртэй	5
бөртэ	ᠴᠢᠨᠣ᠎ᠠ	чоно	132
бөртэ	ᠦᠵᠢᠨ	үжин	19
бөртэ	ᠡᠬᠡ	эх	5
бөс	ᠪᠠᠷ᠎ᠠ	бараа	30
бөс	ᠪᠠᠷᠠᠭᠠᠨ ᠤ	барааны	14
бөс	ᠳᠠᠪᠤᠤ	даавуу	6
бөх	ᠤᠯᠤᠰ ᠤᠨ	улсын	452
бөх	ᠠᠶᠢᠮᠠᠭ ᠤᠨ	аймгийн	243
бөх	ᠨᠢ	нь	94
бөхийн	ᠥᠷᠭᠦᠭᠡᠨ ᠳᠦ	өргөөнд	563
бөхийн	ᠬᠣᠯᠪᠣᠭ᠎ᠠ	холбоо	542
бөхийн	ᠳᠡᠯᠡᠬᠡᠢ ᠶᠢᠨ	дэлхийн	310
бөхтэй	ᠬᠦᠴᠦ	хүч	15
бөхтэй	ᠲᠡᠮᠡᠭᠡ	тэмээ	11
бөхтэй	ᠬᠢᠭᠰᠡᠨ	хийсэн	10
бөхчүүд	ᠮᠠᠨᠢ	маань	48
бөхчүүд	ᠨᠢ	нь	41
бөхчүүд	ᠬᠦᠴᠦ	хүч	31
бөхөн	ᠰᠢᠷ᠎ᠠ ᠶᠢᠨ	шарын	16
бөхөн	ᠭᠥᠷᠥᠭᠡᠰᠦ	гөрөөс	7
бөө	ᠮᠥᠷᠭᠥᠯ	мөргөл	19
бөө	ᠳᠡᠭᠡᠷ᠎ᠡ	дээр	12
бөө	ᠨᠠᠷᠠ	нар	12
бөөгийн	ᠳᠣᠮᠣᠭ	домог	25
бөөгийн	ᠵᠠᠩ	зан	17
бөөгийн	ᠨᠢᠭᠡᠳᠦᠭᠰᠡᠨ	нэгдсэн	8
бөөлжих	ᠰᠠᠭᠤᠯᠭᠠᠬᠤ	суулгах	55
бөөлжих	ᠵᠡᠷᠭᠡ	зэрэг	13
бөөлжих	ᠭᠡᠳᠡᠰᠦ	гэдэс	9
бөөн	ᠶᠠᠭᠤᠮ᠎ᠠ	юм	66
бөөн	ᠪᠠᠶᠠᠷ	баяр	56
бөөн	ᠭᠠᠷᠤᠭ᠎ᠠ ᠲᠠᠢ	гараатай	39
бөөнөөр	ᠨᠢ	нь	91
бөөр	ᠰᠢᠯᠵᠢᠭᠦᠯᠦᠨ	шилжүүлэн	96
бөөр	ᠬᠠᠮᠠᠭᠠᠯᠠᠬᠤ	хамгаалах	30
бөөр	ᠨᠢ	нь	27
бөөрөнхий	ᠮᠣᠳᠣ	мод	17
бөөрөнхий	ᠬᠡᠯᠪᠡᠷᠢ ᠲᠡᠢ	хэлбэртэй	8
бөөрөнхий	ᠪᠢᠰᠢ	биш	7
бөөс	ᠨᠢ	нь	6
бөөс	ᠭᠡᠬᠦ	гэх	5
в	ᠰ	с	172
в	ᠬᠡᠰᠡᠭ	хэсэг	33
в	ᠠᠩᠭᠢ ᠶᠢᠨ	ангийн	24
вагон	ᠼᠧᠮᠧᠨᠲ	цемент	6
вагон	ᠴᠢᠰᠲ᠋ᠧᠷᠠᠨ	цистерн	6
вагон	ᠪᠣᠯᠤᠨ	болон	5
вакцин	ᠨᠢ	нь	62
вакцин	ᠬᠢᠯᠭᠡᠭᠰᠡᠨ	хийлгэсэн	35
вакцин	ᠬᠢᠯᠭᠡᠬᠦ	хийлгэх	32
вакцинжуулалт	ᠬᠢᠵᠦ	хийж	8
валют	ᠣᠷᠣᠵᠤ	орж	33
валют	ᠣᠷᠣᠭᠤᠯᠵᠤ	оруулж	19
валют	ᠤᠯᠬᠤ	олох	15
ван	ᠢ	и	57
ван	ᠬᠦᠮᠦᠨ ᠦ	хүний	20
ван	ᠲᠣᠯᠣᠭᠠᠢ	толгой	15
вангийн	ᠬᠣᠰᠢᠭᠤᠨ ᠤ	хошууны	11
вангийн	ᠬᠣᠰᠢᠭᠤ	хошуу	9
вандан	ᠳ	д	7
вандан	ᠠᠪᠤᠷᠭᠤ	аварга	6
вандан	ᠰ	с	6
вар	ᠲᠠᠢ	тай	10
вена	ᠬᠣᠲᠠᠳ	хотод	27
вена	ᠬᠣᠲᠠ ᠶᠢᠨ	хотын	14
вена	ᠳᠠᠬᠢ	дахь	12
видео	ᠲᠣᠭᠯᠠᠭᠠᠮ	тоглоом	105
видео	ᠪᠢᠴᠢᠯᠭᠡ	бичлэг	84
видео	ᠺᠯᠢᠫ	клип	75
виз	ᠣᠯᠭᠣᠬᠤ	олгох	30
виз	ᠠᠪᠬᠤ	авах	14
виз	ᠨᠢ	нь	11
виза	ᠺᠠᠷᠲ	карт	17
виза	ᠺᠠᠷᠲ ᠤᠨ	картын	7
виза	ᠮᠠᠰᠲ᠋ᠸᠷ	мастер	7
вий	ᠭᠡᠰᠡᠨ	гэсэн	257
вий	ᠭᠡᠵᠦ	гэж	209
вий	ᠳ᠋ᠡ	дээ	148
вирус	ᠨᠢ	нь	98
вирус	ᠢᠯᠡᠷᠡᠭᠰᠡᠨ	илэрсэн	32
вирус	ᠲᠡᠭᠡᠭᠡᠭᠴᠢ	тээгч	18
витамин	ᠰ	с	62
витамин	ᠳ	д	38
витамин	ᠨᠢ	нь	22
волейбол	ᠰᠠᠭᠰᠤᠨ	сагсан	17
волейбол	ᠰᠢᠲᠠᠷ᠎ᠠ	шатар	10
волейбол	ᠰᠢᠷᠡᠭᠡᠨ ᠦ	ширээний	8
вэ	ᠭᠡᠳᠡᠭ	гэдэг	1941
вэ	ᠭᠡᠳᠡᠭ ᠢ	гэдгийг	1562
вэ	ᠭᠡᠬᠦ ᠪᠡᠷ	гэхээр	669
вэб	ᠬᠠᠭᠤᠳᠠᠰᠤ	хуудас	31
вэб	ᠬᠠᠭᠤᠳᠠᠰᠤᠨ ᠳᠤ	хуудсанд	24
вэб	ᠰᠠᠶᠢᠲᠤ ᠶᠢᠨ	сайтын	22
г	ᠨᠢ	нь	131
г	ᠳ	д	95
г	ᠪ	б	84
га	ᠳ	д	592
га	ᠲᠠᠯᠠᠪᠠᠢ ᠳᠤ	талбайд	415
га	ᠭᠠᠵᠠᠷ	газар	158
гаа	ᠶᠠᠭᠤᠮ᠎ᠠ	юм	148
гаа	ᠨᠢ	нь	86
гаа	ᠠᠵᠤ	аж	40
гааль	ᠳᠡᠭᠡᠷ᠎ᠡ	дээр	65
гааль	ᠨ᠎ᠡᠠᠲ	нөат	60
гааль	ᠪᠣᠯᠤᠨ	болон	47
гаар	ᠳᠠᠮᠵᠢᠭᠤᠯᠤᠨ	дамжуулан	24
гаар	ᠰᠠᠷ᠎ᠠ ᠶᠢᠨ	сарын	23
гаар	ᠨᠢ	нь	21
гав	ᠭᠠᠭᠴᠠᠭᠠᠷ ᠢᠶᠠᠨ	ганцаараа	9
гавъяат	ᠵᠢᠳᠬᠦᠯᠲᠡᠨ	зүтгэлтэн	85
гавъяат	ᠵᠦᠵᠦᠭᠡᠴᠢᠨ	жүжигчин	47
гавъяат	ᠳᠠᠰᠬᠠᠯᠵᠢᠭᠤᠯᠤᠭᠴᠢ	дасгалжуулагч	32
гавьяа	ᠪᠠᠶᠢᠭᠤᠯᠤᠭᠰᠠᠨ	байгуулсан	76
гавьяа	ᠱᠠᠩᠨᠠᠯ	шагнал	30
гавьяа	ᠶᠡᠬᠡ	их	12
гавьяат	ᠵᠦᠵᠦᠭᠡᠴᠢᠨ	жүжигчин	1211
гавьяат	ᠵᠢᠳᠬᠦᠯᠲᠡᠨ	зүтгэлтэн	1072
гавьяат	ᠳᠠᠰᠬᠠᠯᠵᠢᠭᠤᠯᠤᠭᠴᠢ	дасгалжуулагч	337
гагцхүү	ᠡᠨᠡ	энэ	49
гагцхүү	ᠲᠡᠷᠡ	тэр	29
гагцхүү	ᠤᠡᠬ	уих	16
гадаа	ᠲᠠᠯᠠᠪᠠᠢ ᠳᠤ	талбайд	38
гадаа	ᠭᠠᠷᠴᠤ	гарч	21
гадаа	ᠨᠢ	нь	19
гадаад	ᠬᠡᠷᠡᠭ ᠦᠨ	хэргийн	1523
гадаад	ᠵᠠᠬ᠎ᠠ	зах	519
гадаад	ᠬᠠᠷᠢᠯᠴᠠᠭ᠎ᠠ	харилцаа	496
гадаадад	ᠪᠠᠶᠢᠭ᠎ᠠ	байгаа	166
гадаадад	ᠠᠵᠢᠯᠯᠠᠵᠤ	ажиллаж	92
гадаадад	ᠠᠮᠢᠳᠤᠷᠠᠵᠤ	амьдарч	69
гадаадын	ᠬᠥᠷᠥᠩᠭᠡ	хөрөнгө	3118
гадаадын	ᠰᠢᠭᠤᠳ	шууд	769
гадаадын	ᠢᠷᠭᠡᠨ	иргэн	253
гадагш	ᠨᠢ	нь	127
гадагш	ᠭᠠᠷᠬᠤ	гарах	17
гадагш	ᠭᠠᠷᠭᠠᠬᠤ	гаргах	16
гадагшаа	ᠶᠠᠪᠤᠵᠤ	явж	57
гадагшаа	ᠭᠠᠷᠴᠤ	гарч	45
гадагшаа	ᠶᠠᠪᠤᠬᠤ	явах	22
гадагшлах	ᠤᠷᠤᠰᠬᠠᠯ	урсгал	13
гадагшлах	ᠤᠷᠤᠰᠬᠠᠯ ᠢ	урсгалыг	6
гадарга	ᠳᠡᠭᠡᠷ᠎ᠡ	дээр	31
гадарга	ᠳᠡᠭᠡᠷᠡᠬᠢ	дээрх	7
гадарга	ᠨᠢ	нь	7
гадаргуу	ᠳᠡᠭᠡᠷ᠎ᠡ	дээр	37
гадаргуу	ᠨᠢ	нь	32
гадаргуу	ᠳᠡᠭᠡᠷᠡᠬᠢ	дээрх	6
гадас	ᠣᠳᠣᠨ	одон	24
гадил	ᠵᠢᠮᠢᠰ	жимс	16
гадна	ᠣᠯᠠᠨ	олон	175
гадна	ᠮᠣᠩᠭᠣᠯ	монгол	143
гадна	ᠥᠭᠡᠷ᠎ᠡ	өөр	119
гаднаа	ᠢᠯᠡ	ил	9
гаднаас	ᠨᠢ	нь	142
гаднаас	ᠣᠷᠣᠵᠤ	орж	117
гаднаас	ᠣᠷᠣᠭᠤᠯᠵᠤ	оруулж	70
гадны	ᠬᠥᠷᠥᠩᠭᠡ	хөрөнгө	590
гадны	ᠤᠯᠤᠰ	улс	93
гадны	ᠨᠥᠯᠥᠭᠡ ᠲᠡᠢ	нөлөөтэй	53
гадуур	ᠶᠠᠪᠤᠵᠤ	явж	49
гадуур	ᠳᠣᠲᠣᠭᠤᠷ	дотуур	26
гадуур	ᠪᠠᠶᠢᠵᠤ	байж	24
гадуурхах	ᠬᠠᠨᠳᠤᠯᠭ᠎ᠠ	хандлага	5
гаж	ᠨᠥᠯᠥᠭᠡ	нөлөө	73
гаж	ᠬᠥᠭᠵᠢᠯ	хөгжил	32
гаж	ᠦᠵᠡᠭᠳᠡᠯ	үзэгдэл	26
гажиг	ᠲᠣᠭᠲᠠᠯᠴᠠᠭ᠎ᠠ	тогтолцоо	15
гажиг	ᠨᠢ	нь	11
гажиг	ᠡᠭᠦᠰᠬᠦ	үүсэх	9
газ	ᠷᠤ	руу	10
газ	ᠦᠨᠦᠷᠯᠡᠵᠦ	үнэрлэж	8
газ	ᠦᠨᠦᠷᠯᠡᠨ	үнэрлэн	8
газар	ᠨᠢ	нь	1182
газар	ᠬᠣᠭᠣᠷᠣᠨᠳᠣ ᠶᠢᠨ	хоорондын	1003
газар	ᠳᠡᠭᠡᠷ᠎ᠡ	дээр	925
газаргүй	ᠪᠣᠯᠵᠤ	болж	15
газаргүй	ᠶᠠᠭᠤᠮ᠎ᠠ	юм	12
газаргүй	ᠪᠣᠯᠤᠯ᠎ᠠ	боллоо	9
газардах	ᠶᠠᠭᠤᠮ᠎ᠠ	юм	8
газардах	ᠪᠠᠶᠢᠭᠰᠠᠨ	байсан	7
газардах	ᠪᠥᠭᠡᠳ	бөгөөд	5
газарзүй	ᠮᠣᠩᠭᠣᠯ	монгол	11
газарт	ᠠᠰᠢᠭᠲᠤ	ашигт	265
газарт	ᠴᠢᠭᠯᠡᠯ	чиглэл	255
газарт	ᠮ	м	178
газартаа	ᠬᠢᠨᠠᠯᠲᠠ	хяналт	9
газартаа	ᠬᠠᠷᠢᠭᠤᠴᠠᠯᠭ᠎ᠠ	хариуцлага	5
газартаа	ᠬᠦᠷᠭᠡᠭᠦᠯᠵᠦ	хүргүүлж	5
газартай	ᠬᠠᠮᠲᠤᠷᠠᠨ	хамтран	383
газартай	ᠬᠠᠮᠲᠤᠷᠠᠵᠤ	хамтарч	64
газартай	ᠬᠣᠯᠪᠣᠭᠠᠲᠠᠢ	холбоотой	52
газарчин	ᠳᠡᠭᠡᠳᠦ	дээд	8
газраа	ᠥᠮᠴᠢᠯᠡᠵᠦ	өмчилж	47
газраа	ᠪᠠᠶᠢᠭᠤᠯᠵᠤ	байгуулж	27
газраа	ᠪᠠᠶᠢᠭᠤᠯᠬᠤ	байгуулах	19
газраар	ᠰᠥᠨᠢ ᠳᠦ ᠪᠡᠨ	шөнөдөө	589
газраар	ᠭᠷᠠᠳᠦᠶᠢᠰ	градус	504
газраар	ᠲᠦᠷᠢ	түр	346
газраас	ᠥᠷᠭᠡᠨ	өргөн	502
газраас	ᠭᠠᠷᠭᠠᠭᠰᠠᠨ	гаргасан	312
газраас	ᠮᠡᠳᠡᠭᠡᠯᠡᠯ᠎ᠡ	мэдээллээ	260
газраасаа	ᠠᠪᠬᠤ	авах	5
газрыг	ᠨᠢ	нь	163
газрыг	ᠣᠭᠴᠣᠷᠠᠭᠤᠯᠬᠤ	огцруулах	122
газрыг	ᠲᠥᠯᠦᠭᠡᠯᠡᠵᠦ	төлөөлж	68
газрын	ᠳᠠᠷᠤᠭ᠎ᠠ	дарга	4418
газрын	ᠬᠡᠪᠯᠡᠯ	хэвлэл	1853
газрын	ᠣᠨ ᠤ	оны	1032
газрынхаа	ᠡᠰᠡᠷᠡᠭ	эсрэг	10
газрынхаа	ᠪᠦᠲᠦᠴᠡ	бүтэц	6
гай	ᠪᠣᠯᠵᠤ	болж	27
гай	ᠵᠣᠪᠠᠯᠠᠩ	зовлон	18
гай	ᠲᠠᠷᠢᠵᠤ	тарьж	16
гайгүй	ᠰᠠᠶᠢᠨ	сайн	50
гайгүй	ᠪᠣᠯᠤᠭᠰᠠᠨ	болсон	45
гайгүй	ᠪᠠᠶᠢᠭ᠎ᠠ	байгаа	43
гайхаад	ᠪᠠᠶᠢᠬᠤ	байх	36
гайхаад	ᠯᠠ	л	27
гайхаад	ᠪᠠᠶᠢᠭ᠎ᠠ	байгаа	18
гайхаж	ᠪᠠᠶᠢᠨ᠎ᠠ	байна	139
гайхаж	ᠪᠠᠶᠢᠭᠰᠠᠨ	байсан	50
гайхаж	ᠪᠠᠶᠢᠭ᠎ᠠ	байгаа	39
гайхалтай	ᠰᠠᠶᠢᠬᠠᠨ	сайхан	58
гайхалтай	ᠲᠣᠭᠯᠠᠯᠲᠠ	тоглолт	54
гайхалтай	ᠨᠢ	нь	53
гайхам	ᠰᠠᠶᠢᠬᠠᠨ	сайхан	9
гайхамшгийг	ᠮᠡᠳᠡᠷᠡᠭᠦᠯᠬᠦ	мэдрүүлэх	15
гайхамшгийг	ᠦᠵᠡᠭᠦᠯᠵᠦ	үзүүлж	11
гайхамшгийг	ᠮᠡᠳᠡᠷᠡᠭᠦᠯᠵᠦ	мэдрүүлж	10
гайхамшиг	ᠪᠣᠯᠤᠭᠰᠠᠨ	болсон	18
гайхамшиг	ᠶᠠᠭᠤᠮ᠎ᠠ	юм	11
гайхамшиг	ᠭᠡᠵᠦ	гэж	10
гайхамшигт	ᠥᠪ	өв	17
гайхамшигт	ᠪᠦᠲᠦᠭᠡᠯ	бүтээл	16
гайхамшигт	ᠳᠡᠯᠭᠡᠴᠡ	дэлгэц	13
гайхамшигтай	ᠰᠠᠶᠢᠬᠠᠨ	сайхан	23
гайхамшигтай	ᠵᠦᠢᠯ	зүйл	16
гайхамшигтай	ᠤᠷᠠᠨ	уран	12
гайхан	ᠪᠢᠰᠢᠷᠡᠵᠦ	биширч	11
гайхан	ᠬᠦᠯᠢᠶᠡᠨ	хүлээн	6
гайхах	ᠵᠦᠢᠯ ᠦᠭᠡᠢ	зүйлгүй	30
гайхах	ᠬᠦᠮᠦᠨ	хүн	30
гайхах	ᠵᠦᠢᠯ	зүйл	25
гайхмаар	ᠵᠦᠢᠯ	зүйл	6
гайхсан	ᠰᠢᠦ	шүү	10
гайхсан	ᠶᠠᠩᠵᠤ ᠲᠠᠢ	янзтай	6
гайхсан	ᠪᠠᠶᠢᠳᠠᠯ ᠲᠠᠢ	байдалтай	5
гайхуулах	ᠭᠡᠵᠦ	гэж	5
гайхуулах	ᠵᠦᠢᠯ	зүйл	5
гайхуулж	ᠪᠠᠶᠢᠭᠰᠠᠨ	байсан	9
гайхуулж	ᠪᠠᠶᠢᠭ᠎ᠠ	байгаа	8
гайхуулж	ᠶᠠᠪᠤᠭᠰᠠᠨ	явсан	8
гал	ᠦᠨᠳᠦᠰᠦᠲᠡᠨ	үндэстэн	307
гал	ᠤᠨᠲᠠᠷᠠᠭᠠᠬᠤ	унтраах	237
гал	ᠭᠠᠷᠤᠭᠰᠠᠨ	гарсан	151
галаа	ᠠᠰᠠᠭᠠᠵᠤ	асааж	9
галаа	ᠪᠦᠷᠢᠨ	бүрэн	5
галаас	ᠤᠯᠤᠰ ᠤᠨ	улсын	7
галд	ᠤᠯᠤᠰ ᠤᠨ	улсын	13
галд	ᠲᠡᠰᠪᠦᠷᠢᠲᠡᠢ	тэсвэртэй	9
галд	ᠥᠷᠲᠦᠭᠰᠡᠨ	өртсөн	9
галдан	ᠰᠢᠲᠠᠭᠠᠭᠰᠠᠨ	шатаасан	13
галдан	ᠰᠢᠲᠠᠭᠠᠵᠤ	шатааж	6
галдан	ᠰᠢᠲᠠᠭᠠᠬᠤ	шатаах	6
галзуу	ᠡᠪᠡᠳᠴᠢᠨ	өвчин	38
галзуу	ᠬᠤᠷᠳᠤ	хурд	26
галзуу	ᠰᠣᠯᠢᠶᠠᠲᠠᠢ	солиотой	11
галт	ᠵᠡᠪᠰᠡᠭ	зэвсэг	401
галт	ᠲᠡᠷᠭᠡ	тэрэг	182
галт	ᠲᠡᠷᠭᠡᠨ ᠦ	тэрэгний	153
галуу	ᠨᠢ	нь	6
галыг	ᠪᠦᠷᠢᠨ	бүрэн	17
галыг	ᠠᠰᠠᠭᠠᠬᠤ	асаах	11
галыг	ᠤᠯᠤᠰ ᠤᠨ	улсын	10
галын	ᠠᠶᠤᠯ ᠦᠭᠡᠢ	аюулгүй	149
галын	ᠨᠠᠭᠠᠳᠤᠮ	наадам	31
галын	ᠠᠶᠤᠯ ᠠᠴᠠ	аюулаас	26
гам	ᠪᠠᠷᠢᠬᠤ	барих	12
гам	ᠰᠠᠶᠢᠨ	сайн	12
гам	ᠪᠠᠷᠢᠵᠤ	барьж	5
гамшиг	ᠣᠰᠣᠯ	осол	22
гамшиг	ᠲᠣᠬᠢᠶᠠᠯᠳᠤᠭᠰᠠᠨ	тохиолдсон	17
гамшиг	ᠪᠣᠯᠵᠤ	болж	11
гамшигт	ᠦᠵᠡᠭᠳᠡᠯ	үзэгдэл	38
гамшигт	ᠥᠷᠲᠦᠭᠰᠡᠨ	өртсөн	24
ган	ᠡᠷᠳᠡᠨᠢ	эрдэнэ	341
ган	ᠣᠴᠢᠷ	очир	78
ган	ᠪᠥᠮᠪᠥᠯᠢᠭ	бөмбөлөг	51
ганбат	ᠨᠠᠷᠠ	нар	44
ганбат	ᠤᠯᠤᠰ ᠤᠨ	улсын	34
ганбат	ᠤ	у	33
ганболд	ᠨᠠᠷᠠ	нар	64
ганболд	ᠠ	а	20
ганболд	ᠨᠢ	нь	18
ганга	ᠨᠠᠭᠤᠷ ᠤᠨ	нуурын	27
ганга	ᠷᠠᠮ	рам	14
ганга	ᠨᠠᠭᠤᠷ ᠢ	нуурыг	10
ганган	ᠮᠠᠰᠢᠨ	машин	12
ганган	ᠳᠡᠭᠵᠢᠨ	дэгжин	11
ганган	ᠴᠠᠮᠢᠩ	чамин	10
гандан	ᠪᠠᠭᠤᠷᠠᠬᠤ ᠦᠭᠡᠢ	буурахгүй	12
гандан	ᠬᠡᠶᠢᠳ	хийд	6
гандангийн	ᠳᠡᠨᠵᠢ	дэнж	8
гандуу	ᠪᠥᠰᠡ	бүс	13
гандуу	ᠪᠠᠶᠢᠨ᠎ᠠ	байна	10
гандуу	ᠪᠠᠶᠢᠭ᠎ᠠ	байгаа	8
ганзага	ᠬᠣᠭᠣᠰᠣᠨ	хоосон	33
ганзага	ᠳᠦᠭᠦᠷᠡᠩ	дүүрэн	19
гантай	ᠪᠠᠶᠢᠭ᠎ᠠ	байгаа	11
гантай	ᠪᠠᠶᠢᠨ᠎ᠠ	байна	8
гантулга	ᠠ	а	65
гантулга	ᠨᠠᠷᠠ	нар	41
гантулга	ᠡᠬᠡ	эх	30
ганхаж	ᠡᠬᠢᠯᠡᠭᠰᠡᠨ	эхэлсэн	13
ганхаж	ᠡᠬᠢᠯᠡᠯ᠎ᠡ	эхэллээ	6
ганц	ᠴᠤ	ч	373
ганц	ᠨᠢᠭᠡ	нэг	331
ганц	ᠬᠣᠶᠠᠷ	хоёр	286
ганцаар	ᠦᠯᠡᠳᠡᠭᠰᠡᠨ	үлдсэн	8
ганцаар	ᠭᠠᠷᠤᠭᠰᠠᠨ	гарсан	6
ганцаараа	ᠪᠢᠰᠢ	биш	25
ганцаараа	ᠯᠠ	л	22
ганцаараа	ᠪᠠᠶᠢᠬᠤ	байх	21
ганцааранг	ᠨᠢ	нь	59
ганцааранг	ᠮᠢᠨᠢ	минь	5
ганцаардал	ᠨᠠᠳᠠ ᠳᠤ	надад	5
ганцхан	ᠤᠳᠠᠭ᠎ᠠ	удаа	285
ганцхан	ᠵᠢᠯ ᠦᠨ	жилийн	73
ганцхан	ᠵᠢᠱᠢᠶ᠎ᠡ	жишээ	67
гар	ᠤᠲᠠᠰᠤ	утас	1530
гар	ᠤᠲᠠᠰᠤᠨ ᠤ	утасны	841
гар	ᠳᠡᠭᠡᠷ᠎ᠡ	дээр	346
гараа	ᠰᠤᠩᠭᠠᠵᠤ	сунгаж	43
гараа	ᠰᠠᠶᠢᠲᠤᠷ	сайтар	38
гараа	ᠨᠢ	нь	33
гараагүй	ᠪᠠᠶᠢᠨ᠎ᠠ	байна	222
гараагүй	ᠪᠠᠶᠢᠭ᠎ᠠ	байгаа	169
гараагүй	ᠪᠠᠶᠢᠬᠤ ᠳᠤ	байхад	72
гараад	ᠪᠠᠶᠢᠭ᠎ᠠ	байгаа	428
гараад	ᠪᠠᠶᠢᠨ᠎ᠠ	байна	254
гараад	ᠯᠠ	л	102
гараанаас	ᠭᠠᠷᠴᠤ	гарч	21
гараанаас	ᠭᠠᠷᠬᠤ	гарах	20
гараанаас	ᠭᠠᠷᠤᠭᠰᠠᠨ	гарсан	20
гараар	ᠲᠣᠭᠠᠯᠠᠬᠤ	тоолох	29
гараар	ᠪᠦᠲᠦᠭᠰᠡᠨ	бүтсэн	26
гараар	ᠪᠢᠴᠢᠭᠰᠡᠨ	бичсэн	20
гараараа	ᠪᠠᠷᠢ ᠳᠤ	бариад	11
гараараа	ᠶᠠᠭᠤᠮ᠎ᠠ	юм	8
гараараа	ᠪᠠᠷᠢᠵᠤ	барьж	7
гараас	ᠨᠢ	нь	36
гараас	ᠮᠢᠨᠢ	минь	25
гараас	ᠴᠢᠨᠢ	чинь	24
гараасаа	ᠪᠠᠷᠢᠯᠴᠠᠨ	барилцан	12
гараасаа	ᠪᠠᠷᠢᠵᠤ	барьж	9
гараасай	ᠭᠡᠵᠦ	гэж	17
гараасай	ᠭᠡᠰᠡᠨ	гэсэн	10
гараасай	ᠯᠠ	л	7
гараатай	ᠺᠮ	км	25
гараатай	ᠤᠷᠤᠯᠳᠤᠭᠠᠨ	уралдаан	13
гараатай	ᠲᠡᠮᠡᠴᠡᠭᠡᠨ ᠳᠦ	тэмцээнд	7
гарав	ᠤᠤ	уу	27
гарав	ᠭᠡᠳᠡᠭ ᠢ	гэдгийг	9
гарав	ᠭᠡᠳᠡᠭ	гэдэг	7
гараг	ᠪᠤᠶᠤ	буюу	31
гараг	ᠡᠶᠢᠨ	ийн	31
гараг	ᠪᠦᠷᠢ ᠳᠦ	бүрт	22
гарал	ᠡᠭᠦᠰᠦᠯ	үүсэл	71
гарал	ᠡᠭᠦᠰᠦᠯ ᠲᠡᠢ	үүсэлтэй	16
гарал	ᠤᠭᠰᠠᠭ᠎ᠠ	угсаа	15
гаралт	ᠪᠠᠭᠤᠷᠠᠬᠤ ᠦᠭᠡᠢ	буурахгүй	11
гаралт	ᠨᠡᠮᠡᠭᠳᠡᠵᠦ	нэмэгдэж	10
гаралт	ᠨᠡᠮᠡᠭᠳᠡᠬᠦ	нэмэгдэх	6
гаралтай	ᠲᠦᠭᠦᠬᠡᠢ	түүхий	194
гаралтай	ᠪᠠᠷ᠎ᠠ	бараа	107
гаралтай	ᠪᠦᠲᠦᠭᠡᠭᠳᠡᠬᠦᠨ	бүтээгдэхүүн	72
гарамгай	ᠮᠡᠷᠭᠡᠨ	мэргэн	62
гарамгай	ᠰᠠᠶᠢᠨ	сайн	9
гарамгай	ᠤᠷᠠᠨ	уран	9
гарамгүй	ᠭᠠᠵᠠᠷ ᠢᠶᠠᠷ	газраар	29
гаран	ᠵᠢᠯ	жил	17
гаран	ᠵᠢᠯ ᠦᠨ	жилийн	13
гаран	ᠠᠵᠢᠯᠯᠠᠵᠤ	ажиллаж	11
гарах	ᠨᠢ	нь	532
гарах	ᠶᠠᠭᠤᠮ᠎ᠠ	юм	492
гарах	ᠪᠣᠯᠤᠭᠰᠠᠨ	болсон	316
гарахаар	ᠪᠠᠶᠢᠭ᠎ᠠ	байгаа	24
гарахаар	ᠪᠣᠯᠤᠭᠰᠠᠨ	болсон	23
гарахаар	ᠪᠣᠯᠵᠠᠢ	болжээ	21
гарахад	ᠨᠢ	нь	79
гарахад	ᠪᠡᠯᠡᠨ	бэлэн	33
гарахад	ᠯᠠ	л	20
гарахгүй	ᠪᠠᠶᠢᠬᠤ	байх	105
гарахгүй	ᠪᠣᠯ	бол	80
гарахгүй	ᠪᠠᠶᠢᠨ᠎ᠠ	байна	70
гарахдаа	ᠲᠡᠭᠡᠭᠡᠪᠦᠷᠢ ᠶᠢᠨ	тээврийн	12
гарахдаа	ᠠᠯᠢ	аль	10
гарахдаа	ᠰᠠᠷ᠎ᠠ ᠶᠢᠨ	сарын	7
гарахыг	ᠦᠭᠡᠶᠢᠰᠬᠡᠬᠦ ᠦᠭᠡᠢ	үгүйсгэхгүй	35
гарахыг	ᠨᠢ	нь	32
гарахыг	ᠬᠦᠯᠢᠶᠡᠵᠦ	хүлээж	21
гарахын	ᠲᠤᠯᠠᠳᠠ	тулд	197
гарахын	ᠡᠮᠦᠨ᠎ᠡ	өмнө	47
гарахын	ᠲᠥᠯᠥᠭᠡ	төлөө	18
гарвал	ᠶᠠᠬᠤ	яах	19
гарвал	ᠪᠢᠳᠡ	бид	12
гарвал	ᠲᠤᠬᠠᠢ ᠶᠢᠨ	тухайн	9
гарга	ᠰᠠᠩ	сан	41
гарга	ᠭᠡᠵᠦ	гэж	15
гарга	ᠭᠡᠰᠡᠨ	гэсэн	10
гаргаад	ᠪᠠᠶᠢᠭ᠎ᠠ	байгаа	448
гаргаад	ᠪᠠᠶᠢᠨ᠎ᠠ	байна	188
гаргаад	ᠪᠠᠶᠢᠭᠰᠠᠨ	байсан	100
гаргав	ᠤᠤ	уу	17
гаргав	ᠭᠡᠵᠦ	гэж	7
гаргав	ᠠ	аа	5
гаргагч	ᠨᠢ	нь	25
гаргагч	ᠨᠠᠷᠠᠲᠤ	нарт	12
гаргагч	ᠢᠷᠭᠡᠨ	иргэн	9
гаргадаг	ᠶᠠᠭᠤᠮ᠎ᠠ	юм	87
гаргадаг	ᠪᠠᠶᠢᠨ᠎ᠠ	байна	83
гаргадаг	ᠪᠠᠶᠢᠭᠰᠠᠨ	байсан	82
гаргадаггүй	ᠪᠠᠶᠢᠭᠰᠠᠨ	байсан	7
гаргадаггүй	ᠶᠠᠭᠤᠮ᠎ᠠ	юм	7
гаргадаггүй	ᠪᠠᠶᠢᠬᠤ	байх	5
гаргаж	ᠪᠠᠶᠢᠭ᠎ᠠ	байгаа	1207
гаргаж	ᠪᠠᠶᠢᠭᠰᠠᠨ	байсан	655
гаргаж	ᠪᠠᠶᠢᠨ᠎ᠠ	байна	558
гаргажээ	ᠭᠡᠵᠦ	гэж	8
гаргалаа	ᠭᠡᠵᠦ	гэж	44
гаргалаа	ᠭᠡᠬᠦ ᠳᠦ	гэхэд	29
гаргалаа	ᠭᠡᠳ	гээд	21
гарган	ᠠᠵᠢᠯᠯᠠᠵᠤ	ажиллаж	139
гарган	ᠠᠪᠬᠤ	авах	123
гарган	ᠬᠦᠯᠢᠶᠡᠨ	хүлээн	65
гаргана	ᠭᠡᠵᠦ	гэж	219
гаргана	ᠭᠡᠰᠡᠨ	гэсэн	138
гаргана	ᠭᠡᠳᠡᠭ	гэдэг	101
гаргасан	ᠪᠠᠶᠢᠨ᠎ᠠ	байна	1407
гаргасан	ᠶᠠᠭᠤᠮ᠎ᠠ	юм	785
гаргасан	ᠨᠢ	нь	571
гаргах	ᠨᠢ	нь	457
гаргах	ᠭᠡᠵᠦ	гэж	375
гаргах	ᠶᠠᠭᠤᠮ᠎ᠠ	юм	373
гаргахгүй	ᠪᠠᠶᠢᠬᠤ	байх	161
гаргахгүй	ᠪᠣᠯ	бол	60
гаргахгүй	ᠪᠠᠶᠢᠬᠤ ᠶᠢ	байхыг	44
гаргачихаад	ᠪᠠᠶᠢᠭ᠎ᠠ	байгаа	10
гаргачихаад	ᠪᠠᠶᠢᠨ᠎ᠠ	байна	9
гаргачихаад	ᠪᠠᠶᠢᠬᠤ ᠳᠤ	байхад	8
гаргая	ᠭᠡᠵᠦ	гэж	36
гаргая	ᠭᠡᠰᠡᠨ	гэсэн	16
гаргая	ᠭᠡᠪᠡᠯ	гэвэл	14
гаргуулах	ᠪᠤᠶᠤ	буюу	20
гаргуулах	ᠭᠡᠵᠦ	гэж	13
гаргуулах	ᠨᠢ	нь	13
гардаг	ᠪᠠᠶᠢᠭᠰᠠᠨ	байсан	167
гардаг	ᠶᠠᠭᠤᠮ᠎ᠠ	юм	128
гардаг	ᠪᠠᠶᠢᠨ᠎ᠠ	байна	89
гардаггүй	ᠶᠠᠭᠤᠮ᠎ᠠ	юм	51
гардаггүй	ᠪᠠᠶᠢᠭᠰᠠᠨ	байсан	15
гардаггүй	ᠭᠡᠵᠦ	гэж	11
гардуулах	ᠶᠣᠰᠣᠯᠠᠯ	ёслол	278
гардуулах	ᠶᠠᠭᠤᠮ᠎ᠠ	юм	87
гардуулах	ᠦᠶ᠎ᠡ ᠪᠡᠷ	үеэр	33
гарз	ᠬᠣᠬᠢᠷᠠᠯ	хохирол	29
гарз	ᠪᠣᠯᠤᠭᠰᠠᠨ	болсон	6
гарз	ᠭᠡᠵᠦ	гэж	6
гариг	ᠪᠤᠶᠤ	буюу	144
гариг	ᠳᠡᠭᠡᠷ᠎ᠡ	дээр	71
гариг	ᠪᠦᠷ	бүр	53
гаригийн	ᠰᠥᠨᠢ	шөнө	79
гаригийн	ᠣᠷᠣᠢ	орой	65
гаригийн	ᠥᠷᠯᠥᠭᠡ	өглөө	64
гаригт	ᠪᠤᠶᠤ	буюу	214
гаригт	ᠪᠣᠯᠤᠭᠰᠠᠨ	болсон	129
гаригт	ᠤᠡᠬ	уих	111
гарлаа	ᠭᠡᠬᠦ ᠳᠦ	гэхэд	71
гарлаа	ᠭᠡᠵᠦ	гэж	64
гарлаа	ᠭᠡᠳ	гээд	24
гарна	ᠭᠡᠵᠦ	гэж	343
гарна	ᠭᠡᠰᠡᠨ	гэсэн	134
гарна	ᠭᠡᠳᠡᠭ ᠲᠦ	гэдэгт	107
гарсаар	ᠪᠠᠶᠢᠨ᠎ᠠ	байна	114
гарсаар	ᠪᠠᠶᠢᠭ᠎ᠠ	байгаа	70
гарсаар	ᠡᠬᠢᠨ ᠦ	эхний	23
гарсан	ᠪᠠᠶᠢᠨ᠎ᠠ	байна	1115
гарсан	ᠶᠠᠭᠤᠮ᠎ᠠ	юм	470
гарсан	ᠨᠢ	нь	435
гарсангүй	ᠭᠡᠵᠦ	гэж	5
гарсныг	ᠨᠢ	нь	16
гарсныг	ᠲᠠ	та	10
гарсныг	ᠪᠢᠳᠡ	бид	9
гарт	ᠨᠢ	нь	72
гарт	ᠠᠮᠢᠶ᠎ᠠ	амиа	66
гарт	ᠪᠠᠶᠢᠨ᠎ᠠ	байна	41
гартаа	ᠠᠪᠴᠤ	авч	55
гартаа	ᠠᠪᠤᠭᠰᠠᠨ	авсан	37
гартаа	ᠠᠪᠬᠤ	авах	24
гартай	ᠡᠮᠴᠢ	эмч	10
гартал	ᠨᠢ	нь	9
гаруй	ᠬᠦᠮᠦᠨ	хүн	927
гаруй	ᠵᠢᠯ	жил	842
гаруй	ᠰᠠᠶ᠋ᠢ	сая	744
гарц	ᠨᠢ	нь	148
гарц	ᠪᠠᠶᠢᠬᠤ ᠦᠭᠡᠢ	байхгүй	56
гарц	ᠪᠠᠶᠢᠨ᠎ᠠ	байна	53
гарцаагүй	ᠶᠠᠭᠤᠮ᠎ᠠ	юм	51
гарцаагүй	ᠦᠨᠡᠨ	үнэн	22
гарцаагүй	ᠪᠠᠶᠢᠬᠤ	байх	19
гарцгүй	ᠬᠥᠭᠵᠢᠵᠦ	хөгжиж	134
гарцгүй	ᠣᠷᠣᠨ	орон	45
гарцгүй	ᠣᠷᠣᠨ ᠤ	орны	32
гарцыг	ᠨᠢ	нь	25
гарцыг	ᠤᠯᠬᠤ	олох	22
гарцыг	ᠬᠠᠶᠢᠵᠤ	хайж	20
гарч	ᠪᠠᠶᠢᠭ᠎ᠠ	байгаа	1948
гарч	ᠪᠠᠶᠢᠨ᠎ᠠ	байна	1300
гарч	ᠪᠠᠶᠢᠭᠰᠠᠨ	байсан	998
гарчээ	ᠭᠡᠵᠦ	гэж	5
гаръя	ᠭᠡᠵᠦ	гэж	12
гаръя	ᠭᠡᠪᠡᠯ	гэвэл	10
гаръя	ᠭᠡᠰᠡᠨ	гэсэн	9
гарыг	ᠨᠢ	нь	103
гарыг	ᠴᠢᠨᠢ	чинь	46
гарыг	ᠮᠢᠨᠢ	минь	16
гарын	ᠦᠰᠦᠭ	үсэг	3583
гарын	ᠠᠪᠤᠯᠭ᠎ᠠ	авлага	288
гарын	ᠦᠰᠦᠭ ᠢᠶᠡᠨ	үсгээ	172
гасан	ᠬᠡᠦᠬᠡᠳ	хүүхэд	9
гасан	ᠪᠠᠶᠢᠨ᠎ᠠ	байна	8
гасан	ᠶᠠᠭᠤᠮ᠎ᠠ	юм	8
гахай	ᠬᠠᠪᠤᠳᠠᠷ	хавдар	37
гахай	ᠰᠢᠪᠠᠭᠤᠨ ᠤ	шувууны	17
гахай	ᠲᠠᠤᠯᠠᠢ	туулай	11
гахайн	ᠮᠢᠬ᠎ᠠ	мах	51
гахайн	ᠬᠠᠪᠤᠳᠠᠷ	хавдар	42
гахайн	ᠠᠵᠤ	аж	33
гацаа	ᠨᠢ	нь	7
гацаа	ᠡᠭᠦᠰᠦᠭᠰᠡᠨ	үүссэн	7
гацаа	ᠡᠭᠦᠰᠬᠡᠵᠦ	үүсгэж	6
гацаад	ᠪᠠᠶᠢᠭ᠎ᠠ	байгаа	15
гацаад	ᠪᠠᠶᠢᠨ᠎ᠠ	байна	11
гацаад	ᠪᠠᠶᠢᠭᠰᠠᠨ	байсан	6
гацаах	ᠨᠢ	нь	8
гацаах	ᠰᠣᠨᠢᠷᠬᠠᠯ	сонирхол	5
гацаж	ᠪᠠᠶᠢᠨ᠎ᠠ	байна	15
гацаж	ᠪᠠᠶᠢᠭ᠎ᠠ	байгаа	6
гацаж	ᠪᠤᠢ	буй	5
гацсан	ᠲᠡᠮᠦᠷ	төмөр	7
гацсан	ᠪᠠᠶᠢᠭ᠎ᠠ	байгаа	6
гацсан	ᠨᠢ	нь	5
гацуур	ᠮᠣᠳᠣ	мод	16
гацуур	ᠮᠣᠳᠣᠨ ᠤ	модны	10
гацуур	ᠮᠢᠩᠭᠠᠨ	мянган	5
гашуун	ᠲᠡᠦᠬᠡ	түүх	60
гашуун	ᠦᠨᠡᠨ	үнэн	43
гашуун	ᠰᠤᠷᠭᠠᠮᠵᠢ	сургамж	34
гег	᠍ ᠤᠨ	ын	44
генерал	ᠴᠤ	ч	227
генерал	ᠲ	т	58
генерал	ᠴ	ц	52
геологи	ᠤᠤᠯ	уул	365
геологи	ᠬᠠᠶᠢᠭᠤᠯ	хайгуул	45
геологи	ᠡᠷᠦᠳᠡᠰᠦ	эрдэс	22
ги	ᠰᠢᠭᠦᠨ	шүүн	122
ги	ᠰᠢᠦ	шүү	20
гийн	ᠭᠠᠵᠠᠷ	газар	99
гийн	ᠭᠠᠵᠠᠷ ᠤᠨ	газрын	89
гийн	ᠬᠤᠪᠢ ᠳᠤ	хувьд	89
гимнастик	ᠬᠥᠩᠭᠡᠨ	хөнгөн	6
гимнастик	ᠪᠡᠶ᠎ᠡ	бие	5
гимнастик	ᠵᠡᠷᠭᠡ	зэрэг	5
гинжин	ᠬᠡᠯᠬᠢᠶ᠎ᠡ	хэлхээ	13
гинжин	ᠬᠣᠯᠪᠣᠭ᠎ᠠ	холбоо	11
гинжин	ᠤᠷᠪᠠᠯ	урвал	6
гитар	ᠲᠣᠭᠯᠠᠵᠤ	тоглож	24
гитар	ᠲᠣᠭᠯᠠᠬᠤ	тоглох	16
гитар	ᠲᠣᠭᠯᠠᠭᠠᠳ	тоглоод	8
гиш	ᠦ᠋	үү	70
гиш	ᠳ	д	7
гиш	ᠨ	н	5
гишгэж	ᠪᠠᠶᠢᠨ᠎ᠠ	байна	17
гишгэж	ᠪᠣᠯᠬᠤ ᠦᠭᠡᠢ	болохгүй	15
гишгэж	ᠪᠠᠶᠢᠭ᠎ᠠ	байгаа	11
гишгэсэн	ᠮᠥᠷ ᠢᠶᠡᠨ	мөрөө	7
гишгэсэн	ᠶᠠᠭᠤᠮ᠎ᠠ	юм	7
гишгэсэн	ᠬᠡᠷᠡᠭ	хэрэг	5
гишгэх	ᠭᠠᠵᠠᠷ ᠦᠭᠡᠢ	газаргүй	17
гишгэх	ᠵᠠᠢ ᠦᠭᠡᠢ	зайгүй	10
гишгэх	ᠭᠠᠵᠠᠷ	газар	9
гишүү	ᠮᠥᠴᠢᠷ	мөчир	20
гишүү	ᠨᠢᠭᠢ	ний	5
гишүүд	ᠨᠢ	нь	415
гишүүд	ᠠᠰᠠᠭᠤᠯᠲᠠ	асуулт	284
гишүүд	ᠰᠠᠨᠠᠯ	санал	220
гишүүн	ᠳ	д	2053
гишүүн	ᠰ	с	1657
гишүүн	ᠴ	ц	1038
глобал	ᠤᠳᠤᠷᠢᠳᠤᠭᠴᠢ	удирдагч	15
глобал	ᠬᠤᠷᠳᠤ	хурд	6
говийн	ᠪᠥᠰᠡ	бүс	594
говийн	ᠨᠤᠲᠤᠭ ᠤᠨ	нутгийн	399
говийн	ᠨᠤᠲᠤᠭ ᠢᠶᠠᠷ	нутгаар	107
говь	ᠠᠯᠲᠠᠢ	алтай	2022
говь	ᠲᠠᠯ᠎ᠠ ᠶᠢᠨ	талын	245
говь	ᠪᠣᠯᠤᠨ	болон	200
говьд	ᠤᠰᠤ	ус	9
говьд	ᠠᠮᠢᠳᠤᠷᠠᠳᠠᠭ	амьдардаг	7
говьд	ᠪᠠᠶᠢᠳᠠᠭ	байдаг	6
говьсүмбэр	ᠠᠶᠢᠮᠠᠭ ᠤᠨ	аймгийн	136
говьсүмбэр	ᠳᠣᠷᠣᠨᠠᠭᠣᠪᠢ	дорноговь	45
говьсүмбэр	ᠠᠶᠢᠮᠠᠭ	аймаг	32
гойд	ᠰᠠᠶᠢᠨ	сайн	9
гойд	ᠲᠠᠲᠠᠵᠤ	татаж	7
гойд	ᠠᠰᠢᠭ	ашиг	6
гол	ᠨᠢ	нь	3374
гол	ᠵᠣᠷᠢᠯᠭ᠎ᠠ	зорилго	861
гол	ᠰᠢᠯᠲᠠᠭᠠᠨ	шалтгаан	752
голд	ᠨᠢ	нь	31
голд	ᠮᠢᠨᠵᠢ	минж	17
голд	ᠰᠡᠯᠡᠵᠦ	сэлж	16
голдуу	ᠯᠠ	л	18
голдуу	ᠶᠠᠮᠠᠷ	ямар	9
голдуу	ᠪᠠᠶᠢᠳᠠᠭ	байдаг	8
голж	ᠪᠠᠶᠢᠭᠰᠠᠨ	байсан	8
голж	ᠪᠣᠯᠬᠤ ᠦᠭᠡᠢ	болохгүй	6
голж	ᠰᠢᠯᠵᠢ	шилж	5
голлон	ᠨᠥᠯᠦᠭᠡᠯᠡᠵᠡᠢ	нөлөөлжээ	64
голлон	ᠨᠥᠯᠦᠭᠡᠯᠡᠭᠰᠡᠨ	нөлөөлсөн	61
голлон	ᠠᠩᠬᠠᠷᠴᠤ	анхаарч	28
голлох	ᠡᠭᠦᠷᠭᠡ	үүрэг	67
голлох	ᠡᠭᠦᠷᠭᠡ ᠲᠡᠢ	үүрэгтэй	42
голлох	ᠪᠠᠶᠢᠷᠢ	байр	29
гологдсон	ᠬᠡᠦᠬᠡᠨ	хүүхэн	17
голомт	ᠪᠠᠩᠬᠢ	банк	255
голомт	ᠪᠠᠩᠬᠢᠨ ᠳᠤ	банкинд	28
голомт	ᠰᠧᠺᠦᠶᠤᠶᠢᠷᠢᠲ᠋ᠢᠰ	секюритиз	15
голомтот	ᠬᠠᠯᠳᠠᠪᠤᠷᠢᠲᠤ	халдварт	29
голомтот	ᠨᠤᠲᠤᠭ ᠤᠨ	нутгийн	11
голомтот	ᠬᠤᠷᠴᠠ	хурц	7
голомтыг	ᠤᠰᠠᠳᠭᠠᠬᠤ	устгах	9
голомтыг	ᠨᠢ	нь	7
голомтыг	ᠰᠠᠮᠤᠷᠬᠤ	самрах	5
голомтын	ᠭᠠᠵᠠᠷ ᠲᠤ	газарт	8
голомтын	ᠪᠥᠰᠡ	бүс	6
голоо	ᠲᠠᠰᠤᠷᠠᠲᠠᠯ᠎ᠠ	тасартал	6
голоо	ᠠᠪᠤᠷᠠᠬᠤ	аврах	5
голоор	ᠨᠢ	нь	10
голоос	ᠤᠰᠤ	ус	5
голтой	ᠠᠦ᠋ᠲ᠋ᠣ᠋	авто	8
голууд	ᠦᠶᠡᠷ ᠦᠨ	үерийн	16
голууд	ᠬᠠᠶᠢᠯᠠᠬᠤ	хайлах	6
голч	ᠳᠦᠩ	дүн	109
голч	ᠳ᠋ᠦᠩ ᠲᠡᠢ	дүнтэй	67
голч	ᠬᠡᠦ	хүү	40
голыг	ᠨᠢ	нь	30
голыг	ᠬᠠᠮᠠᠭᠠᠯᠠᠬᠤ	хамгаалах	18
голыг	ᠰᠡᠷᠭᠦᠭᠡᠬᠦ	сэргээх	9
голын	ᠰᠠᠪᠠ	сав	1344
голын	ᠡᠷᠭᠢ	эрэг	205
голын	ᠰᠠᠪᠠ ᠪᠠᠷ	саваар	176
гомдлоо	ᠭᠠᠷᠭᠠᠬᠤ	гаргах	16
гомдлоо	ᠭᠠᠷᠭᠠᠵᠤ	гаргаж	9
гомдлоо	ᠭᠠᠷᠭᠠᠭᠰᠠᠨ	гаргасан	9
гомдлыг	ᠬᠦᠯᠢᠶᠡᠨ	хүлээн	69
гомдлыг	ᠥᠨᠥᠳᠥᠷ	өнөөдөр	33
гомдлыг	ᠦᠨᠳᠦᠰᠦᠯᠡᠨ	үндэслэн	28
гомдлын	ᠳᠠᠭᠠᠤ	дагуу	201
гомдлын	ᠮᠥᠷ ᠢᠶᠡᠷ	мөрөөр	20
гомдлын	ᠪᠠᠶᠢᠩᠭᠤ ᠶᠢᠨ	байнгын	18
гомдож	ᠪᠠᠶᠢᠨ᠎ᠠ	байна	25
гомдож	ᠶᠠᠪᠤᠳᠠᠭ	явдаг	9
гомдол	ᠭᠠᠷᠭᠠᠭᠰᠠᠨ	гаргасан	440
гомдол	ᠭᠠᠷᠭᠠᠬᠤ	гаргах	184
гомдол	ᠭᠠᠷᠭᠠᠵᠤ	гаргаж	170
гомдолгүй	ᠭᠡᠰᠡᠨ	гэсэн	11
гомдолгүй	ᠭᠡᠵᠦ	гэж	5
гомдолтой	ᠪᠠᠶᠢᠨ᠎ᠠ	байна	98
гомдолтой	ᠪᠠᠶᠢᠭ᠎ᠠ	байгаа	70
гомдолтой	ᠪᠠᠶᠢᠭ᠎ᠠ ᠪᠠᠨ	байгаагаа	30
гомдоод	ᠪᠠᠶᠢᠬᠤ	байх	9
гомдоод	ᠯᠠ	л	6
гомдоож	ᠶᠠᠪᠤᠭᠰᠠᠨ	явсан	7
гомдоож	ᠪᠠᠶᠢᠭᠰᠠᠨ	байсан	5
гомдоож	ᠪᠣᠯᠬᠤ ᠦᠭᠡᠢ	болохгүй	5
гомдоосон	ᠪᠣᠯ	бол	8
гомдох	ᠶᠠᠭᠤᠮ᠎ᠠ	юм	11
гомдох	ᠡᠷᠬᠡ	эрх	7
гомдох	ᠨᠢ	нь	6
гоо	ᠰᠠᠶᠢᠬᠠᠨ ᠤ	сайхны	368
гоо	ᠰᠠᠶᠢᠬᠠᠨ	сайхан	170
гоо	ᠵᠦᠢ ᠶᠢᠨ	зүйн	73
гоожих	ᠵᠡᠷᠭᠡ	зэрэг	7
гоожих	ᠥᠨᠳᠥᠷ	өндөр	6
гоожих	ᠦᠶ᠎ᠡ	үе	5
гоол	ᠣᠷᠣᠭᠤᠯᠤᠭᠰᠠᠨ	оруулсан	357
гоол	ᠣᠷᠣᠭᠤᠯᠵᠤ	оруулж	356
гоол	ᠬᠢᠵᠦ	хийж	52
гоолиг	ᠰᠠᠶᠢᠬᠠᠨ	сайхан	12
гоолиг	ᠪᠡᠶ᠎ᠡ	бие	6
горим	ᠨᠢ	нь	11
горим	ᠠᠯᠳᠠᠭᠳᠠᠭᠰᠠᠨ	алдагдсан	5
горим	ᠷᠤ	руу	5
горхи	ᠪᠤᠯᠠᠭ	булаг	12
горхи	ᠨᠠᠭᠤᠷ	нуур	8
горхи	ᠰᠢᠷᠭᠢᠵᠦ	ширгэж	8
горьдлого	ᠲᠡᠭᠡᠭᠡᠵᠦ	тээж	10
горьдлого	ᠲᠡᠭᠡᠭᠡᠭᠰᠡᠨ	тээсэн	8
горьдлого	ᠲᠠᠯ᠎ᠠ ᠪᠠᠷ	талаар	6
горьдож	ᠪᠠᠶᠢᠭᠰᠠᠨ	байсан	10
горьдож	ᠪᠠᠶᠢᠭ᠎ᠠ	байгаа	9
горьдож	ᠯᠠ	л	6
гох	ᠨᠢ	нь	8
гох	ᠳᠡᠭᠡᠭᠡ	дэгээ	7
гох	ᠬᠡᠷᠡᠭᠲᠡᠢ	хэрэгтэй	7
гоц	ᠬᠠᠯᠳᠠᠪᠤᠷᠢᠲᠤ	халдварт	224
гоц	ᠮᠥᠷᠭᠥᠵᠦ	мөргөж	116
гоц	ᠮᠥᠷᠭᠥᠭᠰᠡᠨ	мөргөсөн	74
гоцлол	ᠳᠠᠭᠤᠴᠢᠨ	дуучин	310
гоцлол	ᠪᠦᠵᠢᠭᠴᠢᠨ	бүжигчин	123
гоцлол	ᠳᠠᠭᠤᠴᠢᠳ	дуучид	38
гоё	ᠰᠠᠶᠢᠬᠠᠨ	сайхан	82
гоё	ᠶᠠᠭᠤᠮ᠎ᠠ	юм	62
гоё	ᠪᠠᠶᠢᠭᠰᠠᠨ	байсан	46
гоёл	ᠴᠢᠮᠡᠭᠯᠡᠯ	чимэглэл	38
гоёл	ᠨᠢ	нь	7
гоёл	ᠬᠬᠺ	ххк	6
гоёлын	ᠳᠠᠱᠢᠨᠵᠠ	даашинз	33
гоёлын	ᠵᠦᠢᠯᠡᠰ	зүйлс	12
гоёлын	ᠳᠠᠱᠢᠨᠵᠠᠨ ᠤ	даашинзны	10
гоёо	ᠬᠬᠺ	ххк	6
гоёсон	ᠪᠠᠶᠢᠪᠠ	байв	7
гоёсон	ᠪᠠᠶᠢᠯ᠎ᠠ	байлаа	6
гоёсон	ᠪᠠᠶᠢᠨ᠎ᠠ	байна	5
гоёх	ᠳᠤᠷᠠᠲᠠᠢ	дуртай	12
гоёхон	ᠮᠢᠨᠢ	минь	6
градус	ᠳᠤᠯᠠᠭᠠᠨ	дулаан	4019
градус	ᠡᠳᠦᠷ ᠲᠦ ᠪᠡᠨ	өдөртөө	3672
градус	ᠬᠦᠢᠲᠡᠨ	хүйтэн	2840
грамм	ᠵᠢᠩᠲᠡᠢ	жинтэй	43
грамм	ᠠᠯᠲᠠ	алт	17
грамм	ᠮᠥᠩᠭᠥ	мөнгө	13
график	ᠳᠡᠭᠡᠷ᠎ᠡ	дээр	28
график	ᠳᠡᠭᠡᠭᠦᠷ	дээгүүр	16
график	ᠵᠢᠷᠤᠭ	зураг	12
гуай	ᠪᠣᠯ	бол	27
гуай	ᠣᠨ ᠳᠤ	онд	18
гуай	ᠰᠢᠭ	шиг	18
гуайн	ᠬᠤᠪᠢ ᠳᠤ	хувьд	16
гуайн	ᠵᠣᠬᠢᠶᠠᠭᠰᠠᠨ	зохиосон	11
гуайн	ᠬᠡᠦ	хүү	11
гудамж	ᠲᠠᠯᠠᠪᠠᠢ ᠳᠤ	талбайд	104
гудамж	ᠲᠠᠯᠠᠪᠠᠢ	талбай	83
гудамж	ᠷ	р	80
гудамжаар	ᠠᠯᠬᠤᠵᠤ	алхаж	24
гудамжаар	ᠶᠠᠪᠤᠵᠤ	явж	17
гудамжаар	ᠨᠢ	нь	9
гудамжинд	ᠶᠠᠪᠤᠵᠤ	явж	31
гудамжинд	ᠭᠠᠷᠴᠤ	гарч	27
гудамжинд	ᠪᠠᠶᠢᠷᠢᠯᠠᠬᠤ	байрлах	16
гудамжны	ᠨᠢᠭᠡᠴᠡ	нэгж	102
гудамжны	ᠲᠣᠭᠠᠲᠤ	тоот	21
гудамжны	ᠰᠠᠭᠰᠤᠨ	сагсан	9
гудсан	ᠳᠣᠣᠷ᠎ᠠ	дор	21
гудсан	ᠳᠣᠣᠷ᠎ᠠ ᠪᠠᠨ	дороо	15
гудсан	ᠳᠣᠣᠷ᠎ᠠ ᠪᠠᠨ	доороо	9
гуйвуулж	ᠣᠯᠠᠨ	олон	9
гуйвуулж	ᠪᠣᠯᠬᠤ ᠦᠭᠡᠢ	болохгүй	5
гуйгаад	ᠶᠠᠪᠤᠵᠤ	явж	11
гуйгаад	ᠯᠠ	л	9
гуйгаад	ᠰᠠᠭᠤᠵᠤ	сууж	7
гуйдаг	ᠪᠠᠶᠢᠭᠰᠠᠨ	байсан	10
гуйдаг	ᠪᠠᠶᠢᠯ᠎ᠠ	байлаа	7
гуйдаг	ᠶᠠᠭᠤᠮ᠎ᠠ	юм	5
гуйж	ᠪᠠᠶᠢᠨ᠎ᠠ	байна	76
гуйж	ᠪᠠᠶᠢᠭᠰᠠᠨ	байсан	26
гуйж	ᠪᠠᠶᠢᠭ᠎ᠠ	байгаа	19
гуйлга	ᠭᠤᠶᠤᠵᠤ	гуйж	15
гуйлга	ᠭᠤᠶᠤᠬᠤ	гуйх	6
гуйлга	ᠭᠤᠶᠤᠳᠠᠭ	гуйдаг	5
гуйлгачин	ᠬᠡᠪ ᠢᠶᠡᠷ ᠢᠶᠡᠨ	хэвээрээ	11
гуйна	ᠭᠡᠳᠡᠭ	гэдэг	7
гуйсан	ᠴᠤ	ч	28
гуйсан	ᠪᠠᠶᠢᠨ᠎ᠠ	байна	24
гуйсан	ᠶᠠᠭᠤᠮ᠎ᠠ	юм	19
гуйх	ᠶᠣᠰᠣᠲᠠᠢ	ёстой	32
гуйх	ᠢᠨᠵᠢ	инж	17
гуйх	ᠨᠢ	нь	16
гулгаж	ᠪᠠᠶᠢᠭᠠᠳ	байгаад	19
гулгаж	ᠪᠠᠶᠢᠭᠰᠠᠨ	байсан	6
гулгаж	ᠪᠠᠶᠢᠭ᠎ᠠ	байгаа	5
гулууз	ᠮᠢᠬ᠎ᠠ	мах	24
гулууз	ᠮᠢᠬ᠎ᠠ ᠶᠢ	махыг	10
гуниг	ᠵᠣᠪᠠᠯᠠᠩ	зовлон	11
гуниг	ᠮᠢᠨᠢ	минь	11
гуниг	ᠪᠠᠶᠠᠷ	баяр	8
гунигаа	ᠪᠢ	би	6
гунигийг	ᠮᠢᠨᠢ	минь	14
гунигийг	ᠴᠢᠨᠢ	чинь	7
гунигийг	ᠨᠢ	нь	5
гунигийн	ᠨᠢᠯᠪᠤᠰᠤ	нулимс	7
гунигийн	ᠪᠣᠷᠣᠭ᠎ᠠ	бороо	5
гунигт	ᠲᠡᠦᠬᠡ ᠶᠢ	түүхийг	6
гунигтай	ᠲᠡᠦᠬᠡ	түүх	8
гунигтай	ᠨᠢ	нь	7
гунигтай	ᠴᠤ	ч	7
гур	ᠸᠠᠩ	ван	109
гурав	ᠳᠠᠬᠢ	дахь	2246
гурав	ᠳᠠᠬᠢᠨ	дахин	369
гурав	ᠨᠢ	нь	275
гуравдагч	ᠬᠥᠷᠰᠢ	хөрш	115
гуравдагч	ᠵᠠᠬ᠎ᠠ	зах	95
гуравдагч	ᠬᠥᠷᠰᠢ ᠶᠢᠨ	хөршийн	66
гуравдугаар	ᠰᠠᠷ᠎ᠠ ᠶᠢᠨ	сарын	2475
гуравдугаар	ᠰᠠᠷ᠎ᠠ ᠳᠤ	сард	742
гуравдугаар	ᠪᠠᠶᠢᠷᠢ	байр	220
гуравт	ᠨᠢ	нь	75
гуравт	ᠲᠥᠪ	төв	22
гуравт	ᠣᠷᠣᠵᠤ	орж	19
гуравхан	ᠵᠢᠯ ᠦᠨ	жилийн	52
гуравхан	ᠰᠠᠶ᠋ᠢ	сая	39
гуравхан	ᠰᠠᠷ᠎ᠠ ᠶᠢᠨ	сарын	28
гурваар	ᠨᠢ	нь	9
гурваар	ᠭᠠᠷᠴᠤ	гарч	6
гурваар	ᠬᠤᠷᠳᠤᠯᠠᠵᠤ	хурдалж	5
гурваас	ᠳᠡᠭᠡᠭᠰᠢ	дээш	140
гурваас	ᠳᠥᠷᠪᠡᠨ	дөрвөн	49
гурваас	ᠲᠠᠪᠤᠨ	таван	36
гурвалжин	ᠪᠤᠳᠠᠭ᠎ᠠ	будаа	14
гурвалжин	ᠳᠥᠷᠪᠡᠯᠵᠢᠨ	дөрвөлжин	5
гурвалжин	ᠴᠣᠩᠬᠣ ᠶᠢ	цонхыг	5
гурвалсан	ᠭᠡᠷ ᠢᠶᠡᠨ	гэрээ	33
гурвалсан	ᠬᠣᠯᠪᠣᠭ᠎ᠠ	холбоо	8
гурвалсан	ᠬᠠᠮᠲᠤ ᠶᠢᠨ	хамтын	5
гурван	ᠵᠢᠯ ᠦᠨ	жилийн	1304
гурван	ᠵᠢᠯ	жил	1108
гурван	ᠰᠠᠶ᠋ᠢ	сая	938
гурванбулаг	ᠰᠤᠮᠤ ᠶᠢᠨ	сумын	49
гурванбулаг	ᠰᠤᠮᠤᠨ ᠳᠤ	суманд	8
гурвантэс	ᠰᠤᠮᠤ ᠶᠢᠨ	сумын	44
гурвантэс	ᠰᠤᠮᠤᠨ ᠳᠤ	суманд	11
гурвантэс	ᠨᠣᠶᠠᠨ	ноён	8
гурвуулаа	ᠥᠭᠡᠷ᠎ᠡ	өөр	6
гурвын	ᠳᠠᠪᠠᠭ᠎ᠠ	даваа	67
гурвын	ᠳᠠᠪᠠᠭᠠᠨ ᠤ	давааны	26
гурвын	ᠡᠰᠡᠷᠡᠭ	эсрэг	16
гурил	ᠪᠤᠳᠠᠭ᠎ᠠ	будаа	63
гурил	ᠲᠥᠭᠥᠷᠢᠭ	төгрөг	34
гурил	ᠦᠢᠯᠡᠳᠪᠦᠷᠢᠯᠡᠭᠴᠢ	үйлдвэрлэгч	32
гутааж	ᠪᠠᠶᠢᠭ᠎ᠠ	байгаа	10
гутааж	ᠪᠠᠶᠢᠨ᠎ᠠ	байна	7
гутаан	ᠳᠣᠷᠣᠮᠵᠢᠯᠠᠵᠤ	доромжилж	34
гутаан	ᠳᠤᠷᠤᠮᠵᠢᠯᠠᠬᠤ	доромжлох	25
гутаах	ᠭᠡᠰᠡᠨ	гэсэн	5
гутал	ᠬᠤᠪᠴᠠᠰᠤ	хувцас	28
гутал	ᠨᠢ	нь	18
гутал	ᠡᠮᠦᠰᠦᠭᠰᠡᠨ	өмссөн	12
гутгаар	ᠪᠠᠶᠢᠷᠢ	байр	23
гутгаар	ᠪᠠᠶᠢᠷᠢᠨ ᠳᠤ	байранд	18
гутгаар	ᠪᠠᠶᠢᠷᠢ ᠶᠢ	байрыг	9
гутлаа	ᠡᠮᠦᠰᠦᠭᠡᠳ	өмсөөд	10
гутлаа	ᠲᠠᠶᠢᠯᠵᠤ	тайлж	7
гутлаа	ᠲᠠᠶᠢᠯᠤᠭᠠᠳ	тайлаад	6
гутлын	ᠦᠢᠯᠡᠳᠪᠦᠷᠢ	үйлдвэр	15
гутлын	ᠲᠣᠰ	тос	9
гутлын	ᠦᠨ᠎ᠡ	үнэ	7
гуу	ᠯᠠᠬ᠎ᠠ	лах	16
гуу	ᠵᠢᠯᠠᠭ᠎ᠠ	жалга	14
гуу	ᠵᠢᠯᠠᠭᠠᠨ ᠳᠤ	жалганд	7
гуулах	ᠭᠡᠵᠦ	гэж	5
гууллага	ᠨᠢ	нь	7
гууллага	ᠠᠯᠪᠠᠨ	албан	6
гууль	ᠪᠣᠯᠭᠠᠵᠤ	болгож	10
гууль	ᠴᠡᠴᠡᠷᠯᠢᠭ ᠦᠨ	цэцэрлэгийн	6
гууль	ᠪᠣᠯᠬᠤ	болох	5
гуч	ᠭᠠᠷᠤᠢ	гаруй	39
гуч	ᠳᠥᠴᠢᠨ	дөчин	16
гуч	ᠣᠷᠴᠢᠮ	орчим	11
гучин	ᠵᠢᠯ ᠦᠨ	жилийн	33
гучин	ᠵᠢᠯ	жил	26
гучин	ᠤᠰᠤ	ус	24
гуя	ᠰᠢᠯᠪᠢ	шилбэ	11
гуя	ᠨᠢ	нь	8
гхя	ᠨ ᠤ	ны	303
гхя	ᠨᠳ	нд	45
гхя	ᠳ	д	8
гэв	ᠦ᠋	үү	93
гэв	ᠭᠡᠨᠡᠳᠲᠡ	гэнэт	31
гэв	ᠤᠡᠬ	уих	13
гэвч	ᠡᠨᠡ	энэ	714
гэвч	ᠲᠡᠷᠡ	тэр	127
гэвч	ᠲᠡᠳᠡ	тэд	119
гэвэл	ᠡᠨᠡ	энэ	225
гэвэл	ᠪᠢ	би	127
гэвэл	ᠲᠡᠷᠡ	тэр	127
гэгдэж	ᠪᠠᠶᠢᠭᠰᠠᠨ	байсан	142
гэгдэж	ᠪᠤᠢ	буй	99
гэгдэж	ᠪᠠᠶᠢᠭ᠎ᠠ	байгаа	66
гэгдэх	ᠨ	н	31
гэгдэх	ᠪᠣᠯᠤᠭᠰᠠᠨ	болсон	19
гэгдэх	ᠡᠨᠡ	энэ	14
гэгч	ᠨᠢ	нь	287
гэгч	ᠡᠮᠡᠭᠲᠡᠢ	эмэгтэй	35
гэгч	ᠵᠠᠯᠠᠭᠤ	залуу	34
гэгчийг	ᠪᠠᠶᠢᠭᠤᠯᠤᠭᠰᠠᠨ	байгуулсан	9
гэгчийг	ᠪᠠᠶᠢᠭᠤᠯᠵᠤ	байгуулж	8
гэгчийг	ᠨᠢ	нь	5
гэгчийн	ᠦᠯᠢᠭᠡᠷ	үлгэр	5
гэгчээр	ᠡᠨᠡ	энэ	18
гэгчээр	ᠮᠣᠩᠭᠣᠯ	монгол	8
гэгчээр	ᠮᠣᠩᠭᠣᠯ ᠤᠨ	монголын	7
гэгээ	ᠡᠬᠡ	эх	141
гэгээ	ᠨᠢ	нь	7
гэгээ	ᠷᠦᠦ	рүү	6
гэгээлэг	ᠰᠠᠶᠢᠬᠠᠨ	сайхан	5
гэгээлэг	ᠥᠩᠭᠡ	өнгө	5
гэгээн	ᠬᠠᠶᠢᠷ᠎ᠠ ᠶᠢᠨ	хайрын	94
гэгээн	ᠰᠠᠶᠢᠬᠠᠨ	сайхан	24
гэгээн	ᠬᠠᠩᠭᠠᠢ	хангай	24
гэгээрүүлэх	ᠠᠵᠢᠯ ᠢ	ажлыг	12
гэгээрүүлэх	ᠠᠵᠢᠯ	ажил	5
гэгээтэй	ᠵᠦᠢᠯ	зүйл	9
гэгээтэй	ᠰᠠᠶᠢᠨ	сайн	5
гэгээтэй	ᠰᠠᠶᠢᠬᠠᠨ	сайхан	5
гэд	ᠭᠡ	гээ	29
гэдгийг	ᠨᠢ	нь	528
гэдгийг	ᠴᠤ	ч	422
гэдгийг	ᠪᠢᠳᠡ	бид	296
гэдгийн	ᠤᠴᠢᠷ	учир	15
гэдгийн	ᠴᠠᠭᠠᠨ᠎ᠠ	цаана	13
гэдгийн	ᠪᠠᠲᠤᠯᠠᠭ᠎ᠠ	баталгаа	9
гэдгээ	ᠮᠡᠳᠡᠭᠳᠡᠭᠰᠡᠨ	мэдэгдсэн	204
гэдгээ	ᠬᠡᠯᠡᠭᠰᠡᠨ	хэлсэн	195
гэдгээ	ᠴᠤ	ч	176
гэдгээр	ᠨᠢ	нь	248
гэдгээр	ᠯᠠ	л	20
гэдгээр	ᠲᠠᠶᠢᠯᠪᠤᠷᠢᠯᠠᠵᠤ	тайлбарлаж	15
гэдгээс	ᠡᠬᠢᠯᠡᠭᠡᠳ	эхлээд	49
гэдгээс	ᠥᠭᠡᠷ᠎ᠡ	өөр	29
гэдгээс	ᠢᠯᠡᠭᠦᠦ	илүү	28
гэдсэнд	ᠨᠢ	нь	17
гэдэг	ᠨᠢ	нь	4587
гэдэг	ᠪᠣᠯ	бол	1776
гэдэг	ᠳᠡᠭᠡᠷ᠎ᠡ	дээр	747
гэдэггүй	ᠶᠠᠭᠤᠮ᠎ᠠ	юм	10
гэдэггүй	ᠪᠢᠵᠡ	биз	6
гэдэгт	ᠢᠲᠡᠭᠡᠯ ᠲᠡᠢ	итгэлтэй	940
гэдэгт	ᠢᠲᠡᠭᠡᠵᠦ	итгэж	536
гэдэгт	ᠪᠢ	би	290
гэдэгтээ	ᠢᠲᠡᠭᠡᠯ ᠲᠡᠢ	итгэлтэй	159
гэдэгтээ	ᠬᠡᠷ	хэр	14
гэдэгтээ	ᠴᠤ	ч	11
гэдэс	ᠨᠢ	нь	52
гэдэс	ᠪᠠᠵᠠᠯᠠᠬᠤ	базлах	17
гэдэс	ᠴᠠᠳᠬᠤᠯᠠᠩ	цатгалан	16
гэж	ᠪᠠᠶᠢᠨ᠎ᠠ	байна	6515
гэж	ᠪᠠᠶᠢᠭ᠎ᠠ	байгаа	5005
гэж	ᠦᠵᠡᠵᠦ	үзэж	4545
гэл	ᠦ᠋	үү	77
гэл	ᠲᠡᠢ	тэй	8
гэл	ᠳ᠋ᠡᠬᠢ	дэх	6
гэлгүй	ᠶᠠᠬᠤᠪ	яахав	8
гэлгүй	ᠨᠠᠮᠠᠢ	намайг	5
гэлтгүй	ᠪᠦᠬᠦ	бүх	47
гэлтгүй	ᠪᠤᠰᠤᠳ	бусад	33
гэлтгүй	ᠣᠯᠠᠨ	олон	17
гэлтэй	ᠪᠢᠰᠢ	биш	7
гэлцдэг	ᠶᠠᠭᠤᠮ᠎ᠠ	юм	9
гэлээ	ᠴᠤ	ч	124
гэлээ	ᠭᠡᠳ	гээд	63
гэлээ	ᠭᠡᠵᠦ	гэж	51
гэм	ᠪᠤᠷᠤᠭᠤᠲᠠᠢ	буруутай	512
гэм	ᠪᠤᠷᠤᠭᠤ ᠦᠭᠡᠢ	буруугүй	131
гэм	ᠪᠤᠷᠤᠭᠤ ᠶᠢ ᠪᠠᠨ	буруугаа	76
гэмгүй	ᠪᠢᠵᠡ	биз	29
гэмгүй	ᠪᠣᠯᠪᠠ	болов	12
гэмгүй	ᠶᠠᠭᠤᠮ᠎ᠠ	юм	8
гэмт	ᠬᠡᠷᠡᠭ	хэрэг	2711
гэмт	ᠬᠡᠷᠡᠭ ᠦᠨ	хэргийн	1781
гэмт	ᠬᠡᠷᠡᠭ ᠲᠦ	хэрэгт	985
гэмтэл	ᠰᠣᠭᠣᠭ	согог	375
гэмтэл	ᠤᠴᠠᠷᠠᠭᠤᠯᠤᠭᠰᠠᠨ	учруулсан	213
гэмтэл	ᠠᠪᠤᠭᠰᠠᠨ	авсан	148
гэмтээх	ᠠᠶᠤᠯᠲᠠᠢ	аюултай	7
гэмээ	ᠨᠢ	нь	44
гэмээнэ	ᠰᠠᠶ᠋ᠢ	сая	13
гэмээнэ	ᠪᠢᠳᠡ	бид	9
гэмээнэ	ᠮᠣᠩᠭᠣᠯ	монгол	8
гэмээр	ᠪᠠᠶᠢᠨ᠎ᠠ	байна	28
гэмээр	ᠶᠠᠭᠤᠮ᠎ᠠ	юм	28
гэмээр	ᠡᠨᠡ	энэ	15
гэнэ	ᠯᠡ	лээ	350
гэнэ	ᠰᠢᠦ	шүү	127
гэнэ	ᠦ᠋	үү	69
гэнэн	ᠴᠠᠶᠢᠯᠭᠠᠨ	цайлган	33
гэнэн	ᠲᠣᠮᠣᠭ᠎ᠠ ᠦᠭᠡᠢ	томоогүй	23
гэнэн	ᠬᠣᠩᠭᠣᠷ	хонгор	20
гэнэт	ᠯᠠ	л	81
гэнэт	ᠭᠠᠷᠴᠤ	гарч	35
гэнэт	ᠨᠢᠭᠡ	нэг	24
гэнэтийн	ᠪᠡᠯᠡᠭ	бэлэг	163
гэнэтийн	ᠠᠰᠢᠭ ᠤᠨ	ашгийн	81
гэнэтийн	ᠰᠢᠯᠭᠠᠯᠲᠠ	шалгалт	30
гэнэтхэн	ᠯᠠ	л	18
гэнэхэн	ᠨᠠᠰᠤᠨ ᠤ	насны	6
гэнэхэн	ᠴᠢ	чи	5
гэнээ	ᠪᠢ	би	5
гэр	ᠪᠦᠯᠢ ᠶᠢᠨ	бүлийн	2778
гэр	ᠪᠦᠯᠢ	бүл	1672
гэр	ᠪᠦᠯᠢ ᠳᠦ	бүлд	387
гэргий	ᠨᠢ	нь	23
гэргий	ᠣ	о	23
гэргий	ᠬ	х	20
гэргүй	ᠪᠣᠯᠤᠭᠰᠠᠨ	болсон	19
гэргүй	ᠬᠦᠮᠦᠰ	хүмүүс	9
гэргүй	ᠲᠡᠨᠦᠮᠡᠯ	тэнэмэл	6
гэрийг	ᠨᠢ	нь	32
гэрийг	ᠮᠢᠩᠭᠠᠨ	мянган	9
гэрийг	ᠪᠠᠷᠢᠵᠤ	барьж	8
гэрийн	ᠲᠣᠭᠣᠰᠣᠨ ᠤ	тоосны	121
гэрийн	ᠨᠥᠬᠥᠴᠡᠯ ᠳᠦ	нөхцөлд	106
гэрийн	ᠡᠵᠡᠭᠲᠡᠢ	эзэгтэй	70
гэрийнхэн	ᠨᠢ	нь	302
гэрийнхэн	ᠪᠣᠯᠤᠨ	болон	54
гэрийнхэн	ᠮᠠᠨᠢ	маань	17
гэрийнхээ	ᠭᠠᠳᠠᠭ᠎ᠠ	гадаа	19
гэрийнхээ	ᠬᠣᠶᠢᠮᠣᠷ ᠲᠤ	хойморт	14
гэрийнхээ	ᠣᠶᠢᠷᠠᠯᠴᠠᠭ᠎ᠠ	ойролцоо	12
гэрлийн	ᠬᠤᠷᠳᠤ ᠪᠠᠷ	хурдаар	68
гэрлийн	ᠵᠢᠯ ᠦᠨ	жилийн	21
гэрлийн	ᠱᠣᠤ	шоу	15
гэрлэн	ᠳᠣᠬᠢᠶ᠎ᠠ	дохио	23
гэрлэн	ᠳᠣᠬᠢᠭ᠎ᠠ ᠶᠢ	дохиог	7
гэрлэн	ᠴᠢᠮᠡᠭᠯᠡᠯ	чимэглэл	7
гэрлэх	ᠰᠠᠨᠠᠯ	санал	23
гэрлэх	ᠭᠡᠵᠦ	гэж	5
гэрлэх	ᠳᠥᠬᠦᠯ᠎ᠡ	дөхлөө	5
гэрлээр	ᠯᠠ	л	5
гэрт	ᠨᠢ	нь	313
гэрт	ᠠᠮᠢᠳᠤᠷᠠᠳᠠᠭ	амьдардаг	25
гэрт	ᠪᠠᠶᠢᠭᠰᠠᠨ	байсан	18
гэртэй	ᠨᠢ	нь	7
гэртээ	ᠬᠠᠷᠢᠬᠤ	харих	47
гэртээ	ᠭᠠᠭᠴᠠᠭᠠᠷ ᠢᠶᠠᠨ	ганцаараа	44
гэртээ	ᠰᠠᠭᠤᠵᠤ	сууж	42
гэрч	ᠬᠣᠬᠢᠷᠠᠭᠴᠢ	хохирогч	35
гэрч	ᠪᠣᠯᠤᠭᠰᠠᠨ	болсон	28
гэрч	ᠨᠢ	нь	26
гэрчилгээ	ᠣᠯᠭᠣᠬᠤ	олгох	51
гэрчилгээ	ᠠᠪᠤᠭᠰᠠᠨ	авсан	39
гэрчилгээ	ᠪᠣᠯᠤᠨ	болон	27
гэрчлэх	ᠪᠠᠷᠢᠮᠲᠠ	баримт	23
гэрчлэх	ᠪᠢᠵᠡ	биз	10
гэрчлэх	ᠪᠢᠴᠢᠭ	бичиг	8
гэрэл	ᠵᠢᠷᠤᠭ ᠢ	зургийг	1269
гэрэл	ᠵᠢᠷᠤᠭ ᠤᠨ	зургийн	600
гэрэл	ᠵᠢᠷᠤᠭ	зураг	317
гэрэлт	ᠣᠳᠣ	од	61
гэрэлт	ᠢᠷᠡᠭᠡᠳᠦᠢ	ирээдүй	54
гэрэлт	ᠦᠵᠡᠰᠬᠦᠯᠡᠩ	үзэсгэлэн	31
гэрэлтэж	ᠬᠠᠷᠠᠭᠳᠠᠳᠠᠭ	харагддаг	12
гэрэлтэж	ᠪᠠᠶᠢᠨ᠎ᠠ	байна	9
гэрэлтэж	ᠪᠠᠶᠢᠬᠤ	байх	6
гэрэлтэй	ᠪᠠᠶᠢᠭ᠎ᠠ	байгаа	7
гэрэлтэй	ᠪᠠᠶᠢᠨ᠎ᠠ	байна	6
гэрэлтэй	ᠪᠠᠶᠢᠬᠤ	байх	6
гэрэлтэх	ᠣᠳᠣ	од	8
гэрэлтүүлэг	ᠪᠣᠯᠤᠨ	болон	8
гэрэлтүүлэг	ᠵᠡᠷᠭᠡ	зэрэг	8
гэрэлтүүлэг	ᠨᠢ	нь	6
гэрээ	ᠪᠠᠶᠢᠭᠤᠯᠤᠭᠰᠠᠨ	байгуулсан	810
гэрээ	ᠪᠠᠶᠢᠭᠤᠯᠵᠤ	байгуулж	546
гэрээ	ᠪᠠᠶᠢᠭᠤᠯᠬᠤ	байгуулах	501
гэрээс	ᠨᠢ	нь	71
гэрээс	ᠭᠠᠷᠤᠭᠠᠳ	гараад	15
гэрээс	ᠠᠯᠳᠠᠭᠳᠠᠭᠰᠠᠨ	алдагдсан	8
гэрээсээ	ᠭᠠᠷᠤᠭᠠᠳ	гараад	43
гэрээсээ	ᠭᠠᠷᠴᠤ	гарч	29
гэрээсээ	ᠭᠠᠷᠤᠭᠰᠠᠨ	гарсан	24
гэсний	ᠳᠠᠭᠠᠤ	дагуу	50
гэсний	ᠤᠴᠢᠷ	учир	23
гэсний	ᠳᠠᠷᠠᠭ᠎ᠠ	дараа	20
гэснийг	ᠨᠢ	нь	44
гэснийг	ᠵᠥᠷᠢᠴᠡᠭᠰᠡᠨ	зөрчсөн	31
гэснийг	ᠲᠤᠰ	тус	18
гэснээс	ᠥᠭᠡᠷ᠎ᠡ	өөр	23
гэснээс	ᠲᠠ	та	18
гэснээс	ᠪᠣᠯᠵᠤ	болж	11
гэсэн	ᠦᠭᠡ	үг	9083
гэсэн	ᠶᠠᠭᠤᠮ᠎ᠠ	юм	2853
гэсэн	ᠴᠤ	ч	1480
гэсэндээ	ᠪᠢᠰᠢ	биш	14
гэсэндээ	ᠯᠠ	л	14
гэсэндээ	ᠡᠨᠡ	энэ	9
гэсээр	ᠪᠠᠶᠢᠲᠠᠯ᠎ᠠ	байтал	54
гэсээр	ᠪᠠᠶᠢᠭᠠᠳ	байгаад	36
гэсээр	ᠭᠠᠷᠴᠤ	гарч	9
гэтэл	ᠡᠨᠡ	энэ	918
гэтэл	ᠥᠨᠥᠳᠥᠷ	өнөөдөр	481
гэтэл	ᠣᠳᠣ	одоо	434
гэх	ᠮᠡᠲᠦ	мэт	3601
гэх	ᠮᠡᠳᠡᠭᠡᠯᠡᠯ	мэдээлэл	1241
гэх	ᠶᠠᠭᠤᠮ᠎ᠠ	юм	892
гэхгүй	ᠶᠠᠭᠤᠮ᠎ᠠ	юм	12
гэхгүй	ᠪᠣᠯ	бол	9
гэхгүй	ᠯᠠ	л	9
гэхдээ	ᠡᠨᠡ	энэ	2040
гэхдээ	ᠪᠢ	би	551
гэхдээ	ᠯᠠ	л	511
гэхийг	ᠰᠣᠨᠣᠰᠤᠭᠠᠳ	сонсоод	5
гэхийн	ᠣᠷᠣᠨ ᠳᠤ	оронд	32
гэхийн	ᠤᠴᠢᠷ	учир	20
гэхийн	ᠠᠷᠭ᠎ᠠ ᠦᠭᠡᠢ	аргагүй	10
гэхчлэн	ᠣᠯᠠᠨ	олон	42
гэхчлэн	ᠪᠦᠬᠦ	бүх	11
гэхчлэн	ᠶᠠᠩᠵᠤ	янз	7
гэхэв	ᠳ᠋ᠡ	дээ	14
гэхэд	ᠯᠠ	л	702
гэхэд	ᠪᠣᠯᠤᠨ᠎ᠠ	болно	497
гэхэд	ᠰᠠᠶ᠋ᠢ	сая	145
гэхээр	ᠨᠢ	нь	178
гэхээр	ᠯᠠ	л	150
гэхээр	ᠡᠨᠡ	энэ	107
гэхээс	ᠢᠯᠡᠭᠦᠦ	илүү	186
гэхээс	ᠥᠭᠡᠷ᠎ᠡ	өөр	118
гэхээс	ᠢᠯᠡᠭᠦᠦ ᠲᠡᠢ	илүүтэй	105
гэхээсээ	ᠢᠯᠡᠭᠦᠦ	илүү	584
гэхээсээ	ᠢᠯᠡᠭᠦᠦ ᠲᠡᠢ	илүүтэй	200
гэхээсээ	ᠢᠯᠡᠭᠦᠦ ᠲᠡᠢ ᠪᠡᠷ	илүүтэйгээр	44
гээ	ᠨᠢᠭᠢ	ний	25
гээ	ᠪᠢᠵᠡ	биз	16
гээ	ᠶᠠᠭᠤ	юу	8
гээгүй	ᠶᠠᠭᠤᠮ᠎ᠠ	юм	16
гээгүй	ᠯᠠ	л	11
гээгүй	ᠪᠣᠯ	бол	10
гээд	ᠯᠠ	л	1678
гээд	ᠪᠠᠶᠢᠭ᠎ᠠ	байгаа	1481
гээд	ᠣᠯᠠᠨ	олон	1244
гээж	ᠪᠠᠶᠢᠨ᠎ᠠ	байна	10
гээсэн	ᠬᠠᠶᠢᠷ᠎ᠠ ᠪᠠᠨ	хайраа	5
гээх	ᠶᠠᠭᠤᠮ᠎ᠠ	юм	5
гээч	ᠨᠢ	нь	55
гээч	ᠵᠦᠢᠯ	зүйл	22
гээч	ᠶᠠᠭᠤᠮ᠎ᠠ	юм	11
гялалзаж	ᠶᠠᠪᠤᠭ᠎ᠠ	яваа	20
гялалзаж	ᠶᠠᠪᠤᠭᠰᠠᠨ	явсан	12
гялалзаж	ᠪᠠᠶᠢᠭ᠎ᠠ	байгаа	10
гялалзах	ᠣᠳᠣ	од	8
гялалзсан	ᠠᠮᠵᠢᠯᠲᠠ	амжилт	16
гялгар	ᠤᠭᠤᠲᠠ	уут	38
гялгар	ᠤᠭᠤᠲᠠ ᠶᠢ	уутыг	23
гялгар	ᠬᠠᠭᠤᠯᠭ᠎ᠠ	хуулга	6
гянданд	ᠲᠠᠪᠤᠨ	таван	18
гярхай	ᠣᠯᠵᠤ	олж	5
гүзээлзгэнэ	ᠨᠢ	нь	5
гүй	ᠪᠠᠶᠢᠨ᠎ᠠ	байна	74
гүй	ᠪᠣᠯ	бол	49
гүй	ᠶᠠᠭᠤᠮ᠎ᠠ	юм	45
гүйгээд	ᠯᠠ	л	21
гүйгээд	ᠪᠠᠶᠢᠬᠤ	байх	18
гүйгээд	ᠪᠠᠶᠢᠭ᠎ᠠ	байгаа	12
гүйдэг	ᠪᠠᠶᠢᠭᠰᠠᠨ	байсан	15
гүйдэг	ᠪᠠᠶᠢᠯ᠎ᠠ	байлаа	14
гүйдэг	ᠪᠣᠯᠤᠭᠰᠠᠨ	болсон	6
гүйж	ᠪᠠᠶᠢᠭ᠎ᠠ	байгаа	42
гүйж	ᠣᠴᠢᠭᠠᠳ	очоод	40
гүйж	ᠪᠠᠶᠢᠨ᠎ᠠ	байна	29
гүйлгээ	ᠬᠢᠭᠰᠡᠨ	хийсэн	94
гүйлгээ	ᠬᠢᠭᠳᠡᠭᠰᠡᠨ	хийгдсэн	83
гүйлгээ	ᠬᠢᠬᠦ	хийх	65
гүйлт	ᠭᠡᠰᠡᠨ	гэсэн	8
гүйлт	ᠵᠣᠬᠢᠶᠠᠨ	зохион	6
гүйлт	ᠪᠣᠯᠬᠤ ᠠᠴᠠ	болохоос	5
гүйнэ	ᠭᠡᠳᠡᠭ	гэдэг	6
гүйнэ	ᠳ᠋ᠡ	дээ	6
гүйсэн	ᠴᠤ	ч	8
гүйх	ᠨᠢ	нь	24
гүйх	ᠪᠢᠰᠢ	биш	7
гүйх	ᠶᠣᠰᠣᠲᠠᠢ	ёстой	7
гүйцсэн	ᠬᠠᠴᠢᠭ	хачиг	10
гүйцсэн	ᠨᠢ	нь	5
гүйцсэн	ᠴᠤ	ч	5
гүйцэд	ᠪᠣᠯᠭᠠᠭᠰᠠᠨ	болгосон	16
гүйцэд	ᠠᠪᠴᠤ	авч	10
гүйцэд	ᠰᠤᠳᠤᠯᠵᠤ	судалж	6
гүйцэж	ᠲᠦᠷᠦᠭᠦᠯᠡᠬᠦ	түрүүлэх	27
гүйцэж	ᠲᠦᠷᠦᠭᠦᠯᠡᠭᠰᠡᠨ	түрүүлсэн	14
гүйцэж	ᠴᠢᠳᠠᠬᠤ ᠦᠭᠡᠢ	чадахгүй	13
гүйцэтгэгч	ᠠᠰᠠᠨ	асан	106
гүйцэтгэгч	ᠳ	д	75
гүйцэтгэгч	ᠺᠣᠮᠫᠠᠨᠢ	компани	63
гүйцэтгэдэг	ᠪᠠᠶᠢᠨ᠎ᠠ	байна	41
гүйцэтгэдэг	ᠪᠥᠭᠡᠳ	бөгөөд	17
гүйцэтгэдэг	ᠶᠠᠭᠤᠮ᠎ᠠ	юм	14
гүйцэтгэж	ᠪᠠᠶᠢᠭ᠎ᠠ	байгаа	352
гүйцэтгэж	ᠪᠠᠶᠢᠨ᠎ᠠ	байна	146
гүйцэтгэж	ᠪᠠᠶᠢᠭᠰᠠᠨ	байсан	131
гүйцэтгэл	ᠵᠠᠰᠠᠭ ᠤᠨ	засгийн	96
гүйцэтгэл	ᠨᠢ	нь	62
гүйцэтгэл	ᠪᠠᠲᠤᠯᠠᠬᠤ	батлах	53
гүйцэтгэх	ᠵᠠᠬᠢᠷᠤᠯ	захирал	2104
гүйцэтгэх	ᠶᠡᠷᠦᠩᠬᠡᠢ	ерөнхий	266
гүйцэтгэх	ᠵᠥᠪᠯᠡᠯ	зөвлөл	212
гүйцэтгээд	ᠪᠠᠶᠢᠨ᠎ᠠ	байна	17
гүйцэтгээд	ᠪᠠᠶᠢᠭ᠎ᠠ	байгаа	9
гүйцэтгээд	ᠶᠠᠪᠤᠵᠤ	явж	7
гүйцэтгүүлэх	ᠲᠤᠬᠠᠢ	тухай	12
гүйцэтгүүлэх	ᠶᠠᠭᠤᠮ᠎ᠠ	юм	7
гүйцэтгүүлэх	ᠨᠢ	нь	6
гүйцэх	ᠪᠤᠢ	вэ	13
гүйцэх	ᠨᠢ	нь	9
гүйцэх	ᠭᠡᠵᠦ	гэж	7
гүйцэхгүй	ᠪᠠᠶᠢᠨ᠎ᠠ	байна	16
гүйцэхгүй	ᠪᠠᠶᠢᠭ᠎ᠠ	байгаа	11
гүйцэхгүй	ᠴᠤ	ч	5
гүйцээж	ᠴᠢᠳᠠᠭ᠎ᠠ ᠦᠭᠡᠢ	чадаагүй	6
гүйцээх	ᠭᠡᠵᠦ	гэж	9
гүм	ᠪᠠᠶᠢᠨ᠎ᠠ	байна	12
гүм	ᠪᠠᠶᠢᠭᠰᠠᠨ	байсан	12
гүм	ᠪᠠᠶᠢᠬᠤ	байх	6
гүмхэн	ᠪᠠᠶᠢᠭᠰᠠᠨ	байсан	11
гүмхэн	ᠪᠠᠶᠢᠭ᠎ᠠ	байгаа	7
гүмхэн	ᠪᠠᠶᠢᠨ᠎ᠠ	байна	5
гүн	ᠭᠦᠨᠵᠡᠭᠡᠢ	гүнзгий	125
гүн	ᠷᠦᠦ	рүү	74
гүн	ᠲᠠᠯᠠᠷᠬᠠᠯ	талархал	73
гүнд	ᠪᠠᠶᠢᠭ᠎ᠠ	байгаа	13
гүнд	ᠨᠢ	нь	10
гүнд	ᠪᠠᠶᠢᠳᠠᠭ	байдаг	8
гүнж	ᠮᠢᠨᠢ	минь	14
гүнж	ᠰᠢᠭ	шиг	5
гүнжийн	ᠲᠤᠬᠠᠢ	тухай	6
гүнжийн	ᠳᠠᠪᠠᠭ᠎ᠠ	даваа	5
гүнжийн	ᠳᠦᠷᠢ ᠶᠢ	дүрийг	5
гүнзгий	ᠤᠳᠬ᠎ᠠ	утга	19
гүнзгий	ᠠᠮᠢᠰᠬᠤᠭ᠎ᠠ	амьсгаа	16
гүнзгий	ᠬᠢᠮᠤᠷᠠᠯᠳᠤ	хямралд	15
гүнзгийрүүлэх	ᠬᠥᠲᠥᠯᠪᠦᠷᠢ	хөтөлбөр	8
гүнзгийрүүлэх	ᠮᠣᠩᠭᠣᠯ	монгол	5
гүнзгийрүүлэх	ᠲᠠᠯ᠎ᠠ ᠪᠠᠷ	талаар	5
гүний	ᠤᠰᠤᠨ ᠤ	усны	71
гүний	ᠬᠤᠳᠳᠤᠭ	худаг	63
гүний	ᠤᠰᠤ ᠶᠢ	усыг	49
гүнээ	ᠲᠠᠯᠠᠷᠬᠠᠵᠤ	талархаж	40
гүнээ	ᠬᠠᠷᠠᠮᠰᠠᠵᠤ	харамсаж	9
гүнээ	ᠢᠲᠡᠭᠡᠵᠦ	итгэж	7
гүрвэл	ᠨᠢ	нь	5
гүрнийг	ᠪᠠᠶᠢᠭᠤᠯᠤᠭᠰᠠᠨ	байгуулсан	10
гүрнийг	ᠪᠠᠶᠢᠭᠤᠯᠵᠤ	байгуулж	9
гүрнийг	ᠮᠠᠨᠳᠤᠭᠤᠯᠤᠨ᠎ᠠ	мандуулна	5
гүрэн	ᠮᠣᠩᠭᠣᠯ	монгол	16
гүрэн	ᠴᠤ	ч	9
гүрэн	ᠪᠠᠶᠢᠭᠤᠯᠵᠤ	байгуулж	7
гүтгэж	ᠨᠡᠷᠡ	нэр	18
гүтгэж	ᠪᠠᠶᠢᠭ᠎ᠠ	байгаа	16
гүтгэж	ᠪᠠᠶᠢᠨ᠎ᠠ	байна	16
гүтгэлэг	ᠭᠡᠵᠦ	гэж	16
гүтгэлэг	ᠳᠣᠷᠣᠮᠵᠢᠯᠠᠯ	доромжлол	12
гүтгэлэг	ᠲᠠᠷᠠᠭᠠᠭᠰᠠᠨ	тараасан	5
гүтгэх	ᠳᠤᠷᠤᠮᠵᠢᠯᠠᠬᠤ	доромжлох	14
гүтгэх	ᠭᠡᠮᠲᠦ	гэмт	11
гүтгэх	ᠭᠡᠰᠡᠨ	гэсэн	6
гүү	ᠨᠢᠭᠢ	ний	5
гүү	ᠨᠢ	нь	5
гүү	ᠲᠡᠢ	тэй	5
гүүний	ᠰᠠᠭᠠᠮ᠎ᠠ	саам	15
гүүний	ᠤᠨᠠᠭ᠎ᠠ	унага	6
гүүр	ᠨᠢ	нь	57
гүүр	ᠪᠣᠯᠵᠤ	болж	44
гүүр	ᠪᠠᠷᠢᠬᠤ	барих	40
гүүрэн	ᠭᠠᠷᠴᠠ	гарц	29
гүүрэн	ᠳᠡᠭᠡᠷ᠎ᠡ	дээр	29
гүүрэн	ᠳᠡᠭᠡᠷ᠎ᠡ ᠡᠴᠡ	дээрээс	7
гөлөг	ᠮᠢᠨᠢ	минь	5
гөлөг	ᠲᠡᠵᠢᠭᠡᠬᠦ	тэжээх	5
гөрөөс	ᠵᠡᠷᠯᠢᠭ	зэрлэг	9
гөрөөс	ᠪᠤᠰᠤᠳ	бусад	8
гөрөөс	ᠴᠠᠭᠠᠨ	цагаан	8
д	ᠥᠷᠭᠡᠨ	өргөн	1546
д	ᠵᠢᠭᠠᠭᠰᠠᠨ	заасан	359
д	ᠰᠠᠭᠤᠭ᠎ᠠ	суугаа	304
да	ᠬᠢᠨ	хин	44
да	ᠬᠦᠷ᠎ᠡ	хүрээ	41
да	ᠭᠤᠤ	гуу	37
даа	ᠭᠡᠵᠦ	гэж	354
даа	ᠬᠥ	хө	247
даа	ᠭᠡᠰᠡᠨ	гэсэн	88
даавуу	ᠦᠢᠯᠡᠳᠪᠦᠷᠢᠯᠡᠬᠦ	үйлдвэрлэх	9
даавуу	ᠵᠥᠭᠡᠯᠡᠨ	зөөлөн	7
даавуу	ᠦᠢᠯᠡᠳᠪᠦᠷᠢᠯᠡᠵᠦ	үйлдвэрлэж	7
даага	ᠠᠶᠢᠷᠠᠭ ᠤᠨ	айргийн	14
даага	ᠲᠦᠷᠦᠭᠦᠯᠡᠵᠦ	түрүүлж	9
даага	ᠰᠢᠳᠦᠯᠡᠩ	шүдлэн	8
даагаа	ᠨᠡᠬᠡᠵᠦ	нэхэж	28
даагаа	ᠨᠡᠬᠡᠬᠦ	нэхэх	21
даагаа	ᠨᠡᠬᠡᠨ	нэхэн	7
даагаад	ᠶᠠᠪᠤᠬᠤ	явах	12
даагч	ᠭᠡᠰᠢᠭᠦᠳ	гишүүд	84
даагч	ᠭᠡᠰᠢᠭᠦᠨ	гишүүн	13
даагч	ᠭᠤᠷᠪᠠᠨ	гурван	6
даадаг	ᠶᠠᠭᠤᠮ᠎ᠠ	юм	9
даадаг	ᠪᠠᠶᠢᠭᠰᠠᠨ	байсан	7
даадаг	ᠪᠣᠯᠤᠭᠰᠠᠨ	болсон	6
дааж	ᠪᠠᠶᠢᠭ᠎ᠠ	байгаа	28
дааж	ᠠᠪᠤᠭᠰᠠᠨ	авсан	26
дааж	ᠶᠠᠪᠤᠬᠤ	явах	19
даалгавар	ᠥᠭᠭᠦᠭᠰᠡᠨ	өгсөн	88
даалгавар	ᠥᠭᠴᠦ	өгч	54
даалгавар	ᠥᠷᠯᠥᠭᠡ	өглөө	32
даалгах	ᠭᠡᠰᠡᠨ	гэсэн	9
даалгах	ᠭᠡᠬᠦ	гэх	5
даалгах	ᠬᠡᠷᠡᠭᠲᠡᠢ	хэрэгтэй	5
даалт	ᠭᠠᠷᠭᠠᠬᠤ	гаргах	50
даалт	ᠥᠮᠴᠢ	өмч	18
даалт	ᠭᠠᠷᠭᠠᠭᠰᠠᠨ	гаргасан	17
даам	ᠲᠣᠭᠯᠠᠬᠤ	тоглох	6
даам	ᠰᠢᠲᠠᠷ᠎ᠠ	шатар	5
даан	ᠴᠤ	ч	60
даан	ᠨᠡᠷᠡ	нэр	45
даан	ᠠᠵᠢᠯᠯᠠᠬᠤ	ажиллах	23
даана	ᠭᠡᠵᠦ	гэж	14
даана	ᠭᠡᠳᠡᠭ	гэдэг	6
даанч	ᠶᠡᠬᠡ	их	27
даанч	ᠬᠠᠷᠠᠮᠰᠠᠯᠲᠠᠢ	харамсалтай	19
даанч	ᠠᠯᠠᠭ᠎ᠠ	алга	16
даарч	ᠬᠥᠷᠥᠬᠦ	хөрөх	17
даарч	ᠪᠠᠶᠢᠨ᠎ᠠ	байна	9
даасан	ᠪᠠᠶᠢᠳᠠᠯ	байдал	90
даасан	ᠪᠠᠶᠢᠳᠠᠯ ᠢ	байдлыг	90
даасан	ᠲᠣᠭᠯᠠᠯᠲᠠ	тоглолт	82
даатгаж	ᠪᠠᠶᠢᠭ᠎ᠠ	байгаа	13
даатгаж	ᠪᠠᠶᠢᠨ᠎ᠠ	байна	11
даатгал	ᠨᠢ	нь	73
даатгал	ᠲᠥᠯᠦᠳᠡᠭ	төлдөг	43
даатгал	ᠬᠬᠺ	ххк	37
даатгах	ᠨᠢ	нь	14
даатгуулах	ᠪᠣᠯᠤᠮᠵᠢ ᠲᠠᠢ	боломжтой	5
даатгуулах	ᠵᠠᠮ ᠢᠶᠠᠷ	замаар	5
даах	ᠴᠢᠳᠠᠪᠤᠷᠢ ᠲᠠᠢ	чадвартай	56
даах	ᠴᠢᠳᠠᠪᠤᠷᠢ	чадвар	35
даах	ᠴᠢᠳᠠᠪᠤᠷᠢ ᠦᠭᠡᠢ	чадваргүй	15
даахгүй	ᠨᠣᠬᠠᠢ	нохой	8
даахгүй	ᠪᠣᠯ	бол	5
даахгүй	ᠪᠣᠯᠤᠭᠰᠠᠨ	болсон	5
даац	ᠬᠦᠮᠦᠨ	хүн	22
даац	ᠬᠡᠲᠦᠷᠡᠭᠰᠡᠨ	хэтэрсэн	10
даац	ᠰᠠᠶᠢᠲᠠᠢ	сайтай	8
даашинз	ᠨᠢ	нь	11
даашинз	ᠰᠣᠩᠭᠣᠵᠠᠢ	сонгожээ	7
даашинз	ᠥᠨᠳᠥᠷ	өндөр	7
дав	ᠬᠠᠷ᠎ᠠ	хар	36
дав	ᠰᠠᠩ	сан	11
даваа	ᠭᠠᠷᠠᠭ ᠲᠤ	гаригт	534
даваа	ᠭᠠᠷᠠᠭ ᠤᠨ	гаригийн	104
даваа	ᠭᠠᠷᠠᠭ	гариг	98
давааг	ᠳᠠᠪᠬᠤ	давах	8
давааг	ᠨᠢ	нь	8
давааг	ᠳᠠᠪᠠᠵᠤ	давж	6
даваад	ᠪᠠᠶᠢᠨ᠎ᠠ	байна	52
даваад	ᠪᠠᠶᠢᠭ᠎ᠠ	байгаа	24
даваад	ᠪᠠᠶᠢᠭᠰᠠᠨ	байсан	18
даваан	ᠳᠡᠭᠡᠷ᠎ᠡ	дээр	81
давааны	ᠬᠣᠭ ᠤᠨ	хогийн	18
давааны	ᠲᠡᠭᠦᠰᠬᠡᠯ ᠳᠦ	төгсгөлд	17
давааны	ᠴᠠᠭᠠᠨ᠎ᠠ	цаана	12
даваатай	ᠪᠣᠯᠤᠯ᠎ᠠ	боллоо	11
даваатай	ᠶᠠᠪᠤᠨ᠎ᠠ	явна	9
даваатай	ᠪᠣᠯᠵᠤ	болж	8
давалгаа	ᠨᠢ	нь	9
давалгаа	ᠡᠭᠦᠰᠬᠡᠵᠦ	үүсгэж	6
давалгаа	ᠪᠣᠯᠤᠨ	болон	5
давалгааг	ᠨᠢ	нь	5
давамгай	ᠪᠠᠶᠢᠳᠠᠯ ᠲᠠᠢ	байдалтай	27
давамгай	ᠪᠠᠶᠢᠳᠠᠯ ᠢᠶᠠᠨ	байдлаа	10
давамгай	ᠪᠠᠶᠢᠳᠠᠯ	байдал	8
давамгайлах	ᠪᠣᠯᠤᠭᠰᠠᠨ	болсон	8
давамгайлах	ᠨᠢ	нь	7
даван	ᠲᠠᠭᠤᠯᠬᠤ	туулах	483
даван	ᠲᠤᠭᠤᠯᠵᠤ	туулж	160
даван	ᠲᠦᠷᠦᠭᠦᠯᠡᠵᠦ	түрүүлж	100
давах	ᠨᠢ	нь	27
давах	ᠶᠣᠰᠣᠲᠠᠢ	ёстой	27
давах	ᠪᠤᠢ	вэ	23
давахгүй	ᠪᠠᠶᠢᠬᠤ	байх	6
давахгүй	ᠭᠡᠰᠡᠨ	гэсэн	5
давгүй	ᠰᠠᠶᠢᠨ	сайн	8
давдаг	ᠪᠠᠶᠢᠭᠰᠠᠨ	байсан	5
давж	ᠵᠠᠭᠠᠯᠳᠤᠬᠤ	заалдах	1851
давж	ᠤᠯᠤᠰ ᠤᠨ	улсын	115
давж	ᠭᠠᠷᠤᠭᠰᠠᠨ	гарсан	70
давлаа	ᠭᠡᠵᠦ	гэж	9
давлаа	ᠭᠡᠬᠦ ᠳᠦ	гэхэд	5
давна	ᠭᠡᠵᠦ	гэж	16
давна	ᠭᠡᠳᠡᠭ	гэдэг	15
давна	ᠭᠡᠰᠡᠨ	гэсэн	9
давс	ᠨᠢ	нь	14
давс	ᠭᠡᠭᠴᠢ ᠪᠡᠷ	гэгчээр	12
давс	ᠬᠡᠷᠡᠭᠯᠡᠵᠦ	хэрэглэж	9
давсан	ᠪᠠᠶᠢᠨ᠎ᠠ	байна	87
давсан	ᠪᠣᠯ	бол	55
давсан	ᠶᠠᠭᠤᠮ᠎ᠠ	юм	52
давст	ᠰᠤᠮᠤ ᠶᠢᠨ	сумын	59
давст	ᠨᠠᠭᠤᠷ	нуур	6
давст	ᠬᠥᠨᠳᠡᠢ	хөндий	5
давстай	ᠤᠰᠤ	ус	17
давстай	ᠤᠰᠤᠨ ᠳᠤ	усанд	8
давстай	ᠴᠠᠢ	цай	5
давтагдах	ᠸᠢᠢ	вий	20
давтагдах	ᠨᠢ	нь	20
давтагдах	ᠶᠠᠭᠤᠮ᠎ᠠ	юм	6
давтагдахгүй	ᠭᠡᠬᠦ	гэх	11
давтагдашгүй	ᠥᠪᠡᠷᠮᠢᠴᠡ	өвөрмөц	8
давтагдашгүй	ᠨᠢᠭᠡᠨ	нэгэн	6
давтагдашгүй	ᠭᠠᠶᠢᠬᠠᠯᠲᠠᠢ	гайхалтай	5
давтаж	ᠪᠣᠯᠬᠤ ᠦᠭᠡᠢ	болохгүй	21
давтаж	ᠪᠠᠶᠢᠭ᠎ᠠ	байгаа	10
давтаж	ᠪᠠᠶᠢᠨ᠎ᠠ	байна	9
давтамж	ᠨᠢ	нь	15
давтамж	ᠨᠡᠮᠡᠭᠳᠡᠵᠦ	нэмэгдэж	13
давтан	ᠦᠢᠯᠡᠳᠦᠭᠰᠡᠨ	үйлдсэн	61
давтан	ᠰᠤᠷᠭᠠᠬᠤ	сургах	39
давтан	ᠭᠡᠮᠲᠦ	гэмт	20
давтах	ᠨᠢ	нь	13
давтах	ᠭᠡᠳ	гээд	6
давтах	ᠬᠡᠷᠡᠭᠲᠡᠢ	хэрэгтэй	5
давтахгүй	ᠪᠠᠶᠢᠬᠤ	байх	25
давтахгүй	ᠪᠠᠶᠢᠬᠤ ᠶᠢ	байхыг	11
давтсан	ᠪᠠᠶᠢᠨ᠎ᠠ	байна	6
давтсан	ᠪᠣᠯ	бол	6
давтсан	ᠶᠠᠭᠤᠮ᠎ᠠ	юм	5
давуу	ᠲᠠᠯ᠎ᠠ	тал	1097
давуу	ᠲᠠᠯ᠎ᠠ ᠲᠠᠢ	талтай	784
давуу	ᠲᠠᠯ᠎ᠠ ᠶᠢ	талыг	254
давхар	ᠳᠡᠪᠡᠯ	дээл	445
давхар	ᠳᠡᠪᠡᠯ ᠲᠡᠢ	дээлтэй	111
давхар	ᠪᠠᠷᠢᠯᠭ᠎ᠠ	барилга	86
давхарга	ᠨᠢ	нь	14
давхарга	ᠪᠤᠢ	бий	13
давхарга	ᠪᠤᠶᠤ	буюу	11
давхиад	ᠯᠠ	л	8
давхиад	ᠪᠠᠶᠢᠳᠠᠭ	байдаг	5
давхиж	ᠪᠠᠶᠢᠭᠰᠠᠨ	байсан	30
давхиж	ᠶᠠᠪᠤᠭ᠎ᠠ	яваа	19
давхиж	ᠪᠠᠶᠢᠭ᠎ᠠ	байгаа	17
давхисан	ᠶᠠᠭᠤᠮ᠎ᠠ	юм	6
давхих	ᠨᠢ	нь	6
давхих	ᠶᠠᠭᠤᠮ᠎ᠠ	юм	5
давчуу	ᠪᠠᠶᠢᠭ᠎ᠠ	байгаа	7
давчуу	ᠪᠠᠶᠢᠨ᠎ᠠ	байна	7
давчуу	ᠪᠠᠶᠢᠭᠰᠠᠨ	байсан	6
даг	ᠭᠦᠢ	гүй	40
даг	ᠤᠤ	уу	37
даг	ᠶᠠᠭᠤᠮ᠎ᠠ	юм	35
дагаад	ᠯᠠ	л	42
дагаад	ᠣᠯᠠᠨ	олон	28
дагаад	ᠪᠤᠰᠤᠳ	бусад	17
дагавар	ᠨᠢ	нь	126
дагавар	ᠭᠠᠷᠴᠤ	гарч	32
дагавар	ᠪᠤᠢ	бий	28
дагадаг	ᠪᠠᠶᠢᠬᠤ	байх	5
дагадаг	ᠨᠢ	нь	5
дагаж	ᠶᠠᠪᠤᠳᠠᠭ	явдаг	27
дагаж	ᠬᠥᠭᠵᠢᠯ	хөгжил	20
дагаж	ᠣᠷᠣᠵᠤ	орж	17
дагалдан	ᠥᠷᠭᠡᠨ	өргөн	108
дагалдан	ᠶᠠᠪᠤᠭ᠎ᠠ	яваа	101
дагалдан	ᠭᠠᠷᠬᠤ	гарах	28
дагалдах	ᠪᠤᠰᠤᠳ	бусад	67
дагалдах	ᠬᠠᠤᠯᠢ ᠶᠢᠨ	хуулийн	36
дагалдах	ᠬᠡᠷᠡᠭᠰᠡᠯ	хэрэгсэл	26
дагалт	ᠪᠠᠶᠠᠯᠢᠭ	баялаг	19
дагалт	ᠪᠠᠶᠠᠯᠢᠭ ᠢ	баялгийг	16
дагалт	ᠬᠡᠷᠡᠭᠰᠡᠯ	хэрэгсэл	5
даган	ᠳᠠᠭᠤᠯᠠᠵᠤ	дуулж	29
даган	ᠳᠠᠭᠤᠷᠢᠶᠠᠬᠤ	дуурайх	19
даган	ᠳᠠᠭᠤᠷᠢᠶᠠᠵᠤ	дуурайж	11
дагана	ᠭᠡᠵᠦ	гэж	5
дагасан	ᠣᠯᠠᠨ	олон	18
дагасан	ᠳᠡᠳ᠋	дэд	9
дагасан	ᠰᠢᠨ᠎ᠡ	шинэ	9
дагах	ᠶᠣᠰᠣᠲᠠᠢ	ёстой	36
дагах	ᠨᠢ	нь	18
дагах	ᠤᠤ	уу	18
дагвадорж	ᠠᠪᠤᠷᠭᠤ	аварга	31
дагвадорж	ᠲᠡᠷᠢᠭᠦᠲᠡᠢ	тэргүүтэй	10
дагвадорж	ᠳ	д	8
дагина	ᠮᠢᠨᠢ	минь	19
дагина	ᠰᠢᠭ	шиг	8
дагина	ᠴᠢ	чи	5
дагнан	ᠪᠠᠶᠢᠭᠤᠯᠵᠤ	байгуулж	24
дагнан	ᠪᠢᠴᠢᠳᠡᠭ	бичдэг	22
дагнан	ᠪᠠᠶᠢᠭᠤᠯᠬᠤ	байгуулах	19
дагуу	ᠮᠣᠩᠭᠣᠯ	монгол	259
дагуу	ᠥᠨᠥᠳᠥᠷ	өнөөдөр	183
дагуу	ᠡᠨᠡ	энэ	177
дагуул	ᠬᠣᠲᠠ	хот	47
дагуул	ᠬᠦᠭᠰᠡᠭᠦᠯᠬᠦ	хөөргөх	36
дагуул	ᠨᠢ	нь	19
дагуулаад	ᠪᠠᠶᠢᠭ᠎ᠠ	байгаа	59
дагуулаад	ᠪᠠᠶᠢᠨ᠎ᠠ	байна	22
дагуулаад	ᠪᠤᠢ	буй	20
дагуулан	ᠢᠷᠡᠵᠦ	ирж	22
дагуулан	ᠣᠴᠢᠵᠤ	очиж	14
дагуулан	ᠶᠠᠪᠤᠵᠤ	явж	8
дагуулах	ᠨᠢ	нь	30
дагуулах	ᠪᠣᠯᠤᠭᠰᠠᠨ	болсон	16
дагуулах	ᠪᠣᠯᠤᠯ᠎ᠠ	боллоо	10
дагуулдаг	ᠪᠠᠶᠢᠭᠰᠠᠨ	байсан	11
дагуулдаг	ᠶᠠᠭᠤᠮ᠎ᠠ	юм	7
дагуулдаг	ᠤᠴᠢᠷ ᠠᠴᠠ	учраас	5
дагуулж	ᠪᠠᠶᠢᠭ᠎ᠠ	байгаа	108
дагуулж	ᠪᠠᠶᠢᠨ᠎ᠠ	байна	102
дагуулж	ᠪᠠᠶᠢᠭᠰᠠᠨ	байсан	91
дагуулна	ᠭᠡᠵᠦ	гэж	11
дагуулсаар	ᠪᠠᠶᠢᠨ᠎ᠠ	байна	27
дагуулсаар	ᠢᠷᠡᠭᠰᠡᠨ	ирсэн	17
дагуулсаар	ᠪᠠᠶᠢᠭ᠎ᠠ	байгаа	16
дагуулсан	ᠶᠠᠭᠤᠮ᠎ᠠ	юм	21
дагуулсан	ᠬᠡᠪ ᠢᠶᠡᠷ	хэвээр	13
дагуулсан	ᠴᠤ	ч	13
дагшин	ᠭᠠᠵᠠᠷ	газар	13
дагшин	ᠪᠠᠶᠢᠭᠠᠯ ᠤᠨ	байгалийн	6
дагшин	ᠪᠠᠶᠢᠭᠠᠯᠢ	байгаль	6
дадлага	ᠲᠤᠷᠰᠢᠯᠭ᠎ᠠ	туршлага	77
дадлага	ᠬᠢᠬᠦ	хийх	57
дадлага	ᠲᠤᠷᠰᠢᠯᠭ᠎ᠠ ᠲᠠᠢ	туршлагатай	54
дажгүй	ᠰᠢᠦ	шүү	14
дажгүй	ᠡ	ээ	13
дажгүй	ᠯᠠ	л	9
дажин	ᠭᠡᠭᠴᠢ ᠪᠡᠷ	гэгчээр	6
дайвар	ᠪᠦᠲᠦᠭᠡᠭᠳᠡᠬᠦᠨ	бүтээгдэхүүн	14
дайвар	ᠬᠥᠨᠳᠡᠢ ᠶᠢᠨ	хөндийн	7
дайн	ᠪᠠ	ба	31
дайн	ᠪᠠᠶᠢᠯᠳᠤᠭᠠᠨ	байлдаан	23
дайн	ᠪᠣᠯᠵᠤ	болж	16
дайнд	ᠣᠷᠣᠯᠴᠠᠭᠰᠠᠨ	оролцсон	36
дайнд	ᠣᠷᠣᠯᠴᠠᠵᠤ	оролцож	17
дайнд	ᠠᠮᠢ	амь	5
дайны	ᠦᠶ᠎ᠡ ᠳᠦ	үед	101
дайны	ᠳᠠᠷᠠᠭ᠎ᠠ	дараа	77
дайны	ᠢᠯᠠᠯᠲᠠ ᠶᠢᠨ	ялалтын	74
дайраад	ᠪᠠᠶᠢᠭ᠎ᠠ	байгаа	14
дайраад	ᠪᠠᠶᠢᠬᠤ	байх	13
дайраад	ᠥᠩᠭᠡᠷᠡᠭᠰᠡᠨ	өнгөрсөн	9
дайралт	ᠬᠢᠭᠰᠡᠨ	хийсэн	27
дайралт	ᠬᠢᠬᠦ	хийх	16
дайралт	ᠬᠢᠵᠦ	хийж	15
дайран	ᠥᠩᠭᠡᠷᠡᠴᠢ	өнгөрч	42
дайран	ᠥᠩᠭᠡᠷᠡᠬᠦ	өнгөрөх	39
дайран	ᠣᠷᠣᠵᠤ	орж	30
дайрах	ᠨᠢ	нь	10
дайрах	ᠭᠡᠵᠦ	гэж	6
дайрах	ᠶᠠᠭᠤᠮ᠎ᠠ	юм	6
дайрсан	ᠨᠢ	нь	11
дайрсан	ᠬᠡᠷᠡᠭ	хэрэг	10
дайрсан	ᠪᠠᠶᠢᠨ᠎ᠠ	байна	9
дайрч	ᠠᠮᠢ	амь	41
дайрч	ᠪᠠᠶᠢᠨ᠎ᠠ	байна	35
дайрч	ᠣᠷᠣᠵᠤ	орж	28
дайсан	ᠨᠢ	нь	19
дайсан	ᠪᠣᠯ	бол	13
дайсан	ᠪᠣᠯᠵᠤ	болж	11
дайсны	ᠲᠠᠯ᠎ᠠ ᠳᠤ	талд	11
дайтай	ᠮᠥᠩᠭᠥᠨ	мөнгөн	10
дайтай	ᠠᠮᠢᠳᠤᠷᠠᠬᠤ	амьдрах	5
дайтай	ᠬᠦᠮᠦᠨ	хүн	5
дайчдын	ᠥᠪ	өв	10
дайчид	ᠠ	аа	5
дайчид	ᠭᠡᠳ	гээд	5
дайчин	ᠰᠦᠬᠡ	сүх	12
дайчин	ᠪᠦᠰᠡᠭᠦᠢ	бүсгүй	8
дайчин	ᠭᠠᠭᠴᠠᠭᠠᠷᠳᠠᠬᠤ ᠦᠭᠡᠢ	ганцаардахгүй	7
дайчлан	ᠠᠵᠢᠯᠯᠠᠵᠤ	ажиллаж	21
дайчлан	ᠠᠵᠢᠯᠯᠠᠨ᠎ᠠ	ажиллана	14
дайчлан	ᠠᠵᠢᠯᠯᠠᠬᠤ	ажиллах	11
дайчлах	ᠬᠡᠷᠡᠭᠲᠡᠢ	хэрэгтэй	9
дайчлах	ᠪᠣᠯᠤᠨ᠎ᠠ	болно	6
дал	ᠨᠢ	нь	19
дал	ᠭᠠ	гаа	14
дал	ᠮᠣᠳᠣ	мод	14
далай	ᠠᠪᠤᠷᠭᠤ	аварга	147
далай	ᠯᠠᠮᠠ	лам	48
далай	ᠲᠡᠩᠭᠢᠰ ᠦᠨ	тэнгисийн	42
далайг	ᠲᠤᠭᠤᠯᠵᠤ	туулж	9
далайг	ᠴᠡᠪᠡᠷᠯᠡᠬᠦ	цэвэрлэх	6
далайд	ᠭᠠᠷᠤᠴᠠ ᠦᠭᠡᠢ	гарцгүй	440
далайд	ᠭᠠᠷᠬᠤ	гарах	88
далайд	ᠳᠤᠰᠤᠯ	дусал	18
далайлган	ᠰᠦᠷᠳᠡᠭᠦᠯᠬᠦ	сүрдүүлэх	10
далайн	ᠪᠥᠰᠡ	бүс	180
далайн	ᠲᠡᠭᠡᠭᠡᠪᠦᠷᠢ ᠶᠢᠨ	тээврийн	85
далайн	ᠪᠠᠷᠠᠭᠤᠨ	баруун	83
далан	ᠪᠠᠷᠢᠬᠤ	барих	24
далан	ᠪᠠᠷᠢᠵᠤ	барьж	14
далан	ᠰᠤᠪᠠᠭ	суваг	13
далбаа	ᠲᠥᠷᠥ ᠶᠢᠨ	төрийн	8
далбаа	ᠮᠠᠨᠳᠤᠭᠤᠯᠬᠤ	мандуулах	7
далбаа	ᠨᠢ	нь	6
далбааг	ᠮᠠᠨᠳᠤᠭᠤᠯᠵᠤ	мандуулж	21
далбааг	ᠮᠠᠨᠳᠤᠭᠤᠯᠤᠭᠰᠠᠨ	мандуулсан	20
далбааг	ᠮᠠᠨᠳᠤᠭᠤᠯᠬᠤ	мандуулах	13
далд	ᠠᠭᠤᠷᠬᠠᠢ	уурхай	84
далд	ᠬᠡᠯᠪᠡᠷᠢ ᠪᠡᠷ	хэлбэрээр	44
далд	ᠠᠷᠭ᠎ᠠ ᠪᠠᠷ	аргаар	36
даллах	ᠮ	м	9
даль	ᠵᠢᠭᠦᠷ	жигүүр	11
даль	ᠬᠦᠷᠲᠡᠭᠰᠡᠨ	хүртсэн	10
даль	ᠬᠦᠷᠲᠡᠵᠦ	хүртэж	6
дам	ᠶᠠᠷᠢᠶ᠎ᠠ	яриа	21
дам	ᠵᠢᠩ	жин	20
дам	ᠰᠤᠷᠠᠭ ᠢᠶᠠᠷ	сургаар	6
дамдин	ᠠᠪᠤᠷᠭᠤ	аварга	34
дамдин	ᠣᠳᠣ	од	19
дамдин	ᠵ	ж	11
дамждаг	ᠶᠠᠭᠤᠮ᠎ᠠ	юм	7
дамждаг	ᠤᠴᠢᠷ ᠠᠴᠠ	учраас	6
дамждаг	ᠬᠦᠨᠳᠦ	хүнд	5
дамжиггүй	ᠶᠠᠭᠤᠮ᠎ᠠ	юм	43
дамжиггүй	ᠪᠢᠵᠡ	биз	14
дамжин	ᠥᠩᠭᠡᠷᠡᠬᠦ	өнгөрөх	440
дамжин	ᠥᠩᠭᠡᠷᠡᠭᠦᠯᠬᠦ	өнгөрүүлэх	45
дамжин	ᠥᠩᠭᠡᠷᠡᠴᠢ	өнгөрч	33
дамжих	ᠬᠠᠯᠳᠠᠪᠤᠷᠢ	халдвар	34
дамжих	ᠬᠠᠯᠳᠠᠪᠤᠷᠢᠲᠤ	халдварт	31
дамжих	ᠨᠢ	нь	10
дамжлага	ᠨᠢ	нь	13
дамжлага	ᠪᠤᠶᠤ	буюу	8
дамжлага	ᠪᠣᠯᠵᠤ	болж	6
дамжсан	ᠶᠠᠷᠢᠶ᠎ᠠ	яриа	18
дамжсан	ᠮᠥᠩᠭᠥᠨ	мөнгөн	10
дамжсан	ᠤᠯᠤᠰ	улс	8
дамжуулаад	ᠯᠠ	л	6
дамжуулаад	ᠮᠣᠩᠭᠣᠯ ᠤᠨ ᠢᠶᠠᠨ	монголынхоо	5
дамжуулаад	ᠣᠯᠠᠨ	олон	5
дамжуулагч	ᠤᠲᠠᠰᠤ	утас	5
дамжуулан	ᠣᠯᠠᠨ	олон	63
дамжуулан	ᠮᠣᠩᠭᠣᠯ	монгол	52
дамжуулан	ᠮᠣᠩᠭᠣᠯ ᠤᠨ	монголын	40
дамжуулах	ᠠᠭᠠᠷ ᠤᠨ	агаарын	121
дамжуулах	ᠬᠣᠭᠣᠯᠠᠢ	хоолой	57
дамжуулах	ᠱᠤᠭᠤᠮ	шугам	46
дамжуулдаг	ᠪᠠᠶᠢᠭᠰᠠᠨ	байсан	10
дамжуулж	ᠪᠠᠶᠢᠨ᠎ᠠ	байна	45
дамжуулж	ᠪᠠᠶᠢᠭ᠎ᠠ	байгаа	26
дамжуулж	ᠪᠤᠢ	буй	26
дамнасан	ᠵᠣᠬᠢᠶᠠᠨ	зохион	36
дамнасан	ᠭᠡᠮᠲᠦ	гэмт	33
дамнасан	ᠴᠢᠯᠦᠭᠡᠲᠦ	чөлөөт	15
дампуурал	ᠷᠤ	руу	9
дампуурал	ᠨᠢ	нь	5
дампуурах	ᠨᠢ	нь	16
дампуурах	ᠭᠡᠵᠦ	гэж	9
дампуурах	ᠪᠠᠶᠢᠭᠰᠠᠨ	байсан	6
дан	ᠭᠠᠭᠴᠠ	ганц	533
дан	ᠳᠡᠪᠡᠯ ᠲᠡᠢ	дээлтэй	92
дан	ᠬᠥᠭᠵᠢᠮ ᠦᠨ	хөгжмийн	49
дандаа	ᠯᠠ	л	136
дандаа	ᠡᠶᠢᠮᠦ	ийм	21
дандаа	ᠴᠢᠮᠠᠢ	чамайг	16
данс	ᠷᠤ	руу	166
данс	ᠨᠡᠭᠡᠭᠡᠵᠦ	нээж	49
данс	ᠨᠢ	нь	35
данхар	ᠪᠦᠲᠦᠴᠡ	бүтэц	10
дар	ᠭᠠ	га	95
дар	ᠭᠠ ᠪᠠᠷ	гаар	20
дар	ᠬᠠᠨ	хан	12
дараа	ᠨᠢ	нь	3992
дараа	ᠳᠠᠷᠤᠭ᠎ᠠ ᠶᠢᠨ	дараагийн	445
дараа	ᠵᠢᠯ	жил	393
дараагийн	ᠲᠣᠭᠣᠷᠢᠭ ᠲᠤ	тойрогт	173
дараагийн	ᠱᠠᠲᠤᠨ ᠤ	шатны	158
дараагийн	ᠠᠰᠠᠭᠤᠳᠠᠯ	асуудал	124
дараад	ᠯᠠ	л	24
дараад	ᠪᠠᠶᠢᠭ᠎ᠠ	байгаа	11
дараад	ᠪᠠᠶᠢᠨ᠎ᠠ	байна	9
дараалал	ᠨᠢ	нь	19
дараалал	ᠲᠣᠭᠲᠠᠭᠠᠬᠤ	тогтоох	18
дараалал	ᠡᠭᠦᠰᠬᠡᠨ	үүсгэн	16
дараалалд	ᠣᠷᠣᠭᠤᠯᠵᠤ	оруулж	14
дараалалд	ᠣᠷᠣᠭ᠎ᠠ ᠦᠭᠡᠢ	ороогүй	9
дараалалд	ᠪᠠᠭᠲᠤᠭᠰᠠᠨ	багтсан	8
дарааллан	ᠲᠦᠷᠦᠭᠦᠯᠡᠭᠰᠡᠨ	түрүүлсэн	5
дараах	ᠪᠠᠶᠢᠳᠠᠯ ᠢᠶᠠᠷ	байдлаар	501
дараах	ᠠᠰᠠᠭᠤᠳᠠᠯ ᠢ	асуудлыг	141
дараах	ᠠᠷᠭ᠎ᠠ	арга	71
дараахан	ᠨᠢ	нь	48
дараахан	ᠪᠤᠶᠤ	буюу	21
дараахан	ᠮᠣᠩᠭᠣᠯ	монгол	8
дараахь	ᠪᠠᠶᠢᠳᠠᠯ ᠢᠶᠠᠷ	байдлаар	39
дараахь	ᠵᠦᠢᠯ ᠢ	зүйлийг	13
дараахь	ᠦᠨᠳᠦᠰᠦᠨ	үндсэн	12
дараачийн	ᠵᠠᠰᠠᠭ ᠤᠨ	засгийн	8
дараачийн	ᠰᠣᠩᠭᠣᠭᠤᠯᠢ ᠳᠤ	сонгуульд	8
дараачийн	ᠠᠰᠠᠭᠤᠳᠠᠯ	асуудал	6
дарагдаад	ᠪᠠᠶᠢᠭ᠎ᠠ	байгаа	18
дарагдаад	ᠥᠩᠭᠡᠷᠡᠬᠦ	өнгөрөх	5
дарагдаж	ᠪᠠᠶᠢᠨ᠎ᠠ	байна	11
дарагдаж	ᠪᠠᠶᠢᠭᠰᠠᠨ	байсан	9
дарагдаж	ᠨᠠᠰᠤ	нас	5
дарагдан	ᠡᠪᠡᠳᠦᠯᠲᠡ	өвдөлт	6
дарагдсан	ᠶᠠᠭᠤᠮ᠎ᠠ	юм	9
дарагдсан	ᠪᠠᠶᠢᠪᠠ	байв	5
дарагдсан	ᠭᠡᠵᠦ	гэж	5
даралт	ᠡᠳᠦᠷ ᠲᠦ ᠪᠡᠨ	өдөртөө	254
даралт	ᠶᠡᠬᠡᠰᠬᠦ	ихсэх	139
даралт	ᠨᠢ	нь	62
дарам	ᠴᠥᠭᠡᠨ	цөөн	26
дарам	ᠴᠥᠭᠡᠬᠡᠨ	цөөхөн	14
дарам	ᠲᠠᠯ᠎ᠠ	тал	6
дарамт	ᠰᠢᠬᠠᠯᠲᠠ	шахалт	176
дарамт	ᠪᠣᠯᠵᠤ	болж	68
дарамт	ᠤᠴᠠᠷᠠᠭᠤᠯᠵᠤ	учруулж	40
дарамтлах	ᠪᠠᠶᠢᠳᠠᠯ ᠢᠶᠠᠷ	байдлаар	8
дарамтлах	ᠪᠣᠯᠤᠭᠰᠠᠨ	болсон	8
дарамтлах	ᠭᠡᠰᠡᠨ	гэсэн	5
даран	ᠬᠦᠯᠢᠶᠡᠵᠦ	хүлээж	15
даран	ᠭᠠᠷᠴᠤ	гарч	10
дарах	ᠭᠡᠵᠦ	гэж	20
дарах	ᠨᠢ	нь	20
дарах	ᠶᠣᠰᠣᠲᠠᠢ	ёстой	18
дарахад	ᠯᠠ	л	19
дарахад	ᠲᠠᠨ ᠤ	таны	11
дарахад	ᠨᠢᠭᠡ	нэг	5
дарга	ᠳ	д	2732
дарга	ᠽ	з	2714
дарга	ᠨ	н	2105
даргаа	ᠰᠤᠩᠭᠤᠬᠤ	сонгох	20
даргаа	ᠣᠭᠴᠣᠷᠠᠭᠤᠯᠬᠤ	огцруулах	8
даргаа	ᠰᠣᠯᠢᠬᠤ	солих	7
даргалах	ᠬᠤᠭᠤᠴᠠᠭᠠᠨ ᠳᠤ	хугацаанд	6
даргалах	ᠬᠤᠭᠤᠴᠠᠭᠠᠨ ᠳᠤ ᠪᠠᠨ	хугацаандаа	6
даргалах	ᠶᠠᠭᠤᠮ᠎ᠠ	юм	6
даргыг	ᠰᠤᠩᠭᠤᠬᠤ	сонгох	182
даргыг	ᠲᠤᠮᠢᠯᠠᠬᠤ	томилох	116
даргыг	ᠣᠭᠴᠣᠷᠠᠭᠤᠯᠬᠤ	огцруулах	46
дардаг	ᠪᠠᠶᠢᠭᠰᠠᠨ	байсан	6
дардаг	ᠪᠠᠶᠢᠨ᠎ᠠ	байна	5
дардаг	ᠭᠡᠵᠦ	гэж	5
дардан	ᠵᠠᠮ ᠢᠶᠠᠷ	замаар	16
дардан	ᠪᠠᠶᠢᠭ᠎ᠠ ᠦᠭᠡᠢ	байгаагүй	12
дардан	ᠪᠠᠶᠢᠳᠠᠭ ᠦᠭᠡᠢ	байдаггүй	8
дарж	ᠦᠵᠡᠨ᠎ᠡ	үзнэ	726
дарж	ᠤᠩᠰᠢᠨ᠎ᠠ	уншина	136
дарж	ᠠᠪᠤᠨ᠎ᠠ	авна	71
дарна	ᠤᠤ	уу	72
дарна	ᠭᠡᠳᠡᠭ	гэдэг	7
дарна	ᠭᠡᠵᠦ	гэж	6
дарс	ᠤᠤᠭᠤᠵᠤ	ууж	10
дарс	ᠰᠢᠭ	шиг	9
дарс	ᠰᠢᠮᠡᠨ	шимэн	7
дарсан	ᠵᠡᠭᠦᠳᠦ	зүүд	41
дарсан	ᠶᠠᠭᠤᠮ᠎ᠠ	юм	20
дарсан	ᠨᠢ	нь	14
дарсны	ᠳᠠᠷᠠᠭ᠎ᠠ	дараа	8
дарсны	ᠦᠢᠯᠡᠳᠪᠦᠷᠢᠯᠡᠯ	үйлдвэрлэл	6
дарсны	ᠬᠡᠷᠡᠭᠯᠡᠭᠡ	хэрэглээ	5
даруй	ᠳᠠᠬᠢᠨ	дахин	55
даруй	ᠬᠣᠶᠠᠷ	хоёр	34
даруй	ᠬᠤᠪᠢᠶᠠᠷᠢ	хувиар	33
даруу	ᠲᠥᠯᠥᠪ	төлөв	28
даруу	ᠵᠠᠩ	зан	11
даруу	ᠬᠦᠮᠦᠨ	хүн	7
даруулж	ᠠᠮᠢᠶ᠎ᠠ	амиа	5
даруухан	ᠥᠬᠢᠨ	охин	13
даруухан	ᠪᠠᠰᠠ	бас	6
даруухан	ᠬᠦᠮᠦᠨ	хүн	6
дархан	ᠤᠤᠯ	уул	1595
дархан	ᠠᠪᠤᠷᠭᠤ	аварга	748
дархан	ᠴᠠᠭᠠᠵᠠᠲᠤ	цаазат	303
дархлаа	ᠰᠠᠶᠢᠵᠢᠷᠠᠭᠤᠯᠬᠤ	сайжруулах	23
дархлаа	ᠰᠤᠯᠠ	сул	21
дархлаа	ᠨᠢ	нь	15
дарь	ᠡᠬᠡ	эх	112
дарь	ᠡᠬᠡ ᠶᠢᠨ	эхийн	73
дарь	ᠣᠪᠣᠭ᠎ᠠ	овоо	8
дарьганга	ᠰᠤᠮᠤ ᠶᠢᠨ	сумын	60
дарьганга	ᠨᠤᠲᠤᠭ ᠤᠨ	нутгийн	19
дарьганга	ᠰᠤᠮᠤᠨ ᠳᠤ	суманд	14
дарьгангын	ᠲᠠᠯ᠎ᠠ	тал	72
дарьгангын	ᠠᠯᠲᠠᠨ	алтан	6
дарьгангын	ᠮᠥᠩᠭᠥᠨ	мөнгөн	6
дас	ᠭᠠᠯ	гал	61
дасал	ᠪᠣᠯᠤᠭᠰᠠᠨ	болсон	32
дасал	ᠪᠣᠯᠵᠤ	болж	10
дасал	ᠪᠣᠯᠴᠢᠬᠠᠭᠰᠠᠨ	болчихсон	6
дасан	ᠵᠣᠬᠢᠴᠠᠬᠤ	зохицох	142
дасан	ᠵᠣᠬᠢᠴᠠᠵᠤ	зохицож	61
дасан	ᠵᠣᠬᠢᠴᠠᠯ	зохицол	7
дасгал	ᠬᠥᠳᠡᠯᠭᠡᠭᠡᠨ	хөдөлгөөн	120
дасгал	ᠬᠢᠬᠦ	хийх	75
дасгал	ᠬᠢᠵᠦ	хийж	48
дасгалжуулагч	ᠴ	ц	193
дасгалжуулагч	ᠪ	б	174
дасгалжуулагч	ᠳ	д	162
дасгалжуулах	ᠶᠠᠭᠤᠮ᠎ᠠ	юм	7
дассан	ᠰᠡᠳᠬᠢᠯ	сэтгэл	24
дассан	ᠰᠡᠳᠬᠢᠯ ᠢᠶᠡᠨ	сэтгэлээ	6
дассан	ᠶᠤᠮᠰᠠᠨ	юмсан	6
дасч	ᠪᠠᠶᠢᠨ᠎ᠠ	байна	11
дата	ᠲᠥᠪ	төв	59
дата	ᠲᠥᠪ ᠦᠨ	төвийн	19
дата	ᠲᠥᠪᠡᠳ	төвд	7
дах	ᠭᠦᠢ	гүй	33
дах	ᠤᠳᠤᠭ᠎ᠠ ᠪᠠᠨ	удаагаа	28
дах	ᠵᠢᠯ ᠳᠦ ᠪᠡᠨ	жилдээ	24
дахиад	ᠯᠠ	л	637
дахиад	ᠨᠢᠭᠡ	нэг	160
дахиад	ᠴᠤ	ч	39
дахиж	ᠬᠡᠵᠢᠶ᠎ᠡ	хэзээ	27
дахиж	ᠡᠶᠢᠮᠦ	ийм	19
дахиж	ᠨᠢᠭᠡ	нэг	15
дахин	ᠶᠡᠬᠡ	их	648
дахин	ᠨᠢᠭᠡ	нэг	412
дахин	ᠳᠠᠬᠢᠨ	дахин	359
дахь	ᠮᠠᠨ	ман	1578
дахь	ᠤᠳᠤᠭ᠎ᠠ ᠪᠠᠨ	удаагаа	1300
дахь	ᠵᠢᠯ ᠳᠦ ᠪᠡᠨ	жилдээ	1080
даш	ᠯᠠ	л	35
даш	ᠠ	а	21
даш	ᠤᠯᠤᠰ ᠤᠨ	улсын	19
даяар	ᠵᠣᠬᠢᠶᠠᠨ	зохион	84
даяар	ᠰᠠᠶ᠋ᠢ	сая	46
даяар	ᠰᠢᠭᠤᠳ	шууд	44
даяараа	ᠯᠠ	л	8
даяараа	ᠮᠡᠳᠡᠨ᠎ᠡ	мэднэ	8
даяараа	ᠬᠦᠯᠢᠶᠡᠨ	хүлээн	5
даян	ᠠᠪᠤᠷᠭᠤ	аварга	333
даян	ᠳᠡᠯᠡᠬᠡᠢ ᠶᠢᠨ	дэлхийн	80
даян	ᠳᠡᠯᠡᠬᠡᠢ ᠳᠦ	дэлхийд	30
дели	ᠬᠣᠲᠠ ᠶᠢᠨ	хотын	24
дели	ᠬᠣᠲᠠᠳ	хотод	13
дели	ᠬᠣᠲᠠ	хот	6
депутат	ᠤᠯᠤᠰ ᠤᠨ	улсын	6
диаметр	ᠨᠢ	нь	12
диаметр	ᠪᠦᠬᠦᠢ	бүхий	11
диваажин	ᠡᠨᠳᠡ	энд	25
диваажин	ᠭᠡᠵᠦ	гэж	9
дижитал	ᠷᠧᠨ᠋ᠲ᠋ᠭᠧᠨ	рентген	23
дижитал	ᠨᠣᠮ ᠤᠨ	номын	16
дижитал	ᠲᠧᠭᠨᠣᠯᠣᠭᠢ	технологи	10
дизель	ᠲᠦᠯᠡᠰᠢ	түлш	71
дизель	ᠪᠣᠯᠤᠨ	болон	8
дийлдсэн	ᠪᠠᠶᠢᠨ᠎ᠠ	байна	12
дийлдсэн	ᠶᠠᠭᠤᠮ᠎ᠠ	юм	10
дийлдсэн	ᠨᠢ	нь	5
дийлж	ᠴᠢᠳᠠᠬᠤ ᠦᠭᠡᠢ	чадахгүй	6
дийлж	ᠬᠣᠶᠠᠳᠤᠭᠠᠷ	хоёрдугаар	5
дийлэнх	ᠨᠢ	нь	652
дийлэнх	ᠬᠤᠪᠢ	хувь	63
дийлэнх	ᠬᠡᠰᠡᠭ	хэсэг	55
дийлэх	ᠦ᠋	үү	6
дийлэхгүй	ᠪᠠᠶᠢᠭ᠎ᠠ	байгаа	30
дийлэхгүй	ᠪᠠᠶᠢᠨ᠎ᠠ	байна	25
дийлэхгүй	ᠨᠢ	нь	19
дийлээгүй	ᠶᠠᠭᠤᠮ᠎ᠠ	юм	9
диплом	ᠮᠥᠩᠭᠥᠨ	мөнгөн	11
диплом	ᠡᠪᠦᠷᠲᠦᠯᠡᠭᠰᠡᠨ	өвөртөлсөн	11
диплом	ᠪᠠᠺᠠᠯᠠᠪᠠᠷ	бакалавр	7
дипломат	ᠬᠠᠷᠢᠯᠴᠠᠭ᠎ᠠ	харилцаа	929
дипломат	ᠪᠣᠯᠤᠨ	болон	47
дипломат	ᠫᠠᠰᠫᠣᠷᠲ	паспорт	27
до	ᠲᠣᠷ	тор	16
до	ᠠᠺᠠᠳᠧᠮᠢ	академи	14
до	ᠲᠣᠭ᠎ᠠ	тоо	12
довтлогч	ᠠ	а	15
довтлогч	ᠪ	б	14
довтлогч	ᠡᠨᠡ	энэ	9
довтлох	ᠬᠦᠴᠦ	хүч	8
довтолгоо	ᠠᠮᠵᠢᠯᠲᠠᠲᠠᠢ	амжилттай	18
довтолгоо	ᠬᠢᠵᠦ	хийж	11
довтолгоо	ᠬᠠᠮᠠᠭᠠᠯᠠᠯᠲᠠ	хамгаалалт	10
довтолж	ᠪᠠᠶᠢᠭᠰᠠᠨ	байсан	16
довтолж	ᠣᠨᠣᠭ᠎ᠠ	оноо	7
довтолж	ᠪᠠᠶᠢᠭ᠎ᠠ	байгаа	5
дог	ᠶᠠᠭᠤᠮ᠎ᠠ	юм	8
дог	ᠰᠢᠦ	шүү	7
дог	ᠪᠠᠶᠢᠭᠰᠠᠨ	байсан	6
догдлон	ᠬᠦᠯᠢᠶᠡᠵᠦ	хүлээж	26
догдлон	ᠬᠦᠯᠢᠶᠡᠳᠡᠭ	хүлээдэг	7
догдлон	ᠪᠠᠶᠢᠵᠤ	байж	6
догдлуулсан	ᠦᠳᠡᠰᠢ	үдэш	10
догдлуулсан	ᠮᠥᠴᠢ	мөч	6
догдлуулсан	ᠣᠷᠣᠢ	орой	6
догдолж	ᠪᠠᠶᠢᠨ᠎ᠠ	байна	38
догдолж	ᠪᠠᠶᠢᠭᠰᠠᠨ	байсан	15
догдолж	ᠪᠠᠶᠢᠭ᠎ᠠ	байгаа	10
доголон	ᠨᠢᠯᠪᠤᠰᠤ ᠲᠠᠢ	нулимстай	11
доголон	ᠨᠢᠯᠪᠤᠰᠤ	нулимс	5
доголон	ᠱᠠᠭᠠᠵᠠᠭᠠᠢ	шаазгай	5
догшин	ᠨᠣᠶᠠᠨ	ноён	16
догшин	ᠰᠢᠷᠦᠭᠦᠨ	ширүүн	7
догшин	ᠬᠤᠲᠤᠭᠲᠤ	хутагт	6
доктор	ᠫᠷᠣᠹᠧᠰᠰᠣᠷ	профессор	421
доктор	ᠳ	д	128
доктор	ᠪ	б	104
дол	ᠯᠠ	ла	24
дол	ᠲᠣᠢ	той	13
дол	ᠳ᠋ᠤᠭᠠᠷ	дугаар	12
долгион	ᠭ	г	12
долгион	ᠨᠢ	нь	6
долдугаар	ᠰᠠᠷ᠎ᠠ ᠶᠢᠨ	сарын	2652
долдугаар	ᠰᠠᠷ᠎ᠠ ᠳᠤ	сард	551
долдугаар	ᠰᠠᠷ᠎ᠠ	сар	47
доллар	ᠪᠣᠯᠵᠤ	болж	350
доллар	ᠪᠤᠶᠤ	буюу	340
доллар	ᠪᠠᠶᠢᠭᠰᠠᠨ	байсан	215
долоо	ᠬᠣᠨᠣᠭ ᠲᠤ	хоногт	3991
долоо	ᠬᠣᠨᠣᠭ ᠤᠨ	хоногийн	2781
долоо	ᠬᠣᠨᠣᠭ	хоног	1453
долоовор	ᠬᠤᠷᠤᠭᠤᠨ ᠤ	хурууны	22
долоовор	ᠬᠤᠷᠤᠭᠤ ᠶᠢ ᠪᠠᠨ	хуруугаа	13
долоовор	ᠬᠤᠷᠤᠤ	хуруу	10
долоодугаар	ᠰᠠᠷ᠎ᠠ ᠶᠢᠨ	сарын	356
долоодугаар	ᠰᠠᠷ᠎ᠠ ᠳᠤ	сард	73
долоодугаар	ᠰᠠᠷ᠎ᠠ	сар	9
долоон	ᠵᠢᠯ ᠦᠨ	жилийн	195
долоон	ᠵᠢᠯ	жил	169
долоон	ᠲᠡᠷᠪᠤᠮ	тэрбум	145
домгийн	ᠰᠢᠨᠵᠢ ᠲᠡᠢ	шинжтэй	5
домог	ᠪᠣᠯᠤᠭᠰᠠᠨ	болсон	108
домог	ᠰᠢᠭ	шиг	29
домог	ᠮᠡᠲᠦ	мэт	27
домогт	ᠠᠨᠤ	ану	39
домогт	ᠲᠣᠭᠯᠠᠭᠴᠢ	тоглогч	24
домогт	ᠳᠠᠭᠤᠴᠢᠨ	дуучин	19
дон	ᠲᠤᠰᠠᠭᠰᠠᠨ	туссан	7
дон	ᠭᠡᠶᠢᠨ	гийн	5
донтох	ᠡᠪᠡᠳᠴᠢᠲᠡᠢ	өвчтэй	13
донтох	ᠨᠢ	нь	7
донтох	ᠡᠮᠭᠡᠭ	эмгэг	7
доо	ᠬᠥ	хө	47
доо	ᠭᠡᠵᠦ	гэж	41
доо	ᠭᠡᠰᠡᠨ	гэсэн	16
доогуур	ᠪᠠᠶᠢᠭ᠎ᠠ	байгаа	48
доогуур	ᠪᠠᠶᠢᠨ᠎ᠠ	байна	44
доогуур	ᠦᠵᠡᠭᠦᠯᠦᠯᠲᠡ	үзүүлэлт	25
доод	ᠬᠡᠮᠵᠢᠶ᠎ᠡ ᠶᠢ	хэмжээг	577
доод	ᠲᠠᠯ᠎ᠠ	тал	261
доод	ᠬᠡᠮᠵᠢᠶ᠎ᠡ	хэмжээ	160
доор	ᠨᠢ	нь	56
доор	ᠪᠠᠶᠢᠷᠢᠯᠠᠬᠤ	байрлах	20
доор	ᠪᠠᠶᠢᠭ᠎ᠠ	байгаа	19
дооргүй	ᠶᠠᠷᠢᠵᠤ	ярьж	12
дооргүй	ᠯᠠ	л	9
дооргүй	ᠶᠠᠷᠢᠳᠠᠭ	ярьдаг	5
доороо	ᠠᠰᠠᠷ	асар	12
доороо	ᠬᠣᠶᠠᠷ	хоёр	7
доороос	ᠨᠢ	нь	19
доороос	ᠳᠡᠭᠡᠭᠰᠢ	дээш	7
доорх	ᠤᠰᠤᠨ ᠤ	усны	49
доорх	ᠪᠠᠶᠠᠯᠢᠭ	баялаг	29
доорх	ᠤᠰᠤ	ус	23
доорхи	ᠤᠰᠤᠨ ᠤ	усны	55
доош	ᠨᠠᠰᠤᠨ ᠤ	насны	106
доош	ᠨᠢ	нь	102
доош	ᠣᠨᠣᠭ᠎ᠠ	оноо	34
доошилж	ᠪᠠᠶᠢᠭ᠎ᠠ	байгаа	10
доошоо	ᠭᠠᠵᠠᠷ	газар	25
доошоо	ᠤᠷᠤᠬᠤ	орох	7
доошоо	ᠣᠷᠣᠬᠤ ᠦᠭᠡᠢ	орохгүй	7
дор	ᠬᠠᠶᠠᠵᠤ	хаяж	533
дор	ᠵᠣᠬᠢᠶᠠᠨ	зохион	260
дор	ᠨᠢ	нь	217
дорвитой	ᠠᠷᠭ᠎ᠠ	арга	94
дорвитой	ᠠᠵᠢᠯ	ажил	49
дорвитой	ᠥᠭᠡᠷᠡᠴᠢᠯᠡᠯᠲᠡ	өөрчлөлт	47
доргилт	ᠥᠭᠴᠦ	өгч	11
доргилт	ᠥᠭᠬᠦ	өгөх	6
доргио	ᠥᠩᠭᠡᠷᠡᠭᠦᠯᠬᠦ	өнгөрүүлэх	7
дорд	ᠦᠵᠡᠵᠦ	үзэж	19
дорд	ᠦᠵᠡᠭᠰᠡᠨ	үзсэн	15
дордож	ᠪᠠᠶᠢᠨ᠎ᠠ	байна	7
дорж	ᠭᠤᠸᠠᠢ	гуай	25
дорж	ᠨᠠᠷᠠ	нар	9
дорж	ᠪ	б	7
дорно	ᠵᠦᠭ ᠲᠦ	зүгт	18
дорно	ᠭᠣᠪᠢ	говь	15
дорно	ᠳᠠᠬᠢᠨ	дахин	15
дорноговь	ᠠᠶᠢᠮᠠᠭ ᠤᠨ	аймгийн	754
дорноговь	ᠠᠶᠢᠮᠠᠭ	аймаг	96
дорноговь	ᠳᠤᠮᠳᠠᠭᠤᠪᠢ	дундговь	53
дорнод	ᠠᠶᠢᠮᠠᠭ ᠤᠨ	аймгийн	753
дорнод	ᠮᠣᠩᠭᠣᠯ	монгол	290
дорнод	ᠠᠶᠢᠮᠠᠭ	аймаг	124
дорнын	ᠶᠡᠬᠡ	их	30
дорнын	ᠠᠨᠠᠭᠠᠬᠤ	анагаах	14
дорнын	ᠠᠷᠠᠳ	ард	8
дорой	ᠨᠢᠭᠡᠨ	нэгэн	8
дорой	ᠪᠠᠶᠢᠨ᠎ᠠ	байна	7
дорой	ᠪᠠᠭᠤᠷᠠᠢ	буурай	7
доройтож	ᠪᠠᠶᠢᠨ᠎ᠠ	байна	23
доройтож	ᠪᠠᠶᠢᠭ᠎ᠠ	байгаа	19
доройтож	ᠪᠤᠢ	буй	9
доройтол	ᠨᠢ	нь	8
доройтол	ᠵᠡᠷᠭᠡ	зэрэг	5
доромжилж	ᠪᠠᠶᠢᠨ᠎ᠠ	байна	26
доромжилж	ᠪᠣᠯᠬᠤ ᠦᠭᠡᠢ	болохгүй	19
доромжилж	ᠪᠠᠶᠢᠭ᠎ᠠ	байгаа	16
доромжлох	ᠭᠦᠳᠭᠡᠬᠦ	гүтгэх	11
доромжлох	ᠨᠢ	нь	10
доромжлох	ᠡᠷᠬᠡ	эрх	9
дороо	ᠯᠠ	л	22
дороо	ᠬᠡᠢ	хий	7
дороо	ᠠᠰᠠᠷ	асар	5
дороос	ᠠᠪᠬᠤ	авах	18
дороос	ᠨᠢ	нь	9
дороос	ᠦᠵᠡᠨ᠎ᠡ	үзнэ	8
дотно	ᠶᠠᠷᠢᠶ᠎ᠠ	яриа	29
дотно	ᠪᠠᠶᠢᠳᠠᠭ	байдаг	27
дотно	ᠪᠠᠶᠢᠭᠰᠠᠨ	байсан	22
дотноор	ᠬᠦᠯᠢᠶᠡᠨ	хүлээн	36
дотноор	ᠤᠭᠲᠤᠨ	угтан	10
дотноор	ᠬᠦᠯᠢᠶᠡᠵᠦ	хүлээж	5
дотны	ᠨᠠᠶᠢᠵᠠ	найз	60
дотны	ᠬᠦᠮᠦᠰ	хүмүүс	37
дотны	ᠠᠨᠳᠠ	анд	35
дотнын	ᠠᠨᠳᠠ	анд	15
дотнын	ᠨᠠᠶᠢᠵᠠ	найз	11
дотогш	ᠨᠢ	нь	16
дотогш	ᠣᠷᠣᠵᠤ	орж	12
дотогш	ᠴᠢᠭᠯᠡᠭᠰᠡᠨ	чиглэсэн	9
дотогшлох	ᠤᠷᠤᠰᠬᠠᠯ	урсгал	14
дотогшлох	ᠤᠷᠤᠰᠬᠠᠯ ᠢ	урсгалыг	5
дотоод	ᠬᠡᠷᠡᠭ ᠦᠨ	хэргийн	412
дотоод	ᠭᠠᠳᠠᠭᠠᠳᠤ ᠶᠢᠨ	гадаадын	222
дотоод	ᠬᠢᠨᠠᠯᠲᠠ	хяналт	93
дотоодод	ᠦᠢᠯᠡᠳᠪᠦᠷᠢᠯᠡᠭᠰᠡᠨ	үйлдвэрлэсэн	23
дотоодод	ᠴᠤ	ч	14
дотоодод	ᠰᠤᠷᠲᠠᠯᠴᠢᠯᠠᠬᠤ	сурталчлах	10
дотор	ᠨᠢ	нь	444
дотор	ᠮᠣᠩᠭᠣᠯ	монгол	104
дотор	ᠪᠠᠶᠢᠭ᠎ᠠ	байгаа	96
доторх	ᠤᠯᠤᠰ	улс	11
доторх	ᠨᠢ	нь	8
доторх	ᠬᠠᠮᠤᠭ ᠤᠨ	хамгийн	8
дотроо	ᠣᠯᠠᠨ	олон	49
дотроо	ᠪᠣᠳᠣᠵᠤ	бодож	37
дотроо	ᠯᠠ	л	28
дотроос	ᠨᠢ	нь	77
дотроос	ᠬᠠᠮᠤᠭ ᠤᠨ	хамгийн	45
дотроос	ᠨᠢᠭᠡ	нэг	11
дотроосоо	ᠯᠠ	л	7
дотроосоо	ᠴᠤ	ч	7
дотуур	ᠪᠠᠶᠢᠷᠢ	байр	213
дотуур	ᠪᠠᠶᠢᠷᠢᠨ ᠤ	байрны	206
дотуур	ᠪᠠᠶᠢᠷᠢᠨ ᠳᠤ	байранд	125
дох	᠍ ᠤᠨ	ын	516
дох	ᠲᠣᠢ	той	89
дох	ᠬᠳᠬᠪ	хдхв	23
дохио	ᠥᠭᠴᠦ	өгч	35
дохио	ᠥᠭᠬᠦ	өгөх	33
дохио	ᠶᠠᠭᠤᠮ᠎ᠠ	юм	27
дохиог	ᠥᠭᠭᠦᠭᠰᠡᠨ	өгсөн	6
дохиог	ᠵᠠᠬ᠎ᠠ	зах	5
драм	ᠲᠥᠷᠦᠯ ᠦᠨ	төрлийн	12
ду	ᠭᠠ ᠪᠠᠷ	гаар	65
ду	ᠲᠤᠤ	туу	9
ду	ᠯᠠ	лаа	6
дугаар	ᠰᠠᠷ᠎ᠠ ᠶᠢᠨ	сарын	4768
дугаар	ᠵᠦᠢᠯ ᠦᠨ	зүйлийн	1465
дугаар	ᠰᠠᠷ᠎ᠠ ᠳᠤ	сард	940
дугаараа	ᠰᠢᠯᠵᠢᠭᠦᠯᠦᠨ	шилжүүлэн	8
дугаараа	ᠠᠰᠢᠭᠯᠠᠨ	ашиглан	7
дугаараа	ᠣᠷᠣᠭᠤᠯᠤᠭᠠᠳ	оруулаад	7
дугаарлан	ᠵᠣᠭᠰᠣᠵᠤ	зогсож	10
дугаарлан	ᠵᠣᠭᠰᠣᠬᠤ	зогсох	7
дугаарыг	ᠨᠢ	нь	28
дугаарыг	ᠠᠰᠢᠭᠯᠠᠨ	ашиглан	24
дугаарыг	ᠴᠠᠬᠢᠮ	цахим	8
дугуй	ᠰᠢᠷᠡᠭᠡᠨ ᠦ	ширээний	178
дугуй	ᠨᠢ	нь	74
дугуй	ᠤᠨᠠᠬᠤ	унах	40
дугуйг	ᠨᠢ	нь	12
дугуйлан	ᠬᠢᠴᠢᠶᠡᠯᠯᠡᠭᠦᠯᠬᠦ	хичээллүүлэх	7
дугуйлан	ᠺᠯᠤᠶᠢᠪ	клуб	6
дугуйлан	ᠠᠵᠢᠯᠯᠠᠭᠤᠯᠵᠤ	ажиллуулж	5
дулаан	ᠪᠠᠶᠢᠨ᠎ᠠ	байна	3333
дулаан	ᠪᠤᠰᠤᠳ	бусад	590
дулаан	ᠡᠳᠦᠷ ᠲᠦ ᠪᠡᠨ	өдөртөө	290
дулаанаар	ᠬᠠᠩᠭᠠᠬᠤ	хангах	43
дулаанаар	ᠬᠠᠩᠭᠠᠵᠤ	хангаж	9
дулаанаар	ᠨᠠᠶᠢᠳᠠᠪᠤᠷᠢᠲᠠᠢ	найдвартай	7
дулаахан	ᠪᠠᠶᠢᠭ᠎ᠠ	байгаа	11
дулаахан	ᠪᠠᠶᠢᠨ᠎ᠠ	байна	10
дулаахан	ᠪᠠᠶᠢᠭᠰᠠᠨ	байсан	10
дулимаг	ᠵᠦᠢᠯ	зүйл	6
дулимаг	ᠪᠣᠳᠣᠵᠤ	бодож	5
дун	ᠳ᠋ᠠ	даа	23
дун	ᠴᠠᠭᠠᠨ	цагаан	15
дун	ᠴᠠᠢ	цай	12
дунд	ᠰᠤᠷᠭᠠᠭᠤᠯᠢ ᠶᠢᠨ	сургуулийн	751
дунд	ᠰᠤᠷᠭᠠᠭᠤᠯᠢ	сургууль	538
дунд	ᠬᠤᠭᠤᠴᠠᠭᠠᠨ ᠤ	хугацааны	506
дундаа	ᠮᠣᠩᠭᠣᠯ	монгол	59
дундаа	ᠨᠢᠭᠡ	нэг	35
дундаа	ᠬᠠᠮᠤᠭ ᠤᠨ	хамгийн	35
дундаас	ᠨᠢ	нь	130
дундаас	ᠬᠠᠮᠤᠭ ᠤᠨ	хамгийн	63
дундаас	ᠳᠡᠭᠡᠭᠰᠢ	дээш	38
дундаасаа	ᠬᠡᠦᠬᠡᠳ ᠲᠡᠢ	хүүхэдтэй	6
дундад	ᠵᠠᠭᠤᠨ ᠤ	зууны	68
дундад	ᠠᠽᠢᠶ᠎ᠠ ᠶᠢᠨ	азийн	25
дундад	ᠠᠽᠢᠶ᠎ᠠ	ази	19
дундаж	ᠦᠨ᠎ᠡ	үнэ	246
дундаж	ᠴᠠᠯᠢᠩ	цалин	123
дундаж	ᠨᠠᠰᠤ	нас	60
дундах	ᠢᠤᠳ᠋	иод	8
дундах	ᠨᠢ	нь	7
дундах	ᠰᠦᠷᠢᠶ᠎ᠡ	сүрьеэ	6
дундговь	ᠠᠶᠢᠮᠠᠭ ᠤᠨ	аймгийн	536
дундговь	ᠡᠮᠦᠨᠡᠭᠣᠪᠢ	өмнөговь	56
дундговь	ᠠᠶᠢᠮᠠᠭ	аймаг	47
дундуур	ᠨᠢ	нь	91
дундуур	ᠪᠠᠶᠢᠭ᠎ᠠ	байгаа	41
дундуур	ᠪᠠᠶᠢᠨ᠎ᠠ	байна	39
дундын	ᠳ᠋ᠤᠭᠠᠷ	дугаар	60
дундын	ᠣᠢ ᠶᠢᠨ	ойн	22
дундын	ᠰᠢᠭᠦᠬᠦ	шүүх	22
дур	ᠮᠡᠳᠡᠨ	мэдэн	294
дур	ᠵᠣᠷᠭᠣ ᠪᠠᠷ ᠢᠶᠠᠨ	зоргоороо	76
дур	ᠪᠤᠯᠢᠶᠠᠮ᠎ᠠ	булаам	69
дураар	ᠨᠢ	нь	21
дураар	ᠪᠥᠷᠢᠳᠬᠡᠭᠦᠯᠬᠦ	бүртгүүлэх	9
дураар	ᠳᠠᠭᠠᠳᠬᠠᠭᠤᠯᠬᠤ	даатгуулах	6
дураараа	ᠴᠢᠰᠤ ᠪᠠᠨ	цусаа	22
дураараа	ᠠᠪᠤᠷᠢᠯᠠᠬᠤ	авирлах	10
дураараа	ᠠᠭᠠᠰᠢᠯᠠᠵᠤ	аашилж	8
дуран	ᠠᠪᠠᠢ	авай	13
дуран	ᠨᠢ	нь	8
дургүй	ᠪᠠᠶᠢᠳᠠᠭ	байдаг	48
дургүй	ᠪᠠᠶᠢᠭᠰᠠᠨ	байсан	46
дургүй	ᠪᠣᠯᠬᠤ	болох	42
дургүйг	ᠨᠢ	нь	16
дургүйг	ᠬᠦᠷᠭᠡᠭᠰᠡᠨ	хүргэсэн	16
дургүйг	ᠬᠦᠷᠭᠡᠵᠦ	хүргэж	12
дурдагдсан	ᠪᠠᠶᠢᠨ᠎ᠠ	байна	6
дурдах	ᠨᠢ	нь	58
дурдах	ᠬᠡᠷᠡᠭᠲᠡᠢ	хэрэгтэй	44
дурдах	ᠶᠣᠰᠣᠲᠠᠢ	ёстой	14
дурдвал	ᠣᠨ ᠤ	оны	8
дурдвал	ᠣᠨ ᠳᠤ	онд	7
дурдвал	ᠣᠯᠠᠨ	олон	5
дурджээ	ᠭᠡᠵᠦ	гэж	5
дурлаад	ᠪᠠᠶᠢᠭ᠎ᠠ	байгаа	5
дурлаж	ᠪᠠᠶᠢᠨ᠎ᠠ	байна	12
дурлаж	ᠪᠢᠴᠢᠭᠰᠡᠨ	бичсэн	9
дурлаж	ᠶᠠᠪᠤᠭᠰᠠᠨ	явсан	9
дурлал	ᠮᠢᠨᠢ	минь	53
дурлал	ᠭᠡᠳᠡᠭ	гэдэг	20
дурлал	ᠬᠠᠶᠢᠷ᠎ᠠ ᠶᠢ	хайрыг	14
дурлалд	ᠪᠢ	би	9
дурлалт	ᠬᠣᠣᠰ ᠤᠳ ᠤᠨ	хосуудын	11
дурлалт	ᠬᠣᠣᠰ ᠤᠳ	хосууд	5
дурлалыг	ᠬᠠᠷᠠᠭᠤᠯᠬᠤ	харуулах	8
дурлалын	ᠲᠤᠬᠠᠢ	тухай	30
дурлалын	ᠭᠡᠮᠲᠦ	гэмт	10
дурлалын	ᠪᠤᠷᠬᠠᠨ	бурхан	9
дурласан	ᠰᠡᠳᠬᠢᠯ	сэтгэл	13
дурласан	ᠰᠡᠳᠬᠢᠯ ᠢᠶᠡᠨ	сэтгэлээ	7
дурлах	ᠪᠣᠯᠤᠭᠰᠠᠨ	болсон	12
дурлах	ᠪᠣᠯᠪᠠ	болов	7
дурлах	ᠶᠠᠭᠤᠮ᠎ᠠ	юм	7
дурсаад	ᠯᠠ	л	8
дурсаж	ᠪᠠᠶᠢᠨ᠎ᠠ	байна	12
дурсаж	ᠶᠠᠪᠤᠬᠤ	явах	5
дурсаж	ᠶᠠᠪᠤᠶ᠎ᠠ	явъя	5
дурсамж	ᠳᠦᠭᠦᠷᠡᠩ	дүүрэн	30
дурсамж	ᠪᠣᠯᠤᠨ	болон	23
дурсамж	ᠦᠯᠡᠳᠡᠭᠡᠭᠰᠡᠨ	үлдээсэн	23
дурсамжаа	ᠡᠷᠭᠢᠨ	эргэн	8
дурсамжаа	ᠪᠢ	би	5
дурсамжаар	ᠳᠦᠭᠦᠷᠡᠩ	дүүрэн	9
дурсамжаар	ᠨᠢ	нь	5
дурсамжийн	ᠨᠣᠮ	ном	8
дурсамжийн	ᠨᠢᠭᠡ	нэг	5
дурсамжтай	ᠰᠠᠶᠢᠬᠠᠨ	сайхан	6
дурсан	ᠶᠠᠷᠢᠭᠰᠠᠨ	ярьсан	25
дурсан	ᠰᠠᠨᠠᠵᠤ	санаж	16
дурсан	ᠰᠠᠨᠠᠬᠤ	санах	13
дурсах	ᠶᠠᠭᠤᠮ᠎ᠠ	юм	12
дурсах	ᠳᠤᠷᠠᠲᠠᠢ	дуртай	11
дурсах	ᠨᠢ	нь	10
дурсахад	ᠲᠠᠭᠠᠲᠠᠢ	таатай	9
дурсахад	ᠰᠠᠶᠢᠬᠠᠨ	сайхан	6
дурсахгүй	ᠶᠠᠭᠤ	юу	36
дурсгал	ᠪᠣᠯᠭᠠᠨ	болгон	31
дурсгал	ᠪᠣᠯᠭᠠᠵᠤ	болгож	9
дурсгал	ᠨᠢ	нь	6
дурсгалт	ᠭᠠᠵᠠᠷ	газар	53
дурсгалт	ᠭᠠᠵᠠᠷ ᠤᠨ	газрын	22
дурсгалт	ᠵᠦᠢᠯ ᠦᠨ	зүйлийн	15
дурсдаг	ᠶᠠᠭᠤᠮ᠎ᠠ	юм	12
дурсдаг	ᠪᠣᠯᠪᠠ	болов	9
дурссан	ᠪᠠᠶᠢᠳᠠᠭ	байдаг	38
дурссан	ᠶᠠᠭᠤᠮ᠎ᠠ	юм	18
дурссан	ᠪᠠᠶᠢᠨ᠎ᠠ	байна	10
дуртай	ᠨᠢ	нь	201
дуртай	ᠪᠠᠶᠢᠳᠠᠭ	байдаг	132
дуртай	ᠪᠠᠶᠢᠭᠰᠠᠨ	байсан	78
дуртайгаа	ᠬᠢᠵᠦ	хийж	6
дуртайгаа	ᠶᠠᠷᠢᠵᠤ	ярьж	6
дуртайяа	ᠬᠦᠯᠢᠶᠡᠨ	хүлээн	14
дуртайяа	ᠬᠦᠯᠢᠶᠡᠵᠦ	хүлээж	8
дурьдсан	ᠪᠠᠶᠢᠨ᠎ᠠ	байна	63
дурьдсан	ᠪᠠᠶᠢᠭᠰᠠᠨ	байсан	23
дурьдсан	ᠶᠠᠭᠤᠮ᠎ᠠ	юм	15
дусал	ᠴᠢᠰᠤ	цус	19
дусал	ᠰᠢᠭ	шиг	16
дусал	ᠨᠡᠮᠡᠷᠢ	нэмэр	12
дуслын	ᠵᠠᠮ ᠢᠶᠠᠷ	замаар	33
дутаад	ᠪᠠᠶᠢᠨ᠎ᠠ	байна	19
дутаад	ᠪᠠᠶᠢᠬᠤ	байх	12
дутаад	ᠪᠠᠶᠢᠭ᠎ᠠ	байгаа	10
дутагдаад	ᠪᠠᠶᠢᠭ᠎ᠠ	байгаа	23
дутагдаад	ᠪᠠᠶᠢᠨ᠎ᠠ	байна	21
дутагдаад	ᠪᠠᠶᠢᠭᠰᠠᠨ	байсан	6
дутагдаж	ᠪᠠᠶᠢᠨ᠎ᠠ	байна	98
дутагдаж	ᠪᠠᠶᠢᠭ᠎ᠠ	байгаа	82
дутагдаж	ᠪᠤᠢ	буй	33
дутагдал	ᠪᠤᠢ	бий	38
дутагдал	ᠨᠢ	нь	38
дутагдал	ᠭᠠᠷᠭᠠᠭᠰᠠᠨ	гаргасан	27
дутагдах	ᠦᠷ᠎ᠡ ᠶᠢ	үрийг	15
дутагдах	ᠨᠢ	нь	11
дутагдах	ᠵᠦᠢᠯ ᠦᠭᠡᠢ	зүйлгүй	9
дутаж	ᠪᠠᠶᠢᠨ᠎ᠠ	байна	55
дутаж	ᠪᠠᠶᠢᠭ᠎ᠠ	байгаа	23
дутаж	ᠪᠣᠯᠬᠤ ᠦᠭᠡᠢ	болохгүй	7
дутах	ᠨᠢ	нь	14
дутах	ᠵᠦᠢᠯ	зүйл	13
дутах	ᠶᠠᠭᠤᠮ᠎ᠠ	юм	12
дутахааргүй	ᠣᠯᠠᠨ	олон	6
дутахааргүй	ᠪᠣᠯᠤᠭᠰᠠᠨ	болсон	5
дутахгүй	ᠰᠠᠶᠢᠬᠠᠨ	сайхан	13
дутахгүй	ᠯᠠ	л	9
дутахгүй	ᠭᠡᠳᠡᠭ ᠢᠶᠡᠨ	гэдгээ	7
дутмаг	ᠪᠠᠶᠢᠭ᠎ᠠ	байгаа	62
дутмаг	ᠪᠠᠶᠢᠨ᠎ᠠ	байна	42
дутмаг	ᠪᠠᠶᠢᠳᠠᠭ	байдаг	33
дутна	ᠰᠢᠦ	шүү	9
дутсан	ᠴᠤ	ч	9
дутсан	ᠨᠢ	нь	8
дутсан	ᠡᠨᠡ	энэ	7
дутуу	ᠳᠤᠯᠢᠮᠠᠭ	дулимаг	83
дутуу	ᠪᠠᠶᠢᠨ᠎ᠠ	байна	71
дутуу	ᠪᠠᠶᠢᠬᠤ ᠳᠤ	байхад	65
дутуугүй	ᠰᠠᠶᠢᠬᠠᠨ	сайхан	6
дутуугүй	ᠴᠢᠬᠤᠯᠠ	чухал	5
дуу	ᠪᠦᠵᠢᠭ ᠦᠨ	бүжгийн	340
дуу	ᠬᠣᠭᠣᠯᠠᠢ	хоолой	317
дуу	ᠨᠢ	нь	262
дууг	ᠨᠢ	нь	115
дууг	ᠮᠢᠨᠢ	минь	55
дууг	ᠳᠠᠭᠤᠯᠠᠵᠤ	дуулж	49
дуугаа	ᠡᠷᠭᠦᠬᠦ	өргөх	80
дуугаа	ᠳᠠᠭᠤᠯᠠᠵᠤ	дуулж	44
дуугаа	ᠡᠷᠭᠦᠭᠰᠡᠨ	өргөсөн	34
дуугаар	ᠨᠢ	нь	29
дуугаар	ᠬᠦᠯᠢᠶᠡᠨ	хүлээн	11
дуугаар	ᠪᠡᠯᠡᠭ	бэлэг	9
дуугаараа	ᠵᠠᠯᠠᠭᠤᠰ ᠢ	залуусыг	11
дуугаараа	ᠣᠯᠠᠨ ᠤ	олны	11
дуугаараа	ᠣᠯᠣᠩ ᠳᠤ	олонд	11
дуугарах	ᠨᠢ	нь	12
дуугарах	ᠶᠣᠰᠣᠲᠠᠢ	ёстой	9
дуугарах	ᠴᠠᠭ	цаг	8
дуугарсан	ᠨᠢ	нь	5
дуугарсан	ᠬᠦᠮᠦᠨ	хүн	5
дуугарч	ᠪᠠᠶᠢᠭ᠎ᠠ	байгаа	33
дуугарч	ᠪᠠᠶᠢᠨ᠎ᠠ	байна	19
дуугарч	ᠴᠢᠳᠠᠬᠤ ᠦᠭᠡᠢ	чадахгүй	17
дуугүй	ᠯᠠ	л	19
дуугүй	ᠪᠠᠶᠢᠭᠰᠠᠨ	байсан	16
дуугүй	ᠪᠠᠶᠢᠬᠤ	байх	15
дуудаад	ᠪᠠᠶᠢᠭ᠎ᠠ	байгаа	10
дуудаад	ᠪᠠᠶᠢᠨ᠎ᠠ	байна	10
дуудаад	ᠯᠠ	л	8
дуудаж	ᠪᠠᠶᠢᠨ᠎ᠠ	байна	49
дуудаж	ᠪᠠᠶᠢᠭᠰᠠᠨ	байсан	17
дуудаж	ᠪᠠᠶᠢᠭ᠎ᠠ	байгаа	16
дуудан	ᠠᠭᠤᠯᠵᠠᠵᠤ	уулзаж	6
дуудах	ᠨᠢ	нь	19
дуудах	ᠬᠠᠭᠤᠳᠠᠰᠤ	хуудас	17
дуудах	ᠶᠠᠭᠤᠮ᠎ᠠ	юм	9
дуудахад	ᠨᠢ	нь	7
дуудахад	ᠯᠠ	л	5
дууддаг	ᠶᠠᠭᠤᠮ᠎ᠠ	юм	19
дууддаг	ᠪᠠᠶᠢᠭᠰᠠᠨ	байсан	16
дууддаг	ᠪᠠᠶᠢᠯ᠎ᠠ	байлаа	7
дуудлага	ᠬᠤᠳᠠᠯᠳᠤᠭ᠎ᠠ	худалдаа	284
дуудлага	ᠢᠷᠡᠭᠰᠡᠨ	ирсэн	48
дуудлага	ᠬᠦᠯᠢᠶᠡᠨ	хүлээн	48
дуудлагаар	ᠬᠤᠳᠠᠯᠳᠤᠭᠠᠴᠢᠯᠠᠬᠤ	худалдах	18
дуудлагаар	ᠬᠤᠳᠠᠯᠳᠤᠵᠤ	худалдаж	8
дуудлагаар	ᠬᠤᠳᠠᠯᠳᠤᠨ᠎ᠠ	худалдана	7
дуудсан	ᠴᠠᠭ ᠲᠤ	цагт	33
дуудсан	ᠪᠠᠶᠢᠨ᠎ᠠ	байна	24
дуудсан	ᠶᠠᠭᠤᠮ᠎ᠠ	юм	20
дуудуулах	ᠨᠠᠰᠤᠨ	насан	12
дуудуулах	ᠬᠣᠲᠠ	хот	10
дуудуулж	ᠪᠠᠶᠢᠭᠰᠠᠨ	байсан	9
дуудуулж	ᠪᠠᠶᠢᠭ᠎ᠠ	байгаа	5
дуул	ᠰᠠᠩ	сан	9
дуул	ᠭᠡᠪᠡᠯ	гэвэл	6
дуулаагүй	ᠶᠠᠭᠤᠮ᠎ᠠ	юм	16
дуулаад	ᠯᠠ	л	20
дуулаад	ᠪᠠᠶᠢᠳᠠᠭ	байдаг	11
дуулаад	ᠪᠠᠶᠢᠨ᠎ᠠ	байна	9
дуулаач	ᠭᠡᠰᠡᠨ	гэсэн	8
дуулал	ᠡᠭᠡᠰᠢᠭᠯᠡᠵᠦ	эгшиглэж	11
дуулал	ᠪᠠᠶᠢᠵᠤ	байж	6
дуулал	ᠨᠢ	нь	5
дуулан	ᠳᠠᠭᠤᠯᠠᠨ	дуулан	6
дуулах	ᠶᠠᠭᠤᠮ᠎ᠠ	юм	72
дуулах	ᠳᠤᠷᠠᠲᠠᠢ	дуртай	58
дуулах	ᠪᠤᠢ	вэ	45
дуулахаар	ᠪᠣᠯᠤᠭᠰᠠᠨ	болсон	13
дуулахаар	ᠪᠣᠯᠵᠠᠢ	болжээ	12
дуулахаар	ᠪᠡᠯᠡᠳᠬᠡᠵᠦ	бэлтгэж	8
дуулахад	ᠨᠢ	нь	9
дуулахгүй	ᠪᠣᠯ	бол	6
дуулахгүй	ᠪᠠᠶᠢᠵᠤ	байж	5
дуулахыг	ᠨᠢ	нь	14
дуулахыг	ᠰᠣᠨᠣᠰᠤᠭᠠᠳ	сонсоод	7
дуулахыг	ᠬᠦᠰᠡᠭᠰᠡᠨ	хүссэн	5
дуулга	ᠨᠢ	нь	8
дуулга	ᠪᠣᠯᠬᠤ	болох	6
дуулга	ᠮᠠᠯᠠᠭᠠᠢ	малгай	6
дуулгаж	ᠪᠠᠶᠢᠭᠰᠠᠨ	байсан	40
дуулгаж	ᠪᠠᠶᠢᠨ᠎ᠠ	байна	34
дуулгаж	ᠪᠠᠶᠢᠯ᠎ᠠ	байлаа	17
дуулгах	ᠲᠠᠭᠠᠲᠠᠢ	таатай	17
дуулгах	ᠨᠢ	нь	14
дуулгах	ᠨᠢᠭᠡᠨ	нэгэн	10
дуулдаг	ᠪᠠᠶᠢᠭᠰᠠᠨ	байсан	38
дуулдаг	ᠪᠠᠶᠢᠯ᠎ᠠ	байлаа	18
дуулдаг	ᠶᠠᠭᠤᠮ᠎ᠠ	юм	16
дуулдах	ᠪᠣᠯᠤᠭᠰᠠᠨ	болсон	38
дуулдах	ᠶᠠᠭᠤᠮ᠎ᠠ	юм	18
дуулдах	ᠪᠣᠯᠤᠯ᠎ᠠ	боллоо	11
дуулддаг	ᠶᠠᠭᠤᠮ᠎ᠠ	юм	5
дуулж	ᠪᠠᠶᠢᠭᠰᠠᠨ	байсан	100
дуулж	ᠪᠠᠶᠢᠨ᠎ᠠ	байна	98
дуулж	ᠪᠠᠶᠢᠭ᠎ᠠ	байгаа	93
дуулиан	ᠱᠤᠤᠭᠢᠶᠠᠨ	шуугиан	65
дуулиан	ᠲᠠᠷᠢᠭᠰᠠᠨ	тарьсан	38
дуулиан	ᠲᠠᠷᠢᠵᠤ	тарьж	37
дуулиант	ᠨᠥᠬᠥᠷ	нөхөр	10
дуулиант	ᠬᠡᠷᠡᠭ	хэрэг	7
дуулиантай	ᠬᠡᠷᠡᠭ	хэрэг	6
дууллаа	ᠡᠭᠡᠰᠢᠭᠯᠡᠭᠦᠯᠵᠦ	эгшиглүүлж	12
дууллаа	ᠭᠡᠵᠦ	гэж	9
дууллаа	ᠡᠭᠡᠰᠢᠭᠯᠡᠭᠦᠯᠬᠦ	эгшиглүүлэх	6
дуулмаар	ᠪᠠᠶᠢᠨ᠎ᠠ	байна	31
дуулна	ᠭᠡᠵᠦ	гэж	18
дуулна	ᠭᠡᠳᠡᠭ	гэдэг	14
дуулна	ᠠ	аа	12
дуулсаар	ᠢᠷᠡᠭᠰᠡᠨ	ирсэн	7
дуулсан	ᠶᠠᠭᠤᠮ᠎ᠠ	юм	105
дуулсан	ᠨᠢ	нь	57
дуулсан	ᠳᠠᠭᠤᠤ	дуу	31
дуулъя	ᠭᠡᠵᠦ	гэж	9
дуулъя	ᠠ	аа	5
дуун	ᠳᠡᠭᠡᠷ᠎ᠡ	дээр	47
дуун	ᠳᠡᠭᠡᠷ᠎ᠡ ᠪᠡᠨ	дээрээ	7
дуун	ᠺᠣᠮᠠᠨᠳ	команд	5
дуунаас	ᠪᠦᠷᠢᠳᠦᠭᠰᠡᠨ	бүрдсэн	33
дуунаас	ᠪᠦᠲᠦᠭᠰᠡᠨ	бүтсэн	16
дуунаас	ᠡᠬᠢᠯᠡᠭᠡᠳ	эхлээд	11
дуунд	ᠳᠤᠷᠠᠲᠠᠢ	дуртай	31
дуунд	ᠦᠨᠡᠲᠡᠢ	үнэтэй	18
дуунд	ᠨᠢ	нь	17
дуундаа	ᠺᠯᠢᠫ	клип	23
дуундаа	ᠪᠢ	би	7
дуунууд	ᠨᠢ	нь	58
дуунууд	ᠡᠭᠡᠰᠢᠭᠯᠡᠬᠦ	эгшиглэх	32
дуунууд	ᠪᠣᠯᠤᠨ	болон	27
дуунуудыг	ᠨᠢ	нь	13
дуунуудыг	ᠠᠮᠢᠳᠤ ᠪᠠᠷ	амьдаар	10
дуунуудыг	ᠡᠭᠡᠰᠢᠭᠯᠡᠭᠦᠯᠬᠦ	эгшиглүүлэх	8
дуунуудын	ᠨᠢᠭᠡ	нэг	13
дууны	ᠦᠭᠡ	үг	102
дууны	ᠰᠢᠯᠢᠳᠡᠭ	шилдэг	78
дууны	ᠺᠯᠢᠫ	клип	75
дууныхаа	ᠦᠭᠡ ᠶᠢ	үгийг	17
дууныхаа	ᠰᠢᠨ᠎ᠡ	шинэ	8
дууныхаа	ᠲᠠᠯ᠎ᠠ ᠪᠠᠷ	талаар	7
дуурайл	ᠪᠣᠯᠵᠤ	болж	13
дуурайл	ᠠᠪᠬᠤ	авах	5
дуурайл	ᠦᠵᠡᠭᠦᠯᠬᠦ	үзүүлэх	5
дуурайх	ᠳᠤᠷᠠᠲᠠᠢ	дуртай	6
дууриал	ᠪᠣᠯᠵᠤ	болж	22
дууриал	ᠪᠣᠯᠬᠤ	болох	15
дууриал	ᠠᠪᠳᠠᠭ	авдаг	12
дууриалал	ᠪᠣᠯᠵᠤ	болж	18
дууриалал	ᠦᠵᠡᠭᠦᠯᠵᠦ	үзүүлж	5
дуурсгаж	ᠶᠠᠪᠤᠭ᠎ᠠ	яваа	14
дуурсгаж	ᠪᠠᠶᠢᠭ᠎ᠠ	байгаа	5
дуурь	ᠪᠦᠵᠢᠭ ᠦᠨ	бүжгийн	444
дуурь	ᠨᠢ	нь	33
дуурь	ᠪᠠᠯᠧᠲ	балет	23
дуусаагүй	ᠪᠠᠶᠢᠭ᠎ᠠ	байгаа	67
дуусаагүй	ᠪᠠᠶᠢᠬᠤ ᠳᠤ	байхад	54
дуусаагүй	ᠪᠠᠶᠢᠨ᠎ᠠ	байна	47
дуусаад	ᠪᠠᠶᠢᠨ᠎ᠠ	байна	15
дуусаад	ᠪᠠᠶᠢᠭ᠎ᠠ	байгаа	14
дуусаад	ᠥᠩᠭᠡᠷᠡᠭᠰᠡᠨ	өнгөрсөн	10
дуусаж	ᠪᠠᠶᠢᠭ᠎ᠠ	байгаа	20
дуусаж	ᠪᠠᠶᠢᠨ᠎ᠠ	байна	20
дуусаж	ᠪᠠᠶᠢᠭᠰᠠᠨ	байсан	7
дуусан	ᠳᠠᠭᠤᠰᠲᠠᠯ᠎ᠠ	дуустал	13
дуусах	ᠶᠠᠭᠤᠮ᠎ᠠ	юм	124
дуусах	ᠨᠢ	нь	64
дуусах	ᠬᠤᠭᠤᠴᠠᠭ᠎ᠠ	хугацаа	51
дуусахад	ᠮᠢᠨᠦ᠋ᠲ	минут	18
дуусахад	ᠶᠡᠷᠦᠳᠡᠭᠡᠨ	ердөө	14
дуусахад	ᠮᠣᠩᠭᠣᠯ	монгол	10
дуусахгүй	ᠪᠠᠶᠢᠬᠤ	байх	13
дуусахгүй	ᠡ	ээ	9
дуусахгүй	ᠪᠠᠶᠢᠨ᠎ᠠ	байна	8
дуусашгүй	ᠠᠵᠠ	аз	5
дуусгаад	ᠪᠠᠶᠢᠨ᠎ᠠ	байна	18
дуусгаад	ᠪᠠᠶᠢᠭ᠎ᠠ	байгаа	10
дуусгаад	ᠡᠬᠡ	эх	10
дуусгавар	ᠪᠣᠯᠬᠤ	болох	112
дуусгавар	ᠪᠣᠯᠵᠤ	болж	99
дуусгавар	ᠪᠣᠯᠤᠭᠰᠠᠨ	болсон	99
дуусгаж	ᠪᠠᠶᠢᠨ᠎ᠠ	байна	51
дуусгаж	ᠴᠢᠳᠠᠭ᠎ᠠ ᠦᠭᠡᠢ	чадаагүй	21
дуусгаж	ᠴᠢᠳᠠᠭᠰᠠᠨ	чадсан	18
дуусгана	ᠭᠡᠵᠦ	гэж	25
дуусгана	ᠭᠡᠰᠡᠨ	гэсэн	17
дуусгана	ᠭᠡᠪᠡ	гэв	7
дуусгах	ᠶᠠᠭᠤᠮ᠎ᠠ	юм	32
дуусгах	ᠶᠣᠰᠣᠲᠠᠢ	ёстой	32
дуусгах	ᠨᠢ	нь	25
дуусдаг	ᠶᠠᠭᠤᠮ᠎ᠠ	юм	9
дуусдаг	ᠪᠠᠶᠢᠭᠰᠠᠨ	байсан	8
дуусдаг	ᠭᠡᠳᠡᠭ ᠢ	гэдгийг	5
дуусдаггүй	ᠶᠠᠷᠢᠶ᠎ᠠ	яриа	9
дууслаа	ᠭᠡᠵᠦ	гэж	15
дууслаа	ᠭᠡᠬᠦ ᠳᠦ	гэхэд	5
дуусмагц	ᠡᠨᠡ	энэ	5
дуусна	ᠭᠡᠵᠦ	гэж	33
дуусна	ᠭᠡᠰᠡᠨ	гэсэн	23
дуусна	ᠰᠢᠦ	шүү	10
дууссан	ᠪᠠᠶᠢᠨ᠎ᠠ	байна	118
дууссан	ᠪᠥᠭᠡᠳ	бөгөөд	86
дууссан	ᠴᠤ	ч	68
дуустал	ᠦᠷᠭᠦᠯᠵᠢᠯᠡᠬᠦ	үргэлжлэх	73
дуустал	ᠳᠣᠯᠣᠭ᠎ᠠ	долоо	40
дуустал	ᠨᠢ	нь	27
дуусч	ᠪᠠᠶᠢᠭ᠎ᠠ	байгаа	211
дуусч	ᠪᠠᠶᠢᠨ᠎ᠠ	байна	159
дуусч	ᠪᠤᠢ	буй	27
дуут	ᠳᠣᠬᠢᠶ᠎ᠠ	дохио	37
дуут	ᠰᠤᠮᠤ ᠶᠢᠨ	сумын	27
дуут	ᠪᠣᠯᠤᠨ	болон	11
дуутай	ᠪᠥᠭᠡᠳ	бөгөөд	13
дуутай	ᠴᠣᠮᠣᠭ	цомог	12
дуутай	ᠪᠣᠯᠤᠭᠰᠠᠨ	болсон	11
дууч	ᠰᠢᠪᠠᠭᠤ	шувуу	8
дууч	ᠪᠣᠯᠵᠤ	болж	7
дууч	ᠳ	д	7
дуучид	ᠣᠷᠣᠯᠴᠠᠵᠤ	оролцож	35
дуучид	ᠤᠷᠤᠯᠴᠠᠬᠤ	оролцох	31
дуучид	ᠤᠳᠤᠷᠢᠳᠤᠭᠠᠴᠢ	удирдаач	26
дуучин	ᠳ	д	311
дуучин	ᠪ	б	282
дуучин	ᠰ	с	165
дэ	ᠬᠡᠦ	хүү	11
дэв	ᠰᠢᠬᠢ	ших	9
дэв	ᠰᠢᠯᠢ	шил	8
дэв	ᠱᠡᠦᠯᠡᠬᠦ	шүүлэх	5
дэвжиж	ᠪᠤᠢ	буй	7
дэвжиж	ᠪᠠᠶᠢᠭ᠎ᠠ	байгаа	6
дэвжих	ᠪᠣᠯᠤᠮᠵᠢ	боломж	5
дэвжээ	ᠣᠨᠣᠭ᠎ᠠ	оноо	79
дэвжээ	ᠣᠨᠣᠭ᠎ᠠ ᠪᠠᠷ	оноогоор	20
дэвжээ	ᠰᠢᠯᠭᠠᠷᠠᠭᠤᠯᠬᠤ	шалгаруулах	18
дэвжээг	ᠴᠢᠮᠵᠢ	чимж	8
дэвжээн	ᠳᠡᠭᠡᠷ᠎ᠡ	дээр	198
дэвжээн	ᠳᠡᠭᠡᠷ᠎ᠡ ᠪᠡᠨ	дээрээ	29
дэвжээнд	ᠭᠠᠷᠤᠭᠰᠠᠨ	гарсан	33
дэвжээнд	ᠭᠠᠷᠴᠤ	гарч	31
дэвжээнд	ᠭᠠᠷᠬᠤ	гарах	26
дэврүүн	ᠬᠦᠰᠡᠯ	хүсэл	5
дэвсгэр	ᠳᠡᠭᠡᠷ᠎ᠡ	дээр	187
дэвсгэр	ᠳ᠋ᠡᠬᠢ	дэх	61
дэвсгэр	ᠳᠡᠭᠡᠭᠦᠷ	дээгүүр	33
дэвсгэрт	ᠪᠠᠶᠢᠷᠢᠯᠠᠬᠤ	байрлах	158
дэвсгэрт	ᠦᠢᠯᠡ	үйл	112
дэвсгэрт	ᠤᠷᠤᠰᠢᠬᠤ	орших	45
дэвтрийн	ᠬᠠᠭᠤᠯᠪᠤᠷᠢ	хуулбар	29
дэвтрийн	ᠨᠢᠭᠤᠷ	нүүр	8
дэвтрийн	ᠬᠠᠮᠲᠤ	хамт	5
дэвтэр	ᠳᠡᠭᠡᠷ᠎ᠡ	дээр	25
дэвтэр	ᠨᠡᠶᠢᠭᠡᠮ ᠤᠨ	нийгмийн	16
дэвтэр	ᠲᠥᠭᠥᠷᠢᠭ	төгрөг	15
дэвтэрт	ᠭᠠᠷ ᠤᠨ	гарын	36
дэвтэрт	ᠪᠢᠴᠢᠭᠳᠡᠭᠰᠡᠨ	бичигдсэн	13
дэвтэрт	ᠣᠯᠭᠤᠭᠰᠠᠨ	олгосон	11
дэвшил	ᠭᠠᠷᠴᠤ	гарч	69
дэвшил	ᠭᠠᠷᠤᠭᠰᠠᠨ	гарсан	38
дэвшил	ᠭᠠᠷᠬᠤ	гарах	30
дэвшилт	ᠬᠣᠯᠪᠣᠭ᠎ᠠ	холбоо	15
дэвшилт	ᠲᠧᠭᠨᠣᠯᠣᠭᠢ	технологи	7
дэвшилт	ᠲᠧᠭᠨᠢᠭ	техник	6
дэвшилтэт	ᠲᠧᠭᠨᠣᠯᠣᠭᠢ	технологи	131
дэвшилтэт	ᠲᠧᠭᠨᠢᠭ	техник	123
дэвшилтэт	ᠠᠷᠭ᠎ᠠ	арга	26
дэвшинэ	ᠭᠡᠵᠦ	гэж	11
дэвшинэ	ᠭᠡᠰᠡᠨ	гэсэн	11
дэвшинэ	ᠭᠡᠳ	гээд	6
дэвших	ᠨᠢ	нь	24
дэвших	ᠡᠷᠬᠡ ᠶᠢ	эрхийг	21
дэвших	ᠪᠣᠯᠤᠮᠵᠢ ᠲᠠᠢ	боломжтой	20
дэвшлийн	ᠲᠥᠯᠥᠭᠡ	төлөө	32
дэвшлийн	ᠦᠷ᠎ᠡ	үр	9
дэвшлийн	ᠲᠠᠯ᠎ᠠ ᠪᠠᠷ	талаар	6
дэвшсэн	ᠪᠠᠶᠢᠨ᠎ᠠ	байна	45
дэвшсэн	ᠴᠤ	ч	33
дэвшсэн	ᠶᠠᠭᠤᠮ᠎ᠠ	юм	32
дэвшүүлж	ᠪᠠᠶᠢᠭ᠎ᠠ	байгаа	117
дэвшүүлж	ᠪᠠᠶᠢᠨ᠎ᠠ	байна	97
дэвшүүлж	ᠪᠠᠶᠢᠭᠰᠠᠨ	байсан	57
дэвшүүлнэ	ᠭᠡᠵᠦ	гэж	6
дэвшүүлнэ	ᠭᠡᠰᠡᠨ	гэсэн	5
дэвшүүлсэн	ᠶᠠᠭᠤᠮ᠎ᠠ	юм	87
дэвшүүлсэн	ᠪᠠᠶᠢᠨ᠎ᠠ	байна	75
дэвшүүлсэн	ᠨᠢ	нь	33
дэвшүүлэх	ᠨᠢ	нь	40
дэвшүүлэх	ᠲᠤᠬᠠᠢ	тухай	33
дэвшүүлэх	ᠪᠤᠢ	вэ	22
дэг	ᠵᠢᠷᠤᠮ	журам	77
дэг	ᠵᠠᠶ᠋ᠢᠭ	жаяг	47
дэг	ᠵᠢᠷᠤᠮ ᠢ	журмыг	42
дэггүй	ᠶᠠᠭᠤᠮ᠎ᠠ	юм	5
дэгдэж	ᠪᠠᠶᠢᠭᠰᠠᠨ	байсан	16
дэгдэж	ᠪᠠᠶᠢᠨ᠎ᠠ	байна	9
дэгдэж	ᠪᠠᠶᠢᠭ᠎ᠠ	байгаа	6
дэгдэх	ᠠᠶᠤᠯᠲᠠᠢ	аюултай	10
дэгдэх	ᠨᠢ	нь	8
дэгдээд	ᠪᠠᠶᠢᠭ᠎ᠠ	байгаа	35
дэгдээд	ᠪᠠᠶᠢᠨ᠎ᠠ	байна	22
дэгдээд	ᠪᠤᠢ	буй	12
дэгдээхэй	ᠥᠰᠬᠡᠬᠦ	өсгөх	5
дэгжин	ᠵᠠᠯᠠᠭᠤᠰ	залуус	10
дэглэм	ᠪᠠᠷᠢᠬᠤ	барих	29
дэглэм	ᠲᠣᠭᠲᠠᠭᠠᠭᠰᠠᠨ	тогтоосон	18
дэглэм	ᠲᠣᠭᠲᠠᠭᠠᠵᠤ	тогтоож	15
дэд	ᠰᠠᠶᠢᠳ	сайд	2648
дэд	ᠳᠠᠷᠤᠭ᠎ᠠ	дарга	1975
дэд	ᠪᠦᠲᠦᠴᠡ	бүтэц	1464
дэл	ᠬᠡᠢ ᠶᠢᠨ	хийн	158
дэл	ᠬᠡᠶᠢᠳ	хийд	35
дэл	ᠬᠡᠢ	хий	28
дэлбэрэлт	ᠪᠣᠯᠵᠤ	болж	6
дэлбэрэх	ᠪᠣᠳᠠᠰ	бодис	105
дэлбэрэх	ᠠᠶᠤᠯ	аюул	7
дэлбэрэх	ᠠᠶᠤᠯᠲᠠᠢ	аюултай	7
дэлбээ	ᠨᠢ	нь	7
дэлбээ	ᠰᠢᠭ	шиг	6
дэлгэж	ᠪᠠᠶᠢᠨ᠎ᠠ	байна	59
дэлгэж	ᠪᠠᠶᠢᠭ᠎ᠠ	байгаа	30
дэлгэж	ᠪᠠᠶᠢᠭᠰᠠᠨ	байсан	21
дэлгэн	ᠦᠵᠡᠭᠦᠯᠬᠦ	үзүүлэх	36
дэлгэн	ᠲᠠᠯᠪᠢᠭᠰᠠᠨ	тавьсан	33
дэлгэн	ᠬᠠᠷᠠᠭᠤᠯᠤᠭᠰᠠᠨ	харуулсан	29
дэлгэнэ	ᠭᠡᠵᠦ	гэж	11
дэлгэнэ	ᠭᠡᠰᠡᠨ	гэсэн	5
дэлгэнэ	ᠬᠡᠮᠡᠨ	хэмээн	5
дэлгэр	ᠰᠠᠶᠢᠬᠠᠨ	сайхан	36
дэлгэр	ᠴᠠᠭ ᠲᠤ	цагт	21
дэлгэр	ᠲᠡᠮᠳᠡᠭᠯᠡᠬᠦ	тэмдэглэх	12
дэлгэрмаа	ᠨᠠᠷᠠ	нар	18
дэлгэрмаа	ᠮᠢᠨᠢ	минь	6
дэлгэрмаа	ᠡ	э	6
дэлгэрсэн	ᠨᠢ	нь	11
дэлгэрсэн	ᠶᠠᠭᠤᠮ᠎ᠠ	юм	7
дэлгэрч	ᠪᠠᠶᠢᠭ᠎ᠠ	байгаа	28
дэлгэрч	ᠪᠠᠶᠢᠨ᠎ᠠ	байна	19
дэлгэрч	ᠪᠠᠶᠢᠭᠰᠠᠨ	байсан	9
дэлгэрэнгүй	ᠮᠡᠳᠡᠭᠡᠯᠡᠯ	мэдээлэл	554
дэлгэрэнгүй	ᠲᠠᠨᠢᠯᠴᠠᠭᠤᠯᠵᠤ	танилцуулж	25
дэлгэрэнгүй	ᠲᠠᠶᠢᠯᠪᠤᠷᠢᠯᠠᠵᠤ	тайлбарлаж	20
дэлгэрэх	ᠪᠣᠯᠲᠤᠭᠠᠢ	болтугай	27
дэлгэрэх	ᠰᠤᠮᠤ ᠶᠢᠨ	сумын	18
дэлгэрээд	ᠪᠠᠶᠢᠭ᠎ᠠ	байгаа	18
дэлгэрүүлж	ᠶᠠᠷᠢᠬᠤ ᠦᠭᠡᠢ	ярихгүй	8
дэлгэрүүлж	ᠮᠣᠳᠣ	мод	7
дэлгэрүүлж	ᠪᠠᠶᠢᠨ᠎ᠠ	байна	5
дэлгэрүүлэх	ᠦᠢᠯᠡᠰ ᠲᠦ	үйлсэд	22
дэлгэрүүлэх	ᠵᠣᠷᠢᠯᠭ᠎ᠠ ᠲᠠᠢ	зорилготой	21
дэлгэрүүлэх	ᠨᠢ	нь	14
дэлгэсэн	ᠶᠠᠭᠤᠮ᠎ᠠ	юм	57
дэлгэсэн	ᠨᠢ	нь	32
дэлгэсэн	ᠪᠥᠭᠡᠳ	бөгөөд	18
дэлгэх	ᠨᠢ	нь	60
дэлгэх	ᠶᠠᠭᠤᠮ᠎ᠠ	юм	46
дэлгэх	ᠭᠡᠵᠦ	гэж	44
дэлгэц	ᠨᠢ	нь	82
дэлгэц	ᠳᠡᠭᠡᠷ᠎ᠡ	дээр	58
дэлгэц	ᠪᠦᠬᠦᠢ	бүхий	48
дэлгэцний	ᠬᠡᠮᠵᠢᠶ᠎ᠡ	хэмжээ	6
дэлгэцний	ᠡᠮᠦᠨ᠎ᠡ	өмнө	5
дэлгэцээр	ᠳᠠᠮᠵᠢᠭᠤᠯᠤᠨ	дамжуулан	12
дэлгэцээр	ᠭᠠᠷᠬᠤ	гарах	6
дэлгэцээр	ᠰᠢᠭᠤᠳ	шууд	6
дэлгээд	ᠪᠠᠶᠢᠭ᠎ᠠ	байгаа	13
дэлгээд	ᠪᠠᠶᠢᠳᠠᠭ ᠦᠭᠡᠢ	байдаггүй	7
дэлгүүр	ᠨᠢ	нь	61
дэлгүүр	ᠪᠣᠯᠤᠨ	болон	24
дэлгүүр	ᠬᠣᠷᠰᠢᠶ᠎ᠠ	хоршоо	16
дэлгүүрийн	ᠯᠠᠩᠭᠤᠢᠨ	лангуун	38
дэлгүүрийн	ᠷ	р	33
дэлгүүрийн	ᠬᠤᠳᠠᠯᠳᠤᠭᠴᠢ	худалдагч	33
дэлдэж	ᠪᠠᠶᠢᠨ᠎ᠠ	байна	21
дэлдэж	ᠪᠤᠢ	буй	11
дэлдэж	ᠪᠠᠶᠢᠭ᠎ᠠ	байгаа	10
дэлхий	ᠳᠠᠶᠠᠭᠠᠷ	даяар	727
дэлхий	ᠨᠡᠶᠢᠲᠡ ᠶᠢᠨ	нийтийн	604
дэлхий	ᠳᠡᠭᠡᠷ᠎ᠡ	дээр	583
дэлхийг	ᠲᠣᠭᠣᠷᠢᠨ	тойрон	35
дэлхийг	ᠪᠠᠶᠢᠯᠳᠤᠨ	байлдан	31
дэлхийг	ᠲᠤᠭᠤᠷᠢᠬᠤ	тойрох	25
дэлхийгээ	ᠬᠠᠶᠢᠷᠠᠯᠠᠨ	хайрлан	38
дэлхийгээ	ᠬᠠᠶᠢᠷᠠᠯᠠᠬᠤ	хайрлах	29
дэлхийгээ	ᠬᠠᠶᠢᠷᠠᠯᠠᠵᠤ	хайрлаж	15
дэлхийгээр	ᠨᠢᠭᠡ	нэг	37
дэлхийгээс	ᠮᠧᠳᠠᠯ	медаль	7
дэлхийгээс	ᠥᠭᠡᠷ᠎ᠡ	өөр	5
дэлхийд	ᠠᠯᠳᠠᠷᠲᠠᠢ	алдартай	242
дэлхийд	ᠲᠡᠷᠢᠭᠦᠯᠡᠭᠴᠢ	тэргүүлэгч	176
дэлхийд	ᠬᠠᠮᠤᠭ ᠤᠨ	хамгийн	153
дэлхийдээ	ᠡᠭᠡᠯᠢᠲᠡᠢ	ээлтэй	9
дэлхийдээ	ᠤᠷᠤᠭᠤᠯᠬᠤ	оруулах	8
дэлхийдээ	ᠡᠷᠡᠭᠦᠯ	эрүүл	6
дэлхийн	ᠠᠪᠤᠷᠭᠤ	аварга	4220
дэлхийн	ᠵᠠᠬ᠎ᠠ	зах	1604
дэлхийн	ᠬᠠᠮᠤᠭ ᠤᠨ	хамгийн	1369
дэлхийтэйгээ	ᠵᠣᠬᠢᠴᠠᠨ	зохицон	10
дэлхийтэйгээ	ᠵᠥᠪ	зөв	6
дэм	ᠪᠣᠯᠬᠤ	болох	57
дэм	ᠪᠣᠯᠵᠤ	болж	41
дэм	ᠳᠡᠮᠡᠨ ᠳᠦ ᠪᠡᠨ	дэмэндээ	30
дэмб	᠍ ᠤᠨ	ын	427
дэмб	ᠳ	д	24
дэмб	ᠲᠠᠢ	тай	13
дэмбэрэл	ᠭᠡᠰᠢᠭᠦᠨ	гишүүн	55
дэмбэрэл	ᠨᠠᠷᠠ	нар	52
дэмбэрэл	ᠳ	д	42
дэмж	ᠯᠡᠭ	лэг	26
дэмж	ᠰᠡᠨ	сэн	18
дэмж	ᠳᠡᠭ	дэг	6
дэмждэг	ᠪᠠᠶᠢᠭᠰᠠᠨ	байсан	26
дэмждэг	ᠪᠤᠢ	вэ	26
дэмждэг	ᠶᠠᠭᠤᠮ᠎ᠠ	юм	26
дэмжиж	ᠪᠠᠶᠢᠭ᠎ᠠ	байгаа	744
дэмжиж	ᠪᠠᠶᠢᠨ᠎ᠠ	байна	440
дэмжиж	ᠪᠠᠶᠢᠭᠰᠠᠨ	байсан	175
дэмжинэ	ᠭᠡᠵᠦ	гэж	72
дэмжинэ	ᠭᠡᠳᠡᠭ ᠢᠶᠡᠨ	гэдгээ	44
дэмжинэ	ᠭᠡᠰᠡᠨ	гэсэн	44
дэмжих	ᠨᠢ	нь	311
дэмжих	ᠲᠤᠬᠠᠢ	тухай	311
дэмжих	ᠰᠠᠩ	сан	172
дэмжихгүй	ᠪᠠᠶᠢᠭ᠎ᠠ	байгаа	76
дэмжихгүй	ᠭᠡᠳᠡᠭ ᠢᠶᠡᠨ	гэдгээ	63
дэмжихгүй	ᠪᠠᠶᠢᠨ᠎ᠠ	байна	49
дэмжлэг	ᠦᠵᠡᠭᠦᠯᠬᠦ	үзүүлэх	858
дэмжлэг	ᠦᠵᠡᠭᠦᠯᠵᠦ	үзүүлж	398
дэмжлэг	ᠠᠪᠴᠤ	авч	187
дэмжсэн	ᠶᠠᠭᠤᠮ᠎ᠠ	юм	193
дэмжсэн	ᠪᠠᠶᠢᠨ᠎ᠠ	байна	178
дэмжсэн	ᠲᠤᠯᠠ	тул	99
дэмжье	ᠭᠡᠰᠡᠨ	гэсэн	33
дэмжье	ᠭᠡᠵᠦ	гэж	16
дэмжье	ᠭᠡᠳ	гээд	6
дэмжээд	ᠤᠡᠬ	уих	44
дэмжээд	ᠪᠠᠶᠢᠭ᠎ᠠ	байгаа	39
дэмжээд	ᠥᠭᠪᠡᠯ	өгвөл	27
дэмжээрэй	ᠭᠡᠵᠦ	гэж	17
дэмий	ᠯᠠ	л	53
дэмий	ᠶᠠᠭᠤᠮ᠎ᠠ	юм	33
дэмий	ᠵᠦᠢᠯ ᠳᠦ	зүйлд	22
дэмээр	ᠪᠠᠶᠠᠯᠢᠭ	баялаг	48
дэмээр	ᠪᠣᠯᠳᠠᠭ	болдог	5
дэн	ᠪᠠᠭᠤᠳᠠᠯ	буудал	14
дэн	ᠪᠠᠭᠤᠳᠠᠯ ᠳᠤ	буудалд	12
дэн	ᠪᠠᠭᠤᠳᠠᠯ ᠤᠨ	буудлын	10
дэндүү	ᠶᠡᠬᠡ	их	111
дэндүү	ᠣᠯᠠᠨ	олон	59
дэндүү	ᠰᠠᠶᠢᠬᠠᠨ	сайхан	38
дэнж	ᠳᠡᠭᠡᠷ᠎ᠡ	дээр	20
дэнж	ᠬᠣᠲᠣᠶᠢᠲᠠᠯ᠎ᠠ	хотойтол	20
дэнж	ᠳ᠋ᠡᠬᠢ	дэх	14
дэнжид	ᠪᠠᠷᠢᠭᠳᠠᠭᠰᠠᠨ	баригдсан	7
дэнжийн	ᠮᠢᠩᠭ᠎ᠠ	мянга	24
дэнжийн	ᠨᠣᠭᠣᠭ᠎ᠠ	ногоо	7
дэнжийн	᠍ ᠤᠨ	ын	7
дэнчин	ᠲᠠᠯᠪᠢᠵᠤ	тавьж	39
дэнчин	ᠲᠠᠪᠢᠭᠠᠳ	тавиад	6
дэнчин	ᠲᠠᠯᠪᠢᠭᠰᠠᠨ	тавьсан	6
дэр	ᠨᠢ	нь	12
дэр	ᠮᠣᠳᠣ	мод	11
дэр	ᠮᠣᠳᠣ ᠶᠢ	модыг	9
дэргэд	ᠨᠢ	нь	115
дэргэд	ᠰᠠᠭᠤᠭ᠎ᠠ	суугаа	77
дэргэд	ᠮᠢᠨᠢ	минь	56
дэргэдэх	ᠮᠥᠷᠳᠡᠨ	мөрдөн	229
дэргэдэх	ᠢᠷᠭᠡᠨ ᠦ	иргэний	75
дэргэдэх	ᠵᠠᠯᠠᠭᠤᠴᠤᠳ ᠤᠨ	залуучуудын	45
дэргэдээ	ᠪᠠᠶᠢᠭ᠎ᠠ	байгаа	13
дэргэдээ	ᠴᠡᠴᠡᠷᠯᠢᠭ	цэцэрлэг	8
дэргэдээ	ᠠᠪᠴᠤ	авч	6
дэргэдээс	ᠨᠢ	нь	78
дэргэдээс	ᠮᠢᠨᠢ	минь	5
дэргэдээсээ	ᠲᠣᠯᠢᠳᠠᠨ	тольдон	5
дэрэн	ᠰᠤᠮᠤ ᠶᠢᠨ	сумын	18
дэрэн	ᠴᠣᠮᠣ	цом	11
дэрэн	ᠳᠡᠭᠡᠷ᠎ᠡ	дээр	9
дэс	ᠨᠢᠭᠢ	ний	38
дэс	ᠳᠠᠷᠠᠭᠠᠯᠠᠯ	дараалал	18
дэс	ᠳᠠᠷᠠᠭ᠎ᠠ	дараа	7
дэслэгч	ᠭᠧᠨᠧᠷᠠᠯ	генерал	71
дэслэгч	ᠪ	б	14
дэслэгч	ᠨ	н	14
дэх	ᠵᠢᠯ ᠳᠦ ᠪᠡᠨ	жилдээ	358
дэх	ᠤᠳᠤᠭ᠎ᠠ ᠪᠠᠨ	удаагаа	262
дэх	ᠬᠠᠮᠤᠭ ᠤᠨ	хамгийн	226
дэхь	ᠵᠢᠯ ᠳᠦ ᠪᠡᠨ	жилдээ	17
дэхь	ᠬᠠᠮᠤᠭ ᠤᠨ	хамгийн	9
дэхь	ᠤᠳᠤᠭ᠎ᠠ ᠪᠠᠨ	удаагаа	5
дээ	ᠭᠡᠵᠦ	гэж	332
дээ	ᠬᠥ	хө	218
дээ	ᠪᠢ	би	107
дээвэр	ᠳᠣᠣᠷ᠎ᠠ	дор	48
дээвэр	ᠳᠡᠭᠡᠷ᠎ᠡ	дээр	24
дээвэр	ᠨᠢ	нь	19
дээгүүр	ᠨᠢ	нь	61
дээгүүр	ᠪᠠᠶᠢᠷᠢ	байр	33
дээгүүр	ᠶᠠᠪᠤᠬᠤ ᠦᠭᠡᠢ	явахгүй	21
дээд	ᠰᠤᠷᠭᠠᠭᠤᠯᠢ	сургууль	1667
дээд	ᠰᠤᠷᠭᠠᠭᠤᠯᠢ ᠶᠢᠨ	сургуулийн	1305
дээд	ᠰᠤᠷᠭᠠᠭᠤᠯᠢ ᠳᠤ	сургуульд	908
дээдийн	ᠳᠡᠭᠡᠳᠦ	дээд	27
дээдийн	ᠵᠠᠶᠠᠭ᠎ᠠ	заяа	6
дээдлэн	ᠳᠡᠯᠭᠡᠷᠡᠭᠦᠯᠬᠦ	дэлгэрүүлэх	10
дээдлэн	ᠰᠢᠲᠦᠵᠦ	шүтэж	10
дээдлэн	ᠬᠦᠨᠳᠦᠳᠭᠡᠵᠦ	хүндэтгэж	6
дээдлэх	ᠨᠢ	нь	19
дээдлэх	ᠶᠣᠰᠣ	ёс	16
дээдлэх	ᠶᠣᠰᠣ ᠶᠢ	ёсыг	16
дээдсийн	ᠮᠠᠨᠢ	маань	20
дээдсийн	ᠮᠢᠨᠢ	минь	17
дээдсийн	ᠥᠯᠮᠡᠢ ᠳᠦ	өлмийд	8
дээдсээс	ᠬᠠᠯᠠᠮᠵᠢ	халамж	14
дээдсээс	ᠤᠯᠠᠮᠵᠢᠯᠠᠵᠤ	уламжилж	6
дээдсээс	ᠦᠯᠡᠳᠡᠭᠡᠭᠰᠡᠨ	үлдээсэн	6
дээдэлдэг	ᠠᠷᠠᠳ	ард	9
дээдэлдэг	ᠮᠣᠩᠭᠣᠯ	монгол	7
дээдэлдэг	ᠤᠯᠤᠰ	улс	7
дээдэлж	ᠢᠷᠡᠭᠰᠡᠨ	ирсэн	19
дээдэлж	ᠮᠣᠩᠭᠣᠯ	монгол	7
дээдэлж	ᠶᠠᠪᠤᠳᠠᠭ	явдаг	6
дээдэлсэн	ᠪᠠᠶᠢᠭᠠᠯᠢ	байгаль	8
дээдэлсэн	ᠬᠠᠤᠯᠢ	хууль	7
дээдэлсэн	ᠤᠬᠠᠭᠠᠯᠢᠭ	ухаалаг	5
дээдэс	ᠮᠢᠨᠢ	минь	27
дээдэс	ᠮᠠᠨᠢ	маань	17
дээдэс	ᠨᠢ	нь	10
дээдээр	ᠮᠡᠳᠡᠵᠦ	мэдэж	23
дээдээр	ᠣᠶᠢᠯᠠᠭᠠᠵᠤ	ойлгож	5
дээж	ᠠᠪᠴᠤ	авч	121
дээж	ᠠᠪᠤᠨ	аван	14
дээж	ᠠᠪᠬᠤ	авах	14
дээжийг	ᠠᠪᠴᠤ	авч	10
дээжийг	ᠨᠢ	нь	10
дээжийг	ᠡᠷᠭᠦᠵᠦ	өргөж	6
дээл	ᠬᠤᠪᠴᠠᠰᠤ	хувцас	49
дээл	ᠬᠤᠪᠴᠠᠰᠤ ᠪᠠᠨ	хувцсаа	19
дээл	ᠮᠠᠯᠠᠭᠠᠢ	малгай	17
дээлийг	ᠲᠠᠶᠢᠯᠬᠤ	тайлах	21
дээлийг	ᠨᠢ	нь	14
дээлийг	ᠳᠠᠩ	дан	11
дээлийн	ᠠᠰᠠᠭᠤᠳᠠᠯ ᠢ	асуудлыг	8
дээлийн	ᠲᠤᠬᠠᠢ	тухай	7
дээлийн	ᠰᠢᠨ᠎ᠡ	шинэ	6
дээлтэй	ᠪᠠᠶᠢᠬᠤ	байх	30
дээлтэй	ᠮᠣᠩᠭᠣᠯ	монгол	24
дээлтэй	ᠰᠠᠶᠢᠳ	сайд	18
дээлээ	ᠲᠠᠶᠢᠯᠬᠤ	тайлах	22
дээлээ	ᠡᠮᠦᠰᠦᠭᠡᠳ	өмсөөд	14
дээлээ	ᠨᠥᠮᠥᠷᠬᠦ	нөмрөх	11
дээр	ᠨᠢ	нь	4170
дээр	ᠠᠵᠢᠯᠯᠠᠵᠤ	ажиллаж	541
дээр	ᠴᠤ	ч	415
дээрх	ᠬᠣᠶᠠᠷ	хоёр	460
дээрх	ᠬᠠᠤᠯᠢ ᠶᠢᠨ	хуулийн	341
дээрх	ᠠᠰᠠᠭᠤᠳᠠᠯ ᠢ	асуудлыг	158
дээрхи	ᠬᠣᠶᠠᠷ	хоёр	27
дээрхи	ᠬᠠᠤᠯᠢ	хууль	15
дээрхи	ᠠᠰᠠᠭᠤᠳᠠᠯ ᠢ	асуудлыг	8
дээрэм	ᠬᠢᠵᠦ	хийж	24
дээрэм	ᠬᠢᠭᠰᠡᠨ	хийсэн	19
дээрэм	ᠲᠣᠨᠣᠭᠤᠯ	тонуул	15
дээрэмдсэн	ᠬᠡᠷᠡᠭ	хэрэг	31
дээрэмдсэн	ᠪᠠᠶᠢᠨ᠎ᠠ	байна	8
дээрэмдсэн	ᠭᠡᠬᠦ	гэх	7
дээрэмдэж	ᠪᠠᠶᠢᠭ᠎ᠠ	байгаа	5
дээрээ	ᠯᠠ	л	61
дээрээ	ᠣᠴᠢᠵᠤ	очиж	47
дээрээ	ᠴᠤ	ч	46
дээрээс	ᠨᠢ	нь	1439
дээрээс	ᠬᠠᠷᠠᠵᠤ	харж	26
дээрээс	ᠯᠠ	л	22
дээрээсээ	ᠡᠬᠢᠯᠡᠵᠦ	эхэлж	7
дээрээсээ	ᠴᠠᠭᠠᠰᠢ ᠪᠠᠨ	цаашаа	5
дээрээсээ	ᠡᠬᠢᠯᠡᠭᠡᠳ	эхлээд	5
дээс	ᠠᠯᠬᠤᠬᠤ	алхах	27
дээс	ᠠᠯᠬᠤᠵᠤ	алхаж	24
дээс	ᠠᠯᠬᠤᠭᠰᠠᠨ	алхсан	18
дээсэн	ᠳᠥᠷᠦᠭᠡᠨ	дөрөөн	44
дээсэн	ᠳᠡᠭᠡᠷ᠎ᠡ	дээр	6
дээш	ᠨᠠᠰᠤᠨ ᠤ	насны	360
дээш	ᠣᠨᠣᠭ᠎ᠠ	оноо	170
дээш	ᠵᠢᠯ	жил	164
дээшлэх	ᠲᠤᠰᠤᠮ	тусам	10
дээшлэх	ᠶᠠᠭᠤᠮ᠎ᠠ	юм	9
дээшлэх	ᠨᠢ	нь	7
дээшлүүлэх	ᠢᠨᠰᠲ᠋ᠢᠲ᠋ᠦᠶᠢᠲ	институт	38
дээшлүүлэх	ᠲᠠᠯ᠎ᠠ ᠪᠠᠷ	талаар	37
дээшлүүлэх	ᠵᠣᠷᠢᠯᠭ᠎ᠠ ᠲᠠᠢ	зорилготой	35
дээшээ	ᠲᠩᠷᠢ	тэнгэр	27
дээшээ	ᠳᠣᠭᠣᠭᠰᠢ ᠪᠠᠨ	доошоо	20
дээшээ	ᠭᠠᠷᠴᠤ	гарч	18
дүвчин	ᠲ	т	18
дүвчин	ᠪᠠᠭᠰᠢ	багш	10
дүвчин	ᠨᠠᠷᠠ	нар	9
дүгнэж	ᠪᠠᠶᠢᠨ᠎ᠠ	байна	321
дүгнэж	ᠪᠠᠶᠢᠭ᠎ᠠ	байгаа	225
дүгнэж	ᠪᠣᠯᠤᠨ᠎ᠠ	болно	56
дүгнэлт	ᠬᠢᠵᠦ	хийж	280
дүгнэлт	ᠭᠠᠷᠭᠠᠬᠤ	гаргах	279
дүгнэлт	ᠭᠠᠷᠭᠠᠭᠰᠠᠨ	гаргасан	222
дүгнэн	ᠬᠡᠯᠡᠯᠴᠡᠵᠦ	хэлэлцэж	8
дүгнэн	ᠬᠡᠯᠡᠭᠰᠡᠨ	хэлсэн	5
дүгнэх	ᠨᠢ	нь	55
дүгнэх	ᠶᠠᠭᠤᠮ᠎ᠠ	юм	25
дүгнэх	ᠪᠤᠢ	вэ	20
дүйх	ᠶᠠᠭᠤᠮ᠎ᠠ	юм	5
дүлий	ᠢᠷᠭᠡᠳ ᠦᠨ	иргэдийн	15
дүлий	ᠡᠷᠬᠡᠲᠡᠨ	эрхтэн	10
дүлий	ᠶᠠᠭᠤᠮ᠎ᠠ	юм	8
дүн	ᠨᠢ	нь	723
дүн	ᠰᠢᠨᠵᠢᠯᠡᠭᠡ	шинжилгээ	342
дүн	ᠶᠠᠭᠤᠮ᠎ᠠ	юм	173
дүнг	ᠨᠢ	нь	277
дүнг	ᠲᠠᠨᠢᠯᠴᠠᠭᠤᠯᠤᠶ᠎ᠠ	танилцуулъя	52
дүнг	ᠣᠯᠠᠨ	олон	41
дүнгээс	ᠬᠠᠷᠠᠬᠤ ᠳᠤ	харахад	78
дүнгээс	ᠦᠵᠡᠬᠦ ᠳᠦ	үзэхэд	27
дүнгээс	ᠰᠢᠯᠲᠠᠭᠠᠯᠠᠨ	шалтгаалан	11
дүнд	ᠨᠢ	нь	287
дүнд	ᠬᠦᠷᠴᠦ	хүрч	154
дүнд	ᠬᠦᠷᠬᠦ	хүрэх	113
дүнтэй	ᠪᠠᠶᠢᠨ᠎ᠠ	байна	98
дүнтэй	ᠠᠷᠭ᠎ᠠ	арга	93
дүнтэй	ᠪᠠᠶᠢᠳᠠᠭ	байдаг	65
дүр	ᠵᠢᠷᠤᠭ	зураг	537
дүр	ᠲᠥᠷᠬᠥ	төрх	234
дүр	ᠲᠥᠷᠬᠥ ᠶᠢ	төрхийг	124
дүрд	ᠲᠣᠭᠯᠠᠭᠰᠠᠨ	тоглосон	135
дүрд	ᠨᠢ	нь	102
дүрд	ᠲᠣᠭᠯᠠᠵᠤ	тоглож	89
дүрж	ᠬᠥᠯᠡᠨ ᠦ	хөлний	7
дүрж	ᠳᠡᠭᠡᠭᠦᠷ	дээгүүр	6
дүрж	ᠰᠠᠭᠤᠵᠤ	сууж	6
дүрийг	ᠪᠦᠲᠦᠭᠡᠭᠰᠡᠨ	бүтээсэн	131
дүрийг	ᠪᠦᠲᠦᠭᠡᠵᠦ	бүтээж	55
дүрийг	ᠪᠦᠲᠦᠭᠡᠬᠦ	бүтээх	36
дүрийн	ᠵᠦᠵᠦᠭᠡᠴᠢᠨ	жүжигчин	54
дүрийн	ᠡᠮᠡᠭᠲᠡᠢ	эмэгтэй	16
дүрийн	ᠡᠷᠡᠭᠲᠡᠢ	эрэгтэй	14
дүрмийг	ᠵᠥᠷᠢᠴᠡᠭᠰᠡᠨ	зөрчсөн	29
дүрмийг	ᠥᠪᠡᠷᠡᠴᠢᠯᠡᠬᠦ	өөрчлөх	21
дүрмийг	ᠰᠢᠨᠡᠴᠢᠯᠡᠨ	шинэчлэн	18
дүрмийн	ᠳᠠᠭᠠᠤ	дагуу	309
дүрмийн	ᠪᠤᠰᠤ	бус	43
дүрмийн	ᠰᠠᠩ	сан	27
дүрмээр	ᠪᠣᠯ	бол	32
дүрмээр	ᠨᠢ	нь	17
дүрмээр	ᠲᠣᠭᠯᠠᠵᠤ	тоглож	9
дүрмээрээ	ᠪᠣᠯ	бол	7
дүрмээрээ	ᠯᠠ	л	5
дүрс	ᠪᠢᠴᠢᠯᠭᠡ	бичлэг	102
дүрс	ᠪᠦᠬᠦᠢ	бүхий	53
дүрс	ᠪᠢᠴᠢᠯᠭᠡ ᠶᠢᠨ	бичлэгийн	41
дүрслэл	ᠪᠦᠬᠦᠢ	бүхий	9
дүрслэл	ᠨᠢ	нь	9
дүрслэл	ᠪᠣᠯᠵᠠᠢ	болжээ	6
дүрслэх	ᠤᠷᠠᠯᠢᠭ ᠤᠨ	урлагийн	407
дүрслэх	ᠤᠷᠠᠯᠢᠭ	урлаг	106
дүрслэх	ᠤᠷᠠᠯᠢᠭ ᠲᠤ	урлагт	13
дүрсэлж	ᠪᠠᠶᠢᠭ᠎ᠠ	байгаа	6
дүрэм	ᠵᠢᠷᠤᠮ	журам	308
дүрэм	ᠵᠢᠷᠤᠮ ᠢ	журмыг	193
дүрэм	ᠵᠢᠷᠤᠮ ᠤᠨ	журмын	91
дүрэмт	ᠬᠤᠪᠴᠠᠰᠤ	хувцас	240
дүрэмт	ᠬᠤᠪᠴᠠᠰᠤᠨ ᠤ	хувцасны	186
дүрэмт	ᠬᠤᠪᠴᠠᠰᠤ ᠶᠢ	хувцсыг	128
дүрэмтэй	ᠬᠣᠯᠪᠣᠭᠠᠲᠠᠢ	холбоотой	10
дүрэмтэй	ᠪᠠᠶᠢᠳᠠᠭ	байдаг	9
дүрэмтэй	ᠪᠣᠯᠤᠭᠰᠠᠨ	болсон	8
дүрээ	ᠰᠠᠶᠢᠨ	сайн	10
дүрээ	ᠢᠯᠡᠭᠦᠦ	илүү	7
дүрээ	ᠮᠥᠩᠬᠡᠯᠡᠭᠰᠡᠨ	мөнхөлсөн	6
дүрээр	ᠨᠢ	нь	20
дүрээр	ᠰᠢᠯᠢᠳᠡᠭ	шилдэг	17
дүрээр	ᠵᠦᠵᠦᠭᠡᠴᠢᠨ	жүжигчин	11
дүрээрээ	ᠰᠢᠯᠢᠳᠡᠭ	шилдэг	5
дүрээрээ	ᠡᠨᠡ	энэ	5
дүү	ᠨᠠᠷᠠ	нар	170
дүү	ᠨᠢ	нь	133
дүү	ᠬᠠᠮᠢᠶᠠᠲᠠᠨ	хамаатан	112
дүүгийн	ᠮᠠᠨᠢ	маань	12
дүүгийн	ᠬᠠᠮᠲᠤ	хамт	11
дүүгийн	ᠮᠢᠨᠢ	минь	10
дүүгээ	ᠴᠤ	ч	5
дүүд	ᠮᠢᠨᠢ	минь	11
дүүд	ᠳᠡᠭᠦᠦ ᠳᠦ	дүүд	10
дүүд	ᠮᠠᠨᠢ	маань	6
дүүжин	ᠲᠠᠭᠠᠵᠠ	тааз	7
дүүжин	ᠮᠠᠰᠢᠨ	машин	5
дүүлэн	ᠨᠢᠰᠬᠦ	нисэх	21
дүүлэн	ᠨᠢᠰᠴᠢ	нисч	17
дүүлэн	ᠨᠢᠰ	нис	12
дүүргэж	ᠤᠯᠠᠮ ᠢᠶᠠᠷ	улмаар	13
дүүргэж	ᠣᠨ ᠳᠤ	онд	6
дүүрсэн	ᠪᠠᠶᠢᠨ᠎ᠠ	байна	8
дүүрсэн	ᠡᠨᠡ	энэ	5
дүүрч	ᠪᠠᠶᠢᠨ᠎ᠠ	байна	13
дүүрч	ᠲᠠᠭ	таг	5
дүүрэг	ᠳ᠋ᠡᠬᠢ	дэх	146
дүүрэг	ᠷ	р	120
дүүрэг	ᠪᠦᠷᠢ ᠳᠦ	бүрт	78
дүүрэн	ᠪᠠᠶᠢᠨ᠎ᠠ	байна	120
дүүрэн	ᠪᠠᠶᠢᠭᠰᠠᠨ	байсан	62
дүүрэн	ᠪᠠᠶᠢᠳᠠᠭ	байдаг	61
дүүс	ᠡ	ээ	21
дүүс	ᠨᠢ	нь	16
дүүс	ᠪᠣᠯᠬᠤ	болох	11
дүүсийн	ᠬᠣᠯᠪᠣᠭ᠎ᠠ	холбоо	6
дүүсийн	ᠬᠡᠦᠬᠡᠳ ᠦᠳ	хүүхдүүд	6
дөл	ᠪᠣᠯᠲᠠᠯ᠎ᠠ	болтол	27
дөл	ᠮᠥᠷ ᠦᠨ	мөрийн	12
дөл	ᠰᠢᠭ	шиг	6
дөлгөөн	ᠨᠠᠷᠠ	нар	26
дөлгөөн	ᠠᠶᠤᠱᠢ	аюуш	16
дөлгөөн	ᠪ	б	14
дөн	ᠪᠠᠶᠢᠴᠠᠭᠠᠬᠤ	байцаах	6
дөнгөж	ᠰᠠᠶ᠋ᠢ	сая	693
дөнгөж	ᠡᠬᠢᠯᠡᠵᠦ	эхэлж	82
дөнгөж	ᠲᠦᠷᠦᠭᠰᠡᠨ	төрсөн	79
дөрвөлжин	ᠰᠤᠮᠤ ᠶᠢᠨ	сумын	42
дөрвөлжин	ᠮᠧᠲ᠋ᠷ	метр	21
дөрвөлжин	ᠺᠮ	км	18
дөрвөн	ᠵᠢᠯ ᠦᠨ	жилийн	1004
дөрвөн	ᠵᠢᠯ	жил	699
дөрвөн	ᠵᠢᠯ ᠳᠦ	жилд	442
дөргөн	ᠰᠤᠮᠤ ᠶᠢᠨ	сумын	19
дөргөн	ᠲᠠᠶᠢᠰᠢᠷᠢ ᠶᠢᠨ	тайширын	6
дөрөв	ᠳ᠋ᠡᠬᠢ	дэх	1042
дөрөв	ᠨᠢ	нь	152
дөрөв	ᠲᠠᠪᠤᠨ	таван	149
дөрөвдүгээр	ᠰᠠᠷ᠎ᠠ ᠶᠢᠨ	сарын	2244
дөрөвдүгээр	ᠰᠠᠷ᠎ᠠ ᠳᠤ	сард	711
дөрөвдүгээр	ᠪᠠᠶᠢᠷᠢ	байр	116
дөрөвхөн	ᠨᠠᠰᠤᠲᠠᠢ	настай	35
дөрөвхөн	ᠵᠢᠯ ᠦᠨ	жилийн	27
дөрөвхөн	ᠰᠠᠷᠠ ᠲᠠᠢ	сартай	13
дөрөөн	ᠳᠡᠭᠡᠷ᠎ᠡ	дээр	50
дөт	ᠵᠠᠮ	зам	49
дөт	ᠵᠠᠮ ᠢᠶᠠᠷ	замаар	8
дөт	ᠪᠠᠶᠢᠳᠠᠯ ᠢ	байдлыг	7
дөхсөн	ᠡᠨᠡ	энэ	28
дөхсөн	ᠦᠶ᠎ᠡ ᠳᠦ	үед	13
дөхсөн	ᠴᠤ	ч	9
дөхөж	ᠪᠠᠶᠢᠨ᠎ᠠ	байна	61
дөхөж	ᠪᠠᠶᠢᠭ᠎ᠠ	байгаа	44
дөхөж	ᠪᠤᠢ	буй	21
дөхөм	ᠪᠣᠯᠬᠤ	болох	52
дөхөм	ᠪᠣᠯᠤᠨ᠎ᠠ	болно	35
дөхөм	ᠦᠵᠡᠭᠦᠯᠬᠦ	үзүүлэх	16
дөхөмтэй	ᠶᠠᠭᠤᠮ᠎ᠠ	юм	8
дөхөмтэй	ᠪᠣᠯᠤᠨ᠎ᠠ	болно	7
дөхөмтэй	ᠪᠠᠶᠢᠳᠠᠭ	байдаг	6
дөхөх	ᠲᠤᠰᠤᠮ	тусам	19
дөхөх	ᠬᠡᠳᠦᠢ	хэдий	7
дөхөх	ᠦᠶ᠎ᠡ ᠳᠦ	үед	6
дөхөөд	ᠢᠷᠡᠬᠦ ᠪᠡᠷ	ирэхээр	36
дөхөөд	ᠪᠠᠶᠢᠭ᠎ᠠ	байгаа	7
дөхөөд	ᠪᠠᠶᠢᠨ᠎ᠠ	байна	7
дөч	ᠭᠠᠷᠤᠢ	гаруй	19
дөч	ᠣᠷᠴᠢᠮ	орчим	7
дөч	ᠲᠠᠪᠢᠨ	тавин	6
дөчин	ᠨᠠᠶᠢᠮᠠᠳᠤᠭᠠᠷ	наймдугаар	33
дөчин	ᠶᠢᠰᠦᠳᠦᠭᠡᠷ	есдүгээр	15
дөчин	ᠵᠢᠯ ᠦᠨ	жилийн	11
дөө	ᠬᠥ	хө	11
дөө	ᠯᠠ	л	9
дөө	ᠣᠷᠣᠨ	орон	7
е	ᠶᠡ	е	20
е	ᠬᠡᠰᠡᠭ	хэсэг	14
е	ᠭᠠᠵᠠᠷᠴᠢᠨ	газарчин	13
европ	ᠲᠢᠪ ᠦᠨ	тивийн	106
европ	ᠷᠤ	руу	78
европ	ᠪᠣᠯᠤᠨ	болон	76
ер	ᠨᠢ	нь	9355
ер	ᠪᠤᠰᠤ ᠶᠢᠨ	бусын	354
ер	ᠥ	ө	46
ердийн	ᠦᠵᠡᠭᠳᠡᠯ	үзэгдэл	36
ердийн	ᠵᠢᠷᠤᠮ ᠢᠶᠠᠷ	журмаар	18
ердийн	ᠨᠢᠭᠡ	нэг	14
ердөө	ᠯᠠ	л	497
ердөө	ᠬᠣᠶᠠᠷ	хоёр	106
ердөө	ᠨᠢᠭᠡ	нэг	97
ертөнц	ᠳ᠋ᠡᠬᠢ	дэх	56
ертөнц	ᠳᠡᠭᠡᠷ᠎ᠡ	дээр	35
ертөнц	ᠷᠦᠦ	рүү	35
ертөнцийг	ᠦᠵᠡᠬᠦ	үзэх	41
ертөнцийг	ᠬᠠᠷᠠᠬᠤ	харах	18
ертөнцийг	ᠠᠰᠢᠭᠯᠠᠨ	ашиглан	7
ертөнцийн	ᠬᠠᠮᠤᠭ ᠤᠨ	хамгийн	58
ертөнцийн	ᠪᠠᠭᠤᠳᠠᠯ	буудал	37
ертөнцийн	ᠲᠤᠬᠠᠢ	тухай	24
ертөнцөд	ᠬᠥᠯ	хөл	40
ертөнцөд	ᠥᠪᠡᠷ ᠦᠨ	өөрийн	38
ертөнцөд	ᠰᠢᠨ᠎ᠡ	шинэ	20
ертөнцөөр	ᠠᠶᠠᠯᠬᠤ	аялах	15
ертөнцөөр	ᠳᠠᠮᠵᠢᠭᠤᠯᠤᠨ	дамжуулан	13
ертөнцөөр	ᠠᠶᠠᠯᠠᠭᠰᠠᠨ	аялсан	8
ерэн	ᠵᠢᠯ ᠦᠨ	жилийн	44
ерэн	ᠣᠨ ᠳᠤ	онд	11
ерэн	ᠣᠨ ᠤ	оны	11
ерээд	ᠣᠨ ᠤ	оны	65
ерээд	ᠣᠨ ᠳᠤ	онд	25
ерээд	ᠣᠨ ᠠᠴᠠ	оноос	17
ерөн	ᠬᠡᠢ	хий	274
ерөн	ᠢᠢ	ий	6
ерөнхий	ᠰᠠᠶᠢᠳ	сайд	9280
ерөнхий	ᠰᠠᠶᠢᠳ ᠤᠨ	сайдын	2415
ерөнхий	ᠨᠠᠷᠢᠨ	нарийн	2100
ерөнхийдөө	ᠡᠨᠡ	энэ	43
ерөнхийдөө	ᠪᠣᠯ	бол	36
ерөнхийдөө	ᠮᠠᠨ ᠤ	манай	30
ерөнхийлөгч	ᠴ	ц	3314
ерөнхийлөгч	ᠸ	в	557
ерөнхийлөгч	ᠨ	н	459
ерөө	ᠲᠤᠭᠤᠯ	туул	427
ерөө	ᠭᠣᠣᠯ ᠤᠨ	голын	187
ерөө	ᠭᠣᠣᠯ	гол	99
ерөөж	ᠪᠠᠶᠢᠨ᠎ᠠ	байна	26
ерөөл	ᠡᠷᠭᠦᠶ᠎ᠡ	өргөе	22
ерөөл	ᠳᠡᠪᠰᠢᠭᠦᠯᠦᠶ᠎ᠡ	дэвшүүлье	15
ерөөл	ᠮᠠᠭᠲᠠᠭᠠᠯ	магтаал	15
ерөөлт	ᠠ	а	25
ерөөс	ᠡᠨᠡ	энэ	13
ерөөс	ᠮᠣᠩᠭᠣᠯ	монгол	10
ерөөс	ᠬᠦᠮᠦᠨ ᠦ	хүний	6
ерөөсөө	ᠯᠠ	л	254
ерөөсөө	ᠪᠠᠶᠢᠬᠤ ᠦᠭᠡᠢ	байхгүй	60
ерөөсөө	ᠡᠨᠡ	энэ	22
ес	ᠳ᠋ᠡᠬᠢ	дэх	187
ес	ᠨᠢ	нь	60
ес	ᠳᠠᠪᠠᠨ	даван	40
есдүгээр	ᠰᠠᠷ᠎ᠠ ᠶᠢᠨ	сарын	2044
есдүгээр	ᠰᠠᠷ᠎ᠠ ᠳᠤ	сард	843
есдүгээр	ᠰᠠᠷ᠎ᠠ	сар	90
есийн	ᠳᠠᠪᠠᠭ᠎ᠠ	даваа	28
есийн	ᠬᠦᠢᠲᠡᠨᠳᠡ	хүйтэнд	8
есийн	ᠬᠦᠢᠲᠡᠨ	хүйтэн	5
есөн	ᠰᠠᠷ᠎ᠠ ᠶᠢᠨ	сарын	139
есөн	ᠵᠢᠯ ᠦᠨ	жилийн	109
есөн	ᠡᠷᠳᠡᠨᠢ ᠶᠢᠨ	эрдэнийн	89
еэ	ᠶᠡ	еэ	12
еэ	ᠬᠥ	хө	11
ж	ᠦ	ү	22
ж	ᠨᠢ	нь	20
ж	ᠦ᠋	үү	15
жаа	ᠬᠠᠨ	хан	23
жаа	ᠭᠦᠢ	гүй	5
жааз	ᠬᠥᠭᠵᠢᠮ ᠦᠨ	хөгжмийн	24
жааз	ᠳᠠᠭᠤᠴᠢᠨ	дуучин	23
жааз	ᠪᠡᠯ ᠳᠽ	блюз	13
жаал	ᠬᠡᠦ	хүү	15
жаал	ᠵᠤᠭ᠎ᠠ	зугаа	5
жаахан	ᠴᠤ	ч	132
жаахан	ᠬᠡᠦᠬᠡᠳ	хүүхэд	69
жаахан	ᠥᠬᠢᠨ	охин	56
жавар	ᠲᠠᠴᠢᠭᠢᠨᠠᠭᠰᠠᠨ	тачигнасан	7
жавхлан	ᠡᠬᠡ	эх	34
жавхлан	ᠲ	т	10
жавхлан	ᠨᠠᠷᠠ	нар	9
жавхлант	ᠡᠵᠡᠨ	эзэн	31
жавхлант	ᠰᠤᠮᠤ ᠶᠢᠨ	сумын	20
жавхлант	ᠳᠡᠪᠵᠢᠶ᠎ᠡ	дэвжээ	10
жагаа	ᠠᠬ᠎ᠠ	ах	9
жагаа	ᠪᠢᠳᠡ	бид	6
жагсаал	ᠴᠤᠭᠯᠠᠭᠠᠨ	цуглаан	222
жагсаал	ᠵᠣᠬᠢᠶᠠᠨ	зохион	133
жагсаал	ᠬᠢᠵᠦ	хийж	45
жагсаалд	ᠣᠷᠣᠯᠴᠠᠭᠰᠠᠨ	оролцсон	20
жагсаалд	ᠣᠷᠣᠯᠴᠠᠵᠤ	оролцож	14
жагсаалд	ᠤᠷᠤᠯᠴᠠᠬᠤ	оролцох	7
жагсах	ᠶᠠᠭᠤᠮ᠎ᠠ	юм	9
жагсах	ᠨᠢ	нь	8
жагсах	ᠪᠣᠯᠤᠭᠰᠠᠨ	болсон	6
жалга	ᠷᠤ	руу	10
жам	ᠶᠣᠰᠣᠨ ᠤ	ёсны	80
жам	ᠶᠠᠭᠤᠮ᠎ᠠ	юм	19
жам	ᠶᠣᠰᠣ	ёс	14
жамаар	ᠶᠠᠪᠤᠨ᠎ᠠ	явна	5
жан	ᠶᠠᠩ	ян	13
жан	ᠦᠦ	юү	10
жан	ᠮᠠᠷᠺ	марк	6
жанжин	ᠳ	д	26
жанжин	ᠱᠲ᠋ᠠᠪ	штаб	24
жанжин	ᠰᠦᠬᠡᠪᠠᠭᠠᠲᠤᠷ ᠤᠨ	сүхбаатарын	8
жар	ᠭᠠᠯ	гал	21
жар	ᠭᠠᠷᠤᠢ	гаруй	12
жар	ᠳᠠᠯᠠᠭᠠᠳ	далаад	9
жараахай	ᠨᠢ	нь	10
жаран	ᠵᠢᠯ ᠦᠨ	жилийн	9
жаран	ᠤᠬᠤᠨ᠎ᠠ	ухна	5
жаргаж	ᠪᠠᠶᠢᠭ᠎ᠠ	байгаа	14
жаргаж	ᠪᠠᠶᠢᠨ᠎ᠠ	байна	11
жаргаж	ᠪᠤᠢ	буй	8
жаргал	ᠵᠣᠪᠠᠯᠠᠩ	зовлон	63
жаргал	ᠵᠣᠪᠠᠯᠠᠩ ᠢ	зовлонг	42
жаргал	ᠭᠡᠵᠦ	гэж	39
жаргалаа	ᠪᠢ	би	5
жаргалаа	ᠬᠤᠪᠢᠶᠠᠯᠴᠠᠵᠤ	хуваалцаж	5
жаргалаар	ᠳᠦᠭᠦᠷᠡᠩ	дүүрэн	34
жаргалаар	ᠪᠢᠯᠬᠠᠵᠤ	бялхаж	5
жаргалан	ᠰᠤᠮᠤ ᠶᠢᠨ	сумын	16
жаргалант	ᠰᠤᠮᠤ ᠶᠢᠨ	сумын	78
жаргалант	ᠰᠤᠮᠤ	сум	10
жаргалант	ᠬᠠᠶᠢᠷᠬᠠᠨ	хайрхан	10
жаргалд	ᠬᠦᠷᠬᠦ	хүрэх	7
жаргалд	ᠪᠢ	би	6
жаргалтай	ᠪᠠᠶᠢᠨ᠎ᠠ	байна	48
жаргалтай	ᠪᠠᠶᠢᠭᠰᠠᠨ	байсан	44
жаргалтай	ᠪᠠᠶᠢᠳᠠᠭ	байдаг	36
жаргалыг	ᠮᠡᠳᠡᠷᠡᠴᠢ	мэдэрч	14
жаргалыг	ᠪᠢ	би	12
жаргалыг	ᠨᠢ	нь	10
жаргалын	ᠲᠥᠯᠥᠭᠡ	төлөө	16
жаргалын	ᠵᠠᠮ	зам	10
жаргалын	ᠰᠢᠪᠠᠭᠤᠬᠠᠢ	шувуухай	7
жаргана	ᠦᠰᠦ	үс	28
жаргана	ᠳ᠋ᠠ	даа	5
жаргасан	ᠬᠣᠶᠢᠨ᠎ᠠ	хойно	6
жаргах	ᠦᠶ᠎ᠡ ᠳᠦ	үед	8
жаргах	ᠴᠠᠭ	цаг	6
жаргах	ᠨᠢ	нь	5
жаяг	ᠶᠣᠰᠣ	ёс	7
жаяг	ᠨᠢ	нь	5
ждү	ᠡᠶᠢᠭ	ийг	79
ждү	ᠡᠶᠢᠨ	ийн	79
ждү	ᠡᠷᠬᠢᠯᠡᠭᠴᠢ	эрхлэгч	13
женев	ᠳ᠋ᠡᠬᠢ	дэх	44
женев	ᠬᠣᠲᠠᠳ	хотод	14
жив	ᠵᠢᠪ	жив	11
живж	ᠠᠮᠢ	амь	11
живж	ᠪᠠᠶᠢᠨ᠎ᠠ	байна	11
живж	ᠪᠠᠶᠢᠭ᠎ᠠ	байгаа	9
живсэн	ᠪᠠᠶᠢᠨ᠎ᠠ	байна	5
жиг	ᠳᠤᠮᠳᠠ	дунд	20
жиг	ᠴᠢᠨ	чин	7
жигд	ᠬᠥᠭᠵᠢᠭᠦᠯᠬᠦ	хөгжүүлэх	27
жигд	ᠰᠠᠶᠢᠨ	сайн	22
жигд	ᠬᠦᠷᠲᠡᠭᠡᠮᠵᠢᠲᠡᠢ	хүртээмжтэй	22
жигдэрсэн	ᠪᠠᠶᠢᠭᠰᠠᠨ	байсан	5
жигдэрч	ᠪᠠᠶᠢᠨ᠎ᠠ	байна	11
жигдэрч	ᠴᠢᠳᠠᠭ᠎ᠠ ᠦᠭᠡᠢ	чадаагүй	7
жигдэрч	ᠪᠠᠶᠢᠭ᠎ᠠ	байгаа	5
жигтэйхэн	ᠶᠡᠬᠡ	их	14
жигтэйхэн	ᠰᠠᠶᠢᠬᠠᠨ	сайхан	9
жигтэйхэн	ᠲᠣᠮᠣ	том	5
жигүүр	ᠨᠢ	нь	12
жигүүр	ᠳᠡᠯᠭᠡᠨ	дэлгэн	7
жигүүр	ᠬᠡᠦ ᠳᠦ	хүүд	6
жигүүрийг	ᠲᠡᠷᠢᠭᠦᠯᠡᠨ	тэргүүлэн	14
жигүүрийг	ᠮᠠᠩᠨᠠᠶᠢᠯᠠᠬᠤ	магнайлах	7
жигүүрийг	ᠮᠠᠩᠯᠠᠶᠢᠯᠠᠨ	манлайлан	6
жижиг	ᠳᠤᠮᠳᠠ	дунд	2337
жижиг	ᠠᠵᠤ	аж	87
жижиг	ᠪᠢᠽᠢᠨ᠋ᠧᠰ	бизнес	77
жижигхэн	ᠪᠡᠶ᠎ᠡ ᠲᠡᠢ	биетэй	23
жижигхэн	ᠴᠤ	ч	16
жижигхэн	ᠶᠠᠭᠤᠮ᠎ᠠ	юм	13
жижүүр	ᠨᠢ	нь	13
жижүүр	ᠡᠮᠴᠢ	эмч	12
жижүүр	ᠠᠵᠢᠯᠯᠠᠵᠤ	ажиллаж	9
жийп	ᠮᠠᠰᠢᠨ	машин	23
жийп	ᠪᠣᠯᠤᠨ	болон	6
жийп	ᠤᠨᠠᠵᠤ	унаж	6
жил	ᠪᠦᠷ	бүр	3076
жил	ᠪᠦᠷᠢ ᠶᠢᠨ	бүрийн	1371
жил	ᠪᠣᠯᠵᠤ	болж	795
жилд	ᠨᠢᠭᠡ	нэг	625
жилд	ᠰᠠᠶ᠋ᠢ	сая	434
жилд	ᠮᠢᠩᠭᠠᠨ	мянган	202
жилдээ	ᠵᠣᠬᠢᠶᠠᠨ	зохион	416
жилдээ	ᠰᠠᠶ᠋ᠢ	сая	225
жилдээ	ᠮᠢᠩᠭᠠᠨ	мянган	129
жилийг	ᠠᠷᠤ ᠳᠠᠭᠠᠨ	ардаа	77
жилийг	ᠨᠢ	нь	40
жилийг	ᠦᠳᠡᠭᠰᠡᠨ	үдсэн	31
жилийн	ᠡᠮᠦᠨ᠎ᠡ	өмнө	3336
жилийн	ᠬᠤᠭᠤᠴᠠᠭᠠᠨ ᠳᠤ	хугацаанд	3170
жилийн	ᠳᠠᠷᠠᠭ᠎ᠠ	дараа	2264
жилтэй	ᠲᠡᠩᠴᠡᠬᠦ	тэнцэх	7
жилтэй	ᠵᠣᠯᠭᠠᠵᠤ	золгож	6
жилтэй	ᠬᠠᠷᠢᠴᠠᠭᠤᠯᠪᠠᠯ	харьцуулбал	5
жилээ	ᠨᠥᠬᠥᠨ	нөхөн	15
жилээ	ᠦᠳᠡᠵᠦ	үдэж	12
жилээ	ᠤᠭᠲᠤᠵᠤ	угтаж	8
жилээр	ᠰᠤᠩᠭᠠᠬᠤ	сунгах	45
жилээр	ᠨᠢ	нь	39
жилээр	ᠬᠤᠷᠢᠬᠤ	хорих	17
жилээс	ᠵᠢᠯ ᠳᠦ	жилд	526
жилээс	ᠡᠬᠢᠯᠡᠨ	эхлэн	477
жилээс	ᠡᠬᠢᠯᠡᠭᠡᠳ	эхлээд	46
жилүүд	ᠪᠠᠶᠢᠯ᠎ᠠ	байлаа	22
жилүүд	ᠪᠠᠶᠢᠭᠰᠠᠨ	байсан	13
жилүүд	ᠮᠢᠨᠢ	минь	6
жилүүдийг	ᠪᠣᠳᠣᠪᠠᠯ	бодвол	20
жилүүдийг	ᠬᠠᠷᠠᠬᠤ ᠳᠤ	харахад	5
жилүүдийн	ᠠᠳᠠᠯᠢ	адил	11
жилүүдийн	ᠰᠲ᠋ᠠᠲ᠋ᠢᠰᠲ᠋ᠢᠺ	статистик	7
жилүүдийн	ᠰᠤᠷᠭᠠᠮᠵᠢ	сургамж	6
жилүүдэд	ᠮᠠᠨ ᠤ	манай	101
жилүүдэд	ᠮᠣᠩᠭᠣᠯ	монгол	95
жилүүдэд	ᠡᠷᠴᠢᠮᠲᠡᠢ	эрчимтэй	54
жилүүдээс	ᠢᠯᠡᠭᠦᠦ	илүү	16
жилүүдээс	ᠬᠠᠷᠢᠴᠠᠩᠭᠤᠢ	харьцангуй	14
жилүүдээс	ᠪᠠᠭ᠎ᠠ	бага	7
жим	ᠪᠠᠶᠢᠭᠰᠠᠨ	байсан	15
жим	ᠪᠣᠯᠤᠭᠰᠠᠨ	болсон	14
жим	ᠪᠠᠶᠢᠨ᠎ᠠ	байна	5
жимс	ᠵᠢᠮᠢᠰᠬᠡᠨ᠎ᠡ	жимсгэнэ	150
жимс	ᠨᠣᠭᠣᠭ᠎ᠠ	ногоо	72
жимс	ᠬᠦᠨᠡᠰᠦᠨ ᠦ	хүнсний	40
жимсгэнэ	ᠬᠦᠨᠡᠰᠦᠨ ᠦ	хүнсний	8
жимсгэнэ	ᠲᠤᠰ	тус	7
жимсгэнэ	ᠲᠠᠷᠢᠶᠠᠯᠠᠬᠤ	тариалах	5
жин	ᠲᠤᠰ	тус	123
жин	ᠨᠢ	нь	90
жин	ᠪᠣᠯᠬᠤ	болох	49
жингийн	ᠰᠢᠯᠢᠳᠡᠭ	шилдэг	43
жингийн	ᠳᠡᠯᠡᠬᠡᠢ ᠶᠢᠨ	дэлхийн	41
жингийн	ᠬᠤᠪᠢ ᠳᠤ	хувьд	30
жинд	ᠪᠥᠬᠡ	бөх	356
жинд	ᠣᠯᠠᠨ	олон	181
жинд	ᠪ	б	154
жинтэй	ᠬᠤᠪᠢ	хувь	59
жинтэй	ᠪᠠᠶᠢᠳᠠᠭ	байдаг	27
жинтэй	ᠪᠠᠶᠢᠬᠤ	байх	26
жинхэнэ	ᠤᠳᠬ᠎ᠠ ᠪᠠᠷ ᠢᠶᠠᠨ	утгаараа	229
жинхэнэ	ᠤᠳᠬ᠎ᠠ ᠪᠠᠷ	утгаар	203
жинхэнэ	ᠠᠯᠪᠠᠨ	албан	127
жиргэж	ᠪᠠᠶᠢᠭ᠎ᠠ	байгаа	9
жиргэж	ᠪᠠᠶᠢᠨ᠎ᠠ	байна	5
жиргэж	ᠪᠠᠶᠢᠭᠰᠠᠨ	байсан	5
жиргэсэн	ᠪᠠᠶᠢᠨ᠎ᠠ	байна	24
жиргэсэн	ᠪᠠᠶᠢᠭᠰᠠᠨ	байсан	14
жиргэсэн	ᠨᠢ	нь	13
жиргээ	ᠨᠢ	нь	6
жирийн	ᠢᠷᠭᠡᠳ	иргэд	159
жирийн	ᠨᠢᠭᠡ	нэг	99
жирийн	ᠯᠠ	л	93
жирэмсэн	ᠡᠬᠡᠴᠦᠳ	эхчүүд	68
жирэмсэн	ᠡᠮᠡᠭᠲᠡᠢ	эмэгтэй	36
жирэмсэн	ᠡᠬᠡ	эх	34
жич	ᠵᠠᠷᠯᠠᠨ᠎ᠠ	зарлана	6
жишиг	ᠦᠨ᠎ᠡ	үнэ	44
жишиг	ᠪᠤᠢ	бий	37
жишиг	ᠪᠠᠶᠢᠳᠠᠭ	байдаг	30
жишээ	ᠨᠢ	нь	2726
жишээ	ᠪᠣᠯ	бол	169
жишээ	ᠡᠨᠡ	энэ	102
жишээлбэл	ᠣᠨ ᠤ	оны	21
жишээлбэл	ᠣᠨ ᠳᠤ	онд	20
жишээлбэл	ᠨᠢᠭᠡ	нэг	19
жо	ᠮᠢᠩ	мин	5
жолоо	ᠪᠠᠷᠢᠬᠤ	барих	38
жолоо	ᠪᠠᠷᠢᠵᠤ	барьж	38
жолоо	ᠵᠠᠯᠠᠬᠤ	залах	22
жолоог	ᠨᠢ	нь	6
жолооч	ᠨᠠᠷᠠ	нар	186
жолооч	ᠨᠠᠷ ᠤᠨ	нарын	93
жолооч	ᠨᠢ	нь	87
жон	ᠰᠣ	со	5
жонш	ᠭᠡᠳ	гээд	5
жоохон	ᠴᠤ	ч	8
жор	ᠪᠠᠷᠢᠭᠴᠢ	баригч	20
жор	ᠨᠢ	нь	10
жор	ᠪᠢᠴᠢᠵᠦ	бичиж	7
жорлон	ᠷᠤ	руу	7
жорлон	ᠪᠣᠯᠵᠤ	болж	5
жороо	ᠮᠣᠷᠢᠨ ᠤ	морины	12
жудаг	ᠭᠡᠵᠦ	гэж	7
журам	ᠨᠢ	нь	131
журам	ᠪᠠᠲᠤᠯᠠᠬᠤ	батлах	96
журам	ᠬᠠᠮᠠᠭᠠᠯᠠᠬᠤ	хамгаалах	77
журамтай	ᠪᠠᠶᠢᠳᠠᠭ	байдаг	12
журамтай	ᠶᠠᠭᠤᠮ᠎ᠠ	юм	11
журамтай	ᠪᠣᠯᠤᠭᠰᠠᠨ	болсон	9
журмаар	ᠬᠢᠨᠠᠨ	хянан	66
журмаар	ᠵᠡᠭᠡᠯᠢ	зээл	29
журмаар	ᠵᠣᠬᠢᠴᠠᠭᠤᠯᠵᠤ	зохицуулж	28
журмыг	ᠵᠠᠰᠠᠭ ᠤᠨ	засгийн	65
журмыг	ᠰᠢᠨᠡᠴᠢᠯᠡᠨ	шинэчлэн	47
журмыг	ᠵᠥᠷᠢᠴᠡᠭᠰᠡᠨ	зөрчсөн	42
журмын	ᠳᠠᠭᠠᠤ	дагуу	838
журмын	ᠲᠤᠬᠠᠢ	тухай	635
журмын	ᠡᠰᠡᠷᠡᠭ	эсрэг	103
жуулчин	ᠬᠦᠯᠢᠶᠡᠨ	хүлээн	23
жуулчин	ᠬᠦᠯᠢᠶᠡᠵᠦ	хүлээж	22
жуулчин	ᠢᠷᠡᠳᠡᠭ	ирдэг	6
жуулчлал	ᠵᠡᠷᠭᠡ	зэрэг	20
жуулчлал	ᠬᠥᠭᠵᠢᠭᠦᠯᠬᠦ	хөгжүүлэх	18
жуулчлал	ᠭᠠᠳᠠᠭᠠᠳᠤ	гадаад	16
жуух	ᠪᠢᠴᠢᠭ	бичиг	59
жүжгийн	ᠭᠣᠣᠯ	гол	136
жүжгийн	ᠲᠥᠷᠥᠯ	төрөл	83
жүжгийн	ᠵᠣᠬᠢᠶᠠᠯ	зохиол	65
жүжиг	ᠨᠢ	нь	78
жүжиг	ᠨᠳ	нд	64
жүжиг	ᠡᠨᠡ	энэ	36
жүжиглэх	ᠤᠷ᠎ᠠ	ур	6
жүжигчин	ᠪ	б	428
жүжигчин	ᠳ	д	395
жүжигчин	ᠭ	г	285
з	ᠪ	б	264
з	ᠦ	ү	101
з	ᠳ	д	100
за	ᠲᠡᠭᠡᠭᠡᠳ	тэгээд	194
за	ᠡᠨᠡ	энэ	72
за	ᠶᠠᠬᠤᠪ	яахав	66
заа	ᠰᠠᠩ	сан	32
заа	ᠸᠠᠷ	вар	9
заа	ᠨ ᠤ	ны	7
заавал	ᠪᠠᠶᠢᠬᠤ	байх	86
заавал	ᠨᠢᠭᠡ	нэг	61
заавал	ᠬᠡᠪᠰᠢᠭᠦᠯᠬᠦ	хэвшүүлэх	54
заавар	ᠵᠥᠪᠯᠡᠭᠡ	зөвлөгөө	55
заавар	ᠵᠥᠪᠯᠡᠮᠵᠢ	зөвлөмж	19
заавар	ᠴᠢᠭᠯᠡᠯ	чиглэл	11
зааг	ᠳᠡᠭᠡᠷ᠎ᠡ	дээр	55
зааг	ᠢᠯᠭᠠᠭ᠎ᠠ ᠶᠢ	ялгааг	30
зааг	ᠢᠯᠭᠠᠭ᠎ᠠ	ялгаа	19
заагаад	ᠥᠭᠴᠢᠬᠡᠭᠰᠡᠨ	өгчихсөн	64
заагаад	ᠪᠠᠶᠢᠭ᠎ᠠ	байгаа	28
заагаад	ᠪᠠᠶᠢᠨ᠎ᠠ	байна	21
заагт	ᠤᠷᠤᠰᠢᠬᠤ	орших	6
заагт	ᠥᠭᠡᠷᠡᠴᠢᠯᠡᠯᠲᠡ	өөрчлөлт	6
заагт	ᠣᠷᠣᠰᠢᠳᠠᠭ	оршдог	5
заадаг	ᠪᠠᠶᠢᠭᠰᠠᠨ	байсан	33
заадаг	ᠶᠠᠭᠤᠮ᠎ᠠ	юм	19
заадаг	ᠪᠠᠶᠢᠨ᠎ᠠ	байна	15
зааж	ᠥᠭᠭᠦᠭᠰᠡᠨ	өгсөн	323
зааж	ᠪᠠᠶᠢᠭ᠎ᠠ	байгаа	106
зааж	ᠥᠭᠴᠦ	өгч	90
заалгаж	ᠪᠠᠶᠢᠭᠰᠠᠨ	байсан	13
заалгаж	ᠪᠠᠶᠢᠯ᠎ᠠ	байлаа	9
заалгаж	ᠪᠠᠶᠢᠭ᠎ᠠ	байгаа	6
заалдах	ᠱᠠᠲᠤᠨ ᠤ	шатны	1477
заалдах	ᠭᠣᠮᠣᠳᠠᠯ	гомдол	34
заалдах	ᠪᠣᠯᠤᠨ	болон	25
заалт	ᠨᠢ	нь	239
заалт	ᠪᠤᠢ	бий	227
заалт	ᠦᠨᠳᠦᠰᠦᠨ	үндсэн	169
заан	ᠪ	б	289
заан	ᠴᠤ	ч	271
заан	ᠳ	д	223
заана	ᠭᠡᠵᠦ	гэж	16
заана	ᠭᠡᠳᠡᠭ	гэдэг	13
заасан	ᠪᠠᠶᠢᠳᠠᠭ	байдаг	649
заасан	ᠪᠠᠶᠢᠨ᠎ᠠ	байна	223
заасан	ᠪᠠᠶᠢᠭ᠎ᠠ	байгаа	182
заах	ᠠᠷᠭ᠎ᠠ	арга	153
заах	ᠶᠠᠭᠤᠮ᠎ᠠ	юм	46
заах	ᠨᠢ	нь	30
зав	ᠭᠠᠷᠭᠠᠨ	гарган	111
зав	ᠭᠠᠷᠭᠠᠵᠤ	гаргаж	63
зав	ᠮᠠᠭᠤ ᠲᠠᠢ	муутай	42
заваан	ᠶᠠᠭᠤᠮ᠎ᠠ	юм	13
завгүй	ᠪᠠᠶᠢᠭ᠎ᠠ	байгаа	51
завгүй	ᠪᠠᠶᠢᠨ᠎ᠠ	байна	45
завгүй	ᠠᠵᠢᠯᠯᠠᠵᠤ	ажиллаж	39
завдсан	ᠭᠡᠬᠦ	гэх	36
завдсан	ᠬᠡᠷᠡᠭ	хэрэг	27
завдсан	ᠪᠠᠶᠢᠨ᠎ᠠ	байна	20
завсар	ᠵᠠᠢ ᠪᠠᠷ	зайгаар	9
завсар	ᠵᠠᠢ ᠦᠭᠡᠢ	зайгүй	9
завсар	ᠨᠢ	нь	8
завсаргүй	ᠲᠦᠷᠦᠭᠦᠯᠡᠭᠰᠡᠨ	түрүүлсэн	5
завсарлага	ᠠᠪᠤᠭᠰᠠᠨ	авсан	237
завсарлага	ᠠᠪᠬᠤ	авах	130
завсарлага	ᠠᠪᠴᠤ	авч	124
завсарлах	ᠭᠡᠵᠦ	гэж	8
завсарлах	ᠶᠣᠰᠣᠲᠠᠢ	ёстой	8
завсарлуулах	ᠶᠣᠰᠣᠲᠠᠢ	ёстой	7
завсраар	ᠨᠢ	нь	8
завсрын	ᠦᠶ᠎ᠡ ᠳᠦ	үед	5
завсрын	ᠥᠩᠭᠡ	өнгө	5
завтай	ᠦᠶᠡᠳᠡᠭᠡ	үедээ	10
завхан	ᠠᠶᠢᠮᠠᠭ ᠤᠨ	аймгийн	662
завхан	ᠭᠣᠪᠢ	говь	165
завхан	ᠠᠶᠢᠮᠠᠭ	аймаг	112
завшаан	ᠲᠣᠬᠢᠶᠠᠭᠰᠠᠨ	тохиосон	19
завшаан	ᠶᠠᠭᠤᠮ᠎ᠠ	юм	16
завшаан	ᠭᠡᠵᠦ	гэж	14
завших	ᠪᠣᠯᠤᠮᠵᠢ	боломж	10
завших	ᠪᠣᠯᠤᠮᠵᠢ ᠶᠢ	боломжийг	6
завших	ᠦᠷᠡᠭᠳᠡᠭᠦᠯᠬᠦ	үрэгдүүлэх	6
завь	ᠰᠢᠭ	шиг	8
заг	ᠬᠦᠢᠲᠡᠨ	хүйтэн	20
заг	ᠰᠡᠭᠦᠵᠢ	сүүж	6
загал	ᠢᠯᠴᠢᠲᠦ	илчит	17
загал	ᠮᠣᠷᠢ	морь	5
загалмай	ᠨᠡᠶᠢᠭᠡᠮᠯᠢᠭ	нийгэмлэг	20
загалмай	ᠤᠯᠠᠭᠠᠨ	улаан	9
загалмайлсан	ᠡᠴᠢᠭᠡ	эцэг	82
загалмайлсан	ᠡᠬᠡ	эх	9
загас	ᠵᠢᠷᠠᠭᠠᠬᠠᠢ	жараахай	26
загас	ᠪᠠᠷᠢᠵᠤ	барьж	21
загас	ᠨᠢ	нь	21
загасны	ᠠᠵᠤ	аж	30
загасны	ᠮᠢᠬ᠎ᠠ	мах	18
загасны	ᠲᠣᠰ	тос	8
загатнах	ᠨᠢ	нь	14
загвар	ᠨᠢ	нь	253
загвар	ᠡᠮᠦᠰᠦᠭᠴᠢ	өмсөгч	251
загвар	ᠵᠣᠬᠢᠶᠠᠨ	зохион	205
загнаад	ᠯᠠ	л	14
загнаад	ᠪᠠᠶᠢᠬᠤ ᠪᠠᠷ	байхаар	6
загнаад	ᠪᠠᠶᠢᠭᠰᠠᠨ	байсан	5
загнаж	ᠪᠠᠶᠢᠭᠰᠠᠨ	байсан	8
загнаж	ᠪᠠᠶᠢᠭ᠎ᠠ	байгаа	6
загнаж	ᠪᠠᠶᠢᠭᠠᠳ	байгаад	6
задалж	ᠦᠵᠡᠪᠡᠯ	үзвэл	10
задалж	ᠪᠠᠶᠢᠨ᠎ᠠ	байна	9
задалж	ᠦᠵᠡᠬᠦ ᠳᠦ	үзэхэд	6
задгай	ᠲᠠᠯᠠᠪᠠᠢ ᠳᠤ	талбайд	97
задгай	ᠰᠠᠨᠰᠠᠷ ᠲᠤ	сансарт	32
задгай	ᠬᠣᠭ	хог	26
задлан	ᠰᠢᠨᠵᠢᠯᠡᠭᠡ	шинжилгээ	56
задлан	ᠰᠢᠨᠵᠢᠯᠡᠭᠰᠡᠨ	шинжилсэн	8
задлан	ᠬᠢᠭᠰᠡᠨ	хийсэн	6
задлах	ᠬᠡᠷᠡᠭᠲᠡᠢ	хэрэгтэй	10
задлах	ᠨᠢ	нь	9
задлах	ᠶᠣᠰᠣᠲᠠᠢ	ёстой	7
задрах	ᠨᠢ	нь	6
задрах	ᠲᠣᠬᠢᠶᠠᠯᠳᠤᠯ	тохиолдол	5
зай	ᠲᠠᠯᠠᠪᠠᠢ	талбай	63
зай	ᠨᠢ	нь	52
зай	ᠴᠠᠭ	цаг	40
зайг	ᠨᠥᠬᠥᠬᠥ	нөхөх	23
зайг	ᠪᠤᠢ	бий	20
зайг	ᠨᠢ	нь	18
зайгаа	ᠲᠠᠯᠪᠢᠵᠤ	тавьж	43
зайгаа	ᠪᠤᠢ	бий	13
зайгаа	ᠡᠵᠡᠯᠡᠵᠦ	эзэлж	10
зайгаар	ᠠᠵᠢᠯᠯᠠᠳᠠᠭ	ажилладаг	7
зайгаар	ᠨᠢ	нь	7
зайгүй	ᠪᠣᠯᠤᠭᠰᠠᠨ	болсон	9
зайгүй	ᠰᠢᠬᠠᠮ	шахам	6
зайгүй	ᠨᠠᠶᠢᠵᠠ ᠨᠤᠭᠤᠳ	найзууд	5
зайд	ᠤᠷᠤᠰᠢᠬᠤ	орших	75
зайд	ᠣᠷᠣᠰᠢᠳᠠᠭ	оршдог	33
зайд	ᠪᠠᠶᠢᠷᠢᠯᠠᠬᠤ	байрлах	31
зайдуу	ᠭᠠᠵᠠᠷ ᠲᠤ	газарт	5
зайдуу	ᠣᠷᠣᠨ	орон	5
зайлах	ᠪᠣᠯᠤᠮᠵᠢ ᠦᠭᠡᠢ	боломжгүй	5
зайлах	ᠭᠠᠷ ᠢᠶᠠᠨ	гараа	5
зайлах	ᠬᠡᠷᠡᠭᠲᠡᠢ	хэрэгтэй	5
зайлж	ᠪᠣᠯᠵᠣᠰᠢ ᠦᠭᠡᠢ	болзошгүй	19
зайлж	ᠬᠡᠷᠡᠭᠯᠡᠬᠦ	хэрэглэх	11
зайлж	ᠤᠯᠤᠰ ᠤᠨ	улсын	5
зайлсхийх	ᠬᠡᠷᠡᠭᠲᠡᠢ	хэрэгтэй	30
зайлсхийх	ᠨᠢ	нь	17
зайлсхийх	ᠠᠷᠭ᠎ᠠ	арга	11
зайлуул	ᠬᠥᠭᠡᠷᠦᠬᠦᠢ	хөөрхий	8
зайлуулах	ᠱᠤᠭᠤᠮ	шугам	23
зайлуулах	ᠭᠡᠰᠡᠨ	гэсэн	13
зайлуулах	ᠬᠡᠷᠡᠭᠲᠡᠢ	хэрэгтэй	11
зайнаас	ᠦᠯᠦ	үл	17
зайнаас	ᠤᠳᠠᠭ᠎ᠠ	удаа	10
зайнаас	ᠲᠠᠩᠳᠠᠨ	тандан	7
зайнд	ᠪᠠᠶᠢᠭ᠎ᠠ	байгаа	5
зайнд	ᠨᠢ	нь	5
зайсан	ᠳᠠᠬᠢ	дахь	50
зайсан	ᠲᠣᠯᠣᠭᠠᠢ ᠶᠢᠨ	толгойн	19
зайсан	ᠲᠣᠯᠣᠭᠠᠢ	толгой	17
зайтай	ᠣᠷᠣᠰᠢᠳᠠᠭ	оршдог	19
зайтай	ᠤᠷᠤᠰᠢᠬᠤ	орших	17
зайтай	ᠪᠠᠶᠢᠳᠠᠭ	байдаг	13
залаа	ᠤᠤᠯ	уул	7
залах	ᠶᠣᠰᠣᠯᠠᠯ	ёслол	22
залах	ᠶᠠᠭᠤᠮ᠎ᠠ	юм	10
залах	ᠨᠢ	нь	6
залбирдаг	ᠪᠠᠶᠢᠭᠰᠠᠨ	байсан	10
залбирдаг	ᠶᠠᠭᠤᠮ᠎ᠠ	юм	5
залбирч	ᠪᠠᠶᠢᠨ᠎ᠠ	байна	19
залбирч	ᠪᠠᠶᠢᠭᠰᠠᠨ	байсан	9
залбирч	ᠶᠠᠪᠤᠳᠠᠭ	явдаг	8
залгаа	ᠣᠷᠣᠰᠢᠳᠠᠭ	оршдог	18
залгаа	ᠣᠷᠣᠰᠢᠵᠤ	оршиж	8
залгаа	ᠤᠷᠤᠰᠢᠬᠤ	орших	8
залгаад	ᠯᠠ	л	5
залгаж	ᠪᠠᠶᠢᠭ᠎ᠠ	байгаа	8
залгаж	ᠪᠠᠶᠢᠨ᠎ᠠ	байна	7
залгаж	ᠶᠠᠪᠤᠭ᠎ᠠ	яваа	5
залгамж	ᠬᠠᠯᠠᠭ᠎ᠠ	халаа	112
залгамж	ᠴᠢᠨᠠᠷ	чанар	69
залгамж	ᠴᠢᠨᠠᠷ ᠢ	чанарыг	33
залгамжлагч	ᠨᠢ	нь	5
залгамжлах	ᠪᠤᠢ	вэ	6
залган	ᠣᠷᠣᠰᠢᠳᠠᠭ	оршдог	13
залган	ᠰᠠᠭᠤᠭ᠎ᠠ	суугаа	5
залгасан	ᠴᠤ	ч	7
залгих	ᠨᠢ	нь	6
залгуулж	ᠪᠠᠶᠢᠭ᠎ᠠ	байгаа	16
залгуулж	ᠪᠠᠶᠢᠨ᠎ᠠ	байна	14
залгуулж	ᠪᠤᠢ	буй	8
залж	ᠠᠪᠴᠢᠷᠠᠭᠰᠠᠨ	авчирсан	7
залж	ᠪᠠᠶᠢᠨ᠎ᠠ	байна	6
залруулах	ᠵᠦᠢᠯ	зүйл	20
залруулах	ᠶᠣᠰᠣᠲᠠᠢ	ёстой	18
залруулах	ᠨᠢ	нь	15
залсан	ᠪᠠᠶᠢᠨ᠎ᠠ	байна	6
залсан	ᠴᠤ	ч	5
залсан	ᠦᠨᠳᠦᠰᠦᠨ	үндсэн	5
залуу	ᠤᠷᠠᠨ	уран	522
залуу	ᠬᠦᠮᠦᠨ	хүн	303
залуу	ᠭᠡᠷ	гэр	206
залууг	ᠵᠣᠳᠣᠭᠰᠠᠨ	зодсон	5
залууг	ᠨᠢ	нь	5
залууг	ᠲᠤᠰ	тус	5
залуугийн	ᠲᠤᠬᠠᠢ	тухай	14
залуугийн	ᠠᠮᠢᠨ ᠳᠤ	аминд	11
залуугийн	ᠳᠦᠷᠢ ᠳᠦ	дүрд	11
залуудаа	ᠵᠣᠳᠣᠭᠤᠯᠵᠤ	зодуулж	9
залуудаа	ᠬᠦᠷᠲᠡᠭᠰᠡᠨ	хүртсэн	5
залуус	ᠮᠠᠨᠢ	маань	105
залуус	ᠨᠢ	нь	71
залуус	ᠴᠤ	ч	53
залуусаа	ᠳᠡᠮᠵᠢᠬᠦ	дэмжих	10
залуусаа	ᠳᠡᠮᠵᠢᠵᠦ	дэмжиж	6
залууст	ᠵᠣᠷᠢᠭᠤᠯᠤᠭᠰᠠᠨ	зориулсан	52
залууст	ᠵᠣᠷᠢᠭᠤᠯᠤᠨ	зориулан	35
залууст	ᠬᠠᠨᠳᠤᠵᠤ	хандаж	17
залуустай	ᠬᠠᠮᠲᠤ	хамт	14
залуустай	ᠠᠭᠤᠯᠵᠠᠵᠤ	уулзаж	10
залуустай	ᠬᠠᠮᠲᠤᠷᠠᠨ	хамтран	7
залуусыг	ᠪᠠᠶᠢᠯᠳᠤᠨ	байлдан	51
залуусыг	ᠳᠣᠷᠭᠢᠶᠠᠬᠤ	доргиох	18
залуусыг	ᠳᠡᠮᠵᠢᠬᠦ	дэмжих	17
залуусын	ᠳᠤᠮᠳᠠ	дунд	105
залуусын	ᠬᠤᠪᠢ ᠳᠤ	хувьд	61
залуусын	ᠲᠣᠭ᠎ᠠ	тоо	44
залуутай	ᠬᠠᠮᠲᠤ	хамт	7
залуухан	ᠪᠦᠰᠡᠭᠦᠢ	бүсгүй	12
залуухан	ᠪᠠᠭᠰᠢ	багш	9
залуухан	ᠨᠠᠰᠤᠲᠠᠢ	настай	9
залуучууд	ᠮᠠᠨᠢ	маань	77
залуучууд	ᠨᠠᠰᠤᠨ ᠳᠤ	насанд	65
залуучууд	ᠨᠢ	нь	45
залуучуудаа	ᠳᠡᠮᠵᠢᠬᠦ	дэмжих	13
залуучуудыг	ᠳᠡᠮᠵᠢᠬᠦ	дэмжих	22
залуучуудыг	ᠬᠥᠭᠵᠢᠭᠦᠯᠬᠦ	хөгжүүлэх	8
залуучуудыг	ᠪᠠᠶᠢᠯᠳᠤᠨ	байлдан	5
залуучуудын	ᠳᠡᠯᠡᠬᠡᠢ ᠶᠢᠨ	дэлхийн	277
залуучуудын	ᠬᠣᠯᠪᠣᠭ᠎ᠠ	холбоо	256
залуучуудын	ᠠᠪᠤᠷᠭᠤ	аварга	221
залхаж	ᠪᠠᠶᠢᠨ᠎ᠠ	байна	37
залхаж	ᠪᠠᠶᠢᠭ᠎ᠠ	байгаа	6
залхуу	ᠬᠦᠮᠦᠨ	хүн	7
залхуу	ᠬᠦᠷ᠎ᠡ ᠳᠦ	хүрээд	5
заль	ᠮᠡᠬᠡ	мэх	15
заль	ᠬᠡᠷᠡᠭᠯᠡᠵᠦ	хэрэглэж	7
зам	ᠲᠡᠭᠡᠭᠡᠪᠦᠷᠢ ᠶᠢᠨ	тээврийн	1957
зам	ᠪᠠᠷᠢᠬᠤ	барих	501
зам	ᠲᠡᠭᠡᠭᠡᠪᠦᠷᠢ	тээвэр	442
замаа	ᠲᠠᠯᠪᠢᠵᠤ	тавьж	27
замаа	ᠪᠠᠷᠢᠬᠤ	барих	25
замаа	ᠬᠠᠮᠲᠤ ᠳᠤ ᠪᠠᠨ	хамтдаа	25
замаар	ᠬᠤᠯᠪᠤᠬᠤ	холбох	90
замаар	ᠶᠠᠪᠤᠵᠤ	явж	79
замаар	ᠳᠠᠮᠵᠢᠬᠤ	дамжих	78
замаараа	ᠯᠠ	л	7
замаараа	ᠶᠠᠪᠤᠵᠤ	явж	6
замаараа	ᠰᠤᠷᠠᠭᠰᠠᠨ	сурсан	5
замаас	ᠨᠢ	нь	34
замаас	ᠭᠠᠷᠴᠤ	гарч	14
замаас	ᠪᠠᠷᠠᠭᠤᠨ	баруун	10
замаасаа	ᠵᠠᠶᠢᠯᠠᠭᠤᠯᠬᠤ	зайлуулах	9
замбараагүй	ᠪᠠᠶᠢᠳᠠᠯ	байдал	111
замбараагүй	ᠪᠠᠶᠢᠳᠠᠯ ᠢ	байдлыг	40
замбараагүй	ᠣᠯᠠᠨ	олон	14
замгүй	ᠪᠣᠯᠤᠭᠰᠠᠨ	болсон	10
замгүй	ᠤᠴᠢᠷ ᠠᠴᠠ	учраас	7
замгүй	ᠮᠣᠩᠭᠣᠯ ᠤᠨ	монголын	5
замд	ᠨᠢ	нь	80
замд	ᠭᠠᠷᠬᠤ	гарах	21
замд	ᠭᠠᠷᠬᠤ ᠳᠤ ᠪᠠᠨ	гарахдаа	21
замдаа	ᠭᠠᠷᠤᠯ᠎ᠠ	гарлаа	13
замдаа	ᠣᠷᠣᠭᠰᠠᠨ	орсон	11
замдаа	ᠭᠠᠷᠤᠭᠰᠠᠨ	гарсан	9
замнал	ᠨᠢ	нь	23
замтай	ᠪᠣᠯᠬᠤ	болох	53
замтай	ᠪᠣᠯᠤᠨ᠎ᠠ	болно	23
замтай	ᠬᠣᠯᠪᠣᠭᠠᠲᠠᠢ	холбоотой	17
замууд	ᠳᠡᠭᠡᠷ᠎ᠡ	дээр	14
замууд	ᠨᠢ	нь	11
замууд	ᠪᠠᠶᠢᠭ᠎ᠠ	байгаа	7
замыг	ᠨᠢ	нь	101
замыг	ᠪᠠᠷᠢᠬᠤ	барих	75
замыг	ᠰᠣᠩᠭᠣᠭᠰᠠᠨ	сонгосон	63
замын	ᠡᠭᠦᠳᠡ	үүд	666
замын	ᠬᠥᠳᠡᠯᠭᠡᠭᠡᠨ ᠦ	хөдөлгөөний	471
замын	ᠲᠡᠭᠡᠭᠡᠪᠦᠷᠢ ᠶᠢᠨ	тээврийн	370
замынхаа	ᠠᠰᠠᠭᠤᠳᠠᠯ ᠢ	асуудлыг	9
замынхаа	ᠠᠵᠢᠯ ᠢ	ажлыг	5
зан	ᠦᠢᠯᠡ	үйл	191
зан	ᠵᠠᠩᠰᠢᠯ	заншил	145
зан	ᠴᠢᠨᠠᠷ	чанар	137
занал	ᠤᠴᠠᠷᠠᠭᠤᠯᠬᠤ	учруулах	7
занал	ᠤᠴᠠᠷᠠᠭᠤᠯᠵᠤ	учруулж	7
занар	ᠪᠣᠯᠤᠨ	болон	14
занар	ᠨᠢ	нь	7
занг	ᠨᠢ	нь	12
зангаа	ᠬᠤᠪᠢᠷᠠᠭᠠᠵᠤ	хувиргаж	8
зангиа	ᠵᠡᠭᠦᠭᠰᠡᠨ	зүүсэн	7
зангиа	ᠵᠡᠭᠦᠵᠦ	зүүж	5
зангидах	ᠤᠴᠢᠷᠲᠠᠢ	учиртай	5
зангидах	ᠶᠣᠰᠣᠲᠠᠢ	ёстой	5
зангилаа	ᠨᠢ	нь	26
зангилаа	ᠪᠣᠯᠤᠭᠰᠠᠨ	болсон	11
зангилаа	ᠭᠡᠵᠦ	гэж	5
зандан	ᠮᠣᠳᠣ	мод	5
зандан	ᠰᠢᠷᠡᠭᠡ	ширээ	5
зантай	ᠬᠦᠮᠦᠨ	хүн	10
зантай	ᠭᠡᠵᠦ	гэж	6
зантай	ᠪᠠᠶᠢᠭᠰᠠᠨ	байсан	5
заншил	ᠥᠪ	өв	26
заншил	ᠰᠤᠶᠤᠯ	соёл	18
заншил	ᠶᠣᠰᠣᠭᠠᠷ	ёсоор	11
занших	ᠬᠡᠷᠡᠭᠲᠡᠢ	хэрэгтэй	21
занших	ᠨᠢ	нь	9
занших	ᠶᠣᠰᠣᠲᠠᠢ	ёстой	7
заншлыг	ᠬᠠᠷᠠᠭᠤᠯᠤᠭᠰᠠᠨ	харуулсан	7
зар	ᠰᠤᠷᠲᠠᠯᠴᠢᠯᠠᠭ᠎ᠠ	сурталчилгаа	168
зар	ᠳᠠᠯ	дал	30
зар	ᠠᠪᠬᠤ	авах	28
зараад	ᠪᠠᠶᠢᠭ᠎ᠠ	байгаа	19
зараад	ᠮᠥᠩᠭᠥ	мөнгө	15
зараад	ᠪᠠᠶᠢᠨ᠎ᠠ	байна	14
зарагдах	ᠶᠠᠭᠤᠮ᠎ᠠ	юм	7
зарагдах	ᠶᠣᠰᠣᠲᠠᠢ	ёстой	7
зарагдах	ᠭᠡᠵᠦ	гэж	6
зарагдсан	ᠪᠠᠶᠢᠨ᠎ᠠ	байна	27
зарагдсан	ᠨᠢ	нь	13
зарагдсан	ᠶᠠᠭᠤᠮ᠎ᠠ	юм	6
зарах	ᠭᠡᠵᠦ	гэж	83
зарах	ᠨᠢ	нь	55
зарах	ᠭᠡᠳ	гээд	30
зарахгүй	ᠪᠠᠶᠢᠬᠤ	байх	11
зарахгүй	ᠪᠠᠶᠢᠭᠰᠠᠨ	байсан	7
зарахгүй	ᠪᠣᠯ	бол	7
зарга	ᠬᠢᠭᠡᠳ	хийгээд	8
зарга	ᠡᠭᠦᠰᠬᠡᠭᠰᠡᠨ	үүсгэсэн	8
зарга	ᠡᠭᠦᠰᠬᠡᠵᠦ	үүсгэж	6
зардаг	ᠪᠠᠶᠢᠭᠰᠠᠨ	байсан	41
зардаг	ᠪᠣᠯᠤᠭᠰᠠᠨ	болсон	18
зардаг	ᠶᠠᠭᠤᠮ᠎ᠠ	юм	15
зардал	ᠨᠢ	нь	291
зардал	ᠶᠡᠬᠡ	их	77
зардал	ᠭᠠᠷᠭᠠᠵᠤ	гаргаж	69
зарж	ᠪᠠᠶᠢᠭ᠎ᠠ	байгаа	249
зарж	ᠪᠠᠶᠢᠨ᠎ᠠ	байна	157
зарж	ᠪᠠᠶᠢᠭᠰᠠᠨ	байсан	70
зарим	ᠭᠠᠵᠠᠷ ᠢᠶᠠᠷ	газраар	2092
зарим	ᠨᠢ	нь	1862
зарим	ᠨᠢᠭᠡ	нэг	1414
заримдаа	ᠪᠦᠷ	бүр	47
заримдаа	ᠴᠤ	ч	24
заримдаа	ᠪᠢ	би	21
зарлаад	ᠪᠠᠶᠢᠭ᠎ᠠ	байгаа	217
зарлаад	ᠪᠠᠶᠢᠨ᠎ᠠ	байна	84
зарлаад	ᠪᠠᠶᠢᠭᠰᠠᠨ	байсан	59
зарлага	ᠨᠢ	нь	66
зарлага	ᠶᠡᠬᠡ	их	16
зарлага	ᠬᠥᠷᠥᠩᠭᠡ	хөрөнгө	16
зарлаж	ᠪᠠᠶᠢᠨ᠎ᠠ	байна	156
зарлаж	ᠪᠠᠶᠢᠭ᠎ᠠ	байгаа	136
зарлаж	ᠪᠠᠶᠢᠭᠰᠠᠨ	байсан	100
зарлалаа	ᠭᠡᠬᠦ ᠳᠦ	гэхэд	7
зарлалаа	ᠭᠡᠵᠦ	гэж	6
зарлалаа	ᠴᠤ	ч	5
зарлан	ᠬᠤᠷᠠᠯᠳᠤᠭᠤᠯᠬᠤ	хуралдуулах	71
зарлан	ᠲᠠᠭᠤᠳᠠᠬᠤ	дуудах	48
зарлан	ᠮᠡᠳᠡᠭᠡᠯᠡᠬᠦ	мэдээлэх	13
зарлана	ᠭᠡᠵᠦ	гэж	27
зарлана	ᠭᠡᠰᠡᠨ	гэсэн	23
зарлана	ᠭᠡᠳᠡᠭ ᠢᠶᠡᠨ	гэдгээ	13
зарласан	ᠪᠠᠶᠢᠨ᠎ᠠ	байна	185
зарласан	ᠶᠠᠭᠤᠮ᠎ᠠ	юм	172
зарласан	ᠪᠢᠯᠡ	билээ	134
зарлах	ᠶᠠᠭᠤᠮ᠎ᠠ	юм	60
зарлах	ᠨᠢ	нь	54
зарлах	ᠲᠤᠬᠠᠢ	тухай	54
зарлиг	ᠭᠠᠷᠭᠠᠵᠤ	гаргаж	92
зарлиг	ᠭᠠᠷᠭᠠᠭᠰᠠᠨ	гаргасан	60
зарлиг	ᠭᠠᠷᠭᠠᠨ	гарган	39
зарна	ᠭᠡᠰᠡᠨ	гэсэн	31
зарна	ᠭᠡᠵᠦ	гэж	26
зарна	ᠭᠡᠳᠡᠭ	гэдэг	14
зарсан	ᠭᠡᠬᠦ	гэх	26
зарсан	ᠨᠢ	нь	25
зарсан	ᠪᠣᠯ	бол	19
зарц	ᠨᠢ	нь	8
зарцуулагдах	ᠶᠠᠭᠤᠮ᠎ᠠ	юм	20
зарцуулагдах	ᠶᠣᠰᠣᠲᠠᠢ	ёстой	12
зарцуулагдах	ᠨᠢ	нь	11
зарцуулах	ᠨᠢ	нь	132
зарцуулах	ᠶᠠᠭᠤᠮ᠎ᠠ	юм	96
зарцуулах	ᠡᠷᠬᠡ	эрх	91
зарцуулдаг	ᠪᠠᠶᠢᠭᠰᠠᠨ	байсан	52
зарцуулдаг	ᠪᠠᠶᠢᠨ᠎ᠠ	байна	37
зарцуулдаг	ᠪᠣᠯ	бол	28
зарцуулж	ᠪᠠᠶᠢᠭ᠎ᠠ	байгаа	217
зарцуулж	ᠪᠠᠶᠢᠨ᠎ᠠ	байна	166
зарцуулж	ᠪᠤᠢ	буй	74
зарцуулна	ᠭᠡᠵᠦ	гэж	36
зарцуулна	ᠭᠡᠰᠡᠨ	гэсэн	34
зарцуулна	ᠭᠡᠳᠡᠭ	гэдэг	20
зарцуулсан	ᠪᠠᠶᠢᠨ᠎ᠠ	байна	138
зарцуулсан	ᠪᠣᠯ	бол	58
зарцуулсан	ᠨᠢ	нь	57
зарчим	ᠨᠢ	нь	154
зарчим	ᠪᠣᠯ	бол	63
зарчим	ᠳᠡᠭᠡᠷ᠎ᠡ	дээр	52
зарчимд	ᠲᠤᠯᠭᠠᠭᠤᠷᠢᠯᠠᠨ	тулгуурлан	29
зарчимд	ᠰᠠᠭᠤᠷᠢᠯᠠᠭᠰᠠᠨ	суурилсан	21
зарчимд	ᠢᠯᠡᠭᠦᠦ	илүү	20
зас	ᠭᠡᠶᠢᠨ	гийн	442
зас	ᠭᠠ	гаа	19
зас	ᠸᠠᠷ	вар	13
засаад	ᠶᠠᠪᠤᠬᠤ	явах	16
засаад	ᠲᠥᠷᠦ ᠪᠡᠨ	төрөө	14
засаад	ᠭᠡᠷ ᠢᠶᠡᠨ	гэрээ	12
засаг	ᠳᠠᠷᠤᠭ᠎ᠠ	дарга	3333
засаг	ᠨᠢ	нь	474
засаг	ᠨᠡᠶᠢᠭᠡᠮ ᠢ	нийгмийг	406
засагт	ᠶᠠᠮᠠᠷ	ямар	144
засагт	ᠣᠷᠣᠵᠤ	орж	118
засагт	ᠦᠵᠡᠭᠦᠯᠬᠦ	үзүүлэх	104
засагч	ᠳ	д	56
засагч	ᠪ	б	49
засагч	ᠮᠡᠷᠭᠡᠵᠢᠯᠲᠡᠢ	мэргэжилтэй	45
засаж	ᠵᠠᠯᠠᠷᠠᠭᠤᠯᠬᠤ	залруулах	49
засаж	ᠰᠠᠶᠢᠵᠢᠷᠠᠭᠤᠯᠬᠤ	сайжруулах	18
засаж	ᠪᠠᠶᠢᠭ᠎ᠠ	байгаа	9
засал	ᠬᠢᠵᠦ	хийж	53
засал	ᠬᠢᠯᠭᠡᠭᠰᠡᠨ	хийлгэсэн	47
засал	ᠨᠢ	нь	46
засалт	ᠬᠥᠭᠵᠢᠯ ᠦᠨ	хөгжлийн	18
засалт	ᠦᠨᠳᠦᠰᠦᠨ ᠦ	үндэсний	8
засалт	ᠨᠢᠭᠤᠷ	нүүр	6
засалч	ᠨᠡᠶᠢᠭᠡᠮ ᠤᠨ	нийгмийн	6
засалч	ᠪᠣᠯᠤᠨ	болон	5
засалч	ᠡᠮᠴᠢ	эмч	5
засах	ᠭᠠᠵᠠᠷ	газар	91
засах	ᠣᠷᠣᠨ ᠤ	орны	59
засах	ᠶᠣᠰᠣᠲᠠᠢ	ёстой	59
засахын	ᠲᠤᠯᠠᠳᠠ	тулд	74
засахын	ᠲᠥᠯᠥᠭᠡ	төлөө	12
засвар	ᠦᠢᠯᠡᠴᠢᠯᠡᠭᠡ	үйлчилгээ	163
засвар	ᠬᠢᠵᠦ	хийж	76
засвар	ᠬᠢᠬᠦ	хийх	76
засварлах	ᠠᠵᠢᠯ ᠢ	ажлыг	15
засварлах	ᠠᠵᠢᠯ	ажил	13
засварлах	ᠠᠵᠢᠯ ᠳᠤ	ажилд	8
засгийг	ᠬᠥᠭᠵᠢᠭᠦᠯᠬᠦ	хөгжүүлэх	77
засгийг	ᠲᠣᠭᠲᠠᠪᠤᠷᠢᠵᠢᠭᠤᠯᠬᠤ	тогтворжуулах	75
засгийг	ᠢᠳᠡᠪᠬᠢᠵᠢᠭᠦᠯᠬᠦ	идэвхжүүлэх	53
засгийн	ᠭᠠᠵᠠᠷ ᠤᠨ	газрын	19617
засгийн	ᠭᠠᠵᠠᠷ	газар	16211
засгийн	ᠭᠠᠵᠠᠷ ᠠᠴᠠ	газраас	5412
засдаг	ᠪᠠᠶᠢᠭᠰᠠᠨ	байсан	7
засдаг	ᠨᠢ	нь	6
засмал	ᠵᠠᠮ	зам	49
засмал	ᠵᠠᠮ ᠢᠶᠠᠷ	замаар	41
засмал	ᠵᠠᠮ ᠲᠠᠢ	замтай	9
засна	ᠭᠡᠵᠦ	гэж	12
засна	ᠭᠡᠳᠡᠭ	гэдэг	8
зассан	ᠶᠠᠭᠤᠮ᠎ᠠ	юм	9
зассан	ᠪᠠᠶᠢᠨ᠎ᠠ	байна	8
зассан	ᠲᠠᠯᠠᠪᠠᠢ ᠳᠤ	талбайд	7
засуул	ᠭᠡᠵᠦ	гэж	5
засуул	ᠬᠦᠮᠦᠨ	хүн	5
засуул	ᠬᠥᠯ ᠦᠨ	хөлийн	5
зах	ᠵᠡᠭᠡᠯᠢ	зээл	4403
зах	ᠨᠢ	нь	537
зах	ᠳᠡᠭᠡᠷ᠎ᠡ	дээр	430
захаас	ᠠᠪᠤᠭᠠᠳ	аваад	22
захаас	ᠨᠢ	нь	17
захаас	ᠠᠪᠤᠨ	аван	16
захад	ᠬᠠᠮᠤᠭ ᠤᠨ	хамгийн	80
захад	ᠠᠮᠠ	ам	26
захад	ᠤᠷᠤᠯᠴᠠᠬᠤ	оролцох	19
захиа	ᠪᠢᠴᠢᠭᠰᠡᠨ	бичсэн	17
захиа	ᠪᠢᠴᠢᠵᠦ	бичиж	15
захиа	ᠢᠷᠡᠭᠰᠡᠨ	ирсэн	9
захиаг	ᠨᠢ	нь	6
захиалагч	ᠨᠢ	нь	36
захиалагч	ᠭᠦᠢᠴᠡᠳᠬᠡᠭᠴᠢ	гүйцэтгэгч	24
захиалагч	ᠲᠠᠯ᠎ᠠ	тал	14
захиалах	ᠪᠣᠯᠤᠮᠵᠢ ᠲᠠᠢ	боломжтой	26
захиалга	ᠠᠪᠴᠤ	авч	73
захиалга	ᠥᠭᠭᠦᠭᠰᠡᠨ	өгсөн	72
захиалга	ᠥᠭᠴᠦ	өгч	61
захиалж	ᠪᠣᠯᠬᠤ	болох	15
захиалж	ᠬᠢᠯᠭᠡᠭᠰᠡᠨ	хийлгэсэн	14
захиалж	ᠪᠣᠯᠤᠨ᠎ᠠ	болно	11
захидал	ᠢᠯᠡᠭᠡᠭᠰᠡᠨ	илгээсэн	55
захидал	ᠪᠢᠴᠢᠭᠰᠡᠨ	бичсэн	53
захидал	ᠪᠢᠴᠢᠵᠦ	бичиж	34
захидалдаа	ᠳᠤᠷᠠᠳᠴᠠᠢ	дурджээ	5
захидлыг	ᠪᠦᠷᠢᠨ	бүрэн	10
захидлыг	ᠮᠣᠩᠭᠣᠯ	монгол	10
захидлыг	ᠨᠢ	нь	5
захидлын	ᠡᠵᠡᠨ	эзэн	7
захидлын	ᠬᠠᠷᠢᠭᠤ	хариу	6
захидлын	ᠬᠠᠷᠢᠭᠤᠭ	хариуг	6
захиж	ᠪᠠᠶᠢᠭᠰᠠᠨ	байсан	12
захиж	ᠪᠠᠶᠢᠭ᠎ᠠ	байгаа	9
захиж	ᠬᠡᠯᠡᠭᠰᠡᠨ	хэлсэн	8
захирагдах	ᠶᠣᠰᠣᠲᠠᠢ	ёстой	15
захирагч	ᠡ	э	348
захирагч	ᠨᠠᠷᠠᠲᠤ	нарт	50
захирагч	ᠨᠠᠷ ᠤᠨ	нарын	48
захирал	ᠪ	б	755
захирал	ᠠᠰᠠᠨ	асан	501
захирал	ᠳ	д	489
захирамж	ᠭᠠᠷᠭᠠᠯ᠎ᠠ	гаргалаа	115
захирамж	ᠭᠠᠷᠭᠠᠵᠤ	гаргаж	93
захирамж	ᠭᠠᠷᠭᠠᠭᠰᠠᠨ	гаргасан	71
захиргаа	ᠨᠤᠲᠤᠭ	нутаг	131
захиргаа	ᠨᠢ	нь	43
захиргаа	ᠪᠣᠯᠤᠨ	болон	29
захиргаатай	ᠬᠠᠮᠲᠤᠷᠠᠨ	хамтран	20
захиргаатай	ᠬᠠᠮᠲᠤᠷᠠᠵᠤ	хамтарч	5
захирч	ᠪᠠᠶᠢᠭᠰᠠᠨ	байсан	7
захирч	ᠴᠢᠳᠠᠬᠤ ᠦᠭᠡᠢ	чадахгүй	5
захисан	ᠶᠠᠭᠤᠮ᠎ᠠ	юм	18
захисан	ᠪᠤᠢ	бэ	8
захисан	ᠪᠠᠶᠢᠨ᠎ᠠ	байна	6
захын	ᠵᠢᠱᠢᠶ᠎ᠡ	жишээ	73
захын	ᠨᠢᠭᠡ	нэг	46
захын	ᠭᠡᠷ	гэр	34
заяа	ᠨᠢ	нь	42
заяа	ᠮᠢᠨᠢ	минь	31
заяа	ᠬᠢᠴᠢᠶᠡᠨ᠎ᠡ	хичээнэ	22
заяаг	ᠰᠢᠢᠳᠡᠭᠰᠡᠨ	шийдсэн	29
заяаг	ᠰᠢ ᠳᠦ ᠬᠢ	шийдэх	21
заяаг	ᠨᠢ	нь	13
заяагаа	ᠬᠣᠯᠪᠣᠭᠰᠠᠨ	холбосон	6
заяанд	ᠰᠠᠨᠠᠭ᠎ᠠ	санаа	7
заяанд	ᠨᠦᠯᠦᠭᠡᠯᠡᠬᠦ	нөлөөлөх	5
заяандаа	ᠡᠵᠡᠨ	эзэн	6
заяаны	ᠬᠠᠨᠢ	хань	12
заяаны	ᠲᠠᠯ᠎ᠠ ᠪᠠᠷ	талаар	7
заяаны	ᠲᠤᠬᠠᠢ	тухай	7
заяасан	ᠪᠠᠶᠢᠳᠠᠭ	байдаг	7
заяасан	ᠠᠪᠢᠶᠠᠰ	авьяас	6
заяасан	ᠠᠪᠢᠶᠠᠰ ᠲᠠᠢ	авьяастай	6
заяатай	ᠬᠣᠯᠪᠣᠭᠠᠲᠠᠢ	холбоотой	16
заяатай	ᠮᠣᠩᠭᠣᠯ	монгол	6
заяатай	ᠨᠢᠭᠡᠨ	нэгэн	6
зенит	ᠣᠬᠤ	оху	12
зиндаа	ᠲᠡᠭᠦᠨ ᠲᠡᠢ	түүнтэй	18
зиндаа	ᠷᠤ	руу	8
зиндаа	ᠪᠤᠶᠤ	буюу	6
зовдог	ᠶᠠᠭᠤᠮ᠎ᠠ	юм	8
зовдог	ᠪᠠᠶᠢᠭᠰᠠᠨ	байсан	5
зовж	ᠪᠠᠶᠢᠨ᠎ᠠ	байна	100
зовж	ᠪᠠᠶᠢᠭ᠎ᠠ	байгаа	70
зовж	ᠪᠠᠶᠢᠭᠰᠠᠨ	байсан	30
зовлон	ᠵᠢᠷᠭᠠᠯ ᠢ	жаргалыг	56
зовлон	ᠵᠢᠷᠭᠠᠯ	жаргал	46
зовлон	ᠵᠢᠷᠭᠠᠯ ᠢᠶᠠᠨ	жаргалаа	38
зовлонг	ᠨᠢ	нь	38
зовлонг	ᠪᠡᠶ᠎ᠡ ᠪᠡᠷ ᠢᠶᠡᠨ	биеэрээ	10
зовлонг	ᠪᠢᠳᠡ	бид	8
зовлонгийн	ᠶᠡᠬᠡᠩᠬᠢ	ихэнх	6
зовлонгийн	ᠲᠤᠬᠠᠢ	тухай	6
зовлонгоо	ᠬᠤᠪᠢᠶᠠᠯᠴᠠᠵᠤ	хуваалцаж	6
зовлонд	ᠤᠨᠠᠭᠰᠠᠨ	унасан	10
зовлонтой	ᠴᠤ	ч	9
зовлонтой	ᠶᠠᠭᠤᠮ᠎ᠠ	юм	6
зовлонтой	ᠪᠠᠶᠢᠭᠰᠠᠨ	байсан	5
зоволтгүй	ᠡ	ээ	9
зовоод	ᠪᠠᠶᠢᠭ᠎ᠠ	байгаа	7
зовоод	ᠯᠠ	л	7
зовоод	ᠬᠡᠷᠡᠭ ᠦᠭᠡᠢ	хэрэггүй	5
зовоодог	ᠵᠦᠢᠯ	зүйл	6
зовоож	ᠪᠠᠶᠢᠭ᠎ᠠ	байгаа	67
зовоож	ᠪᠠᠶᠢᠨ᠎ᠠ	байна	49
зовоож	ᠪᠤᠢ	буй	17
зовоосон	ᠠᠰᠠᠭᠤᠳᠠᠯ	асуудал	41
зовоосон	ᠠᠰᠠᠭᠤᠳᠠᠯ ᠤᠨ	асуудлын	6
зовоосон	ᠣᠯᠠᠨ	олон	6
зовоох	ᠠᠰᠠᠭᠤᠳᠠᠯ	асуудал	9
зовоох	ᠪᠣᠯᠵᠠᠢ	болжээ	6
зовоох	ᠶᠠᠭᠤᠮ᠎ᠠ	юм	5
зовох	ᠵᠦᠢᠯ ᠦᠭᠡᠢ	зүйлгүй	61
зовох	ᠵᠦᠢᠯ	зүйл	39
зовох	ᠬᠡᠷᠡᠭ ᠦᠭᠡᠢ	хэрэггүй	36
зовохгүй	ᠪᠠᠶᠢᠵᠤ	байж	19
зовохгүй	ᠪᠠᠶᠢᠨ᠎ᠠ	байна	12
зовохгүй	ᠪᠠᠶᠢᠭ᠎ᠠ	байгаа	11
зовсон	ᠬᠦᠮᠦᠰ	хүмүүс	13
зовсон	ᠬᠦᠮᠦᠨ	хүн	8
зовсон	ᠴᠤ	ч	7
зогс	ᠨᠢᠭᠡ	нэг	7
зогсож	ᠪᠠᠶᠢᠭ᠎ᠠ	байгаа	96
зогсож	ᠪᠠᠶᠢᠭᠰᠠᠨ	байсан	92
зогсож	ᠪᠠᠶᠢᠨ᠎ᠠ	байна	82
зогсолт	ᠬᠢᠵᠦ	хийж	25
зогсолт	ᠬᠢᠭᠰᠡᠨ	хийсэн	19
зогсолт	ᠬᠢᠬᠦ	хийх	8
зогсолтгүй	ᠥᠰᠴᠢ	өсч	8
зогсолтгүй	ᠠᠵᠢᠯᠯᠠᠵᠤ	ажиллаж	5
зогсонги	ᠪᠠᠶᠢᠳᠠᠯ ᠳᠤ	байдалд	254
зогсонги	ᠪᠠᠶᠢᠳᠠᠯ ᠲᠠᠢ	байдалтай	39
зогсонги	ᠪᠠᠶᠢᠳᠠᠯ	байдал	30
зогсоно	ᠭᠡᠵᠦ	гэж	23
зогсоно	ᠭᠡᠰᠡᠨ	гэсэн	16
зогсоно	ᠭᠡᠳᠡᠭ	гэдэг	14
зогсоо	ᠵᠠᠢ ᠦᠭᠡᠢ	зайгүй	51
зогсоо	ᠭᠡᠵᠦ	гэж	12
зогсоо	ᠭᠡᠰᠡᠨ	гэсэн	10
зогсоогоод	ᠪᠠᠶᠢᠭ᠎ᠠ	байгаа	44
зогсоогоод	ᠪᠠᠶᠢᠭᠰᠠᠨ	байсан	23
зогсоогоод	ᠪᠠᠶᠢᠨ᠎ᠠ	байна	18
зогсоогүй	ᠪᠣᠯ	бол	5
зогсоод	ᠪᠠᠶᠢᠭ᠎ᠠ	байгаа	16
зогсоод	ᠪᠠᠶᠢᠭᠰᠠᠨ	байсан	15
зогсоод	ᠪᠠᠶᠢᠨ᠎ᠠ	байна	12
зогсоож	ᠴᠢᠳᠠᠬᠤ ᠦᠭᠡᠢ	чадахгүй	45
зогсоож	ᠪᠠᠶᠢᠭᠰᠠᠨ	байсан	33
зогсоож	ᠪᠠᠶᠢᠭ᠎ᠠ	байгаа	31
зогсоол	ᠵᠥᠪᠬᠡᠨ	зөвхөн	34
зогсоол	ᠳᠡᠭᠡᠷ᠎ᠡ	дээр	23
зогсоол	ᠨᠢ	нь	16
зогсоолд	ᠲᠠᠯᠪᠢᠬᠤ	тавих	6
зогсооно	ᠭᠡᠵᠦ	гэж	21
зогсооно	ᠭᠡᠰᠡᠨ	гэсэн	15
зогсооно	ᠭᠡᠳᠡᠭ	гэдэг	9
зогсоох	ᠬᠡᠷᠡᠭᠲᠡᠢ	хэрэгтэй	120
зогсоох	ᠶᠣᠰᠣᠲᠠᠢ	ёстой	99
зогсоох	ᠠᠷᠭ᠎ᠠ	арга	75
зогсох	ᠨᠢ	нь	38
зогсох	ᠶᠣᠰᠣᠲᠠᠢ	ёстой	28
зогсох	ᠶᠠᠭᠤᠮ᠎ᠠ	юм	18
зогсохгүй	ᠮᠣᠩᠭᠣᠯ	монгол	30
зогсохгүй	ᠣᠯᠠᠨ	олон	23
зогсохгүй	ᠡᠨᠡ	энэ	17
зогсоход	ᠬᠦᠷ᠎ᠡ ᠳᠦ	хүрээд	7
зогсоход	ᠬᠦᠷᠦᠭᠰᠡᠨ	хүрсэн	6
зогссон	ᠪᠠᠶᠢᠨ᠎ᠠ	байна	32
зогссон	ᠶᠠᠭᠤᠮ᠎ᠠ	юм	32
зогссон	ᠨᠢ	нь	26
зоддог	ᠪᠠᠶᠢᠭᠰᠠᠨ	байсан	23
зоддог	ᠪᠠᠶᠢᠭᠰᠠᠨ ᠢ	байсныг	5
зодог	ᠲᠠᠶᠢᠯᠤᠭᠰᠠᠨ	тайлсан	113
зодог	ᠲᠠᠶᠢᠯᠬᠤ	тайлах	109
зодог	ᠲᠠᠶᠢᠯᠵᠤ	тайлж	99
зодоглох	ᠶᠠᠭᠤᠮ᠎ᠠ	юм	74
зодоглох	ᠮᠣᠩᠭᠣᠯ ᠤᠨ	монголын	21
зодоглох	ᠠᠵᠡᠢ	ажээ	18
зодож	ᠠᠮᠢ	амь	47
зодож	ᠪᠡᠶ᠎ᠡ ᠳᠦ	биед	31
зодож	ᠬᠥᠨᠥᠭᠡᠭᠰᠡᠨ	хөнөөсөн	27
зодоод	ᠪᠠᠶᠢᠨ᠎ᠠ	байна	6
зодоод	ᠪᠠᠶᠢᠳᠠᠭ	байдаг	5
зодоон	ᠬᠢᠭᠰᠡᠨ	хийсэн	10
зодоон	ᠪᠣᠯᠤᠭᠰᠠᠨ	болсон	9
зодоон	ᠪᠣᠯᠵᠤ	болж	8
зодох	ᠪᠤᠶᠤ	буюу	12
зодох	ᠨᠢ	нь	7
зодох	ᠭᠡᠵᠦ	гэж	6
зодсон	ᠭᠡᠬᠦ	гэх	29
зодсон	ᠬᠡᠷᠡᠭ	хэрэг	20
зодсон	ᠭᠡᠵᠦ	гэж	15
зодуулж	ᠠᠮᠢᠶ᠎ᠠ	амиа	20
зодуулж	ᠪᠡᠶ᠎ᠡ	бие	15
зодуулж	ᠪᠠᠶᠢᠭᠰᠠᠨ	байсан	8
зодуулсан	ᠭᠡᠬᠦ	гэх	11
зодуулсан	ᠴᠠᠭᠳᠠᠭ᠎ᠠ	цагдаа	11
зол	ᠡᠷᠳᠡᠨᠢ	эрдэнэ	9
зол	ᠵᠢᠷᠭᠠᠯ	жаргал	8
зол	ᠪᠠᠶᠠᠷ	баяр	5
золбаяр	ᠠ	а	13
золбоо	ᠠ	а	37
золбоо	ᠨᠠᠷᠠ	нар	23
золбоо	ᠪ	б	12
золгож	ᠪᠠᠶᠢᠨ᠎ᠠ	байна	90
золгож	ᠪᠤᠢ	буй	39
золгож	ᠪᠠᠶᠢᠭ᠎ᠠ	байгаа	30
золгох	ᠭᠡᠵᠦ	гэж	23
золгох	ᠨᠢ	нь	7
золгүй	ᠪᠠᠶᠢᠳᠠᠯ ᠢᠶᠠᠷ	байдлаар	57
золгүй	ᠶᠠᠪᠤᠳᠠᠯ	явдал	28
золгүй	ᠲᠣᠬᠢᠶᠠᠯᠳᠤᠯ	тохиолдол	7
золиос	ᠪᠣᠯᠵᠤ	болж	70
золиос	ᠪᠣᠯᠤᠭᠰᠠᠨ	болсон	70
золиос	ᠨᠢ	нь	31
зон	ᠣᠯᠠᠨ	олон	50
зон	ᠣᠯᠠᠨ ᠤ	олны	38
зон	ᠣᠯᠣᠩ ᠳᠤ	олонд	11
зонхилох	ᠰᠢᠯᠲᠠᠭᠠᠨ	шалтгаан	16
зонхилох	ᠪᠣᠯᠤᠭᠰᠠᠨ	болсон	5
зоо	ᠢᠨᠵᠧᠨᠧᠷ	инженер	5
зоог	ᠪᠠᠷᠢᠵᠤ	барьж	19
зоог	ᠪᠠᠷᠢᠬᠤ	барих	12
зоог	ᠪᠠᠷᠢᠪᠠ	барив	10
зоорь	ᠠᠭᠤᠯᠬᠤ	агуулах	11
зоорь	ᠪᠠᠷᠢᠬᠤ	барих	10
зоос	ᠴᠤ	ч	33
зоос	ᠪᠠᠩᠬᠢ	банк	32
зоос	ᠭᠣᠶᠣᠯ	гоёл	18
зоосны	ᠨᠦᠬᠡ ᠪᠡᠷ	нүхээр	33
зоосны	ᠬᠣᠶᠠᠷ	хоёр	17
зоосны	ᠨᠢᠭᠡ	нэг	8
зоргоор	ᠨᠢ	нь	5
зоргоороо	ᠠᠭᠠᠰᠢᠯᠠᠵᠤ	аашилж	8
зоргоороо	ᠠᠭᠠᠰᠢᠯᠠᠬᠤ	аашлах	6
зориг	ᠨᠣᠭᠣᠭᠠᠨ	ногоон	84
зориг	ᠥᠭᠴᠦ	өгч	40
зориг	ᠭᠠᠷᠭᠠᠨ	гарган	39
зоригийг	ᠨᠢ	нь	13
зоригийг	ᠬᠥᠨᠥᠭᠡᠭᠰᠡᠨ	хөнөөсөн	10
зоригийг	ᠥᠭᠭᠦᠭᠰᠡᠨ	өгсөн	7
зоригийн	ᠬᠡᠷᠡᠭ ᠢ	хэргийг	17
зоригийн	ᠠᠮᠢ	амь	13
зоригийн	ᠰᠫᠣᠷᠲ	спорт	9
зоригт	ᠨᠠᠷᠠ	нар	79
зоригт	ᠱ	ш	59
зоригт	ᠨᠠᠷ ᠢ	нарыг	57
зоригтой	ᠠᠯᠬᠤᠮ	алхам	34
зоригтой	ᠰᠢᠢᠳᠪᠦᠷᠢ	шийдвэр	17
зоригтой	ᠪᠠᠶᠢᠬᠤ	байх	12
зорилго	ᠨᠢ	нь	1228
зорилго	ᠪᠣᠯ	бол	296
зорилго	ᠪᠦᠬᠦᠢ	бүхий	245
зорилгодоо	ᠬᠦᠷᠡᠬᠦ ᠶᠢᠨ	хүрэхийн	55
зорилгодоо	ᠬᠦᠷᠬᠦ	хүрэх	51
зорилгодоо	ᠬᠦᠷᠴᠦ	хүрч	46
зорилгоо	ᠪᠡᠶᠡᠯᠡᠭᠦᠯᠵᠦ	биелүүлж	36
зорилгоо	ᠪᠣᠯᠭᠠᠭᠰᠠᠨ	болгосон	28
зорилгоо	ᠪᠣᠯᠭᠠᠵᠤ	болгож	21
зорилготой	ᠶᠠᠭᠤᠮ᠎ᠠ	юм	388
зорилготой	ᠠᠵᠤ	аж	135
зорилготой	ᠪᠠᠶᠢᠭᠰᠠᠨ	байсан	110
зорилгын	ᠬᠦᠷᠢᠶᠡᠨ ᠳᠦ	хүрээнд	86
зорилгын	ᠲᠥᠯᠥᠭᠡ	төлөө	61
зорилгын	ᠳᠣᠣᠷ᠎ᠠ	дор	38
зорилт	ᠲᠠᠪᠢᠨ	тавин	228
зорилт	ᠲᠠᠯᠪᠢᠭᠰᠠᠨ	тавьсан	164
зорилт	ᠲᠠᠯᠪᠢᠵᠤ	тавьж	157
зорилтот	ᠪᠦᠯᠦᠭᠲᠦ	бүлэгт	85
зорилтот	ᠵᠠᠬ᠎ᠠ	зах	33
зорилтот	ᠪᠦᠯᠦᠭ	бүлэг	31
зоримог	ᠠᠯᠬᠤᠮ	алхам	16
зоримог	ᠰᠢᠢᠳᠪᠦᠷᠢ	шийдвэр	8
зоримог	ᠰᠢᠨᠡᠴᠢᠯᠡᠯ	шинэчлэл	5
зорин	ᠢᠷᠡᠵᠦ	ирж	54
зорин	ᠢᠷᠡᠭᠰᠡᠨ	ирсэн	46
зорин	ᠠᠵᠢᠯᠯᠠᠵᠤ	ажиллаж	41
зорино	ᠭᠡᠰᠡᠨ	гэсэн	5
зориод	ᠪᠠᠶᠢᠭ᠎ᠠ	байгаа	24
зориод	ᠢᠷᠡᠭᠰᠡᠨ	ирсэн	19
зориод	ᠪᠠᠶᠢᠨ᠎ᠠ	байна	14
зориуд	ᠵᠣᠬᠢᠶᠠᠨ	зохион	10
зориуд	ᠨᠡᠮᠡᠵᠦ	нэмж	9
зориуд	ᠰᠣᠩᠭᠣᠨ	сонгон	8
зориулагдах	ᠶᠠᠭᠤᠮ᠎ᠠ	юм	10
зориулагдах	ᠪᠥᠭᠡᠳ	бөгөөд	7
зориулагдах	ᠶᠣᠰᠣᠲᠠᠢ	ёстой	6
зориулагдсан	ᠶᠠᠭᠤᠮ᠎ᠠ	юм	20
зориулагдсан	ᠪᠠᠶᠢᠳᠠᠭ	байдаг	12
зориулагдсан	ᠪᠥᠭᠡᠳ	бөгөөд	10
зориулан	ᠭᠠᠷᠭᠠᠭᠰᠠᠨ	гаргасан	61
зориулан	ᠪᠦᠲᠦᠭᠡᠭᠰᠡᠨ	бүтээсэн	52
зориулан	ᠵᠣᠬᠢᠶᠠᠨ	зохион	48
зориулах	ᠶᠠᠭᠤᠮ᠎ᠠ	юм	25
зориулах	ᠶᠣᠰᠣᠲᠠᠢ	ёстой	20
зориулах	ᠨᠢ	нь	15
зориулдаг	ᠪᠠᠶᠢᠨ᠎ᠠ	байна	7
зориулдаг	ᠪᠠᠶᠢᠭᠰᠠᠨ	байсан	7
зориулдаг	ᠶᠠᠭᠤᠮ᠎ᠠ	юм	6
зориулж	ᠲᠡᠷᠪᠤᠮ	тэрбум	73
зориулж	ᠰᠠᠶ᠋ᠢ	сая	50
зориулж	ᠪᠠᠶᠢᠭ᠎ᠠ	байгаа	48
зориулна	ᠭᠡᠵᠦ	гэж	18
зориулна	ᠭᠡᠰᠡᠨ	гэсэн	6
зориулна	ᠭᠡᠳᠡᠭ	гэдэг	5
зориулсан	ᠦᠨᠳᠦᠰᠦᠨ ᠦ	үндэсний	85
зориулсан	ᠮᠡᠳᠡᠭᠡ	мэдээ	78
зориулсан	ᠲᠤᠰᠬᠠᠢ	тусгай	76
зорих	ᠭᠡᠵᠦ	гэж	85
зорих	ᠶᠠᠭᠤᠮ᠎ᠠ	юм	52
зорих	ᠨᠢ	нь	45
зорчигч	ᠲᠡᠭᠡᠭᠡᠪᠦᠷᠢ ᠶᠢᠨ	тээврийн	167
зорчигч	ᠬᠦᠯᠢᠶᠡᠨ	хүлээн	24
зорчигч	ᠪᠠᠷ᠎ᠠ	бараа	22
зорчигчид	ᠪᠣᠯᠤᠨ	болон	5
зорчиж	ᠶᠠᠪᠤᠭᠰᠠᠨ	явсан	56
зорчиж	ᠪᠠᠶᠢᠭ᠎ᠠ	байгаа	40
зорчиж	ᠪᠤᠢ	буй	26
зорчих	ᠡᠷᠬᠡ ᠶᠢ	эрхийг	54
зорчих	ᠪᠣᠯᠤᠮᠵᠢ ᠲᠠᠢ	боломжтой	35
зорчих	ᠨᠥᠬᠥᠴᠡᠯ ᠢ	нөхцөлийг	24
зорьж	ᠪᠠᠶᠢᠨ᠎ᠠ	байна	423
зорьж	ᠪᠠᠶᠢᠭ᠎ᠠ	байгаа	394
зорьж	ᠪᠤᠢ	буй	150
зорьсон	ᠶᠠᠭᠤᠮ᠎ᠠ	юм	140
зорьсон	ᠪᠠᠶᠢᠨ᠎ᠠ	байна	59
зорьсон	ᠪᠥᠭᠡᠳ	бөгөөд	38
зорьсондоо	ᠬᠦᠷᠬᠦ	хүрэх	10
зорьсондоо	ᠬᠦᠷᠡᠨ᠎ᠡ	хүрнэ	7
зорьсондоо	ᠬᠦᠷᠴᠦ	хүрч	7
зохилтой	ᠪᠤᠢ	вэ	13
зохимжтой	ᠭᠡᠵᠦ	гэж	25
зохимжтой	ᠪᠤᠢ	вэ	11
зохимжтой	ᠶᠠᠭᠤᠮ᠎ᠠ	юм	11
зохиогдох	ᠭᠡᠵᠦ	гэж	46
зохиогдох	ᠶᠠᠭᠤᠮ᠎ᠠ	юм	33
зохиогдох	ᠳᠡᠯᠡᠬᠡᠢ ᠶᠢᠨ	дэлхийн	23
зохиогч	ᠨᠢ	нь	24
зохиогч	ᠳ	д	19
зохиогч	ᠪ	б	15
зохиож	ᠪᠠᠶᠢᠭ᠎ᠠ	байгаа	53
зохиож	ᠪᠠᠶᠢᠭᠰᠠᠨ	байсан	45
зохиож	ᠪᠤᠢ	буй	38
зохиол	ᠨᠢ	нь	77
зохиол	ᠳᠡᠭᠡᠷ᠎ᠡ	дээр	44
зохиол	ᠪᠢᠴᠢᠵᠦ	бичиж	36
зохиолч	ᠪ	б	355
зохиолч	ᠳ	д	175
зохиолч	ᠢᠷᠠᠭᠤ	яруу	135
зохиолын	ᠪᠠᠭᠰᠢ	багш	58
зохиолын	ᠬᠢᠴᠢᠶᠡᠯ	хичээл	41
зохиолын	ᠬᠢᠴᠢᠶᠡᠯ ᠦᠨ	хичээлийн	40
зохиомж	ᠨᠢ	нь	7
зохиомол	ᠬᠡᠷᠡᠭ	хэрэг	34
зохиомол	ᠳᠦᠷᠦ	дүр	8
зохиомол	ᠬᠡᠷᠡᠭ ᠲᠦ	хэрэгт	7
зохион	ᠪᠠᠶᠢᠭᠤᠯᠵᠤ	байгуулж	5646
зохион	ᠪᠠᠶᠢᠭᠤᠯᠬᠤ	байгуулах	5299
зохион	ᠪᠠᠶᠢᠭᠤᠯᠤᠭᠰᠠᠨ	байгуулсан	2471
зохиосон	ᠶᠠᠭᠤᠮ᠎ᠠ	юм	29
зохиосон	ᠪᠠᠶᠢᠨ᠎ᠠ	байна	25
зохиосон	ᠪᠣᠯ	бол	15
зохиох	ᠡᠷᠬᠡ ᠶᠢ	эрхийг	17
зохиох	ᠭᠡᠵᠦ	гэж	16
зохиох	ᠶᠠᠭᠤᠮ᠎ᠠ	юм	10
зохистой	ᠠᠰᠢᠭᠯᠠᠬᠤ	ашиглах	116
зохистой	ᠬᠡᠷᠡᠭᠯᠡᠭᠡ	хэрэглээ	58
зохистой	ᠪᠤᠢ	вэ	52
зохих	ᠵᠢᠷᠤᠮ ᠤᠨ	журмын	152
зохих	ᠶᠣᠰᠣᠭᠠᠷ	ёсоор	79
зохих	ᠶᠣᠰᠣᠨ ᠤ	ёсны	46
зохихгүй	ᠪᠣᠯᠭᠠᠬᠤ	болгох	7
зохицож	ᠴᠢᠳᠠᠬᠤ ᠦᠭᠡᠢ	чадахгүй	11
зохицож	ᠠᠮᠢᠳᠤᠷᠠᠳᠠᠭ	амьдардаг	8
зохицож	ᠪᠠᠶᠢᠭ᠎ᠠ	байгаа	7
зохицон	ᠠᠮᠢᠳᠤᠷᠠᠬᠤ	амьдрах	15
зохицон	ᠠᠮᠢᠳᠤᠷᠠᠵᠤ	амьдарч	13
зохицон	ᠠᠵᠢᠯᠯᠠᠬᠤ	ажиллах	7
зохицох	ᠴᠢᠳᠠᠪᠤᠷᠢ	чадвар	22
зохицох	ᠠᠷᠭ᠎ᠠ	арга	13
зохицох	ᠪᠤᠢ	вэ	10
зохицуулагч	ᠪ	б	18
зохицуулагч	ᠳ	д	17
зохицуулагч	ᠬ	х	12
зохицуулалт	ᠬᠢᠬᠦ	хийх	239
зохицуулалт	ᠬᠢᠵᠦ	хийж	125
зохицуулалт	ᠨᠢ	нь	81
зохицуулах	ᠬᠣᠷᠢᠶᠠᠨ ᠤ	хорооны	508
зохицуулах	ᠭᠠᠵᠠᠷ ᠤᠨ	газрын	425
зохицуулах	ᠬᠣᠷᠤᠭ᠎ᠠ	хороо	405
зохицуулж	ᠪᠠᠶᠢᠭ᠎ᠠ	байгаа	82
зохицуулж	ᠪᠠᠶᠢᠨ᠎ᠠ	байна	47
зохицуулж	ᠴᠢᠳᠠᠬᠤ ᠦᠭᠡᠢ	чадахгүй	46
зочид	ᠪᠠᠭᠤᠳᠠᠯ	буудал	581
зочид	ᠪᠠᠭᠤᠳᠠᠯ ᠤᠨ	буудлын	557
зочид	ᠪᠠᠭᠤᠳᠠᠯ ᠳᠤ	буудалд	485
зочилж	ᠦᠢᠯᠡ	үйл	20
зочилж	ᠪᠠᠶᠢᠨ᠎ᠠ	байна	18
зочилж	ᠮᠣᠩᠭᠣᠯ	монгол	18
зочин	ᠪᠠᠭ	баг	31
зочин	ᠪᠠᠭ ᠤᠨ	багийн	26
зочин	ᠮᠠᠨᠢ	маань	20
зочлон	ᠲᠣᠭᠯᠠᠵᠤ	тоглож	11
зочлон	ᠲᠣᠭᠯᠠᠭᠰᠠᠨ	тоглосон	8
зочлон	ᠲᠣᠭᠯᠠᠨ᠎ᠠ	тоглоно	7
зочлох	ᠶᠠᠭᠤᠮ᠎ᠠ	юм	11
зочлох	ᠦᠶ᠎ᠡ ᠪᠡᠷ	үеэр	11
зочлох	ᠭᠡᠵᠦ	гэж	10
зугаа	ᠴᠡᠩᠭᠡᠯ	цэнгэл	41
зугаа	ᠴᠡᠩᠭᠡᠯ ᠦᠨ	цэнгэлийн	24
зугаа	ᠴᠡᠩᠭᠡᠭᠡᠨ ᠦ	цэнгээний	10
зугаалга	ᠠᠵᠤ	аж	17
зугаалга	ᠭᠡᠳ	гээд	6
зугаалж	ᠶᠠᠪᠤᠭᠠᠳ	яваад	11
зугаалж	ᠪᠤᠢ	буй	10
зугаалж	ᠪᠠᠶᠢᠭ᠎ᠠ	байгаа	5
зугаатай	ᠥᠩᠭᠡᠷᠡᠭᠦᠯᠬᠦ	өнгөрүүлэх	14
зугаатай	ᠵᠤᠨ	зун	11
зугаатай	ᠬᠡᠯᠡ	хэл	6
зугтаад	ᠪᠠᠶᠢᠨ᠎ᠠ	байна	8
зугтаж	ᠪᠠᠶᠢᠨ᠎ᠠ	байна	9
зугтаж	ᠪᠠᠶᠢᠭ᠎ᠠ	байгаа	7
зугтаж	ᠭᠠᠷᠤᠭᠰᠠᠨ	гарсан	5
зугтах	ᠭᠡᠵᠦ	гэж	7
зугтах	ᠨᠢ	нь	7
зугтах	ᠠᠷᠭ᠎ᠠ ᠦᠭᠡᠢ	аргагүй	6
зугтсан	ᠪᠠᠶᠢᠨ᠎ᠠ	байна	18
зугтсан	ᠭᠡᠬᠦ	гэх	11
зугтсан	ᠭᠡᠵᠦ	гэж	10
зуд	ᠲᠤᠷᠠᠬᠠᠨ	турхан	14
зуд	ᠪᠣᠯᠵᠤ	болж	12
зуд	ᠬᠦᠴᠢᠲᠡᠢ	хүчтэй	10
зузаан	ᠨᠢ	нь	26
зузаан	ᠬᠠᠷᠢᠯᠴᠠᠨ	харилцан	22
зузаан	ᠰᠮ	см	10
зул	ᠰᠠᠷ᠎ᠠ ᠶᠢᠨ	сарын	120
зул	ᠡᠬᠡ	эх	17
зул	ᠰᠠᠷ᠎ᠠ	сар	16
зулай	ᠳᠡᠭᠡᠷ᠎ᠡ	дээр	14
зулай	ᠬᠣᠶᠢᠳ	хойд	8
зулай	ᠴᠠᠭᠠᠨ	цагаан	7
зулайд	ᠮᠣᠩᠭᠣᠯ	монгол	11
зулайд	ᠡᠬᠡ	эх	7
зулайд	ᠬᠥᠯ	хөл	6
зулзага	ᠰᠢᠭ	шиг	7
зун	ᠨᠠᠮᠤᠷ ᠤᠨ	намрын	36
зун	ᠨᠢ	нь	35
зун	ᠴᠠᠭ	цаг	35
зунаас	ᠡᠬᠢᠯᠡᠨ	эхлэн	30
зунаас	ᠬᠣᠶᠢᠰᠢ	хойш	15
зунаас	ᠡᠬᠢᠯᠡᠭᠡᠳ	эхлээд	5
зундаа	ᠪᠠᠭᠲᠠᠭᠠᠵᠤ	багтааж	5
зуншлага	ᠰᠠᠶᠢᠬᠠᠨ	сайхан	16
зуншлага	ᠰᠠᠶᠢᠨ	сайн	6
зуншлага	ᠰᠠᠶᠢᠲᠠᠢ	сайтай	6
зуны	ᠣᠯᠢᠮᠫ ᠤᠨ	олимпийн	632
зуны	ᠤᠯᠠᠷᠢᠯ ᠳᠤ	улиралд	122
зуны	ᠴᠠᠭ ᠲᠤ	цагт	54
зуныг	ᠬᠡᠷᠬᠢᠨ	хэрхэн	8
зур	ᠭᠠ	гаа	10
зур	ᠭᠡᠵᠦ	гэж	7
зур	ᠭᠠ	га	6
зураад	ᠪᠠᠶᠢᠭ᠎ᠠ	байгаа	18
зураад	ᠯᠠ	л	14
зураад	ᠪᠠᠶᠢᠨ᠎ᠠ	байна	10
зураач	ᠴ	ц	82
зураач	ᠪ	б	74
зураач	ᠰ	с	57
зураг	ᠲᠥᠰᠥᠯ	төсөл	396
зураг	ᠠᠪᠤᠯᠲᠠ	авалт	352
зураг	ᠳᠡᠭᠡᠷ᠎ᠡ	дээр	261
зурагт	ᠬᠠᠭᠤᠳᠠᠰᠤ	хуудас	75
зурагт	ᠬᠠᠭᠤᠳᠠᠰᠤ ᠶᠢ	хуудсыг	19
зурагт	ᠨᠢ	нь	18
зурагтаар	ᠬᠠᠷᠠᠵᠤ	харж	13
зурагтаар	ᠯᠠ	л	12
зурагтаар	ᠭᠠᠷᠴᠤ	гарч	9
зурагтай	ᠢᠷᠡᠵᠦ	ирж	11
зурагтай	ᠪᠠᠶᠢᠨ᠎ᠠ	байна	10
зурагтай	ᠨᠣᠮ	ном	10
зурах	ᠶᠣᠰᠣᠯᠠᠯ	ёслол	50
зурах	ᠶᠠᠭᠤᠮ᠎ᠠ	юм	45
зурах	ᠡᠷᠬᠡ ᠶᠢ	эрхийг	42
зурвас	ᠪᠠᠶᠢᠭᠤᠯᠬᠤ	байгуулах	22
зурвас	ᠭᠠᠵᠠᠷ	газар	14
зурвас	ᠭᠠᠵᠠᠷ ᠲᠤ	газарт	12
зургаа	ᠳᠠᠬᠢ	дахь	549
зургаа	ᠨᠢ	нь	85
зургаа	ᠳᠠᠪᠠᠵᠤ	давж	76
зургаад	ᠨᠢ	нь	19
зургаад	ᠪᠠᠭᠲᠤᠭᠰᠠᠨ	багтсан	8
зургаад	ᠳ	д	5
зургаадугаар	ᠰᠠᠷ᠎ᠠ ᠶᠢᠨ	сарын	485
зургаадугаар	ᠰᠠᠷ᠎ᠠ ᠳᠤ	сард	173
зургаадугаар	ᠪᠠᠶᠢᠷᠢ	байр	22
зургаан	ᠰᠠᠷ᠎ᠠ ᠶᠢᠨ	сарын	485
зургаан	ᠬᠤᠪ ᠤᠨ	хувийн	395
зургаан	ᠰᠠᠷ᠎ᠠ	сар	350
зургаахан	ᠨᠠᠰᠤᠲᠠᠢ	настай	8
зургаахан	ᠰᠠᠷ᠎ᠠ ᠶᠢᠨ	сарын	8
зургаахан	ᠵᠢᠯ ᠦᠨ	жилийн	5
зургадугаар	ᠰᠠᠷ᠎ᠠ ᠶᠢᠨ	сарын	1908
зургадугаар	ᠰᠠᠷ᠎ᠠ ᠳᠤ	сард	637
зургадугаар	ᠵᠦᠢᠯ ᠦᠨ	зүйлийн	73
зурган	ᠳᠡᠭᠡᠷ᠎ᠡ	дээр	73
зурган	ᠳᠡᠭᠡᠷᠡᠬᠢ	дээрх	23
зурган	ᠬᠡᠯᠪᠡᠷᠢ ᠪᠡᠷ	хэлбэрээр	10
зургийг	ᠪ	б	493
зургийг	ᠡᠨᠳᠡ	энд	215
зургийг	ᠨᠢ	нь	199
зургийн	ᠦᠵᠡᠰᠬᠦᠯᠡᠩ	үзэсгэлэн	156
зургийн	ᠤᠷᠤᠯᠳᠤᠭᠠᠨ	уралдаан	65
зургийн	ᠠᠫᠫᠠᠷᠠᠲ	аппарат	59
зургууд	ᠨᠢ	нь	41
зургууд	ᠶᠠᠭᠤᠮ᠎ᠠ	юм	9
зургууд	ᠴᠤ	ч	8
зурж	ᠪᠠᠶᠢᠭ᠎ᠠ	байгаа	37
зурж	ᠪᠠᠶᠢᠭᠰᠠᠨ	байсан	26
зурж	ᠪᠠᠶᠢᠨ᠎ᠠ	байна	21
зурлаа	ᠮᠣᠩᠭᠣᠯ	монгол	7
зурлаа	ᠭᠡᠵᠦ	гэж	6
зурна	ᠭᠡᠵᠦ	гэж	21
зурна	ᠭᠡᠳᠡᠭ	гэдэг	12
зурна	ᠭᠡᠰᠡᠨ	гэсэн	8
зурсан	ᠪᠠᠶᠢᠨ᠎ᠠ	байна	123
зурсан	ᠶᠠᠭᠤᠮ᠎ᠠ	юм	122
зурсан	ᠨᠢ	нь	62
зуруулж	ᠲᠠᠮᠠᠭ᠎ᠠ	тамга	7
зурхай	ᠷᠤ	руу	61
зурхай	ᠳᠡᠭᠡᠷ᠎ᠡ	дээр	9
зуршил	ᠪᠤᠢ	бий	6
зуршил	ᠨᠢ	нь	6
зуршил	ᠪᠣᠯᠵᠤ	болж	5
зуслан	ᠳᠡᠭᠡᠷ᠎ᠡ	дээр	16
зуслан	ᠡᠵᠡᠮᠰᠢᠭᠦᠯᠬᠦ	эзэмшүүлэх	12
зуслан	ᠳᠡᠭᠡᠷ᠎ᠡ ᠪᠡᠨ	дээрээ	8
зуслангийн	ᠦᠢᠯᠡ	үйл	17
зуслангийн	ᠨᠠᠶᠢᠵᠠ ᠨᠤᠭᠤᠳ	найзууд	15
зуслангийн	ᠪᠠᠶᠢᠰᠢᠩ	байшин	10
зусланд	ᠠᠮᠠᠷᠠᠵᠤ	амарч	8
зусланд	ᠠᠮᠤᠷᠠᠬᠤ	амрах	5
зуу	ᠳᠠᠬᠢᠨ	дахин	85
зуу	ᠭᠠᠷᠤᠢ	гаруй	83
зуу	ᠵᠠᠭᠤᠨ	зуун	56
зуугаад	ᠯᠠ	л	10
зуун	ᠵᠢᠯ ᠦᠨ	жилийн	241
зуун	ᠮᠢᠩᠭᠠᠨ	мянган	231
зуун	ᠬᠤᠪᠢ	хувь	185
зуунд	ᠠᠮᠢᠳᠤᠷᠠᠵᠤ	амьдарч	32
зуунд	ᠮᠣᠩᠭᠣᠯ	монгол	13
зуунд	ᠬᠦᠮᠦᠨ	хүн	13
зууны	ᠮᠡᠳᠡᠭᠡ	мэдээ	383
зууны	ᠮᠠᠩᠯᠠᠢ	манлай	192
зууны	ᠦᠶ᠎ᠡ ᠶᠢᠨ	үеийн	84
зууныг	ᠳᠠᠮᠵᠢᠨ	дамжин	9
зуур	ᠮᠧᠲ᠋ᠷ	метр	377
зуур	ᠯᠠ	л	16
зуур	ᠮ	м	15
зуурын	ᠪᠣᠷᠣᠭ᠎ᠠ	бороо	351
зуурын	ᠦᠵᠡᠭᠳᠡᠯ	үзэгдэл	18
зуурын	ᠳᠠᠭᠤᠤ	дуу	17
зуух	ᠨᠢ	нь	35
зуух	ᠬᠤᠳᠠᠯᠳᠤᠨ	худалдан	14
зуух	ᠪᠣᠯᠤᠨ	болон	12
зууч	ᠬᠬᠺ	ххк	7
зуучилж	ᠥᠭᠬᠦ	өгөх	8
зуучилж	ᠪᠠᠶᠢᠭ᠎ᠠ	байгаа	5
зуучилж	ᠥᠭᠳᠡᠭ	өгдөг	5
зуучлах	ᠠᠵᠢᠯᠯᠠᠭ᠎ᠠ	ажиллагаа	8
зуучлах	ᠦᠢᠯᠡ	үйл	8
зуучлах	ᠡᠭᠦᠷᠭᠡ	үүрэг	7
зууш	ᠰᠦ᠋	сүү	10
зууш	ᠬᠦᠨᠡᠰᠦᠨ ᠦ	хүнсний	5
зухаас	ᠨᠢ	нь	32
зэвсэг	ᠬᠤᠷᠢᠶᠠᠬᠤ	хураах	46
зэвсэг	ᠬᠡᠷᠡᠭᠯᠡᠵᠦ	хэрэглэж	30
зэвсэг	ᠨᠢ	нь	25
зэвсэггүй	ᠪᠥᠰᠡ	бүс	30
зэвсэггүй	ᠪᠠᠶᠢᠬᠤ	байх	6
зэвсэглэсэн	ᠬᠣᠶᠠᠷ	хоёр	6
зэвсэглэсэн	ᠡᠲᠡᠭᠡᠳ	этгээд	6
зэвсэглэсэн	ᠭᠤᠷᠪᠠᠨ	гурван	5
зэвсэгт	ᠬᠦᠴᠦᠨ ᠦ	хүчний	694
зэвсэгт	ᠬᠦᠴᠦᠨ	хүчин	95
зэвсэгт	ᠬᠦᠴᠦᠩᠳᠡ	хүчинд	21
зэмсэг	ᠨᠢ	нь	8
зэр	ᠵᠡᠪᠰᠡᠭ	зэвсэг	36
зэр	ᠭᠡᠶᠢᠨ	гийн	7
зэргийн	ᠴᠠᠰᠤ	цас	458
зэргийн	ᠬᠤᠷ᠎ᠠ	хур	157
зэргийн	ᠪᠤᠰᠤ	бус	38
зэргэлдээ	ᠤᠷᠤᠰᠢᠬᠤ	орших	15
зэргэлдээ	ᠣᠷᠣᠰᠢᠳᠠᠭ	оршдог	10
зэргэлдээ	ᠤᠯᠤᠰ	улс	9
зэрлэг	ᠠᠮᠢᠲᠠᠨ	амьтан	66
зэрлэг	ᠴᠡᠴᠡᠭᠡᠰ ᠦᠨ	цэцэгсийн	59
зэрлэг	ᠠᠨ	ан	46
зэрэг	ᠣᠯᠠᠨ	олон	1862
зэрэг	ᠨᠢ	нь	866
зэрэг	ᠠᠰᠠᠭᠤᠳᠠᠯ ᠢ	асуудлыг	317
зэрэглэлтэй	ᠪᠠᠶᠢᠳᠠᠭ	байдаг	6
зэрэглэлтэй	ᠮᠡᠳᠡᠭᠡᠯᠡᠯ	мэдээлэл	6
зэрэглэлтэй	ᠢᠵᠢᠯ	ижил	5
зэрэглээ	ᠰᠢᠭ	шиг	10
зэрэглээ	ᠨᠢ	нь	8
зэрэгт	ᠨᠢ	нь	14
зэрэгт	ᠬᠦᠷᠭᠡᠭᠰᠡᠨ	хүргэсэн	14
зэрэгт	ᠬᠦᠷᠦᠭᠰᠡᠨ	хүрсэн	14
зэрэгтэй	ᠲᠣᠭᠯᠠᠭᠴᠢ	тоглогч	31
зэрэгтэй	ᠶᠠᠪᠤᠭ᠎ᠠ	яваа	25
зэрэгтэй	ᠲᠡᠭᠦᠰᠦᠭᠰᠡᠨ	төгссөн	21
зэрэгцэж	ᠢᠷᠡᠯ᠎ᠡ	ирлээ	12
зэрэгцэж	ᠢᠷᠡᠭᠰᠡᠨ	ирсэн	9
зэрэгцэж	ᠰᠠᠭᠤᠭᠠᠳ	суугаад	7
зэрэгцэн	ᠣᠷᠣᠰᠢᠵᠤ	оршиж	28
зэрэгцэн	ᠤᠷᠤᠰᠢᠬᠤ	орших	27
зэрэгцэн	ᠠᠵᠢᠯᠯᠠᠵᠤ	ажиллаж	18
зэрэгцэх	ᠪᠢᠯᠡ	билээ	5
зэрэгцээ	ᠮᠣᠩᠭᠣᠯ	монгол	64
зэрэгцээ	ᠬᠣᠶᠠᠷ	хоёр	33
зэрэгцээ	ᠡᠨᠡ	энэ	31
зэрэгцээд	ᠯᠠ	л	10
зэрэгцээд	ᠰᠠᠭᠤᠵᠤ	сууж	7
зэрэгцээд	ᠮᠣᠩᠭᠣᠯ ᠤᠨ	монголын	6
зэс	ᠠᠯᠲᠠᠨ ᠤ	алтны	126
зэс	ᠬᠠᠶᠢᠯᠠᠭᠤᠯᠬᠤ	хайлуулах	116
зэс	ᠠᠯᠲᠠ	алт	58
зээ	ᠥᠬᠢᠨ	охин	27
зээ	ᠬᠡᠦ	хүү	18
зээ	ᠨᠠᠷᠠ	нар	12
зээл	ᠳᠡᠭᠡᠷ᠎ᠡ	дээр	1347
зээл	ᠠᠪᠬᠤ	авах	683
зээл	ᠣᠯᠭᠣᠬᠤ	олгох	558
зээлдэгч	ᠨᠢ	нь	34
зээлдэгч	ᠨᠠᠷᠠᠲᠤ	нарт	15
зээлдэгч	ᠨᠠᠷᠠ	нар	11
зээлдүүлэх	ᠦᠢᠯᠡ	үйл	6
зээлдүүлэх	ᠭᠠᠵᠠᠷ	газар	5
зээлдүүлэх	ᠵᠠᠰᠠᠭ ᠤᠨ	засгийн	5
зээлжих	ᠲᠤᠰᠬᠠᠢ	тусгай	18
зээлжих	ᠡᠷᠬᠡ	эрх	10
зээлжих	ᠵᠡᠷᠭᠡᠯᠡᠯᠲᠡᠢ	зэрэглэлтэй	7
зээлэх	ᠪᠣᠯᠤᠮᠵᠢ ᠲᠠᠢ	боломжтой	5
зээлэх	ᠭᠡᠵᠦ	гэж	5
зээр	ᠬᠤᠯᠠᠨ	хулан	10
зээр	ᠭᠥᠷᠥᠭᠡᠰᠦ	гөрөөс	8
зээр	ᠲᠣᠯᠣᠭᠠᠢ ᠶᠢ	толгойг	5
зээрд	ᠬᠠᠯᠵᠠᠨ	халзан	39
зээрд	ᠠᠶᠢᠷᠠᠭ ᠤᠨ	айргийн	35
зээрд	ᠠᠵᠢᠷᠭ᠎ᠠ	азарга	32
зээрийн	ᠰᠦᠷᠦᠭ	сүрэг	10
зээрийн	ᠢᠨᠵᠠᠭ᠎ᠠ	янзага	5
зүг	ᠷᠦᠦ	рүү	81
зүг	ᠨᠠᠶᠢᠮᠠᠨ	найман	47
зүг	ᠬᠦᠯᠢᠭ ᠦᠨ	хүлгийн	30
зүгийн	ᠨᠤᠲᠤᠭ ᠤᠨ	нутгийн	820
зүгийн	ᠨᠤᠲᠤᠭ ᠢᠶᠠᠷ	нутгаар	615
зүгийн	ᠨᠤᠲᠤᠭ	нутаг	70
зүгт	ᠺᠮ	км	50
зүгт	ᠮᠥᠷ ᠢᠶᠡᠨ	мөрөө	26
зүгт	ᠬᠠᠷᠠᠵᠤ	харж	13
зүгээр	ᠯᠠ	л	1308
зүгээр	ᠨᠢᠭᠡ	нэг	313
зүгээр	ᠴᠤ	ч	149
зүгээс	ᠡᠨᠡ	энэ	215
зүгээс	ᠶᠠᠮᠠᠷ	ямар	182
зүгээс	ᠴᠤ	ч	153
зүдэрч	ᠪᠠᠶᠢᠭ᠎ᠠ	байгаа	6
зүдэрч	ᠪᠠᠶᠢᠨ᠎ᠠ	байна	6
зүдэрч	ᠶᠠᠪᠤᠭ᠎ᠠ	яваа	6
зүй	ᠶᠣᠰᠣᠭᠠᠷ	ёсоор	457
зүй	ᠳᠣᠲᠣᠭᠠᠳᠤ	дотоод	311
зүй	ᠶᠣᠰᠣᠨ ᠤ	ёсны	190
зүйл	ᠨᠢ	нь	1213
зүйл	ᠪᠣᠯ	бол	902
зүйл	ᠪᠠᠶᠢᠬᠤ ᠦᠭᠡᠢ	байхгүй	888
зүйлгүй	ᠭᠡᠵᠦ	гэж	19
зүйлгүй	ᠶᠠᠭᠤᠮ᠎ᠠ	юм	13
зүйлгүй	ᠴᠤ	ч	12
зүйлд	ᠵᠢᠭᠠᠭᠰᠠᠨ	заасан	198
зүйлд	ᠵᠠᠷᠤᠴᠠᠭᠤᠯᠬᠤ	зарцуулах	51
зүйлд	ᠬᠥᠷᠥᠩᠭᠡ	хөрөнгө	31
зүйлдээ	ᠰᠡᠳᠬᠢᠯ	сэтгэл	11
зүйлдээ	ᠯᠠ	л	10
зүйлдээ	ᠴᠠᠭ	цаг	6
зүйлийг	ᠲᠣᠳᠣᠷᠠᠭᠤᠯᠤᠯ᠎ᠠ	тодрууллаа	281
зүйлийг	ᠨᠢ	нь	180
зүйлийг	ᠬᠢᠵᠦ	хийж	73
зүйлийн	ᠳᠠᠬᠢ	дахь	264
зүйлийн	ᠳ᠋ᠡᠬᠢ	дэх	239
зүйлийн	ᠨᠢᠭᠡ	нэг	129
зүйлийнхээ	ᠲᠥᠯᠥᠭᠡ	төлөө	16
зүйлийнхээ	ᠵᠢᠷᠤᠭ ᠢ	зургийг	5
зүйлийнхээ	ᠲᠠᠯ᠎ᠠ ᠪᠠᠷ	талаар	5
зүйлс	ᠨᠢ	нь	74
зүйлс	ᠪᠤᠢ	бий	33
зүйлс	ᠣᠯᠠᠨ	олон	32
зүйлсийг	ᠨᠢ	нь	42
зүйлсийг	ᠲᠣᠳᠣᠷᠠᠭᠤᠯᠤᠯ᠎ᠠ	тодрууллаа	21
зүйлсийг	ᠬᠢᠵᠦ	хийж	14
зүйлсийн	ᠨᠢᠭᠡ	нэг	67
зүйлсийн	ᠲᠠᠯ᠎ᠠ ᠪᠠᠷ	талаар	45
зүйлсийн	ᠭᠠᠵᠠᠷ ᠤᠨ	газрын	9
зүйлсээ	ᠠᠯᠠᠳᠠᠬᠤ	алдах	7
зүйлтэй	ᠪᠥᠭᠡᠳ	бөгөөд	26
зүйлтэй	ᠬᠣᠯᠪᠣᠭᠠᠲᠠᠢ	холбоотой	18
зүйлтэй	ᠶᠠᠭᠤᠮ᠎ᠠ	юм	17
зүйлээ	ᠬᠢᠵᠦ	хийж	54
зүйлээ	ᠯᠠ	л	34
зүйлээ	ᠬᠢᠬᠦ	хийх	20
зүйлээр	ᠨᠢ	нь	39
зүйлээр	ᠳᠦᠭᠦᠷᠡᠩ	дүүрэн	13
зүйлээр	ᠮᠠᠷᠠᠭᠤᠬᠠᠨ	маруухан	8
зүйлээс	ᠪᠣᠯᠵᠤ	болж	28
зүйлээс	ᠰᠢᠯᠲᠠᠭᠠᠯᠠᠨ	шалтгаалан	25
зүйлээс	ᠰᠢᠯᠲᠠᠭᠠᠯᠠᠵᠤ	шалтгаалж	20
зүйлүүд	ᠪᠤᠢ	бий	56
зүйлүүд	ᠨᠢ	нь	38
зүйлүүд	ᠴᠤ	ч	29
зүйлүүдийг	ᠬᠠᠮᠠᠭᠠᠯᠠᠬᠤ	хамгаалах	18
зүйлүүдийг	ᠨᠢ	нь	11
зүйлүүдийг	ᠪᠢᠳᠡ	бид	7
зүйн	ᠪᠠᠶᠢᠩᠭᠤ ᠶᠢᠨ	байнгын	1560
зүйн	ᠰᠠᠶᠢᠳ	сайд	1153
зүйн	ᠣᠷᠴᠢᠨ	орчин	854
зүйр	ᠦᠭᠡ	үг	41
зүйр	ᠰᠡᠴᠡᠨ	цэцэн	30
зүйр	ᠦᠭᠡ ᠶᠢ	үгийг	10
зүйрлэж	ᠪᠣᠯᠤᠨ᠎ᠠ	болно	16
зүйрлэж	ᠬᠡᠯᠡᠪᠡᠯ	хэлбэл	10
зүйрлэж	ᠪᠠᠶᠢᠭ᠎ᠠ	байгаа	8
зүйрлэл	ᠨᠢ	нь	6
зүйрлэл	ᠶᠠᠭᠤᠮ᠎ᠠ	юм	5
зүйрлэх	ᠠᠷᠭ᠎ᠠ ᠦᠭᠡᠢ	аргагүй	11
зүйрлэх	ᠶᠠᠭᠤᠮ᠎ᠠ	юм	7
зүйрлэх	ᠠᠷᠭ᠎ᠠ ᠪᠠᠷ	аргаар	5
зүйрлэшгүй	ᠰᠠᠶᠢᠬᠠᠨ	сайхан	7
зүйтэй	ᠭᠡᠵᠦ	гэж	1088
зүйтэй	ᠭᠡᠰᠡᠨ	гэсэн	474
зүйтэй	ᠶᠠᠭᠤᠮ᠎ᠠ	юм	236
зүйч	ᠮᠡᠷᠭᠡᠵᠢᠯᠲᠡᠢ	мэргэжилтэй	43
зүйч	ᠨᠠᠷᠠ	нар	17
зүйч	ᠡᠮ	эм	15
зүлгэн	ᠳᠡᠭᠡᠷ᠎ᠡ	дээр	28
зүлгэн	ᠲᠠᠯᠠᠪᠠᠢ	талбай	11
зүлгэн	ᠲᠠᠯᠠᠪᠠᠢ ᠳᠤ	талбайд	9
зүлэг	ᠨᠣᠭᠣᠭᠠᠨ	ногоон	114
зүлэг	ᠨᠣᠭᠣᠭ᠎ᠠ	ногоо	13
зүлэг	ᠨᠢ	нь	10
зүрх	ᠮᠢᠨᠢ	минь	302
зүрх	ᠨᠢ	нь	132
зүрх	ᠰᠡᠳᠬᠢᠯ	сэтгэл	124
зүрхийг	ᠮᠢᠨᠢ	минь	98
зүрхийг	ᠨᠢ	нь	20
зүрхийг	ᠴᠢᠨᠢ	чинь	18
зүрхний	ᠴᠣᠬᠢᠯᠲᠠ	цохилт	76
зүрхний	ᠮᠡᠰᠡ	мэс	61
зүрхний	ᠮᠢᠨᠢ	минь	50
зүрхнээс	ᠮᠢᠨᠢ	минь	10
зүрхнээс	ᠪᠤᠯᠭᠢᠯᠠᠬᠤ	булгилах	6
зүрхнээс	ᠵᠢᠷᠦᠬᠡᠨ ᠳᠦ	зүрхэнд	5
зүрхэн	ᠲᠤᠱᠠ	тушаа	14
зүрхэн	ᠠᠶᠠᠯᠭᠤ	аялгуу	11
зүрхэн	ᠳᠡᠭᠡᠷ᠎ᠡ	дээр	11
зүрхэнд	ᠮᠢᠨᠢ	минь	105
зүрхэнд	ᠴᠢᠨᠢ	чинь	30
зүрхэнд	ᠰᠢᠷ᠎ᠠ	шар	30
зүрхэндээ	ᠪᠢ	би	14
зүрхэндээ	ᠲᠡᠭᠡᠭᠡᠵᠦ	тээж	9
зүрхэндээ	ᠴᠢᠮᠠᠢ ᠪᠠᠨ	чамайгаа	7
зүрхээ	ᠵᠣᠷᠢᠭᠤᠯᠵᠤ	зориулж	30
зүрхээ	ᠪᠢ	би	11
зүрхээ	ᠵᠣᠷᠢᠭᠤᠯᠤᠨ	зориулан	11
зүрхээрээ	ᠵᠢᠳᠬᠦᠵᠦ	зүтгэж	9
зүрхээрээ	ᠯᠠ	л	8
зүрхээрээ	ᠶᠠᠪᠤᠵᠤ	явж	8
зүс	ᠴᠢᠷᠠᠢ	царай	33
зүс	ᠨᠢ	нь	18
зүс	ᠲᠠᠨᠢᠬᠤ	таних	8
зүтгэдэг	ᠪᠠᠶᠢᠭᠰᠠᠨ	байсан	11
зүтгэдэг	ᠤᠴᠢᠷ ᠠᠴᠠ	учраас	5
зүтгэе	ᠭᠡᠵᠦ	гэж	7
зүтгэе	ᠭᠡᠰᠡᠨ	гэсэн	5
зүтгэж	ᠪᠠᠶᠢᠭ᠎ᠠ	байгаа	158
зүтгэж	ᠪᠠᠶᠢᠨ᠎ᠠ	байна	125
зүтгэж	ᠶᠠᠪᠤᠭ᠎ᠠ	яваа	96
зүтгэл	ᠭᠠᠷᠭᠠᠵᠤ	гаргаж	33
зүтгэл	ᠭᠠᠷᠭᠠᠨ	гарган	26
зүтгэл	ᠬᠡᠷᠡᠭᠲᠡᠢ	хэрэгтэй	17
зүтгэлтэн	ᠪ	б	133
зүтгэлтэн	ᠴᠤ	ч	84
зүтгэлтэн	ᠬᠥᠭᠵᠢᠮ ᠦᠨ	хөгжмийн	71
зүтгэлээ	ᠵᠣᠷᠢᠭᠤᠯᠵᠤ	зориулж	5
зүтгэнэ	ᠭᠡᠵᠦ	гэж	22
зүтгэнэ	ᠳ᠋ᠡ	дээ	15
зүтгэнэ	ᠡ	ээ	10
зүтгэсэн	ᠳ᠋ᠡ	дээ	15
зүтгэсэн	ᠬᠦᠮᠦᠨ	хүн	15
зүтгэсэн	ᠶᠠᠭᠤᠮ᠎ᠠ	юм	13
зүтгэсээр	ᠪᠠᠶᠢᠭᠠᠳ	байгаад	16
зүтгэсээр	ᠢᠷᠡᠭᠰᠡᠨ	ирсэн	6
зүтгэх	ᠨᠢ	нь	38
зүтгэх	ᠶᠣᠰᠣᠲᠠᠢ	ёстой	36
зүтгэх	ᠪᠣᠯᠤᠨ᠎ᠠ	болно	32
зүтгээд	ᠪᠠᠶᠢᠭ᠎ᠠ	байгаа	42
зүтгээд	ᠪᠠᠶᠢᠨ᠎ᠠ	байна	19
зүтгээд	ᠪᠠᠶᠢᠳᠠᠭ	байдаг	16
зүтгүүр	ᠨᠢ	нь	19
зүтгүүр	ᠪᠣᠯ	бол	6
зүтгүүр	ᠸᠠᠭᠣᠨ	вагон	6
зүү	ᠡᠮᠴᠢᠯᠡᠭᠡ	эмчилгээ	21
зүү	ᠲᠥᠭᠡᠨ᠎ᠡ	төөнө	18
зүү	ᠲᠠᠯᠪᠢᠬᠤ	тавих	11
зүүгээд	ᠪᠠᠶᠢᠭ᠎ᠠ	байгаа	6
зүүгээд	ᠯᠠ	л	6
зүүгээд	ᠪᠤᠢ	буй	5
зүүд	ᠰᠢᠭ	шиг	47
зүүд	ᠮᠢᠨᠢ	минь	22
зүүд	ᠨᠣᠶᠢᠷᠠᠨ ᠳᠤ	нойронд	18
зүүдний	ᠳᠠᠭᠢᠨᠢ	дагина	19
зүүдний	ᠮᠢᠨᠢ	минь	13
зүүдний	ᠤᠴᠠᠷᠠᠯ	учрал	7
зүүдэг	ᠪᠠᠶᠢᠭᠰᠠᠨ	байсан	9
зүүдэг	ᠲᠥᠬᠥᠭᠡᠷᠦᠮᠵᠢ	төхөөрөмж	8
зүүдэлж	ᠪᠠᠶᠢᠭ᠎ᠠ	байгаа	8
зүүдэлж	ᠪᠠᠶᠢᠭᠰᠠᠨ	байсан	5
зүүдэлж	ᠴᠤ	ч	5
зүүдэллээ	ᠵᠡᠭᠦᠳᠦᠯᠡᠯ᠎ᠡ	зүүдэллээ	5
зүүдэнд	ᠮᠢᠨᠢ	минь	52
зүүдэнд	ᠴᠤ	ч	38
зүүдэнд	ᠢᠷᠡᠭᠰᠡᠨ	ирсэн	11
зүүдэндээ	ᠪᠢ	би	18
зүүдэндээ	ᠴᠤ	ч	8
зүүдэндээ	ᠬᠠᠷᠠᠭᠰᠠᠨ	харсан	7
зүүж	ᠪᠠᠶᠢᠭᠰᠠᠨ	байсан	17
зүүж	ᠪᠠᠶᠢᠭ᠎ᠠ	байгаа	12
зүүж	ᠶᠠᠪᠤᠭᠰᠠᠨ	явсан	10
зүүн	ᠵᠦᠭ ᠦᠨ	зүгийн	850
зүүн	ᠡᠮᠦᠨ᠎ᠡ ᠡᠴᠡ	өмнөөс	658
зүүн	ᠬᠣᠶᠢᠳ	хойд	619
зүүнбаян	ᠤᠯᠠᠭᠠᠨ	улаан	31
зүүнбаян	ᠪᠠᠭ ᠤᠨ	багийн	15
зүүнбаян	ᠴᠠᠭᠠᠨ	цагаан	5
зүүний	ᠮᠠᠩᠨᠠᠢ ᠳᠤ	магнайд	64
зүүний	ᠬᠦᠴᠦᠨ ᠦ	хүчний	37
зүүний	ᠮᠠᠩᠨᠠᠢ ᠶᠢ	магнайг	21
зүүнээс	ᠪᠠᠷᠠᠭᠤᠨ	баруун	21
зүүнээс	ᠵᠠᠷᠢᠮ	зарим	7
зүүнээс	ᠪᠤᠰᠤᠳ	бусад	5
зүүсэн	ᠨᠢ	нь	15
зүүсэн	ᠪᠠᠶᠢᠨ᠎ᠠ	байна	10
зүүсэн	ᠶᠠᠭᠤᠮ᠎ᠠ	юм	8
зүүх	ᠨᠢ	нь	15
зүүх	ᠭᠠᠷ ᠢᠶᠠᠨ	гараа	9
зүүх	ᠬᠡᠷᠡᠭᠲᠡᠢ	хэрэгтэй	8
зөв	ᠭᠡᠵᠦ	гэж	388
зөв	ᠶᠠᠭᠤᠮ᠎ᠠ	юм	270
зөв	ᠵᠣᠬᠢᠰᠲᠠᠢ	зохистой	266
зөвийг	ᠨᠢ	нь	30
зөвийг	ᠰᠠᠨᠠᠯ	санал	5
зөвлөгөө	ᠥᠭᠬᠦ	өгөх	332
зөвлөгөө	ᠥᠭᠴᠦ	өгч	299
зөвлөгөө	ᠠᠪᠴᠤ	авч	123
зөвлөж	ᠪᠠᠶᠢᠨ᠎ᠠ	байна	360
зөвлөж	ᠪᠠᠶᠢᠭ᠎ᠠ	байгаа	48
зөвлөж	ᠪᠠᠶᠢᠭᠰᠠᠨ	байсан	20
зөвлөл	ᠨᠢ	нь	231
зөвлөл	ᠬᠤᠷᠠᠯᠳᠤᠵᠤ	хуралдаж	153
зөвлөл	ᠪᠣᠯᠤᠨ	болон	80
зөвлөлгөөн	ᠥᠨᠥᠳᠥᠷ	өнөөдөр	7
зөвлөлгөөн	ᠪᠣᠯᠤᠯ᠎ᠠ	боллоо	6
зөвлөлд	ᠨᠢ	нь	17
зөвлөлд	ᠭᠣᠮᠣᠳᠠᠯ	гомдол	10
зөвлөлд	ᠬᠦᠷᠭᠡᠭᠦᠯᠦᠭᠰᠡᠨ	хүргүүлсэн	10
зөвлөлдөж	ᠪᠠᠶᠢᠨ᠎ᠠ	байна	11
зөвлөлдөж	ᠪᠠᠶᠢᠭᠠᠳ	байгаад	8
зөвлөлдөж	ᠪᠠᠶᠢᠵᠤ	байж	6
зөвлөлдөх	ᠬᠣᠷᠢᠶᠠᠨ ᠤ	хорооны	171
зөвлөлдөх	ᠠᠭᠤᠯᠵᠠᠯᠲᠠ	уулзалт	155
зөвлөлдөх	ᠬᠣᠷᠤᠭ᠎ᠠ	хороо	81
зөвлөлт	ᠮᠣᠩᠭᠣᠯ ᠤᠨ	монголын	21
зөвлөлт	ᠮᠠᠶ᠋ᠢᠭ ᠤᠨ	маягийн	8
зөвлөлт	ᠵᠠᠰᠠᠭ ᠤᠨ	засгийн	7
зөвлөлтийн	ᠳᠠᠶᠢᠴᠢᠳ ᠤᠨ	дайчдын	10
зөвлөлтийн	ᠦᠶ᠎ᠡ ᠶᠢᠨ	үеийн	9
зөвлөлтийн	ᠨᠠᠶᠢᠷᠠᠮᠳᠠᠯ ᠤᠨ	найрамдлын	8
зөвлөмж	ᠭᠠᠷᠭᠠᠬᠤ	гаргах	57
зөвлөмж	ᠭᠠᠷᠭᠠᠭᠰᠠᠨ	гаргасан	54
зөвлөмж	ᠥᠭᠴᠦ	өгч	38
зөвлөн	ᠲᠤᠰᠯᠠᠬᠤ	туслах	54
зөвлөх	ᠯᠠ	л	331
зөвлөх	ᠴᠤ	ч	173
зөвлөх	ᠦᠢᠯᠡᠴᠢᠯᠡᠭᠡ	үйлчилгээ	124
зөвхөн	ᠨᠢᠭᠡ	нэг	397
зөвхөн	ᠡᠨᠡ	энэ	309
зөвхөн	ᠮᠣᠩᠭᠣᠯ	монгол	241
зөвшөөрвөл	ᠬᠤᠪᠢᠴᠠᠭ᠎ᠠ	хувьцаа	5
зөвшөөрсөн	ᠪᠠᠶᠢᠨ᠎ᠠ	байна	74
зөвшөөрсөн	ᠶᠠᠭᠤᠮ᠎ᠠ	юм	62
зөвшөөрсөн	ᠪᠠᠶᠢᠳᠠᠭ	байдаг	36
зөвшөөрч	ᠪᠠᠶᠢᠭ᠎ᠠ	байгаа	107
зөвшөөрч	ᠪᠠᠶᠢᠨ᠎ᠠ	байна	99
зөвшөөрч	ᠴᠢᠳᠠᠬᠤ ᠦᠭᠡᠢ	чадахгүй	34
зөвшөөрөгдөх	ᠳᠡᠭᠡᠳᠦ	дээд	20
зөвшөөрөгдөх	ᠬᠡᠮᠵᠢᠶᠡᠨ ᠳᠦ	хэмжээнд	6
зөвшөөрөгдөх	ᠬᠡᠮᠵᠢᠶ᠎ᠡ	хэмжээ	5
зөвшөөрөл	ᠣᠯᠭᠣᠬᠤ	олгох	395
зөвшөөрөл	ᠠᠪᠬᠤ	авах	228
зөвшөөрөл	ᠠᠪᠤᠭᠰᠠᠨ	авсан	138
зөвшөөрөлгүй	ᠦᠢᠯᠡ	үйл	25
зөвшөөрөлгүй	ᠪᠠᠷᠢᠭᠳᠠᠵᠤ	баригдаж	17
зөвшөөрөлгүй	ᠭᠠᠵᠠᠷ	газар	14
зөвшөөрөх	ᠲᠤᠬᠠᠢ	тухай	115
зөвшөөрөх	ᠪᠣᠯᠤᠮᠵᠢ ᠦᠭᠡᠢ	боломжгүй	60
зөвшөөрөх	ᠬᠡᠷᠡᠭᠲᠡᠢ	хэрэгтэй	55
зөвшөөрөхгүй	ᠪᠠᠶᠢᠭ᠎ᠠ	байгаа	91
зөвшөөрөхгүй	ᠪᠣᠯ	бол	24
зөвшөөрөхгүй	ᠭᠡᠳᠡᠭ ᠢᠶᠡᠨ	гэдгээ	23
зөвшөөрөөд	ᠪᠠᠶᠢᠭ᠎ᠠ	байгаа	20
зөвшөөрөөд	ᠪᠠᠶᠢᠨ᠎ᠠ	байна	6
зөвөөр	ᠨᠢ	нь	32
зөвөөр	ᠤᠶᠢᠯᠠᠭᠠᠬᠤ	ойлгох	14
зөвөөр	ᠣᠶᠢᠯᠠᠭᠠᠵᠤ	ойлгож	11
зөгий	ᠦᠦᠷ	үүр	8
зөгий	ᠨᠢ	нь	7
зөгий	ᠰᠢᠭ	шиг	6
зөн	ᠪᠢᠯᠢᠭ ᠦᠨ	билгийн	51
зөн	ᠰᠣᠪᠢᠨ	совин	39
зөн	ᠮᠣᠩᠭᠣᠯ	монгол	20
зөнд	ᠨᠢ	нь	56
зөндөө	ᠯᠠ	л	110
зөндөө	ᠪᠤᠢ	бий	87
зөндөө	ᠪᠠᠶᠢᠨ᠎ᠠ	байна	79
зөрж	ᠪᠠᠶᠢᠨ᠎ᠠ	байна	23
зөрж	ᠪᠠᠶᠢᠭ᠎ᠠ	байгаа	18
зөрж	ᠪᠠᠶᠢᠭᠰᠠᠨ	байсан	16
зөрлөг	ᠳᠡᠭᠡᠷ᠎ᠡ	дээр	5
зөрчиж	ᠪᠠᠶᠢᠨ᠎ᠠ	байна	238
зөрчиж	ᠪᠠᠶᠢᠭ᠎ᠠ	байгаа	208
зөрчиж	ᠪᠤᠢ	буй	38
зөрчил	ᠭᠠᠷᠭᠠᠭᠰᠠᠨ	гаргасан	236
зөрчил	ᠢᠯᠡᠷᠡᠭᠰᠡᠨ	илэрсэн	160
зөрчил	ᠳᠤᠲᠠᠭᠳᠠᠯ	дутагдал	92
зөрчилдөх	ᠨᠢ	нь	7
зөрчилдөх	ᠵᠦᠢᠯ	зүйл	6
зөрчих	ᠶᠠᠭᠤᠮ᠎ᠠ	юм	17
зөрчих	ᠶᠠᠪᠤᠳᠠᠯ	явдал	16
зөрчих	ᠨᠢ	нь	10
зөрчсөн	ᠡᠰᠡᠬᠦ	эсэх	269
зөрчсөн	ᠦᠢᠯᠡᠳᠦᠯ	үйлдэл	253
зөрчсөн	ᠭᠡᠵᠦ	гэж	243
зөрүү	ᠨᠢ	нь	41
зөрүү	ᠭᠠᠷᠤᠭᠰᠠᠨ	гарсан	25
зөрүү	ᠭᠠᠷᠴᠤ	гарч	25
зөрүүг	ᠨᠢ	нь	27
зөрүүг	ᠠᠷᠢᠯᠭᠠᠬᠤ	арилгах	25
зөрүүг	ᠠᠷᠢᠯᠭᠠᠵᠤ	арилгаж	15
зөрүүд	ᠵᠠᠩ	зан	6
зөрүүд	ᠵᠠᠩ ᠲᠠᠢ	зантай	5
зөрүүтэй	ᠰᠠᠨᠠᠯ	санал	116
зөрүүтэй	ᠪᠠᠶᠢᠭ᠎ᠠ	байгаа	54
зөрүүтэй	ᠪᠠᠶᠢᠨ᠎ᠠ	байна	29
зөрөхгүй	ᠪᠢᠵᠡ	биз	15
зөрөхгүй	ᠪᠣᠯᠪᠠ	болов	10
зөрөхгүй	ᠪᠠᠶᠢᠬᠤ	байх	9
зөрөөд	ᠥᠩᠭᠡᠷᠡᠬᠦ	өнгөрөх	14
зөрөөд	ᠪᠠᠶᠢᠨ᠎ᠠ	байна	7
зөрөөд	ᠯᠠ	л	6
зөөвөрлөх	ᠠᠵᠢᠯ ᠢ	ажлыг	5
зөөгч	ᠨᠠᠷᠠ	нар	8
зөөгч	ᠪᠦᠰᠡᠭᠦᠢ	бүсгүй	5
зөөгөөд	ᠴᠤ	ч	8
зөөдөг	ᠪᠠᠶᠢᠭᠰᠠᠨ	байсан	7
зөөж	ᠪᠠᠶᠢᠭ᠎ᠠ	байгаа	32
зөөж	ᠪᠠᠶᠢᠨ᠎ᠠ	байна	22
зөөж	ᠰᠢᠯᠵᠢᠭᠦᠯᠬᠦ	шилжүүлэх	19
зөөлөн	ᠴᠠᠰᠤᠨ	цасан	88
зөөлөн	ᠰᠢᠷᠤᠶᠢᠨ	шороон	71
зөөлөн	ᠪᠣᠳᠣᠯᠭ᠎ᠠ	бодлого	46
зөөх	ᠨᠢ	нь	8
зөөх	ᠪᠢᠰᠢ	биш	7
зөөх	ᠭᠡᠵᠦ	гэж	6
и	ᠮᠡᠶᠢᠯ	мэйл	94
и	ᠬ	х	23
и	ᠰᠢ	си	15
ивээж	ᠶᠠᠪᠤᠬᠤ	явах	8
ивээл	ᠳᠣᠣᠷ᠎ᠠ	дор	418
ивээл	ᠡᠨᠡᠷᠢᠯ	энэрэл	9
ивээл	ᠨᠠᠷᠠ	нар	6
ивээлд	ᠪᠠᠭᠠᠳᠴᠤ	багтаж	9
ивээлд	ᠪᠠᠶᠢᠳᠠᠭ	байдаг	5
ивээн	ᠲᠡᠳᠬᠦᠭᠴᠢ	тэтгэгч	218
ивээн	ᠲᠡᠳᠬᠦᠵᠦ	тэтгэж	185
ивээн	ᠲᠡᠳᠬᠦᠭᠰᠡᠨ	тэтгэсэн	147
ивээх	ᠪᠣᠯᠲᠤᠭᠠᠢ	болтугай	20
ивээх	ᠰᠠᠩ	сан	8
ид	ᠰᠢᠳᠢ	шид	78
ид	ᠰᠢᠳᠢ ᠶᠢᠨ	шидийн	59
ид	ᠰᠢᠳᠢ ᠲᠡᠢ	шидтэй	57
идвэл	ᠰᠠᠶᠢᠨ	сайн	5
идвэл	ᠬᠦᠮᠦᠨ ᠦ	хүний	5
иддэг	ᠪᠠᠶᠢᠭᠰᠠᠨ	байсан	26
иддэг	ᠬᠦᠮᠦᠨ	хүн	14
иддэг	ᠪᠠᠶᠢᠨ᠎ᠠ	байна	13
идлэг	ᠱᠣᠩᠬᠣᠷ	шонхор	46
иднэ	ᠦ᠋	үү	20
иднэ	ᠭᠡᠵᠦ	гэж	10
иднэ	ᠰᠢᠦ	шүү	5
идсэн	ᠤᠤᠭᠤᠭᠰᠠᠨ	уусан	42
идсэн	ᠬᠣᠭᠣᠯᠠ	хоол	23
идсэн	ᠴᠤ	ч	18
идэвх	ᠰᠠᠨᠠᠭᠠᠴᠢᠯᠠᠭ᠎ᠠ	санаачилга	36
идэвх	ᠵᠢᠳᠬᠦᠯ	зүтгэл	34
идэвх	ᠲᠡᠢ	тэй	24
идэвхжил	ᠨᠢ	нь	10
идэвхжүүлэх	ᠲᠠᠯ᠎ᠠ ᠪᠠᠷ	талаар	12
идэвхжүүлэх	ᠬᠣᠨᠣᠭ ᠤᠨ	хоногийн	8
идэвхжүүлэх	ᠱᠠᠭᠠᠷᠳᠠᠯᠭ᠎ᠠ	шаардлага	7
идэвхи	ᠰᠠᠨᠠᠭᠠᠴᠢᠯᠭ᠎ᠠ	санаачлага	19
идэвхи	ᠵᠢᠳᠬᠦᠯ	зүтгэл	15
идэвхи	ᠰᠠᠨᠠᠭᠠᠴᠢᠯᠠᠭ᠎ᠠ	санаачилга	9
идэвхтэй	ᠣᠷᠣᠯᠴᠠᠵᠤ	оролцож	193
идэвхтэй	ᠦᠢᠯᠡ	үйл	145
идэвхтэй	ᠬᠠᠮᠲᠤᠷᠠᠨ	хамтран	95
идэвхтэн	ᠪᠠᠶᠢᠭᠠᠯᠢ	байгаль	12
идэж	ᠪᠠᠶᠢᠭ᠎ᠠ	байгаа	84
идэж	ᠤᠤᠭᠤᠵᠤ	ууж	67
идэж	ᠤᠤᠭᠤᠭᠰᠠᠨ	уусан	62
идэр	ᠲᠡᠰ	тэс	433
идэр	ᠨᠠᠴᠢᠨ	начин	169
идэр	ᠰᠤᠮᠤ ᠶᠢᠨ	сумын	75
идэрийн	ᠡᠬᠡ	эх	18
идэрийн	ᠭᠣᠣᠯ ᠤᠨ	голын	9
идэрийн	ᠭᠣᠣᠯ	гол	7
идэх	ᠨᠢ	нь	77
идэх	ᠬᠡᠷᠡᠭᠲᠡᠢ	хэрэгтэй	45
идэх	ᠬᠣᠭᠣᠯᠠ	хоол	39
идэхгүй	ᠪᠠᠶᠢᠬᠤ	байх	15
идэхгүй	ᠬᠣᠭᠣᠰᠣᠨ	хоосон	12
идэхгүй	ᠪᠣᠯ	бол	9
идэхэд	ᠯᠠ	л	6
идээ	ᠪᠡᠷ᠎ᠡ	бээр	20
идээ	ᠤᠮᠳᠠᠭ᠎ᠠ	ундаа	19
идээ	ᠪᠡᠷ᠎ᠡ ᠶᠢ	бээрийг	15
идээд	ᠯᠠ	л	10
идээд	ᠰᠠᠭᠤᠵᠤ	сууж	10
идээд	ᠪᠠᠶᠢᠪᠠᠯ	байвал	9
идээний	ᠳᠡᠭᠡᠵᠢ	дээж	16
идээний	ᠦᠨ᠎ᠡ	үнэ	7
идээний	ᠳᠡᠭᠡᠵᠢ ᠪᠡᠨ	дээжээ	6
иж	ᠪᠦᠷᠢᠨ	бүрэн	800
иж	ᠪᠦᠷᠢᠳᠦᠯ	бүрдэл	140
ижий	ᠮᠢᠨᠢ	минь	87
ижий	ᠠᠪᠤ	аав	14
ижий	ᠨᠢ	нь	8
ижил	ᠲᠥᠰᠲᠡᠢ	төстэй	173
ижил	ᠲᠥᠷᠦᠯ ᠦᠨ	төрлийн	153
ижил	ᠲᠡᠭᠰᠢ	тэгш	84
ижилхэн	ᠶᠠᠭᠤᠮ᠎ᠠ	юм	6
ижилхэн	ᠠᠮᠵᠢᠯᠲᠠ	амжилт	5
ий	ᠬᠦᠷᠡᠯ	хүрэл	205
ий	ᠮᠥᠩᠭᠥᠨ	мөнгөн	135
ий	ᠬᠤᠪᠢ ᠲᠠᠢ	хувьтай	79
ийг	ᠨᠢ	нь	154
ийг	ᠵᠣᠬᠢᠶᠠᠨ	зохион	148
ийг	ᠲᠠᠶᠢᠯᠬᠤ	тайлах	57
ийгээд	ᠯᠠ	л	16
ийм	ᠯᠠ	л	1371
ийм	ᠵᠦᠢᠯ	зүйл	503
ийм	ᠤᠴᠢᠷ ᠠᠴᠠ	учраас	406
иймдээ	ᠴᠤ	ч	39
иймэрхүү	ᠪᠠᠶᠢᠳᠠᠯ ᠢᠶᠠᠷ	байдлаар	108
иймэрхүү	ᠯᠠ	л	57
иймэрхүү	ᠮᠠᠶ᠋ᠢᠭ ᠢᠶᠠᠷ	маягаар	47
иймээс	ᠡᠨᠡ	энэ	118
иймээс	ᠴᠤ	ч	62
иймээс	ᠪᠢᠳᠡ	бид	59
ийн	ᠵᠠᠬᠢᠷᠤᠯ	захирал	783
ийн	ᠵᠢᠩᠳᠡ	жинд	537
ийн	ᠭᠦᠢᠴᠡᠳᠭᠡᠬᠦ	гүйцэтгэх	505
ийнхүү	ᠬᠣᠶᠠᠷ	хоёр	115
ийнхүү	ᠮᠣᠩᠭᠣᠯ	монгол	93
ийнхүү	ᠮᠣᠩᠭᠣᠯ ᠤᠨ	монголын	92
ийш	ᠲᠡᠰᠢ	тийш	45
ийш	ᠲᠡᠶᠢᠰᠢ ᠪᠡᠨ	тийшээ	45
ийш	ᠨᠢ	нь	10
ил	ᠲᠣᠳᠣ	тод	3416
ил	ᠵᠠᠳᠠᠭᠠᠢ	задгай	227
ил	ᠳᠠᠯᠳᠠ	далд	164
илгээдэг	ᠠᠵᠤ	аж	7
илгээж	ᠪᠠᠶᠢᠭᠰᠠᠨ	байсан	38
илгээж	ᠪᠠᠶᠢᠭ᠎ᠠ	байгаа	36
илгээж	ᠪᠤᠢ	буй	22
илгээнэ	ᠦ᠋	үү	9
илгээсэн	ᠪᠠᠶᠢᠨ᠎ᠠ	байна	87
илгээсэн	ᠶᠠᠭᠤᠮ᠎ᠠ	юм	36
илгээсэн	ᠴᠤ	ч	25
илгээх	ᠪᠣᠯᠤᠮᠵᠢ ᠲᠠᠢ	боломжтой	43
илгээх	ᠶᠠᠭᠤᠮ᠎ᠠ	юм	30
илгээх	ᠠᠯᠪᠠᠨ	албан	17
илрэл	ᠶᠠᠭᠤᠮ᠎ᠠ	юм	158
илрэл	ᠨᠢ	нь	122
илрэл	ᠭᠡᠵᠦ	гэж	81
илрэх	ᠰᠢᠨᠵᠢ	шинж	63
илрэх	ᠨᠢ	нь	21
илрэх	ᠪᠤᠢ	вэ	19
илрүүлсэн	ᠪᠠᠶᠢᠨ᠎ᠠ	байна	200
илрүүлсэн	ᠶᠠᠭᠤᠮ᠎ᠠ	юм	32
илрүүлсэн	ᠪᠥᠭᠡᠳ	бөгөөд	29
илрүүлэх	ᠨᠢ	нь	23
илрүүлэх	ᠪᠣᠯᠤᠮᠵᠢ ᠲᠠᠢ	боломжтой	20
илрүүлэх	ᠰᠢᠨᠵᠢᠯᠡᠭᠡ	шинжилгээ	20
илрүүлээд	ᠪᠠᠶᠢᠭ᠎ᠠ	байгаа	22
илрүүлээд	ᠪᠠᠶᠢᠨ᠎ᠠ	байна	5
илт	ᠳᠠᠪᠠᠭᠤ	давуу	139
илт	ᠪᠠᠶᠢᠨ᠎ᠠ	байна	22
илт	ᠬᠠᠤᠯᠢ	хууль	21
илтгэгч	ᠨᠠᠷᠠ	нар	7
илтгэл	ᠲᠠᠯᠪᠢᠵᠤ	тавьж	280
илтгэл	ᠲᠠᠯᠪᠢᠭᠰᠠᠨ	тавьсан	162
илтгэл	ᠲᠠᠯᠪᠢᠬᠤ	тавих	97
илтгэх	ᠮᠡᠲᠦ	мэт	15
илтгэх	ᠪᠢᠵᠡ	биз	10
илтгэх	ᠤᠷᠠᠯᠢᠭ ᠤᠨ	урлагийн	10
илтэд	ᠦᠯᠦ	үл	17
илхэн	ᠪᠠᠶᠢᠨ᠎ᠠ	байна	6
илхэн	ᠬᠠᠷᠠᠭᠳᠠᠵᠤ	харагдаж	5
илч	ᠨᠢ	нь	5
илчит	ᠲᠡᠷᠭᠡ	тэрэг	29
илчит	ᠲᠡᠷᠭᠡᠨ ᠦ	тэрэгний	16
илчлэх	ᠨᠢ	нь	6
илэрвэл	ᠶᠠᠭᠠᠷᠠᠯᠲᠠᠢ	яаралтай	32
илэрвэл	ᠭᠡᠷ ᠲᠦ ᠪᠡᠨ	гэртээ	12
илэрвэл	ᠶᠠᠬᠤ	яах	6
илэрдэг	ᠪᠠᠶᠢᠨ᠎ᠠ	байна	37
илэрдэг	ᠪᠤᠢ	вэ	22
илэрдэг	ᠶᠠᠭᠤᠮ᠎ᠠ	юм	15
илэрлээ	ᠭᠡᠰᠡᠨ	гэсэн	6
илэрнэ	ᠭᠡᠰᠡᠨ	гэсэн	5
илэрсэн	ᠪᠠᠶᠢᠨ᠎ᠠ	байна	211
илэрсэн	ᠲᠣᠬᠢᠶᠠᠯᠳᠤᠯ ᠳᠤ	тохиолдолд	64
илэрсэн	ᠵᠥᠷᠢᠴᠡᠯ	зөрчил	54
илэрхий	ᠪᠠᠶᠢᠨ᠎ᠠ	байна	24
илэрхий	ᠪᠣᠯᠤᠭᠰᠠᠨ	болсон	12
илэрхий	ᠪᠠᠶᠢᠭ᠎ᠠ	байгаа	9
илэрхийлж	ᠪᠠᠶᠢᠨ᠎ᠠ	байна	337
илэрхийлж	ᠪᠠᠶᠢᠭ᠎ᠠ	байгаа	255
илэрхийлж	ᠪᠠᠶᠢᠭᠰᠠᠨ	байсан	211
илэрхийлнэ	ᠦ᠋	үү	13
илэрхийлнэ	ᠭᠡᠵᠦ	гэж	9
илэрхийлнэ	ᠭᠡᠰᠡᠨ	гэсэн	6
илэрхийлсэн	ᠶᠠᠭᠤᠮ᠎ᠠ	юм	439
илэрхийлсэн	ᠪᠠᠶᠢᠨ᠎ᠠ	байна	340
илэрхийлсэн	ᠨᠢ	нь	64
илэрхийлье	ᠭᠡᠵᠦ	гэж	13
илэрхийлье	ᠭᠡᠯ᠎ᠡ	гэлээ	8
илэрхийлэл	ᠶᠠᠭᠤᠮ᠎ᠠ	юм	66
илэрхийлэл	ᠪᠣᠯᠤᠭᠰᠠᠨ	болсон	52
илэрхийлэл	ᠪᠣᠯᠵᠤ	болж	35
илэрхийлэн	ᠬᠦᠨᠳᠦᠳᠬᠡᠯ	хүндэтгэл	6
илэрхийлэх	ᠡᠷᠬᠡ	эрх	59
илэрхийлэх	ᠨᠢ	нь	48
илэрхийлэх	ᠶᠣᠰᠣᠲᠠᠢ	ёстой	38
илэрхийлээд	ᠪᠠᠶᠢᠭ᠎ᠠ	байгаа	77
илэрхийлээд	ᠮᠣᠩᠭᠣᠯ	монгол	62
илэрхийлээд	ᠪᠠᠶᠢᠨ᠎ᠠ	байна	47
илэрч	ᠪᠠᠶᠢᠨ᠎ᠠ	байна	100
илэрч	ᠪᠠᠶᠢᠭ᠎ᠠ	байгаа	87
илэрч	ᠪᠠᠶᠢᠭᠰᠠᠨ	байсан	37
илээд	ᠥᠩᠭᠡᠷᠡᠳᠡᠭ	өнгөрдөг	5
илүү	ᠶᠡᠬᠡ	их	662
илүү	ᠦᠷ᠎ᠡ	үр	434
илүү	ᠰᠠᠶᠢᠨ	сайн	393
илүүг	ᠨᠢ	нь	15
илүүг	ᠬᠢᠵᠦ	хийж	7
илүүгээр	ᠢᠯᠠᠯᠲᠠ	ялалт	13
илүүгээр	ᠢᠯᠠᠵᠤ	ялж	5
илүүд	ᠦᠵᠡᠳᠡᠭ	үздэг	125
илүүд	ᠦᠵᠡᠵᠦ	үзэж	56
илүүд	ᠦᠵᠡᠬᠦ	үзэх	50
илүүдэл	ᠵᠢᠩᠲᠡᠢ	жинтэй	79
илүүдэл	ᠵᠢᠩ	жин	62
илүүдэл	ᠥᠭᠡᠬᠦ	өөх	10
илүүтэй	ᠠᠩᠬᠠᠷᠴᠤ	анхаарч	19
илүүтэй	ᠰᠣᠨᠢᠷᠬᠠᠵᠤ	сонирхож	19
илүүтэй	ᠤᠯᠤᠰ	улс	19
илүүтэйгээр	ᠡᠨᠡ	энэ	6
илүүтэйгээр	ᠮᠣᠩᠭᠣᠯ	монгол	5
илүүц	ᠪᠢᠵᠡ	биз	46
илүүц	ᠪᠣᠯᠬᠤ ᠦᠭᠡᠢ	болохгүй	13
илүүц	ᠪᠠᠶᠢᠬᠤ	байх	6
им	ᠪ	б	10
им	ᠴ	ц	5
имиж	ᠭᠠᠶᠢᠬᠠᠯᠲᠠᠢ	гайхалтай	6
имиж	ᠪᠦᠷᠢᠳᠦᠭᠦᠯᠬᠦ	бүрдүүлэх	5
импорт	ᠪᠠᠩᠬᠢ	банк	37
импорт	ᠤᠷᠤᠯᠠᠬᠤ	орлох	27
импорт	ᠨᠢ	нь	24
импортлогч	ᠠᠵᠤ	аж	24
импортлогч	ᠨᠠᠷᠠᠲᠤ	нарт	13
импортлогч	ᠣᠷᠣᠨ	орон	12
импортлох	ᠵᠥᠪᠰᠢᠶᠡᠷᠡᠯ	зөвшөөрөл	22
импортлох	ᠱᠠᠭᠠᠷᠳᠠᠯᠭ᠎ᠠ ᠲᠠᠢ	шаардлагатай	22
импортлох	ᠨᠢ	нь	21
импортод	ᠬᠣᠷᠢᠭ	хориг	5
импортод	ᠡᠵᠡᠯᠡᠬᠦ	эзлэх	5
ин	ᠭᠡᠵᠦ	гэж	46
ин	ᠭᠡᠳ	гээд	30
ин	ᠭᠡᠬᠦ	гэх	8
ингэ	ᠲᠡᠭ	тэг	15
ингэвэл	ᠪᠢᠳᠡ	бид	9
ингэвэл	ᠮᠣᠩᠭᠣᠯ ᠤᠨ	монголын	5
ингэдэг	ᠶᠠᠭᠤᠮ᠎ᠠ	юм	18
ингэдэг	ᠪᠠᠶᠢᠵᠤ	байж	7
ингэж	ᠯᠠ	л	329
ингэж	ᠪᠠᠶᠢᠵᠤ	байж	259
ингэж	ᠴᠢᠳᠠᠪᠠᠯ	чадвал	132
ингэлээ	ᠭᠡᠳ	гээд	66
ингэлээ	ᠲᠡᠭᠡᠯ᠎ᠡ	тэглээ	6
ингэнэ	ᠲᠡᠭᠡᠨ᠎ᠡ	тэгнэ	20
ингэнэ	ᠭᠡᠵᠦ	гэж	17
ингэтлээ	ᠶᠡᠬᠡ	их	7
ингэх	ᠨᠢ	нь	79
ингэх	ᠶᠠᠭᠤᠮ᠎ᠠ	юм	33
ингэх	ᠪᠣᠯᠤᠭᠰᠠᠨ	болсон	24
ингэхгүй	ᠪᠣᠯ	бол	98
ингэхийн	ᠲᠤᠯᠠᠳᠠ	тулд	280
ингэхийн	ᠣᠷᠣᠨ ᠳᠤ	оронд	9
ингэхэд	ᠲᠠ	та	91
ингэхэд	ᠮᠠᠨ ᠤ	манай	19
ингэхэд	ᠲᠠᠨ ᠤ	таны	19
ингээд	ᠯᠠ	л	399
ингээд	ᠪᠣᠳᠣᠬᠤ ᠪᠠᠷ	бодохоор	152
ингээд	ᠡᠨᠡ	энэ	123
индекс	ᠬᠤᠪᠢᠶᠠᠷᠢ	хувиар	37
индекс	ᠨᠢ	нь	32
индекс	ᠣᠨ ᠤ	оны	23
индонез	ᠤᠯᠤᠰ ᠲᠤ	улсад	21
индонез	ᠤᠯᠤᠰ ᠤᠨ	улсын	20
индонез	ᠤᠯᠤᠰ	улс	11
индэр	ᠳᠡᠭᠡᠷ᠎ᠡ ᠡᠴᠡ	дээрээс	87
индэр	ᠳᠡᠭᠡᠷ᠎ᠡ	дээр	23
индэр	ᠪᠣᠯᠵᠤ	болж	10
инженер	ᠲᠧᠭᠨᠢᠭ ᠦᠨ	техникийн	254
инженер	ᠪᠡᠯᠡᠳᠬᠡᠬᠦ	бэлтгэх	40
инженер	ᠨ	н	30
инноваци	ᠥᠨᠳᠥᠷ	өндөр	10
инноваци	ᠨᠢ	нь	9
инноваци	ᠲᠥᠷᠥ	төр	9
институт	ᠨᠢ	нь	17
институт	ᠭᠡᠵᠦ	гэж	7
институт	ᠮᠣᠩᠭᠣᠯ ᠤᠨ	монголын	5
интернет	ᠤᠷᠴᠢᠨ ᠳᠤ	орчинд	12
интернет	ᠪᠣᠯᠤᠨ	болон	10
интернет	ᠡᠷᠬᠡ	эрх	6
интернэт	ᠤᠷᠴᠢᠨ ᠳᠤ	орчинд	41
интернэт	ᠳ᠋ᠡᠬᠢ	дэх	25
интернэт	ᠠᠰᠢᠭᠯᠠᠨ	ашиглан	22
интернэтээр	ᠳᠠᠮᠵᠢᠭᠤᠯᠤᠨ	дамжуулан	12
интернэтээр	ᠰᠢᠭᠤᠳ	шууд	10
интернэтээр	ᠠᠶᠠᠯᠬᠤ	аялах	5
инч	ᠳ᠋ᠤᠭᠠᠷ	дугаар	8
инч	ᠪᠣᠯᠤᠨ	болон	6
инч	ᠨᠢ	нь	5
инээв	ᠲᠠ	та	14
инээв	ᠪᠢ	би	10
инээв	ᠭᠡᠬᠦ ᠳᠦ ᠪᠡᠨ	гэхдээ	8
инээгээд	ᠯᠠ	л	29
инээгээд	ᠰᠠᠭᠤᠵᠤ	сууж	7
инээд	ᠬᠥᠭᠡᠷ	хөөр	45
инээд	ᠬᠥᠷ ᠢᠶᠡᠷ	хөөрөөр	20
инээд	ᠠᠯᠠᠳᠠᠨ	алдан	19
инээдтэй	ᠨᠢ	нь	13
инээдтэй	ᠴᠤ	ч	13
инээдтэй	ᠬᠡᠷᠡᠭ	хэрэг	11
инээж	ᠪᠠᠶᠢᠭᠠᠳ	байгаад	13
инээж	ᠪᠠᠶᠢᠭᠰᠠᠨ	байсан	12
инээж	ᠪᠠᠶᠢᠨ᠎ᠠ	байна	10
инээмсэглэж	ᠪᠤᠢ	буй	12
инээмсэглэж	ᠶᠠᠪᠤᠭᠠᠷᠠᠢ	яваарай	6
инээмсэглэл	ᠳᠦᠭᠦᠷᠡᠩ	дүүрэн	6
инээмсэглэл	ᠨᠢ	нь	6
инээмсэглэл	ᠲᠣᠳᠣᠷᠠᠭᠤᠯᠤᠭᠰᠠᠨ	тодруулсан	5
инээмсэглэн	ᠬᠠᠷᠢᠯᠴᠠᠬᠤ	харилцах	5
инээх	ᠨᠢ	нь	9
инээх	ᠴᠢᠨᠢ	чинь	7
иод	ᠵᠢᠯ	жил	34
иод	ᠵᠢᠯ ᠦᠨ	жилийн	32
иод	ᠣᠨ ᠤ	оны	28
ир	ᠰᠡᠨ	сэн	68
ир	ᠭᠡᠳᠡ	гэд	42
ир	ᠭᠡᠵᠦ	гэж	40
ирвэл	ᠪᠢᠳᠡ	бид	30
ирвэл	ᠶᠠᠬᠤ	яах	14
ирвэл	ᠮᠠᠨ ᠤ	манай	12
ирвэс	ᠬᠠᠮᠠᠭᠠᠯᠠᠬᠤ	хамгаалах	16
ирвэс	ᠨᠢ	нь	13
ирвэс	ᠺᠯᠤᠶᠢᠪ	клуб	11
иргэд	ᠠᠵᠤ	аж	494
иргэд	ᠨᠢ	нь	387
иргэд	ᠣᠯᠠᠨ	олон	356
иргэдийн	ᠬᠤᠪᠢ ᠳᠤ	хувьд	400
иргэдийн	ᠳᠤᠮᠳᠠ	дунд	391
иргэдийн	ᠲᠣᠭ᠎ᠠ	тоо	303
иргэн	ᠠᠵᠤ	аж	438
иргэн	ᠪᠦᠷ	бүр	339
иргэн	ᠪᠦᠷᠢ ᠳᠦ	бүрт	299
иргэний	ᠨᠡᠶᠢᠭᠡᠮ ᠤᠨ	нийгмийн	449
иргэний	ᠬᠡᠷᠡᠭ ᠦᠨ	хэргийн	288
иргэний	ᠨᠢᠰᠬᠦ ᠶᠢᠨ	нисэхийн	260
иргэншил	ᠬᠦᠯᠢᠶᠡᠨ	хүлээн	11
иргэншил	ᠳᠡᠭᠡᠳᠦ	дээд	6
иргэншил	ᠪᠣᠯᠬᠤ	болох	5
ирдэг	ᠶᠠᠭᠤᠮ᠎ᠠ	юм	149
ирдэг	ᠪᠠᠶᠢᠭᠰᠠᠨ	байсан	136
ирдэг	ᠪᠠᠶᠢᠨ᠎ᠠ	байна	61
ирдэггүй	ᠶᠠᠭᠤᠮ᠎ᠠ	юм	13
ирдэггүй	ᠪᠠᠶᠢᠭᠰᠠᠨ	байсан	8
ирдэггүй	ᠪᠣᠯᠬᠣᠷ	болохоор	5
ирж	ᠪᠠᠶᠢᠭ᠎ᠠ	байгаа	1857
ирж	ᠪᠠᠶᠢᠨ᠎ᠠ	байна	1068
ирж	ᠪᠤᠢ	буй	631
иржээ	ᠭᠡᠵᠦ	гэж	13
ирлээ	ᠭᠡᠵᠦ	гэж	69
ирлээ	ᠭᠡᠬᠦ ᠳᠦ	гэхэд	52
ирлээ	ᠭᠡᠳ	гээд	40
ирмэг	ᠳᠡᠭᠡᠷ᠎ᠡ	дээр	53
ирмэгт	ᠢᠷᠡᠭᠰᠡᠨ	ирсэн	16
ирмэгт	ᠲᠤᠯᠤᠭᠠᠳ	тулаад	10
ирмэгт	ᠪᠠᠶᠢᠭ᠎ᠠ	байгаа	8
ирнэ	ᠭᠡᠵᠦ	гэж	227
ирнэ	ᠭᠡᠰᠡᠨ	гэсэн	131
ирнэ	ᠭᠡᠳᠡᠭ	гэдэг	68
ирснийг	ᠨᠢ	нь	26
ирснийг	ᠣᠨᠴᠠᠯᠠᠨ	онцлон	20
ирснийг	ᠲᠠ	та	17
ирснээс	ᠬᠣᠶᠢᠰᠢ	хойш	107
ирснээс	ᠪᠣᠯᠵᠤ	болж	10
ирснээс	ᠭᠠᠳᠠᠨ᠎ᠠ	гадна	7
ирсэн	ᠶᠠᠭᠤᠮ᠎ᠠ	юм	898
ирсэн	ᠪᠠᠶᠢᠨ᠎ᠠ	байна	743
ирсэн	ᠨᠢ	нь	688
ирсээр	ᠪᠠᠶᠢᠨ᠎ᠠ	байна	32
ирсээр	ᠪᠠᠶᠢᠭ᠎ᠠ	байгаа	28
ирсээр	ᠯᠠ	л	9
иртэл	ᠨᠢ	нь	13
иртэл	ᠴᠢᠨᠢ	чинь	5
иртэл	ᠥᠨᠥᠬᠢ	өнөөх	5
ирчихсэн	ᠪᠠᠶᠢᠨ᠎ᠠ	байна	31
ирчихсэн	ᠪᠠᠶᠢᠭ᠎ᠠ	байгаа	27
ирчихсэн	ᠶᠠᠭᠤᠮ᠎ᠠ	юм	22
ирчихээд	ᠪᠠᠶᠢᠨ᠎ᠠ	байна	41
ирчихээд	ᠪᠠᠶᠢᠭ᠎ᠠ	байгаа	17
ирчихээд	ᠪᠠᠶᠢᠬᠤ ᠳᠤ	байхад	16
ирье	ᠭᠡᠰᠡᠨ	гэсэн	14
ирье	ᠭᠡᠵᠦ	гэж	8
ирье	ᠭᠡᠳ	гээд	7
ирэв	ᠦ᠋	үү	74
ирэв	ᠡ	ээ	37
ирэв	ᠭᠡᠳᠡᠭ	гэдэг	8
ирэн	ᠳᠡᠭᠡᠷ᠎ᠡ	дээр	19
ирэн	ᠣᠴᠢᠨ	очин	15
ирэн	ᠳᠡᠭᠡᠷ᠎ᠡ ᠪᠡᠨ	дээрээ	12
ирэнгүүт	ᠨᠢ	нь	7
ирэх	ᠣᠨ ᠤ	оны	1500
ирэх	ᠰᠠᠷ᠎ᠠ ᠶᠢᠨ	сарын	1215
ирэх	ᠣᠨ ᠳᠤ	онд	1208
ирэхгүй	ᠪᠠᠶᠢᠭ᠎ᠠ	байгаа	95
ирэхгүй	ᠪᠠᠶᠢᠨ᠎ᠠ	байна	92
ирэхгүй	ᠪᠣᠯ	бол	89
ирэхдээ	ᠯᠠ	л	9
ирэхдээ	ᠮᠣᠩᠭᠣᠯ	монгол	9
ирэхдээ	ᠥᠪᠡᠷ ᠦᠨ	өөрийн	9
ирэхийг	ᠤᠷᠢᠵᠤ	урьж	42
ирэхийг	ᠨᠢ	нь	19
ирэхийг	ᠦᠭᠡᠶᠢᠰᠬᠡᠬᠦ ᠦᠭᠡᠢ	үгүйсгэхгүй	18
ирэхийн	ᠲᠤᠯᠠᠳᠠ	тулд	45
ирэхийн	ᠴᠠᠭ ᠲᠤ	цагт	24
ирэхийн	ᠡᠮᠦᠨ᠎ᠡ	өмнө	21
ирэхэд	ᠨᠢ	нь	184
ирэхэд	ᠯᠠ	л	32
ирэхэд	ᠶᠠᠮᠠᠷ	ямар	15
ирэхээр	ᠨᠢ	нь	64
ирэхээр	ᠪᠣᠯᠤᠭᠰᠠᠨ	болсон	54
ирэхээр	ᠪᠣᠯᠵᠠᠢ	болжээ	46
ирэхээрээ	ᠯᠠ	л	9
ирэхээс	ᠡᠮᠦᠨ᠎ᠡ	өмнө	64
ирэхээс	ᠤᠷᠢᠳᠴᠢᠯᠠᠨ	урьдчилан	23
ирэхээс	ᠨᠢ	нь	10
ирээ	ᠳᠦᠢ	дүй	11
ирээ	ᠶᠠᠭᠤ	юу	9
ирээ	ᠭᠦᠢ	гүй	6
ирээгүй	ᠪᠠᠶᠢᠨ᠎ᠠ	байна	237
ирээгүй	ᠪᠠᠶᠢᠭ᠎ᠠ	байгаа	86
ирээгүй	ᠶᠠᠭᠤᠮ᠎ᠠ	юм	43
ирээд	ᠪᠠᠶᠢᠨ᠎ᠠ	байна	359
ирээд	ᠪᠠᠶᠢᠭ᠎ᠠ	байгаа	296
ирээд	ᠯᠠ	л	223
ирээдүй	ᠪᠣᠯᠤᠭᠰᠠᠨ	болсон	156
ирээдүй	ᠬᠣᠶᠢᠴᠢ	хойч	147
ирээдүй	ᠤ	у	96
ирээдүйг	ᠬᠠᠷᠠᠭᠰᠠᠨ	харсан	24
ирээдүйг	ᠨᠢ	нь	19
ирээдүйг	ᠬᠡᠷᠬᠢᠨ	хэрхэн	19
ирээдүйгээ	ᠬᠠᠷᠠᠭᠰᠠᠨ	харсан	20
ирээдүйгээ	ᠬᠠᠷᠠᠵᠤ	харж	14
ирээдүйгээ	ᠬᠠᠷᠠᠬᠤ	харах	7
ирээдүйд	ᠶᠠᠮᠠᠷ	ямар	46
ирээдүйд	ᠡᠨᠡ	энэ	31
ирээдүйд	ᠴᠤ	ч	28
ирээдүйдээ	ᠢᠲᠡᠭᠡᠯ ᠲᠡᠢ	итгэлтэй	17
ирээдүйдээ	ᠬᠥᠷᠥᠩᠭᠡ	хөрөнгө	13
ирээдүйдээ	ᠢᠲᠡᠭᠡᠬᠦ	итгэх	8
ирээдүйн	ᠥᠪ	өв	105
ирээдүйн	ᠣᠳᠣᠳ	одод	100
ирээдүйн	ᠲᠥᠯᠥᠭᠡ	төлөө	84
ирээдүйнхээ	ᠲᠥᠯᠥᠭᠡ	төлөө	27
ирээдүйнхээ	ᠲᠤᠬᠠᠢ	тухай	7
ирээрэй	ᠭᠡᠵᠦ	гэж	16
ирээрэй	ᠭᠡᠳ	гээд	6
ирээсэй	ᠭᠡᠵᠦ	гэж	34
ирээсэй	ᠭᠡᠰᠡᠨ	гэсэн	6
ирээсэй	ᠭᠡᠳ	гээд	6
ирээч	ᠭᠡᠵᠦ	гэж	13
ирээч	ᠳ᠋ᠡ	дээ	12
ирээч	ᠡ	ээ	10
ирүүлсэн	ᠪᠠᠶᠢᠨ᠎ᠠ	байна	260
ирүүлсэн	ᠪᠥᠭᠡᠳ	бөгөөд	122
ирүүлсэн	ᠰᠠᠨᠠᠯ ᠢ	саналыг	55
ирүүлэх	ᠶᠣᠰᠣᠲᠠᠢ	ёстой	40
ирүүлэх	ᠶᠠᠭᠤᠮ᠎ᠠ	юм	31
ирүүлэх	ᠪᠣᠯᠤᠮᠵᠢ ᠲᠠᠢ	боломжтой	18
истанбул	ᠬᠣᠲᠠᠳ	хотод	20
истанбул	ᠬᠣᠲᠠ	хот	7
истанбул	ᠬᠣᠲᠠ ᠶᠢᠨ	хотын	6
исэл	ᠨᠢ	нь	10
исэл	ᠬᠤᠪᠢᠶᠠᠷᠢ	хувиар	5
итгэдэг	ᠪᠠᠶᠢᠭᠰᠠᠨ	байсан	19
итгэдэг	ᠦ᠋	үү	13
итгэдэг	ᠶᠠᠭᠤᠮ᠎ᠠ	юм	11
итгэж	ᠪᠠᠶᠢᠨ᠎ᠠ	байна	600
итгэж	ᠪᠠᠶᠢᠭ᠎ᠠ	байгаа	162
итгэж	ᠪᠠᠶᠢᠭ᠎ᠠ ᠪᠠᠨ	байгаагаа	85
итгэл	ᠨᠠᠶᠢᠳᠠᠪᠤᠷᠢ	найдвар	213
итгэл	ᠲᠡᠭᠦᠰ	төгс	212
итгэл	ᠳᠦᠭᠦᠷᠡᠩ	дүүрэн	59
итгэлгүй	ᠪᠠᠶᠢᠭᠰᠠᠨ	байсан	13
итгэлгүй	ᠪᠠᠶᠢᠳᠠᠯ	байдал	7
итгэлгүй	ᠪᠠᠶᠢᠭ᠎ᠠ	байгаа	6
итгэлийг	ᠨᠢ	нь	57
итгэлийг	ᠳᠠᠭᠠᠭᠠᠵᠤ	дааж	50
итгэлийг	ᠣᠯᠵᠤ	олж	30
итгэлийн	ᠲᠥᠭᠡᠯ	төгөл	10
итгэлийн	ᠭᠠᠯ	гал	8
итгэлийн	ᠢᠨᠳᠧᠺᠰ	индекс	8
итгэлт	ᠪᠠᠶᠠᠨ	баян	15
итгэлт	ᠯᠠ	л	13
итгэлт	ᠲᠦᠩᠰᠢ	түнш	8
итгэлтэй	ᠪᠠᠶᠢᠨ᠎ᠠ	байна	913
итгэлтэй	ᠪᠠᠶᠢᠭ᠎ᠠ	байгаа	278
итгэлтэй	ᠪᠠᠶᠢᠭ᠎ᠠ ᠪᠠᠨ	байгаагаа	122
итгэлтэйгээр	ᠰᠤᠷᠴᠤ	сурч	5
итгэлцэл	ᠳᠡᠭᠡᠷ᠎ᠡ	дээр	28
итгэлцэл	ᠪᠤᠢ	бий	18
итгэлцэл	ᠬᠠᠮᠲᠤ ᠶᠢᠨ	хамтын	14
итгэлээ	ᠠᠯᠠᠳᠠᠭᠰᠠᠨ	алдсан	5
итгэлээр	ᠳᠦᠭᠦᠷᠡᠩ	дүүрэн	5
итгэмжлэл	ᠪᠦᠬᠦᠢ	бүхий	6
итгэмжлэл	ᠥᠭᠭᠦᠭᠰᠡᠨ	өгсөн	5
итгэмжлэх	ᠵᠢᠭᠤᠬᠤ	жуух	164
итгэмжлэх	ᠦᠨᠳᠦᠰᠦᠨ ᠦ	үндэсний	17
итгэмжлэх	ᠵᠠᠬᠢᠳᠠᠯ ᠢᠶᠠᠨ	захидлаа	7
итгэмээргүй	ᠴᠤ	ч	8
итгэмээргүй	ᠶᠠᠭᠤᠮ᠎ᠠ	юм	6
итгэн	ᠬᠦᠯᠢᠶᠡᠵᠦ	хүлээж	9
итгэсэн	ᠰᠢᠭ	шиг	6
итгэсэн	ᠬᠡᠪ ᠢᠶᠡᠷ	хэвээр	5
итгэсэн	ᠶᠠᠭᠤᠮ᠎ᠠ	юм	5
итгэх	ᠢᠲᠡᠭᠡᠯ	итгэл	248
итгэх	ᠢᠲᠡᠭᠡᠯ ᠢ	итгэлийг	112
итгэх	ᠦ᠋	үү	76
итгэхгүй	ᠪᠠᠶᠢᠨ᠎ᠠ	байна	62
итгэхгүй	ᠪᠠᠶᠢᠭ᠎ᠠ	байгаа	28
итгэхгүй	ᠪᠠᠶᠢᠬᠤ	байх	22
итгэхээ	ᠪᠣᠯᠢᠭᠰᠠᠨ	больсон	13
итгэхээ	ᠪᠣᠯᠢᠵᠤ	больж	9
итгэхээ	ᠪᠠᠶᠢᠭᠰᠠᠨ	байсан	8
итгээд	ᠯᠠ	л	11
итгээд	ᠪᠠᠶᠢᠭ᠎ᠠ	байгаа	8
итгээд	ᠦᠵᠡ	үз	5
итх	᠍ ᠤᠨ	ын	1076
итх	ᠳ	д	112
итх	ᠵᠠᠰᠠᠭ	засаг	41
их	ᠬᠤᠷᠠᠯ ᠤᠨ	хурлын	10111
их	ᠳᠡᠭᠡᠳᠦ	дээд	3260
их	ᠰᠤᠷᠭᠠᠭᠤᠯᠢ ᠶᠢᠨ	сургуулийн	2493
ихийг	ᠬᠢᠵᠦ	хийж	60
ихийг	ᠪᠦᠲᠦᠭᠡᠵᠦ	бүтээж	20
ихийг	ᠬᠢᠬᠦ	хийх	18
ихсэж	ᠪᠠᠶᠢᠭ᠎ᠠ	байгаа	40
ихсэж	ᠪᠠᠶᠢᠨ᠎ᠠ	байна	20
ихсэж	ᠤᠯᠠᠮ ᠢᠶᠠᠷ	улмаар	6
ихсэх	ᠡᠪᠡᠳᠴᠢᠨ	өвчин	28
ихсэх	ᠨᠢ	нь	21
ихсэх	ᠲᠤᠰᠤᠮ	тусам	19
ихтэй	ᠪᠠᠶᠢᠭ᠎ᠠ	байгаа	148
ихтэй	ᠪᠠᠶᠢᠳᠠᠭ	байдаг	100
ихтэй	ᠪᠠᠶᠢᠨ᠎ᠠ	байна	79
ихэвчлэн	ᠶᠠᠮᠠᠷ	ямар	28
ихэвчлэн	ᠨᠢᠭᠡ	нэг	14
ихэвчлэн	ᠵᠠᠯᠠᠭᠤ	залуу	13
ихэд	ᠲᠠᠲᠠᠭᠰᠠᠨ	татсан	49
ихэд	ᠲᠠᠲᠠᠵᠤ	татаж	37
ихэд	ᠰᠣᠨᠢᠷᠬᠠᠵᠤ	сонирхож	35
ихэмсэг	ᠪᠠᠷᠳᠠᠮ	бардам	11
ихэнх	ᠨᠤᠲᠤᠭ ᠢᠶᠠᠷ	нутгаар	1152
ихэнх	ᠨᠢ	нь	992
ихэнх	ᠬᠦᠮᠦᠰ	хүмүүс	106
ихэнхдээ	ᠯᠠ	л	7
ихэнхдээ	ᠰᠡᠳᠬᠢᠯ	сэтгэл	5
ихэр	ᠬᠡᠦᠬᠡᠳ	хүүхэд	42
ихэр	ᠬᠡᠦᠬᠡᠳ ᠲᠡᠢ	хүүхэдтэй	14
ихэр	ᠨᠢ	нь	12
ихэссэн	ᠪᠠᠶᠢᠨ᠎ᠠ	байна	49
ихэссэн	ᠨᠢ	нь	30
ихэссэн	ᠭᠡᠰᠡᠨ	гэсэн	13
ихэсч	ᠪᠠᠶᠢᠭ᠎ᠠ	байгаа	81
ихэсч	ᠪᠠᠶᠢᠨ᠎ᠠ	байна	66
ихэсч	ᠪᠠᠶᠢᠭ᠎ᠠ ᠲᠠᠢ	байгаатай	12
ихээр	ᠲᠠᠲᠠᠵᠤ	татаж	50
ихээр	ᠭᠠᠷᠴᠤ	гарч	38
ихээр	ᠭᠠᠷᠬᠤ	гарах	35
ихээхэн	ᠠᠴᠢ	ач	238
ихээхэн	ᠠᠩᠬᠠᠷᠤᠯ	анхаарал	112
ихээхэн	ᠠᠩᠬᠠᠷᠴᠤ	анхаарч	93
ичдэг	ᠶᠠᠭᠤᠮ᠎ᠠ	юм	6
ичиж	ᠪᠠᠶᠢᠨ᠎ᠠ	байна	18
ичиж	ᠦᠬᠦᠮᠡᠷ	үхмээр	11
ичиж	ᠪᠢᠯᠡ	билээ	5
ичих	ᠴᠤ	ч	21
ичих	ᠪᠤᠯᠴᠢᠷᠬᠠᠢ	булчирхай	13
ичих	ᠬᠡᠷᠡᠭᠲᠡᠢ	хэрэгтэй	13
ичмээр	ᠶᠠᠭᠤᠮ᠎ᠠ	юм	13
ичмээр	ᠳᠠᠮᠰᠢᠭ	дамшиг	8
ичмээр	ᠯᠠ	л	5
ичсэн	ᠬᠦᠮᠦᠨ	хүн	9
ичсэн	ᠨᠢᠭᠤᠷᠠᠨ ᠳᠦ ᠪᠡᠨ	нүүрэндээ	6
ичээд	ᠪᠠᠶᠢᠬᠤ	байх	7
ичээд	ᠪᠠᠶᠢᠳᠠᠭ	байдаг	5
иш	ᠲᠠᠲᠠᠨ	татан	34
иш	ᠲᠠᠲᠠᠭᠰᠠᠨ	татсан	27
иш	ᠲᠠᠲᠠᠵᠤ	татаж	25
ишиг	ᠬᠦᠯᠢᠶᠡᠨ	хүлээн	20
ишиг	ᠬᠤᠷᠠᠭ᠎ᠠ	хурга	8
ишиг	ᠬᠥᠭᠡᠷᠬᠡᠨ	хөөрхөн	8
к	ᠫᠣᠫ	поп	20
к	ᠭ	г	16
к	ᠺ	к	12
кабель	ᠱᠤᠭᠤᠮ	шугам	11
кабель	ᠱᠤᠭᠤᠮ ᠤᠨ	шугамын	7
кабель	ᠴᠢᠬᠢᠪᠴᠢ	чихэвч	6
кабинет	ᠨᠢ	нь	5
казах	ᠲᠦᠮᠡᠨ ᠦ	түмний	30
казах	ᠲᠦᠮᠡᠨ	түмэн	11
казах	ᠦᠨᠳᠦᠰᠦᠨ ᠦ	үндэсний	7
казахстан	ᠤᠯᠤᠰ ᠤᠨ	улсын	100
казахстан	ᠤᠯᠤᠰ	улс	56
казахстан	ᠤᠯᠤᠰ ᠲᠤ	улсад	38
кайф	ᠠᠪᠳᠠᠭ	авдаг	20
кайф	ᠠᠪᠴᠤ	авч	8
кали	ᠺᠠᠯᠼᠢ	кальци	5
калори	ᠶᠡᠬᠡ ᠲᠡᠢ	ихтэй	7
кальци	ᠹᠣᠰᠹᠣᠷ	фосфор	16
кальци	ᠨᠢ	нь	9
кальци	ᠶᠡᠬᠡ	их	5
камер	ᠨᠢ	нь	125
камер	ᠪᠣᠯᠤᠨ	болон	17
камер	ᠪᠠᠶᠢᠷᠢᠯᠠᠭᠤᠯᠵᠤ	байрлуулж	13
камертай	ᠶᠠᠭᠤᠮ᠎ᠠ	юм	14
камертай	ᠪᠠᠶᠢᠬᠤ	байх	13
камертай	ᠠᠵᠤ	аж	11
камертон	ᠬᠠᠮᠲᠤᠯᠢᠭ ᠤᠨ	хамтлагийн	10
камертон	ᠬᠠᠮᠲᠤᠯᠢᠭ	хамтлаг	9
камертон	ᠪᠢᠳᠡ	бид	5
капитал	ᠪᠠᠩᠬᠢ	банк	116
капитал	ᠱᠣᠩᠬᠣᠷ	шонхор	15
капитал	ᠦᠴᠺ	үцк	14
капиталист	ᠨᠡᠶᠢᠭᠡᠮ ᠳᠦ	нийгэмд	5
карт	ᠨᠢ	нь	48
карт	ᠠᠰᠢᠭᠯᠠᠨ	ашиглан	30
карт	ᠪᠣᠯᠤᠨ	болон	17
картын	ᠰᠢᠰᠲ᠋ᠧᠮ	систем	11
картын	ᠪᠢᠽᠢᠨ᠋ᠧᠰ	бизнес	10
картын	ᠮᠡᠳᠡᠭᠡᠯᠡᠯ	мэдээлэл	8
касс	ᠪᠣᠯᠤᠨ	болон	20
кв	᠍ ᠤᠨ	ын	230
кв	ᠨᠢ	нь	29
кв	ᠡᠶᠢᠨ	ийн	24
квадрат	ᠨᠢ	нь	68
квадрат	ᠲᠠᠯᠠᠪᠠᠢ ᠳᠤ	талбайд	18
квадрат	ᠲᠠᠯᠠᠪᠠᠢ	талбай	17
километр	ᠲᠡᠮᠦᠷ	төмөр	53
километр	ᠵᠠᠮ ᠢ	замыг	32
километр	ᠵᠠᠮ	зам	16
километрийн	ᠵᠠᠢ ᠳᠤ	зайд	31
километрийн	ᠵᠠᠶᠢᠲᠠᠢ	зайтай	16
километрийн	ᠴᠠᠭᠠᠨ᠎ᠠ	цаана	8
кино	ᠤᠷᠠᠯᠢᠭ ᠤᠨ	урлагийн	461
кино	ᠨᠢ	нь	302
кино	ᠨᠠᠭᠠᠳᠤᠮ ᠤᠨ	наадмын	245
киног	ᠪᠦᠲᠦᠭᠡᠭᠰᠡᠨ	бүтээсэн	39
киног	ᠨᠢ	нь	22
киног	ᠦᠵᠡᠭᠰᠡᠨ	үзсэн	19
кинон	ᠳᠡᠭᠡᠷ᠎ᠡ	дээр	135
кинон	ᠳᠡᠭᠡᠷ᠎ᠡ ᠡᠴᠡ	дээрээс	12
кинон	ᠳᠡᠭᠡᠷ᠎ᠡ ᠪᠡᠨ	дээрээ	6
кинонд	ᠲᠣᠭᠯᠠᠭᠰᠠᠨ	тоглосон	111
кинонд	ᠲᠣᠭᠯᠠᠬᠤ	тоглох	92
кинонд	ᠲᠣᠭᠯᠠᠵᠤ	тоглож	79
киноноос	ᠯᠠ	л	14
киноноос	ᠭᠠᠳᠠᠨ᠎ᠠ	гадна	11
киноноос	ᠬᠦᠯᠢᠶᠡᠨ	хүлээн	9
киноны	ᠭᠣᠣᠯ	гол	430
киноны	ᠵᠢᠷᠤᠭ	зураг	198
киноны	ᠤᠷᠠᠨ	уран	117
кирилл	ᠮᠣᠩᠭᠣᠯ	монгол	19
кирилл	ᠪᠢᠴᠢᠭ	бичиг	9
кирилл	ᠪᠣᠯᠤᠨ	болон	8
классик	ᠫᠣᠫ	поп	7
клиник	ᠡᠮᠨᠡᠯᠭᠡ	эмнэлэг	14
клиник	ᠰᠤᠪᠢᠯᠠᠯ	сувилал	13
клиник	ᠪᠢᠣᠬᠢᠮᠢ	биохими	10
клип	ᠨᠢ	нь	46
клип	ᠬᠢᠯᠭᠡᠬᠦ	хийлгэх	18
клип	ᠬᠢᠵᠦ	хийж	15
клуб	ᠡᠨᠡ	энэ	85
клуб	ᠨᠢ	нь	58
клуб	ᠳᠡᠭᠡᠷ᠎ᠡ	дээр	54
км	ᠡᠶᠢᠨ	ийн	454
км	ᠲᠡᠮᠦᠷ	төмөр	355
км	ᠵᠠᠮ ᠢ	замыг	306
код	ᠪᠦᠬᠦᠢ	бүхий	16
код	ᠨᠢ	нь	8
код	ᠪᠢᠴᠢᠬᠦ	бичих	6
кокс	ᠬᠢᠮᠢ ᠶᠢᠨ	химийн	9
кокс	ᠪᠣᠯᠤᠨ	болон	7
кокс	ᠵᠡᠰ	зэс	5
кола	ᠺᠣᠮᠫᠠᠨᠢ	компани	11
команд	ᠥᠭᠬᠦ ᠳᠦ	өгөхөд	6
команд	ᠥᠭᠬᠦ	өгөх	5
командлагч	ᠴ	ц	37
командлагч	ᠠᠰᠠᠨ	асан	26
командлагч	ᠬᠤᠷᠠᠨᠳᠠ	хурандаа	8
комбайн	ᠬᠤᠳᠠᠯᠳᠤᠨ	худалдан	8
комисс	ᠨᠢ	нь	38
комисс	ᠬᠦᠯᠢᠶᠡᠵᠦ	хүлээж	37
комисс	ᠬᠦᠯᠢᠶᠡᠨ	хүлээн	30
комиссар	ᠨ	н	20
комиссар	ᠰ	с	19
комиссар	ᠳ	д	18
коммунизм	ᠪᠠᠶᠢᠭᠤᠯᠬᠤ	байгуулах	6
коммунизм	ᠨᠢ	нь	5
компани	ᠨᠢ	нь	1162
компани	ᠪᠣᠯᠬᠤ	болох	322
компани	ᠡᠨᠡ	энэ	246
компьютер	ᠳᠡᠭᠡᠷ᠎ᠡ	дээр	81
компьютер	ᠪᠣᠯᠤᠨ	болон	33
компьютер	ᠨᠢ	нь	30
конгресс	ᠳᠠᠬᠢ	дахь	5
консул	ᠳ	д	15
консул	ᠨᠢ	нь	12
консул	ᠨ	н	10
контент	ᠦᠵᠡᠬᠦ	үзэх	5
контор	ᠰᠢᠭᠦᠬᠦ	шүүх	5
концерн	ᠨᠢ	нь	5
концерт	ᠳᠡᠭᠡᠷ᠎ᠡ	дээр	10
концерт	ᠡᠨᠡ	энэ	7
концерт	ᠬᠣᠶᠠᠳᠤᠭᠠᠷ	хоёрдугаар	6
коридор	ᠪᠠᠶᠢᠭᠤᠯᠬᠤ	байгуулах	28
коридор	ᠪᠤᠢ	бий	5
корпораци	ᠨᠢ	нь	81
корпораци	ᠪᠣᠯᠤᠨ	болон	29
корпораци	ᠬᠠᠮᠲᠤᠷᠠᠨ	хамтран	21
кофе	ᠱᠣᠫ	шоп	15
кофе	ᠤᠤᠭᠤᠬᠤ	уух	12
кофе	ᠨᠢ	нь	11
кран	ᠤᠨᠠᠵᠤ	унаж	5
кредит	ᠪᠠᠩᠬᠢ	банк	39
кредит	ᠴᠠᠭ ᠤᠨ	цагийн	24
кредит	ᠺᠠᠷᠲ	карт	22
куб	ᠮᠧᠲ᠋ᠷ	метр	61
куб	ᠤᠰᠤ	ус	12
куб	ᠤᠰᠤ ᠶᠢ	усыг	11
курс	ᠡᠮᠴᠢᠯᠡᠭᠡ	эмчилгээ	29
курс	ᠡᠮ	эм	8
курс	ᠨᠢ	нь	7
л	ᠳ᠋ᠠ	даа	3335
л	ᠳ᠋ᠡ	дээ	3110
л	ᠪᠠᠶᠢᠨ᠎ᠠ	байна	2705
ла	ᠯᠢᠭᠢ	лиг	75
ла	ᠰᠠᠩ	сан	28
ла	ᠭᠠ	га	24
лаа	ᠨ ᠤ	ны	7
лаа	ᠴᠤ	ч	7
лаа	ᠴᠦᠳᠡᠩᠵᠡ	шүдэнз	6
лааз	ᠢᠰᠬᠦᠯᠵᠦ	өшиглөж	14
лааз	ᠢᠰᠭᠦᠯᠬᠦ	өшиглөх	6
лааны	ᠲᠣᠰᠤᠨ	тосон	23
лааны	ᠭᠡᠷᠡᠯ ᠳᠦ	гэрэлд	10
лаборатори	ᠨᠢ	нь	42
лаборатори	ᠰᠤᠷᠭᠠᠭᠤᠯᠢ ᠶᠢᠨ	сургуулийн	26
лаборатори	ᠰᠤᠷᠭᠠᠭᠤᠯᠢ ᠳᠤ	сургуульд	26
лав	ᠯᠠ	л	94
лав	ᠪᠢᠰᠢ	биш	46
лав	ᠪᠠᠶᠢᠬᠤ ᠦᠭᠡᠢ	байхгүй	29
лавлах	ᠤᠲᠠᠰᠤ	утас	79
лавлах	ᠪᠣᠯᠤᠮᠵᠢ ᠲᠠᠢ	боломжтой	41
лавлах	ᠦᠢᠯᠡᠴᠢᠯᠡᠭᠡ	үйлчилгээ	41
лага	ᠲᠠᠢ	тай	12
лага	ᠨᠢ	нь	10
лага	ᠬᠠᠩᠭᠠᠭᠰᠠᠨ	хангасан	7
лай	ᠴᠤ	ч	12
лал	ᠲᠠᠢ	тай	17
лам	ᠨᠠᠷᠠ	нар	65
лам	ᠳ	д	25
лам	ᠬᠤᠸᠠᠷᠠᠭ	хувраг	23
лан	ᠭᠡᠶᠢᠨ	гийн	11
лангуу	ᠷ	р	43
лангуу	ᠨᠢ	нь	8
лангуу	ᠷᠤ	руу	8
лангуун	ᠳᠡᠭᠡᠷ᠎ᠡ	дээр	68
лангуун	ᠳᠡᠭᠡᠷᠡᠬᠢ	дээрх	17
лангуун	ᠳᠡᠭᠡᠷ᠎ᠡ ᠡᠴᠡ	дээрээс	11
латин	ᠠᠮᠧᠷᠢᠺᠠ ᠶᠢᠨ	америкийн	126
латин	ᠠᠮᠧᠷᠢᠺᠠ	америк	81
латин	ᠠᠮᠧᠷᠢᠺᠠ ᠳᠤ	америкт	17
лах	ᠶᠣᠰᠣᠲᠠᠢ	ёстой	23
лах	ᠨᠢ	нь	20
лах	ᠭᠦᠢ	гүй	19
лектор	ᠲᠥᠪ	төв	40
лектор	ᠲᠥᠪ ᠦᠨ	төвийн	7
лекц	ᠤᠩᠰᠢᠵᠤ	уншиж	66
лекц	ᠤᠩᠰᠢᠬᠤ	унших	53
лекц	ᠤᠩᠰᠢᠭᠰᠠᠨ	уншсан	38
ли	ᠨᠠ	на	145
ли	ᠰᠡᠨ	сэн	22
ли	ᠲᠡ	тэ	19
либерал	ᠠᠷᠠᠳᠴᠢᠯᠠᠭᠰᠠᠨ	ардчилсан	27
либерал	ᠨᠠᠮ ᠤᠨ	намын	13
либерал	ᠪᠣᠳᠣᠯᠭ᠎ᠠ	бодлого	10
лиг	ᠪᠣᠯᠤᠨ	болон	39
лиг	ᠪᠣᠯᠬᠤ	болох	36
лиг	ᠷᠦᠦ	рүү	31
лин	ᠭᠡᠶᠢᠨ	гийн	5
литр	ᠤᠰᠤ	ус	106
литр	ᠲᠤᠲᠤᠮ ᠳᠤ	тутамд	63
литр	ᠰᠦ᠋	сүү	55
лол	ᠲᠣᠢ	той	14
лол	ᠲᠣᠳᠣ	тод	7
лол	ᠲᠣᠭ᠎ᠠ	тоо	6
лондон	ᠬᠣᠲᠠ ᠶᠢᠨ	хотын	163
лондон	ᠬᠣᠲᠠᠳ	хотод	91
лондон	ᠳᠠᠬᠢ	дахь	62
лонх	ᠰᠢᠷ᠎ᠠ	шар	5
лоозон	ᠪᠠᠷᠢᠵᠤ	барьж	28
лоозон	ᠪᠠᠷᠢᠭᠰᠠᠨ	барьсан	20
лоозон	ᠪᠠᠷᠢᠨ	барин	14
лооль	ᠥᠷᠭᠡᠰᠦᠲᠦ	өргөст	17
лооль	ᠠᠮᠲᠠᠲᠤ	амтат	7
лооль	ᠤᠯᠠᠭᠠᠨ	улаан	6
лугаа	ᠠᠳᠠᠯᠢ	адил	41
луйвар	ᠬᠢᠭᠰᠡᠨ	хийсэн	25
луйвар	ᠬᠢᠵᠦ	хийж	20
луйвар	ᠬᠢᠬᠦ	хийх	11
луйварчид	ᠥᠪᠡᠷ ᠦᠨ ᠢᠶᠡᠨ	өөрийнхөө	5
луйврын	ᠭᠦᠢᠯᠭᠡᠭᠡ	гүйлгээ	13
луйврын	ᠰᠢᠨᠵᠢ ᠲᠡᠢ	шинжтэй	13
луйврын	ᠠᠷᠭ᠎ᠠ ᠪᠠᠷ	аргаар	6
лус	ᠰᠠᠪᠳᠠᠭ	савдаг	14
лус	ᠲᠠᠬᠢᠬᠤ	тахих	14
лусын	ᠬᠠᠭᠠᠨ ᠤ	хааны	39
лусын	ᠳᠠᠭᠢᠨᠢ	дагина	26
лусын	ᠵᠠᠩ	зан	12
лут	ᠬᠦᠮᠦᠨ	хүн	5
луу	ᠵᠢᠯ ᠦᠨ	жилийн	42
луу	ᠮᠣᠭᠠᠢ	могой	38
луу	ᠮᠣᠷᠢ	морь	22
лууван	ᠮᠠᠨᠵᠢᠨ	манжин	8
лууван	ᠲᠥᠭᠥᠷᠢᠭ	төгрөг	6
лууван	ᠰᠣᠩᠭᠢᠨ᠎ᠠ	сонгино	5
лхагва	ᠭᠠᠷᠠᠭ ᠲᠤ	гаригт	378
лхагва	ᠭᠠᠷᠠᠭ ᠤᠨ	гаригийн	78
лхагва	ᠭᠠᠷᠠᠭ	гариг	64
лэг	ᠦ᠋	үү	6
лэг	ᠲᠡᠢ	тэй	5
лээ	ᠰᠢᠦ	шүү	29
лээ	ᠭᠡᠵᠦ	гэж	12
лээ	ᠭᠦᠢ	гүй	11
люмино	ᠬᠠᠮᠲᠤᠯᠢᠭ ᠤᠨ	хамтлагийн	5
лүү	ᠨᠢ	нь	13
лүү	ᠰᠢᠯᠵᠢᠬᠦ	шилжих	13
лүү	ᠳᠡᠳ᠋	дэд	7
лөө	ᠲᠡᠶᠢᠨ	тийн	5
м	ᠰ	с	185
м	ᠥ	ө	164
м	ᠡᠶᠢᠨ	ийн	149
ма	ᠨᠠᠢ	най	166
ма	ᠰᠢᠩ	шин	11
ма	ᠨᠢ	нь	7
маамуу	ᠨᠠᠰᠢ	нааш	28
маань	ᠴᠤ	ч	386
маань	ᠡᠨᠡ	энэ	273
маань	ᠨᠢᠭᠡ	нэг	151
маар	ᠪᠠᠶᠢᠨ᠎ᠠ	байна	15
магад	ᠭᠦᠢ	гүй	21
магад	ᠭᠡᠵᠦ	гэж	13
магад	ᠯᠠᠯᠤ	лал	11
магадгүй	ᠭᠡᠰᠡᠨ	гэсэн	220
магадгүй	ᠶᠠᠭᠤᠮ᠎ᠠ	юм	220
магадгүй	ᠡᠨᠡ	энэ	212
магадлалтай	ᠭᠡᠵᠦ	гэж	102
магадлалтай	ᠪᠠᠶᠢᠭ᠎ᠠ	байгаа	92
магадлалтай	ᠶᠠᠭᠤᠮ᠎ᠠ	юм	82
магадлан	ᠢᠲᠡᠭᠡᠮᠵᠢᠯᠡᠬᠦ	итгэмжлэх	43
магадлан	ᠢᠲᠡᠭᠡᠮᠵᠢᠯᠡᠯ	итгэмжлэл	31
магадлан	ᠰᠢᠯᠭᠠᠬᠤ	шалгах	19
магистр	ᠳ᠋ᠣᠺᠲ᠋ᠣᠷ	доктор	41
магистр	ᠵᠡᠷᠭᠡ ᠲᠡᠢ	зэрэгтэй	32
магистр	ᠪᠣᠯᠤᠨ	болон	18
магнай	ᠳᠠᠷᠤᠭ᠎ᠠ	дарга	19
магнай	ᠲᠣᠷᠭᠠᠨ	торгон	19
магнай	ᠲᠡᠨᠢᠢᠵᠦ	тэнийж	14
магнайд	ᠭᠠᠷᠬᠤ	гарах	16
магнайд	ᠭ	г	7
магнайд	ᠭᠠᠷᠤᠭᠰᠠᠨ	гарсан	7
магтаад	ᠯᠠ	л	7
магтаал	ᠰᠣᠨᠣᠰᠤᠭᠰᠠᠨ	сонссон	6
магтаж	ᠪᠠᠶᠢᠭᠰᠠᠨ	байсан	14
магтаж	ᠪᠠᠶᠢᠭ᠎ᠠ	байгаа	12
магтаж	ᠪᠠᠶᠢᠨ᠎ᠠ	байна	11
магтан	ᠳᠠᠭᠤᠯᠠᠭᠰᠠᠨ	дуулсан	55
магтан	ᠳᠠᠭᠤᠯᠠᠵᠤ	дуулж	23
магтан	ᠳᠠᠭᠤᠯᠠᠬᠤ	дуулах	20
магтах	ᠬᠡᠷᠡᠭᠲᠡᠢ	хэрэгтэй	5
магтсан	ᠪᠠᠶᠢᠨ᠎ᠠ	байна	8
май	ᠮᠠᠢ	май	20
май	ᠵᠢᠭᠠᠰᠤ	загас	5
май	ᠲᠠᠯᠪᠢᠵᠤ	тавьж	5
майкл	ᠵᠣᠷᠳᠠᠨ	жордан	31
майхан	ᠲᠣᠯᠣᠭᠠᠢ ᠶᠢᠨ	толгойн	7
майхан	ᠲᠣᠯᠣᠭᠠᠢ	толгой	6
майхан	ᠰᠠᠪᠠᠭ᠎ᠠ	саваа	5
мал	ᠠᠵᠤ	аж	1047
мал	ᠡᠮᠨᠡᠯᠭᠡ ᠶᠢᠨ	эмнэлгийн	282
мал	ᠠᠮᠢᠲᠠᠨ ᠤ	амьтны	194
малаа	ᠵᠠᠷᠤᠵᠤ	зарж	12
малаа	ᠴᠤ	ч	12
малаа	ᠠᠯᠠᠳᠠᠭᠰᠠᠨ	алдсан	11
малгай	ᠣᠷᠢᠶᠠᠯᠲᠠ	ороолт	15
малгай	ᠳᠣᠣᠷ᠎ᠠ	дор	11
малгай	ᠨᠢ	нь	11
малгайгаа	ᠠᠪᠴᠤ	авч	8
малгайгаа	ᠡᠮᠦᠰᠦᠭᠡᠳ	өмсөөд	6
малтай	ᠬᠡᠷᠡᠨ ᠢᠶᠡᠨ	хэрнээ	22
малтай	ᠡᠷᠦᠬᠡ	өрх	13
малтай	ᠮᠣᠩᠭᠣᠯ	монгол	9
малтмал	ᠬᠠᠶᠢᠬᠤ	хайх	296
малтмал	ᠣᠯᠪᠤᠷᠢᠯᠠᠬᠤ	олборлох	53
малтмал	ᠪᠣᠯᠤᠨ	болон	39
малчдын	ᠬᠤᠪᠢ ᠳᠤ	хувьд	39
малчдын	ᠪᠦᠯᠦᠭ	бүлэг	17
малчдын	ᠬᠣᠷᠰᠢᠶ᠎ᠠ	хоршоо	17
малчид	ᠠᠷᠠᠳ	ард	193
малчид	ᠮᠠᠯ ᠢᠶᠠᠨ	малаа	43
малчид	ᠲᠦᠭᠦᠬᠡᠢ	түүхий	35
малчин	ᠡᠷᠦᠬᠡ	өрх	87
малчин	ᠡᠷᠦᠬᠡ ᠶᠢᠨ	өрхийн	66
малчин	ᠳ	д	45
малчны	ᠭᠡᠷ ᠲᠦ	гэрт	14
малчны	ᠯᠠᠪᠯᠠᠬᠤ	лавлах	10
малчны	ᠭᠡᠷ	гэр	9
малын	ᠲᠣᠭ᠎ᠠ	тоо	151
малын	ᠭᠠᠷᠤᠯ ᠲᠠᠢ	гаралтай	126
малын	ᠲᠡᠵᠢᠭᠡᠯ	тэжээл	96
ман	᠍ ᠤᠨ	ын	7260
ман	᠍ ᠢ	ыг	374
ман	ᠳ	д	337
манаж	ᠪᠠᠶᠢᠭ᠎ᠠ	байгаа	13
манаж	ᠪᠠᠶᠢᠨ᠎ᠠ	байна	5
манаж	ᠪᠠᠶᠢᠭᠰᠠᠨ	байсан	5
манай	ᠤᠯᠤᠰ ᠤᠨ	улсын	4676
манай	ᠤᠯᠤᠰ ᠲᠤ	улсад	3479
манай	ᠤᠯᠤᠰ	улс	2821
манайд	ᠡᠨᠡ	энэ	111
манайд	ᠪᠣᠯ	бол	82
манайд	ᠴᠤ	ч	77
манайх	ᠰᠢᠭ	шиг	306
манайх	ᠪᠣᠯ	бол	51
манайх	ᠴᠤ	ч	46
манайхан	ᠴᠤ	ч	34
манайхан	ᠨᠢᠭᠡ	нэг	31
манайхан	ᠡᠨᠡ	энэ	31
манан	ᠭᠡᠶᠢᠨ	гийн	34
манан	ᠳᠤᠮᠳᠠ	дунд	16
манан	ᠬᠥᠭᠡᠷᠭᠡ	хөөрөг	14
манатай	ᠯᠠ	л	5
мандаж	ᠪᠠᠶᠢᠭᠰᠠᠨ	байсан	31
мандаж	ᠪᠠᠶᠢᠭ᠎ᠠ	байгаа	11
мандаж	ᠶᠠᠪᠤᠭᠰᠠᠨ	явсан	10
мандал	ᠰᠤᠮᠤ ᠶᠢᠨ	сумын	174
мандал	ᠰᠤᠮᠤᠨ ᠳᠤ	суманд	54
мандал	ᠰᠤᠮᠤ	сум	45
мандалд	ᠣᠷᠣᠵᠤ	орж	10
мандалд	ᠤᠷᠤᠬᠤ	орох	6
мандан	ᠴᠠᠭ	цаг	106
мандан	ᠪᠠᠳᠢᠷᠴᠢ	бадарч	22
мандан	ᠪᠠᠳᠠᠷᠠᠬᠤ	бадрах	13
мандат	ᠠᠪᠤᠭᠰᠠᠨ	авсан	13
мандат	ᠳᠡᠭᠡᠷ᠎ᠡ	дээр	11
мандат	ᠠᠪᠴᠤ	авч	10
мандах	ᠪᠦᠷᠢᠳᠬᠡᠯ	бүртгэл	45
мандах	ᠨᠠᠷᠠ	нар	25
мандах	ᠰᠤᠮᠤ ᠶᠢᠨ	сумын	21
мандсан	ᠨᠠᠷᠠ	нар	5
мандсан	ᠴᠤ	ч	5
мандуулах	ᠲᠤᠬᠠᠢ	тухай	7
мандуулах	ᠶᠣᠰᠣᠯᠠᠯ	ёслол	5
мандуулж	ᠲᠥᠷᠥ ᠶᠢᠨ	төрийн	12
мандуулж	ᠪᠠᠶᠢᠭᠰᠠᠨ	байсан	10
мандуулж	ᠶᠠᠪᠤᠭᠰᠠᠨ	явсан	9
мандуулсан	ᠬᠥᠯᠥᠭ	хөлөг	10
манж	ᠴᠢᠨ	чин	15
манж	ᠨᠠᠷᠠ	нар	6
манж	ᠬᠢᠲᠠᠳ	хятад	6
манжин	ᠯᠤᠤᠪᠠᠩ	лууван	5
манжин	ᠲᠥᠭᠥᠷᠢᠭ	төгрөг	5
манлай	ᠤᠶᠠᠭᠠᠴᠢ	уяач	407
манлай	ᠰᠤᠮᠤ ᠶᠢᠨ	сумын	25
манлай	ᠳᠠᠭᠤᠴᠢᠨ	дуучин	24
манлайлагч	ᠨᠠᠷᠠᠲᠤ	нарт	13
манлайлагч	ᠨᠢ	нь	12
манлайлагч	ᠵᠠᠯᠠᠭᠤᠰ	залуус	11
манлайлал	ᠦᠵᠡᠭᠦᠯᠵᠦ	үзүүлж	10
манлайлал	ᠴᠢᠬᠤᠯᠠ	чухал	8
манлайлал	ᠨᠢ	нь	7
манлайлан	ᠣᠷᠣᠯᠴᠠᠵᠤ	оролцож	12
манлайлан	ᠠᠵᠢᠯᠯᠠᠵᠤ	ажиллаж	11
манлайлан	ᠣᠷᠣᠯᠴᠠᠭᠰᠠᠨ	оролцсон	9
манлайлах	ᠴᠢᠳᠠᠪᠤᠷᠢ	чадвар	11
манлайлах	ᠨᠢ	нь	9
манлайлах	ᠤᠷ᠎ᠠ	ур	6
манлайлж	ᠪᠠᠶᠢᠨ᠎ᠠ	байна	20
манлайлж	ᠪᠤᠢ	буй	14
манлайлж	ᠪᠠᠶᠢᠭᠰᠠᠨ	байсан	11
мансуурч	ᠳᠣᠩᠲᠣᠬᠤ	донтох	20
мансуурч	ᠪᠠᠶᠢᠭᠠᠳ	байгаад	6
мансуурч	ᠪᠠᠶᠢᠭᠰᠠᠨ	байсан	6
манхан	ᠰᠤᠮᠤ ᠶᠢᠨ	сумын	17
манхан	ᠳᠠᠯᠠᠢ ᠨᠤᠭᠤᠳ	далайнууд	9
манхан	ᠲᠩᠷᠢ ᠶᠢ	тэнгэрийг	7
мань	ᠬᠦᠮᠦᠨ	хүн	131
мань	ᠡᠷ᠎ᠡ	эр	83
мань	ᠮᠡᠲᠦ	мэт	22
марал	ᠡᠷᠳᠡᠨᠢ	эрдэнэ	43
марал	ᠠᠯᠤᠩᠭᠤᠸ᠎ᠠ	алунгоо	9
марал	ᠰᠠᠩ	сан	7
маргаад	ᠪᠠᠶᠢᠬᠤ	байх	19
маргаан	ᠬᠢᠨᠠᠨ	хянан	89
маргаан	ᠳᠠᠭᠠᠭᠤᠯᠤᠭᠰᠠᠨ	дагуулсан	62
маргаан	ᠲᠠᠰᠤᠯᠬᠤ	таслах	59
маргааны	ᠲᠠᠯ᠎ᠠ ᠪᠠᠷ	талаар	15
маргааны	ᠰᠡᠳᠦᠪ	сэдэв	14
маргааны	ᠭᠣᠣᠯ	гол	11
маргааш	ᠨᠢ	нь	497
маргааш	ᠪᠤᠶᠤ	буюу	362
маргааш	ᠥᠷᠯᠥᠭᠡ	өглөө	153
маргаашдаа	ᠨᠤᠲᠤᠭ ᠤᠨ	нутгийн	39
маргаашдаа	ᠶᠡᠬᠡᠩᠬᠢ	ихэнх	11
маргаашдаа	ᠴᠠᠭ	цаг	9
маргаашийн	ᠲᠥᠯᠥᠭᠡ	төлөө	13
маргаашийн	ᠳᠣᠲᠣᠷ᠎ᠠ	дотор	9
маргаашийн	ᠬᠡᠳᠦᠨ	хэдэн	6
маргад	ᠡᠷᠳᠡᠨᠢ	эрдэнэ	13
маргад	ᠡᠬᠡ	эх	5
маргаж	ᠪᠠᠶᠢᠭ᠎ᠠ	байгаа	15
маргаж	ᠪᠤᠢ	буй	7
маргаж	ᠪᠣᠯᠤᠨ᠎ᠠ	болно	5
маргалдаж	ᠤᠯᠠᠮ ᠢᠶᠠᠷ	улмаар	17
маргалдаж	ᠪᠠᠶᠢᠭ᠎ᠠ	байгаа	14
маргалдаж	ᠪᠠᠶᠢᠭᠰᠠᠨ	байсан	9
маргах	ᠬᠦᠮᠦᠨ	хүн	54
маргах	ᠵᠢᠷᠤᠮ ᠢᠶᠠᠷ	журмаар	23
маргах	ᠠᠷᠭ᠎ᠠ ᠦᠭᠡᠢ	аргагүй	9
маргахгүй	ᠪᠢᠵᠡ	биз	27
маргахгүй	ᠪᠠᠶᠢᠬᠤ	байх	15
маргахгүй	ᠪᠢ ᠵ᠎ᠡ	бизээ	7
марк	ᠳ	д	6
марк	ᠳ᠋ᠤᠭᠠᠷ	дугаар	6
марк	ᠨᠢ	нь	6
маркийн	ᠠᠦ᠋ᠲ᠋ᠣᠮᠠᠰᠢᠨ	автомашин	46
маркийн	ᠮᠠᠰᠢᠨ	машин	37
маркийн	ᠠᠦ᠋ᠲ᠋ᠣ᠋	авто	34
март	ᠭᠡᠵᠦ	гэж	5
мартаагүй	ᠪᠠᠶᠢᠭ᠎ᠠ	байгаа	18
мартаагүй	ᠯᠠ	л	11
мартаагүй	ᠡ	ээ	11
мартаад	ᠪᠠᠶᠢᠨ᠎ᠠ	байна	7
мартаарай	ᠭᠡᠵᠦ	гэж	6
мартагдах	ᠰᠢᠬᠠᠭᠰᠠᠨ	шахсан	19
мартагдах	ᠠᠶᠤᠯ	аюул	8
мартагдах	ᠨᠢ	нь	7
мартагдашгүй	ᠨᠠᠮᠤᠷ	намар	14
мартагдашгүй	ᠳᠤᠷᠠᠰᠤᠮᠵᠢ	дурсамж	7
мартагдашгүй	ᠰᠠᠶᠢᠬᠠᠨ	сайхан	6
мартаж	ᠪᠣᠯᠬᠤ ᠦᠭᠡᠢ	болохгүй	237
мартаж	ᠴᠢᠳᠠᠬᠤ ᠦᠭᠡᠢ	чадахгүй	24
мартаж	ᠦᠯᠦ	үл	10
мартах	ᠤᠴᠢᠷ ᠦᠭᠡᠢ	учиргүй	48
мартах	ᠶᠣᠰᠣ ᠦᠭᠡᠢ	ёсгүй	32
мартах	ᠬᠡᠷᠡᠭᠲᠡᠢ	хэрэгтэй	20
мартахгүй	ᠡ	ээ	45
мартахгүй	ᠪᠠᠶᠢᠬᠤ ᠶᠢ	байхыг	8
мартахгүй	ᠪᠠᠶᠢᠬᠤ	байх	7
мартдаггүй	ᠶᠠᠭᠤᠮ᠎ᠠ	юм	25
мартсан	ᠪᠠᠶᠢᠨ᠎ᠠ	байна	9
мартсан	ᠪᠣᠯᠤᠯᠲᠠᠢ	бололтой	9
мартсан	ᠴᠤ	ч	8
маруухан	ᠪᠠᠶᠢᠭ᠎ᠠ	байгаа	6
маруухан	ᠪᠠᠶᠢᠭᠰᠠᠨ	байсан	6
марш	ᠠᠶᠠᠯᠭᠤ	аялгуу	8
маршал	ᠬ	х	36
маршал	ᠭ	г	20
маршал	ᠭᠡᠬᠦ	гэх	5
маршрут	ᠨᠢ	нь	12
маршрут	ᠭᠠᠷᠭᠠᠵᠤ	гаргаж	9
маршрут	ᠪᠣᠯᠤᠨ	болон	6
маск	ᠵᠡᠭᠦᠬᠦ	зүүх	9
маск	ᠵᠡᠭᠦᠵᠦ	зүүж	5
маск	ᠦᠢᠯᠡᠳᠪᠦᠷᠢᠯᠡᠬᠦ	үйлдвэрлэх	5
массаж	ᠬᠢᠬᠦ	хийх	14
массаж	ᠨᠢ	нь	9
массаж	ᠡᠳᠦᠷ ᠲᠦ	өдөрт	6
мастер	ᠪ	б	795
мастер	ᠳ	д	360
мастер	ᠭ	г	238
математик	ᠹᠢᠽᠢᠺ	физик	53
математик	ᠠᠩᠭᠯᠢ	англи	32
математик	ᠬᠢᠮᠢ	хими	19
материал	ᠨᠢ	нь	88
материал	ᠬᠦᠯᠢᠶᠡᠨ	хүлээн	48
материал	ᠪᠣᠯᠤᠨ	болон	37
мах	ᠮᠢᠬᠠᠨ	махан	236
мах	ᠲᠥᠭᠥᠷᠢᠭ	төгрөг	122
мах	ᠰᠦ᠋	сүү	110
махаа	ᠬᠤᠳᠠᠯᠳᠤᠨ	худалдан	7
махаа	ᠠᠪᠴᠤ	авч	5
махан	ᠪᠦᠲᠦᠭᠡᠭᠳᠡᠬᠦᠨ	бүтээгдэхүүн	142
махан	ᠳᠡᠭᠡᠷ᠎ᠡ	дээр	10
махан	ᠪᠡᠶ᠎ᠡ	бие	9
махтай	ᠬᠣᠯᠪᠣᠭᠠᠲᠠᠢ	холбоотой	13
махтай	ᠬᠣᠭᠣᠯᠠ	хоол	8
махчин	ᠵᠢᠭᠠᠰᠤ	загас	11
махчин	ᠠᠮᠢᠲᠠᠨ	амьтан	6
махчин	ᠰᠢᠪᠠᠭᠤᠳ	шувууд	6
махыг	ᠨᠢ	нь	42
махыг	ᠵᠠᠬ᠎ᠠ	зах	14
махыг	ᠢᠷᠡᠬᠦ	ирэх	10
маш	ᠶᠡᠬᠡ	их	4551
маш	ᠣᠯᠠᠨ	олон	2274
маш	ᠰᠠᠶᠢᠨ	сайн	1706
машин	ᠨᠢ	нь	192
машин	ᠮᠧᠬᠠᠨᠢᠰᠮ	механизм	101
машин	ᠲᠣᠨᠣᠭ	тоног	89
машинаа	ᠤᠨᠠᠭᠠᠳ	унаад	7
машинаа	ᠤᠨᠠᠵᠤ	унаж	7
машинаа	ᠡᠷᠭᠢᠭᠦᠯᠦᠨ	эргүүлэн	7
машинаар	ᠵᠥᠭᠡᠭᠡᠵᠦ	зөөж	13
машинаар	ᠲᠣᠭᠠᠯᠠᠬᠤ	тоолох	13
машинаар	ᠳᠠᠭᠠᠷᠢᠵᠤ	дайрч	11
машинд	ᠨᠢ	нь	24
машинд	ᠰᠠᠭᠤᠵᠤ	сууж	15
машинд	ᠰᠠᠭᠤᠭᠠᠳ	суугаад	12
машиндаа	ᠰᠠᠭᠤᠵᠤ	сууж	8
машиндаа	ᠰᠠᠭᠤᠯᠭᠠᠭᠠᠳ	суулгаад	8
машиндаа	ᠰᠠᠭᠤᠯᠭᠠᠨ	суулган	5
машинтай	ᠬᠦᠮᠦᠰ	хүмүүс	14
машинтай	ᠪᠣᠯᠵᠤ	болж	12
машинтай	ᠬᠣᠯᠪᠣᠭᠠᠲᠠᠢ	холбоотой	10
машинууд	ᠨᠢ	нь	29
машинууд	ᠭᠣᠪᠢ ᠶᠢᠨ	говийн	5
машинууд	ᠬᠢᠯᠢ	хил	5
машины	ᠵᠢᠯᠣᠭᠣᠴᠢ	жолооч	59
машины	ᠵᠣᠭᠰᠣᠭᠠᠯ	зогсоол	58
машины	ᠦᠨ᠎ᠡ	үнэ	25
машиныг	ᠨᠢ	нь	73
машиныг	ᠰᠠᠶ᠋ᠢ	сая	12
машиныг	ᠵᠣᠬᠢᠶᠠᠨ	зохион	11
маяг	ᠨᠢ	нь	22
маяг	ᠵᠠᠩ	зан	12
маяг	ᠷᠤ	руу	8
маягаар	ᠯᠠ	л	21
маягаар	ᠠᠵᠢᠯᠯᠠᠵᠤ	ажиллаж	12
маягаар	ᠶᠠᠪᠤᠵᠤ	явж	8
маягийн	ᠵᠦᠢᠯ	зүйл	27
маягийн	ᠶᠠᠭᠤᠮ᠎ᠠ	юм	26
маягийн	ᠵᠢᠷᠤᠭ	зураг	6
маягт	ᠦᠢᠯᠡᠳᠦᠭᠰᠡᠨ	үйлдсэн	26
маягт	ᠲᠡᠭᠦᠨ ᠢ	түүнийг	16
маягт	ᠡᠶᠢᠨ	ийн	7
маягтай	ᠪᠠᠶᠢᠭᠰᠠᠨ	байсан	8
маягтай	ᠶᠠᠭᠤᠮ᠎ᠠ	юм	8
маягтай	ᠯᠠ	л	7
мвт	᠍ ᠤᠨ	ын	329
мвт	ᠬᠦᠴᠦᠨ	хүчин	69
мвт	ᠠᠷ	аар	67
медаль	ᠬᠦᠷᠲᠡᠭᠰᠡᠨ	хүртсэн	2320
медаль	ᠬᠦᠷᠲᠡᠵᠦ	хүртэж	1163
медаль	ᠬᠦᠷᠲᠡᠯ᠎ᠡ	хүртлээ	735
менежер	ᠪ	б	87
менежер	ᠳ	д	36
менежер	ᠨ	н	30
мессеж	ᠢᠷᠡᠭᠰᠡᠨ	ирсэн	19
мессеж	ᠢᠯᠡᠭᠡᠵᠦ	илгээж	15
мессеж	ᠢᠯᠡᠭᠡᠬᠦ	илгээх	15
метал	ᠷᠣᠺ	рок	11
метал	ᠬᠥᠭᠵᠢᠮ᠎ᠡ	хөгжим	8
металл	ᠭᠣᠶᠣᠯ ᠤᠨ	гоёлын	13
металл	ᠵᠡᠷᠭᠡ	зэрэг	9
металл	ᠭᠠᠵᠠᠷ ᠤᠨ	газрын	7
метр	ᠬᠦᠷᠴᠦ	хүрч	2001
метр	ᠵᠠᠷᠢᠮ	зарим	652
метр	ᠡᠳᠦᠷ ᠲᠦ ᠪᠡᠨ	өдөртөө	489
метро	ᠪᠠᠷᠢᠬᠤ	барих	17
метро	ᠭᠦᠦᠷᠡ	гүүр	8
метро	ᠪᠠᠶᠢᠭᠤᠯᠬᠤ	байгуулах	5
механизм	ᠨᠢ	нь	63
механизм	ᠪᠤᠢ	бий	61
механизм	ᠲᠣᠨᠣᠭ	тоног	27
механик	ᠢᠨᠵᠧᠨᠧᠷ	инженер	28
механик	ᠠᠷᠭ᠎ᠠ ᠪᠠᠷ	аргаар	9
механик	ᠲᠥᠬᠥᠭᠡᠷᠦᠮᠵᠢ	төхөөрөмж	9
миами	ᠬᠢᠲᠦ	хит	39
миат	ᠡᠶᠢᠨ	ийн	306
миат	᠍ ᠤᠨ	ын	98
миат	ᠺᠣᠮᠫᠠᠨᠢ	компани	73
мик	ᠡᠶᠢᠨ	ийн	25
мик	ᠳ	д	8
мик	ᠡᠶᠢᠭ	ийг	6
микрофон	ᠪᠣᠯᠤᠨ	болон	5
микрофон	ᠨᠢ	нь	5
мин	ᠢᠯᠡᠳᠬᠡᠯ	илтгэл	20
мин	ᠤᠯᠤᠰ ᠤᠨ	улсын	5
мин	ᠬᠣᠲᠠᠳ	хотод	5
минж	ᠨᠢ	нь	6
миний	ᠬᠤᠪᠢ ᠳᠤ	хувьд	2103
миний	ᠪᠡᠶ᠎ᠡ	бие	787
миний	ᠪᠣᠳᠣᠯ ᠢᠶᠠᠷ	бодлоор	404
минийх	ᠭᠡᠵᠦ	гэж	31
минийх	ᠪᠢᠰᠢ	биш	19
минийх	ᠯᠠ	л	13
мину	ᠵᠡ	зээ	21
минут	ᠲᠤᠲᠤᠮ ᠳᠤ	тутамд	64
минут	ᠦᠷᠭᠦᠯᠵᠢᠯᠡᠭᠰᠡᠨ	үргэлжилсэн	64
минут	ᠰᠧᠺᠦᠶᠢᠨᠳ᠋	секунд	52
минь	ᠴᠢ	чи	538
минь	ᠡ	ээ	282
минь	ᠨᠠᠮᠠᠢ	намайг	218
мисс	ᠪ	б	19
мисс	ᠲ	т	14
мисс	ᠰᠢᠯᠭᠠᠷᠠᠭᠤᠯᠬᠤ	шалгаруулах	12
мишээл	ᠨᠠᠷᠠ	нар	11
мишээл	ᠡᠬᠡ	эх	6
мишээл	ᠭᠡᠳᠡᠭ	гэдэг	5
мм	ᠡᠶᠢᠨ	ийн	220
мм	ᠵᠢᠩ	жин	34
мм	ᠳ᠋ᠢᠶᠠᠮᠧᠲ᠋ᠷ	диаметр	28
мобайл	ᠫᠣᠰ	пос	14
мобайл	ᠪᠠᠩᠬᠢ	банк	7
мобайл	ᠬᠬᠺ	ххк	7
мобиком	ᠺᠣᠷᠫᠣᠷᠠᠼᠢ	корпораци	56
мобиком	ᠶᠨᠢᠲ᠋ᠧᠯ	юнител	15
могой	ᠵᠢᠯ ᠦᠨ	жилийн	89
могой	ᠪᠡᠴᠢᠨ	бич	38
могой	ᠬᠣᠨᠢ	хонь	22
могойн	ᠭᠣᠣᠯ	гол	34
могойн	ᠭᠣᠣᠯ ᠤᠨ	голын	24
могойн	ᠴᠢᠭᠤᠯᠭᠠᠨ	чуулган	15
могул	ᠰᠣᠨᠣᠷ	сонор	7
мод	ᠲᠠᠷᠢᠬᠤ	тарих	658
мод	ᠲᠠᠷᠢᠵᠤ	тарьж	184
мод	ᠮᠣᠳᠣᠨ	модон	128
моддыг	ᠴᠡᠪᠡᠷᠯᠡᠨ	цэвэрлэн	6
моддын	ᠳᠣᠣᠷ᠎ᠠ	доор	6
моддын	ᠳᠤᠮᠳᠠ	дунд	5
моддын	ᠮᠥᠴᠢᠷ	мөчир	5
модель	ᠡ	э	15
модель	ᠣ	о	11
модель	ᠴᠤ	ч	11
модны	ᠬᠤᠯᠠᠭᠠᠢ	хулгай	21
модны	ᠨᠥᠭᠡᠴᠡ	нөөц	18
модны	ᠪᠣᠭᠣᠮᠲᠠ	боомт	17
модод	ᠨᠢ	нь	12
модон	ᠮᠣᠷᠢᠨ	морин	80
модон	ᠬᠣᠨᠢᠨ	хонин	66
модон	ᠮᠠᠲ᠋ᠧᠷᠢᠶᠠᠯ	материал	31
модонд	ᠤᠶᠠᠭᠰᠠᠨ	уясан	5
модоо	ᠬᠠᠮᠠᠭᠠᠯᠠᠬᠤ	хамгаалах	12
модоо	ᠨᠥᠬᠥᠨ	нөхөн	6
модоо	ᠲᠠᠷᠢᠵᠤ	тарьж	6
модтой	ᠭᠠᠵᠠᠷ	газар	6
модыг	ᠨᠢ	нь	23
модыг	ᠬᠡᠷᠬᠢᠨ	хэрхэн	10
модыг	ᠬᠠᠮᠠᠭᠠᠯᠠᠬᠤ	хамгаалах	7
молекул	ᠪᠢᠣᠯᠣᠭᠢ	биологи	8
молор	ᠡᠷᠳᠡᠨᠢ	эрдэнэ	44
молор	ᠡᠷᠳᠡᠨᠢ ᠶᠢᠨ	эрдэнийн	11
молор	ᠡᠷᠳᠡᠨᠢ ᠶᠢ	эрдэнийг	6
монгол	ᠤᠯᠤᠰ ᠤᠨ	улсын	38289
монгол	ᠤᠯᠤᠰ	улс	9409
монгол	ᠤᠯᠤᠰ ᠲᠤ	улсад	7011
монголбанк	ᠵᠠᠰᠠᠭ ᠤᠨ	засгийн	126
монголбанк	ᠥᠨᠥᠳᠥᠷ	өнөөдөр	92
монголбанк	ᠪᠣᠯᠤᠨ	болон	55
монголд	ᠠᠩᠬ᠎ᠠ	анх	512
монголд	ᠣᠷᠣᠵᠤ	орж	262
монголд	ᠢᠷᠡᠵᠦ	ирж	252
монголдоо	ᠢᠷᠡᠭᠡᠳ	ирээд	57
монголдоо	ᠪᠦᠲᠦᠭᠡᠵᠡᠭᠡᠶ᠎ᠡ	бүтээцгээе	50
монголдоо	ᠠᠩᠬ᠎ᠠ	анх	35
монголоо	ᠭᠡᠰᠡᠨ	гэсэн	34
монголоо	ᠢᠩᠭᠢᠵᠦ	ингэж	13
монголоо	ᠬᠥᠭᠵᠢᠭᠦᠯᠬᠦ	хөгжүүлэх	8
монголоор	ᠳᠦᠭᠦᠷᠡᠩ	дүүрэн	17
монголоор	ᠳᠠᠮᠵᠢᠨ	дамжин	15
монголоор	ᠨᠢᠭᠡ	нэг	14
монголоороо	ᠪᠠᠬᠠᠷᠬᠠᠵᠤ	бахархаж	7
монголоороо	ᠯᠠ	л	7
монголоос	ᠥᠭᠡᠷ᠎ᠡ	өөр	50
монголоос	ᠠᠩᠬ᠎ᠠ	анх	40
монголоос	ᠭᠠᠳᠠᠨ᠎ᠠ	гадна	31
монголч	ᠡᠷᠳᠡᠮᠲᠡᠨ	эрдэмтэн	30
монголчууд	ᠪᠢᠳᠡ	бид	624
монголчууд	ᠪᠢᠳᠡᠨ ᠦ	бидний	151
монголчууд	ᠮᠠᠨᠢ	маань	121
монголчуудын	ᠬᠤᠪᠢ ᠳᠤ	хувьд	302
монголчуудын	ᠳᠤᠮᠳᠠ	дунд	90
монголчуудын	ᠬᠠᠮᠤᠭ ᠤᠨ	хамгийн	39
монголыг	ᠬᠠᠷᠢᠭᠤᠴᠠᠭᠰᠠᠨ	хариуцсан	19
монголыг	ᠰᠣᠨᠢᠷᠬᠠᠬᠤ	сонирхох	16
монголыг	ᠰᠣᠨᠢᠷᠬᠠᠵᠤ	сонирхож	14
монголын	ᠦᠨᠳᠦᠰᠦᠨ ᠦ	үндэсний	1901
монголын	ᠠᠷᠠᠳ	ард	1179
монголын	ᠵᠠᠰᠠᠭ ᠤᠨ	засгийн	992
монголынхоо	ᠨᠡᠷ᠎ᠡ ᠶᠢ	нэрийг	64
монголынхоо	ᠠᠷᠠᠳ	ард	45
монголынхоо	ᠲᠥᠯᠥᠭᠡ	төлөө	18
монос	ᠤᠯᠠᠭᠠᠨᠪᠠᠭᠠᠲᠤᠷ	улаанбаатар	27
монос	ᠡᠮ᠎ᠡ ᠶᠢᠨ	эмийн	17
монос	ᠡᠬᠡ	эх	12
моод	ᠪᠣᠯᠵᠤ	болж	9
моодонд	ᠣᠷᠣᠵᠤ	орж	15
моодонд	ᠤᠷᠤᠬᠤ	орох	9
моодонд	ᠣᠷᠣᠭᠰᠠᠨ	орсон	9
мордох	ᠭᠡᠵᠦ	гэж	31
мордох	ᠮᠡᠬᠡ ᠪᠡᠷ	мэхээр	20
мордох	ᠶᠠᠭᠤᠮ᠎ᠠ	юм	9
мордсон	ᠶᠠᠭᠤᠮ᠎ᠠ	юм	14
мордсон	ᠪᠢᠯᠡ	билээ	13
мордсон	ᠪᠠᠶᠢᠨ᠎ᠠ	байна	11
морийг	ᠨᠢ	нь	20
морийг	ᠨᠠᠰᠤᠲᠠᠢ	настай	10
морийг	ᠤᠨᠠᠵᠤ	унаж	9
морин	ᠬᠤᠭᠤᠷ	хуур	460
морин	ᠬᠤᠭᠤᠷ ᠤᠨ	хуурын	449
морин	ᠬᠤᠭᠤᠷᠴᠢ	хуурч	180
моринд	ᠳᠤᠷᠠᠲᠠᠢ	дуртай	19
моринд	ᠬᠠᠶᠢᠷᠠᠲᠠᠢ	хайртай	17
моринд	ᠲᠠᠰᠢᠭᠤᠷ	ташуур	5
морины	ᠤᠷᠤᠯᠳᠤᠭᠠᠨ	уралдаан	148
морины	ᠬᠦᠴᠢᠲᠡᠢ	хүчтэй	57
морины	ᠰᠠᠯᠪᠤᠷᠢ	салбар	43
морио	ᠤᠨᠠᠭᠠᠳ	унаад	12
морио	ᠤᠶᠠᠵᠤ	уяж	8
морио	ᠤᠨᠤᠶ᠎ᠠ	уная	7
морь	ᠤᠨᠠᠵᠤ	унаж	112
морь	ᠨᠢ	нь	67
морь	ᠤᠶᠠᠵᠤ	уяж	56
морьд	ᠨᠢ	нь	14
морьд	ᠮᠠᠨᠢ	маань	12
морьд	ᠳᠥᠩᠭᠡᠵᠢ	дөнгөж	10
морьдын	ᠤᠷᠤᠯᠳᠤᠭᠠᠨ	уралдаан	147
морьдын	ᠴᠣᠯᠠ	цол	16
морьдын	ᠳᠤᠮᠳᠠ	дунд	11
морьт	ᠬᠥᠰᠢᠶ᠎ᠡ	хөшөө	10
морьт	ᠬᠣᠷᠤᠭ᠎ᠠ	хороо	8
морьт	ᠳ᠋ᠢᠸᠢᠽ	дивиз	5
морьтой	ᠦᠯᠢᠭᠡᠷ	үлгэр	14
морьтой	ᠬᠦᠮᠦᠨ	хүн	11
морьтой	ᠴᠤ	ч	10
морьтон	ᠮᠣᠩᠭᠣᠯᠴᠤᠳ ᠤᠨ	монголчуудын	36
морьтон	ᠮᠣᠩᠭᠣᠯ	монгол	29
морьтон	ᠮᠣᠩᠭᠣᠯᠴᠤᠳ	монголчууд	25
москва	ᠬᠣᠲᠠ ᠶᠢᠨ	хотын	132
москва	ᠬᠣᠲᠠᠳ	хотод	67
москва	ᠬᠣᠲᠠ	хот	38
москвагийн	ᠶᠡᠬᠡ	их	42
москвагийн	ᠣᠯᠢᠮᠫ ᠤᠨ	олимпийн	17
москвагийн	ᠣᠯᠠᠨ	олон	14
мотор	ᠨᠢ	нь	11
мотоцикл	ᠤᠨᠠᠳᠠᠭ	унадаг	5
му	᠍ ᠤᠨ	ын	611
му	ᠳ	д	12
му	᠍ ᠢ	ыг	8
муж	ᠤᠯᠤᠰ ᠤᠨ	улсын	59
муж	ᠳᠠᠬᠢ	дахь	28
муж	ᠨᠢ	нь	21
музей	ᠨᠢ	нь	21
музей	ᠪᠣᠯᠤᠨ	болон	18
музей	ᠨᠳ	нд	12
муис	ᠡᠶᠢᠨ	ийн	1455
муис	ᠳ	д	175
муис	ᠱᠤᠲ᠋ᠢᠰ	шутис	97
мултарсан	ᠶᠠᠭᠤᠮ᠎ᠠ	юм	7
мултрах	ᠭᠡᠵᠦ	гэж	11
мултрах	ᠠᠷᠭ᠎ᠠ	арга	8
мундаг	ᠬᠦᠮᠦᠨ	хүн	52
мундаг	ᠶᠠᠭᠤᠮ᠎ᠠ	юм	30
мундаг	ᠬᠦᠮᠦᠰ	хүмүүс	24
мундахгүй	ᠶᠡᠬᠡ	их	18
мундахгүй	ᠣᠯᠠᠨ	олон	9
мундахгүй	ᠭᠡᠳᠡᠭ	гэдэг	6
муу	ᠪᠠᠶᠢᠨ᠎ᠠ	байна	217
муу	ᠪᠠᠶᠢᠭ᠎ᠠ	байгаа	196
муу	ᠨᠥᠯᠥᠭᠡ ᠲᠡᠢ	нөлөөтэй	116
мууг	ᠨᠢ	нь	37
мууг	ᠦᠵᠡᠬᠦ	үзэх	19
мууг	ᠦᠵᠡᠵᠦ	үзэж	5
муугаар	ᠨᠥᠯᠦᠭᠡᠯᠡᠵᠦ	нөлөөлж	56
муугаар	ᠨᠦᠯᠦᠭᠡᠯᠡᠬᠦ	нөлөөлөх	33
муугаар	ᠨᠥᠯᠦᠭᠡᠯᠡᠨ᠎ᠡ	нөлөөлнө	25
муудаж	ᠪᠠᠶᠢᠨ᠎ᠠ	байна	42
муудаж	ᠪᠠᠶᠢᠭ᠎ᠠ	байгаа	37
муудаж	ᠭᠠᠳᠠᠭᠠᠳᠤ ᠶᠢᠨ	гадаадын	11
муудах	ᠨᠢ	нь	14
муудах	ᠬᠦᠨᠡᠰᠦᠨ ᠦ	хүнсний	10
муудах	ᠲᠥᠯᠥᠪᠲᠡᠢ	төлөвтэй	9
муулаад	ᠪᠠᠶᠢᠳᠠᠭ	байдаг	9
муулах	ᠪᠢᠰᠢ	биш	5
муулах	ᠨᠢ	нь	5
муулж	ᠪᠠᠶᠢᠭ᠎ᠠ	байгаа	10
муулж	ᠪᠣᠯᠤᠨ᠎ᠠ	болно	6
муулж	ᠪᠠᠶᠢᠨ᠎ᠠ	байна	5
муур	ᠬᠤᠯᠤᠭᠠᠨ᠎ᠠ	хулгана	11
муур	ᠨᠣᠬᠠᠢ	нохой	7
муур	ᠰᠢᠭ	шиг	7
муутай	ᠪᠠᠶᠢᠭ᠎ᠠ	байгаа	68
муутай	ᠪᠠᠶᠢᠨ᠎ᠠ	байна	50
муутай	ᠪᠠᠶᠢᠭᠰᠠᠨ	байсан	50
муухай	ᠵᠦᠢᠯ	зүйл	28
муухай	ᠶᠠᠭᠤᠮ᠎ᠠ	юм	24
муухай	ᠬᠠᠷᠠᠭᠳᠠᠭᠤᠯᠬᠤ	харагдуулах	22
муухан	ᠡᠷ᠎ᠡ	эр	5
мухар	ᠰᠦᠰᠦᠭ	сүсэг	21
мухар	ᠭᠤᠳᠤᠮᠵᠢ	гудамж	18
мухар	ᠰᠦᠰᠦᠭ ᠲᠦ	сүсэгт	12
мэд	ᠳᠡᠭ	дэг	19
мэд	ᠯᠡᠭ	лэг	14
мэд	ᠳᠢᠭ ᠦᠭᠡᠢ	дэггүй	13
мэддэг	ᠪᠣᠯᠤᠭᠰᠠᠨ	болсон	147
мэддэг	ᠪᠠᠶᠢᠬᠤ	байх	110
мэддэг	ᠬᠦᠮᠦᠨ	хүн	79
мэддэггүй	ᠶᠠᠭᠤᠮ᠎ᠠ	юм	46
мэддэггүй	ᠪᠠᠶᠢᠭᠰᠠᠨ	байсан	40
мэддэггүй	ᠪᠠᠶᠢᠯ᠎ᠠ	байлаа	20
мэдлийг	ᠨᠢ	нь	41
мэдлийг	ᠬᠠᠤᠯᠢ	хууль	33
мэдлийг	ᠨᠡᠮᠡᠭᠳᠡᠭᠦᠯᠬᠦ	нэмэгдүүлэх	27
мэдлийн	ᠬᠦᠷᠢᠶᠡᠨ ᠳᠦ	хүрээнд	48
мэдлийн	ᠲᠥᠯᠥᠭᠡ	төлөө	47
мэдлийн	ᠲᠥᠯᠦᠭᠡᠬᠢ	төлөөх	43
мэдлэг	ᠴᠢᠳᠠᠪᠤᠷᠢ	чадвар	181
мэдлэг	ᠤᠷ᠎ᠠ	ур	157
мэдлэг	ᠣᠯᠭᠣᠬᠤ	олгох	144
мэдлэгтэй	ᠪᠠᠶᠢᠬᠤ	байх	77
мэдлэгтэй	ᠬᠦᠮᠦᠨ	хүн	24
мэдлэгтэй	ᠪᠣᠯᠬᠤ	болох	18
мэдлээ	ᠤᠷᠪᠠᠭᠤᠯᠤᠨ	урвуулан	121
мэдлээ	ᠬᠡᠲᠦᠷᠡᠭᠦᠯᠦᠨ	хэтрүүлэн	73
мэдлээ	ᠬᠡᠲᠦᠷᠡᠭᠦᠯᠦᠭᠰᠡᠨ	хэтрүүлсэн	33
мэднэ	ᠳ᠋ᠡ	дээ	66
мэднэ	ᠰᠢᠦ	шүү	66
мэднэ	ᠡ	ээ	34
мэдрэгдсэн	ᠦ᠋	үү	6
мэдрэгдсэн	ᠵᠦᠢᠯ	зүйл	5
мэдрэгдэж	ᠪᠠᠶᠢᠨ᠎ᠠ	байна	94
мэдрэгдэж	ᠪᠠᠶᠢᠭ᠎ᠠ	байгаа	29
мэдрэгдэж	ᠪᠠᠶᠢᠯ᠎ᠠ	байлаа	14
мэдрэгдэх	ᠨᠢ	нь	9
мэдрэгдэх	ᠶᠠᠭᠤᠮ᠎ᠠ	юм	6
мэдрэгдэх	ᠪᠣᠯ	бол	5
мэдрэл	ᠮᠡᠰᠡ	мэс	28
мэдрэл	ᠡᠮᠡᠭᠲᠡᠶᠢᠴᠦᠳ	эмэгтэйчүүд	12
мэдрэл	ᠰᠡᠯᠪᠢᠬᠦ	сэлбэх	10
мэдрэмж	ᠲᠥᠷᠦᠵᠢ	төрж	71
мэдрэмж	ᠲᠥᠷᠦᠳᠡᠭ	төрдөг	51
мэдрэмж	ᠲᠦᠷᠦᠭᠰᠡᠨ	төрсөн	40
мэдрэмжийг	ᠨᠢ	нь	7
мэдрэмжийг	ᠲᠥᠷᠦᠭᠦᠯᠵᠦ	төрүүлж	6
мэдрэмжийг	ᠲᠥᠷᠥᠭᠦᠯᠬᠦ	төрүүлэх	6
мэдрэх	ᠪᠣᠯᠤᠨ᠎ᠠ	болно	49
мэдрэх	ᠪᠣᠯᠤᠮᠵᠢ ᠲᠠᠢ	боломжтой	33
мэдрэх	ᠨᠢ	нь	31
мэдрэхгүй	ᠪᠠᠶᠢᠬᠤ	байх	8
мэдрэхгүй	ᠪᠠᠶᠢᠭ᠎ᠠ	байгаа	6
мэдрэхгүй	ᠪᠠᠶᠢᠨ᠎ᠠ	байна	5
мэдрээ	ᠬᠤᠳᠠᠯᠳᠤᠭ᠎ᠠ	худалдаа	8
мэдрээ	ᠨᠢ	нь	6
мэдрээд	ᠪᠠᠶᠢᠨ᠎ᠠ	байна	12
мэдрээд	ᠵᠣᠭᠰᠣᠬᠤ ᠦᠭᠡᠢ	зогсохгүй	5
мэдрээд	ᠯᠠ	л	5
мэдрүүлж	ᠪᠠᠶᠢᠭ᠎ᠠ	байгаа	15
мэдрүүлж	ᠴᠢᠳᠠᠭᠰᠠᠨ	чадсан	11
мэдрүүлж	ᠪᠠᠶᠢᠨ᠎ᠠ	байна	5
мэдрүүлсэн	ᠶᠠᠭᠤᠮ᠎ᠠ	юм	16
мэдрүүлэх	ᠨᠢ	нь	18
мэдрүүлэх	ᠭᠡᠨ᠎ᠡ	гэнэ	12
мэдрүүлэх	ᠵᠣᠷᠢᠯᠭ᠎ᠠ ᠲᠠᠢ	зорилготой	10
мэдсэн	ᠶᠠᠭᠤᠮ᠎ᠠ	юм	58
мэдсэн	ᠴᠤ	ч	56
мэдсэн	ᠪᠣᠯ	бол	43
мэдсэнгүй	ᠡ	ээ	9
мэдсээр	ᠪᠠᠶᠢᠵᠤ	байж	268
мэдсээр	ᠪᠠᠶᠢᠭ᠎ᠠ	байгаа	5
мэдэг	ᠳᠡᠯ	дэл	7
мэдэг	ᠳ᠋ᠡᠬᠢ	дэх	6
мэдэгдсэн	ᠪᠠᠶᠢᠨ᠎ᠠ	байна	554
мэдэгдсэн	ᠶᠠᠭᠤᠮ᠎ᠠ	юм	415
мэдэгдсэн	ᠪᠢᠯᠡ	билээ	123
мэдэгдэл	ᠣᠨ ᠤ	оны	261
мэдэгдэл	ᠬᠢᠵᠦ	хийж	113
мэдэгдэл	ᠬᠢᠭᠰᠡᠨ	хийсэн	98
мэдэгдэнэ	ᠭᠡᠰᠡᠨ	гэсэн	9
мэдэгдэнэ	ᠭᠡᠵᠦ	гэж	6
мэдэгдэнэ	ᠦ᠋	үү	6
мэдэгдэх	ᠶᠣᠰᠣᠲᠠᠢ	ёстой	46
мэдэгдэх	ᠬᠡᠷᠡᠭᠲᠡᠢ	хэрэгтэй	24
мэдэгдэх	ᠡᠭᠦᠷᠭᠡ ᠲᠡᠢ	үүрэгтэй	16
мэдэгдэхгүй	ᠪᠠᠶᠢᠨ᠎ᠠ	байна	16
мэдэгдэхгүй	ᠪᠠᠶᠢᠭ᠎ᠠ	байгаа	15
мэдэгдэхгүй	ᠪᠠᠶᠢᠭᠰᠠᠨ	байсан	9
мэдэгдээд	ᠪᠠᠶᠢᠭ᠎ᠠ	байгаа	247
мэдэгдээд	ᠪᠠᠶᠢᠨ᠎ᠠ	байна	93
мэдэгдээд	ᠪᠠᠶᠢᠭᠰᠠᠨ	байсан	68
мэдэж	ᠪᠠᠶᠢᠭ᠎ᠠ	байгаа	1018
мэдэж	ᠪᠠᠶᠢᠭᠰᠠᠨ	байсан	204
мэдэж	ᠪᠠᠶᠢᠨ᠎ᠠ	байна	187
мэдэл	ᠠᠯᠪᠠᠨ	албан	128
мэдэл	ᠪᠦᠬᠦᠢ	бүхий	79
мэдэл	ᠪᠤᠶᠤ	буюу	46
мэдэлгүй	ᠶᠠᠬᠤᠪ	яахав	9
мэдэлгүй	ᠶᠠᠬᠤ	яах	7
мэдэлгүй	ᠯᠠ	л	6
мэдэлд	ᠪᠠᠶᠢᠳᠠᠭ	байдаг	68
мэдэлд	ᠪᠠᠶᠢᠭ᠎ᠠ	байгаа	51
мэдэлд	ᠪᠠᠶᠢᠬᠤ	байх	39
мэдэлтэй	ᠬᠦᠮᠦᠨ	хүн	12
мэдэлтэй	ᠬᠦᠮᠦᠰ	хүмүүс	11
мэдэлтэй	ᠮᠥᠩᠭᠥ ᠲᠡᠢ	мөнгөтэй	10
мэдэн	ᠡᠮ	эм	13
мэдэн	ᠥᠭᠡᠷᠡᠴᠢᠯᠡᠵᠦ	өөрчилж	9
мэдэн	ᠰᠢᠢᠳᠪᠦᠷᠢ	шийдвэр	7
мэдэрдэг	ᠶᠠᠭᠤᠮ᠎ᠠ	юм	10
мэдэрдэг	ᠪᠠᠶᠢᠬᠤ	байх	8
мэдэрдэг	ᠪᠣᠯᠬᠣᠷ	болохоор	6
мэдэрнэ	ᠭᠡᠳᠡᠭ	гэдэг	7
мэдэрсэн	ᠶᠠᠭᠤᠮ᠎ᠠ	юм	16
мэдэрсэн	ᠪᠤᠢ	бэ	13
мэдэрсэн	ᠪᠠᠶᠢᠬᠤ	байх	12
мэдэрч	ᠪᠠᠶᠢᠨ᠎ᠠ	байна	121
мэдэрч	ᠪᠠᠶᠢᠭ᠎ᠠ	байгаа	76
мэдэрч	ᠪᠠᠶᠢᠭᠰᠠᠨ	байсан	29
мэдэх	ᠶᠠᠭᠤᠮ᠎ᠠ	юм	392
мэдэх	ᠨᠢ	нь	209
мэдэх	ᠪᠤᠢ	вэ	166
мэдэхгүй	ᠪᠠᠶᠢᠨ᠎ᠠ	байна	648
мэдэхгүй	ᠶᠠᠭᠤᠮ᠎ᠠ	юм	302
мэдэхгүй	ᠴᠤ	ч	147
мэдэхийг	ᠬᠦᠰᠡᠪᠡᠯ	хүсвэл	20
мэдэхийг	ᠬᠦᠰᠴᠢ	хүсч	16
мэдэхийг	ᠬᠦᠰᠡᠭᠰᠡᠨ	хүссэн	8
мэдэхийн	ᠲᠤᠯᠠᠳᠠ	тулд	53
мэдэхийн	ᠳᠡᠭᠡᠳᠦ ᠪᠡᠷ	дээдээр	36
мэдэхийн	ᠲᠥᠯᠥᠭᠡ	төлөө	7
мэдэхэд	ᠯᠠ	л	11
мэдэхэд	ᠠᠭᠤᠯᠵᠠᠨ᠎ᠠ	уулзана	5
мэдэхээ	ᠪᠠᠶᠢᠭᠰᠠᠨ	байсан	12
мэдэхээ	ᠪᠣᠯᠢᠭᠰᠠᠨ	больсон	7
мэдэхээр	ᠪᠠᠶᠢᠨ᠎ᠠ	байна	105
мэдэхээр	ᠪᠠᠶᠢᠭ᠎ᠠ	байгаа	63
мэдэхээр	ᠪᠠᠶᠢᠭ᠎ᠠ ᠶᠢ	байгааг	13
мэдээ	ᠲᠠᠨ ᠳᠤ	танд	10004
мэдээ	ᠮᠡᠳᠡᠭᠡᠯᠡᠯ	мэдээлэл	209
мэдээ	ᠪᠠᠶᠢᠨ᠎ᠠ	байна	169
мэдээгүй	ᠪᠠᠶᠢᠭᠰᠠᠨ	байсан	52
мэдээгүй	ᠶᠠᠭᠤᠮ᠎ᠠ	юм	35
мэдээгүй	ᠪᠠᠶᠢᠵᠤ	байж	14
мэдээд	ᠪᠠᠶᠢᠳᠠᠭ ᠦᠭᠡᠢ	байдаггүй	9
мэдээд	ᠪᠠᠶᠢᠳᠠᠭ	байдаг	8
мэдээд	ᠪᠠᠶᠢᠭ᠎ᠠ	байгаа	7
мэдээж	ᠬᠡᠷᠡᠭ	хэрэг	403
мэдээж	ᠡᠨᠡ	энэ	287
мэдээж	ᠣᠯᠠᠨ	олон	63
мэдээллээ	ᠢᠯᠡ	ил	24
мэдээллээ	ᠠᠪᠬᠤ	авах	17
мэдээллээ	ᠠᠪᠴᠤ	авч	17
мэдээлнэ	ᠭᠡᠵᠦ	гэж	17
мэдээлнэ	ᠭᠡᠰᠡᠨ	гэсэн	6
мэдээлсэн	ᠪᠠᠶᠢᠨ᠎ᠠ	байна	309
мэдээлсэн	ᠶᠠᠭᠤᠮ᠎ᠠ	юм	239
мэдээлсэн	ᠪᠢᠯᠡ	билээ	151
мэдээлэл	ᠣᠯᠠᠨ	олон	2522
мэдээлэл	ᠬᠢᠯ᠎ᠡ	хийлээ	1457
мэдээлэл	ᠪᠠᠶᠢᠨ᠎ᠠ	байна	733
мэдээлэх	ᠪᠣᠯᠤᠨ᠎ᠠ	болно	115
мэдээлэх	ᠶᠠᠭᠤᠮ᠎ᠠ	юм	57
мэдээлэх	ᠡᠭᠦᠷᠭᠡ ᠲᠡᠢ	үүрэгтэй	37
мэдүүлэг	ᠥᠭᠭᠦᠭᠰᠡᠨ	өгсөн	93
мэдүүлэг	ᠠᠪᠴᠤ	авч	56
мэдүүлэг	ᠥᠭᠴᠦ	өгч	54
мэдүүлэх	ᠬᠠᠤᠯᠢ	хууль	55
мэдүүлэх	ᠨᠢ	нь	29
мэдүүлэх	ᠵᠢᠷᠤᠮ ᠤᠨ	журмын	19
мэйл	ᠬᠠᠶᠠᠭ	хаяг	15
мэйл	ᠶᠠᠪᠤᠭᠤᠯᠤᠭᠰᠠᠨ	явуулсан	8
мэйл	ᠪᠢᠴᠢᠬᠦ	бичих	7
мэлмий	ᠲᠤᠩᠭᠠᠯᠠᠭ	тунгалаг	6
мэлмий	ᠶᠠᠭᠤ ᠶᠢ ᠪᠠᠨ	юугаа	6
мэлмий	ᠨᠢᠳᠦ	нүд	5
мэлмийг	ᠪᠠᠶᠠᠰᠬᠠᠵᠤ	баясгаж	6
мэлмийг	ᠮᠢᠯᠢᠶᠠᠵᠤ	мялааж	6
мэлхий	ᠨᠢ	нь	14
мэлхий	ᠨᠢᠩᠵᠠ	нинжа	12
мэлхий	ᠰᠡᠯᠢᠯᠲᠡ	сэлэлт	12
мэнд	ᠬᠦᠷᠭᠡᠶ᠎ᠡ	хүргэе	236
мэнд	ᠠᠮᠢ	амь	144
мэнд	ᠪᠣᠯᠪᠠᠰᠤᠷᠠᠯ	боловсрол	97
мэндийг	ᠳᠡᠮᠵᠢᠬᠦ	дэмжих	300
мэндийг	ᠬᠠᠮᠠᠭᠠᠯᠠᠬᠤ	хамгаалах	148
мэндийг	ᠬᠦᠷᠭᠡᠶ᠎ᠡ	хүргэе	68
мэндийн	ᠰᠠᠶᠢᠳ	сайд	1054
мэндийн	ᠰᠠᠯᠪᠤᠷᠢ ᠳᠤ	салбарт	606
мэндийн	ᠦᠨᠳᠦᠰᠦᠨ ᠦ	үндэсний	476
мэндлэх	ᠨᠢ	нь	13
мэндлэх	ᠭᠡᠵᠦ	гэж	6
мэндчилгээ	ᠳᠡᠪᠰᠢᠭᠦᠯᠵᠦ	дэвшүүлж	66
мэндчилгээ	ᠳᠡᠪᠰᠢᠭᠦᠯᠦᠭᠰᠡᠨ	дэвшүүлсэн	33
мэндчилгээ	ᠳᠡᠪᠰᠢᠭᠦᠯᠦᠶ᠎ᠡ	дэвшүүлье	27
мэндэлж	ᠪᠠᠶᠢᠭ᠎ᠠ	байгаа	20
мэндэлж	ᠪᠠᠶᠢᠭᠰᠠᠨ	байсан	16
мэндэлж	ᠪᠤᠢ	буй	11
мэндэлсэн	ᠡᠳᠦᠷ	өдөр	61
мэндэлсэн	ᠪᠠᠶᠢᠨ᠎ᠠ	байна	24
мэндэлсэн	ᠶᠠᠭᠤᠮ᠎ᠠ	юм	22
мэндээ	ᠬᠠᠮᠠᠭᠠᠯᠠᠬᠤ	хамгаалах	28
мэндээ	ᠬᠠᠮᠠᠭᠠᠯᠠᠭᠤᠯᠬᠤ	хамгаалуулах	15
мэндээ	ᠬᠠᠮᠠᠭᠠᠯᠠᠵᠤ	хамгаалж	7
мэр	ᠰᠡᠷᠡ	сэр	145
мэр	ᠭᠡᠵᠦ	гэж	42
мэр	ᠡ	э	11
мэргэд	ᠪᠣᠯᠤᠨ	болон	7
мэргэд	ᠰᠤᠳᠤᠯᠤᠭᠠᠴᠢᠳ	судлаачид	6
мэргэжил	ᠳᠡᠭᠡᠭᠰᠢᠯᠡᠭᠦᠯᠬᠦ	дээшлүүлэх	261
мэргэжил	ᠠᠷᠭ᠎ᠠ	арга	165
мэргэжил	ᠨᠢᠭᠡᠲᠦ	нэгт	88
мэргэжилтэй	ᠠᠵᠢᠯᠲᠠᠨ	ажилтан	179
мэргэжилтэй	ᠪᠣᠯᠪᠠᠰᠤᠨ	боловсон	78
мэргэжилтэй	ᠬᠦᠮᠦᠨ	хүн	46
мэргэжилтэн	ᠪ	б	137
мэргэжилтэн	ᠪᠡᠯᠡᠳᠬᠡᠬᠦ	бэлтгэх	125
мэргэжилтэн	ᠳ	д	110
мэргэн	ᠪᠤᠤᠴᠢ	бууч	197
мэргэн	ᠪ	б	38
мэргэн	ᠬ	х	36
мэргэний	ᠪᠣᠯᠵᠣᠯ	болзол	21
мэргэшил	ᠤᠷ᠎ᠠ	ур	12
мэргэшил	ᠳᠡᠭᠡᠭᠰᠢᠯᠡᠭᠦᠯᠬᠦ	дээшлүүлэх	7
мэс	ᠵᠠᠰᠠᠯ	засал	1020
мэс	ᠵᠠᠰᠠᠯᠴᠢ	засалч	55
мэс	ᠵᠠᠰᠠᠯ ᠢᠶᠠᠨ	заслаа	11
мэссэж	ᠪᠢᠴᠢᠬᠦ	бичих	18
мэссэж	ᠪᠢᠴᠢᠵᠦ	бичиж	6
мэссэж	ᠢᠯᠡᠭᠡᠬᠦ	илгээх	6
мэт	ᠣᠯᠠᠨ	олон	516
мэт	ᠪᠣᠯᠪᠠᠴᠤ	боловч	186
мэт	ᠰᠡᠳᠬᠢᠭᠳᠡᠯ	сэтгэгдэл	114
мэтийн	ᠣᠯᠠᠨ	олон	10
мэтийн	ᠠᠷᠢᠭᠤᠳᠬᠠᠭᠴᠢ	ариутгагч	8
мэтийн	ᠵᠦᠢᠯ	зүйл	6
мэтчилэн	ᠣᠯᠠᠨ	олон	106
мэтчилэн	ᠮᠠᠰᠢ	маш	16
мэтчилэн	ᠮᠣᠩᠭᠣᠯ	монгол	10
мэтээр	ᠶᠠᠷᠢᠵᠤ	ярьж	58
мэтээр	ᠣᠯᠠᠨ	олон	46
мэтээр	ᠶᠠᠷᠢᠶ᠎ᠠ ᠳᠤ	яриад	18
мэх	ᠬᠢᠵᠦ	хийж	38
мэх	ᠨᠢ	нь	20
мэх	ᠬᠢᠬᠦ	хийх	14
мэхийг	ᠤᠷᠤᠯᠳᠤᠭᠤᠯᠤᠨ	уралдуулан	23
мэхийг	ᠨᠢ	нь	9
мэхийг	ᠬᠢᠵᠦ	хийж	5
мэхлэх	ᠵᠠᠮ ᠢᠶᠠᠷ	замаар	21
мэхлэх	ᠭᠡᠮᠲᠦ	гэмт	16
мэхлэх	ᠠᠷᠭ᠎ᠠ ᠪᠠᠷ	аргаар	10
мэхний	ᠬᠤᠪᠢᠯᠪᠤᠷᠢ	хувилбар	17
мэхэлсэн	ᠭᠡᠮᠲᠦ	гэмт	6
мэхээр	ᠳᠠᠪᠤᠰᠤᠨ	давсан	39
мэхээр	ᠴᠡᠪᠡᠷ	цэвэр	22
мэхээр	ᠳᠠᠪᠠᠵᠤ	давж	14
мээн	ᠶᠠᠷᠢᠭᠰᠠᠨ	ярьсан	5
мягмар	ᠭᠠᠷᠠᠭ ᠲᠤ	гаригт	281
мягмар	ᠫᠦᠷᠪᠦ	пүрэв	123
мягмар	ᠭᠠᠷᠠᠭ ᠤᠨ	гаригийн	69
мялааж	ᠰᠡᠳᠬᠢᠯ ᠢ	сэтгэлийг	9
мялааж	ᠪᠠᠶᠢᠭᠰᠠᠨ	байсан	7
мялааж	ᠪᠠᠶᠢᠭ᠎ᠠ	байгаа	6
мялаалга	ᠪᠣᠯᠭᠠᠵᠤ	болгож	11
мялаалга	ᠨᠠᠭᠠᠳᠤᠮ	наадам	9
мялаалга	ᠨᠠᠭᠠᠳᠤᠮ ᠳᠤ	наадамд	7
мялаасан	ᠶᠠᠭᠤᠮ᠎ᠠ	юм	30
мялаасан	ᠪᠠᠶᠢᠨ᠎ᠠ	байна	10
мялаасан	ᠪᠢᠯᠡ	билээ	9
мялаах	ᠨᠢ	нь	12
мялаах	ᠶᠠᠭᠤᠮ᠎ᠠ	юм	8
мялаах	ᠭᠡᠵᠦ	гэж	5
мян	ᠭᠠᠨ	ган	75
мянга	ᠭᠠᠷᠤᠢ	гаруй	943
мянга	ᠣᠷᠴᠢᠮ	орчим	564
мянга	ᠮᠢᠩᠭᠠᠨ	мянган	392
мянгаар	ᠨᠢ	нь	23
мянгаар	ᠨᠡᠮᠡᠭᠳᠡᠭᠰᠡᠨ	нэмэгдсэн	20
мянгаар	ᠲᠣᠭᠠᠯᠠᠭᠳᠠᠬᠤ	тоологдох	15
мянгаараа	ᠪᠤᠢ	бий	5
мянган	ᠲᠥᠭᠥᠷᠢᠭ	төгрөг	2373
мянган	ᠲᠣᠨ	тонн	2232
мянган	ᠠᠮᠠ	ам	1366
мянганы	ᠬᠥᠭᠵᠢᠯ ᠦᠨ	хөгжлийн	191
мянганы	ᠵᠠᠮ	зам	18
мянганы	ᠵᠠᠮ ᠤᠨ	замын	9
мянгат	ᠮᠠᠯᠴᠢᠨ	малчин	34
мянгат	ᠷ	р	11
мянгат	ᠮᠠᠯᠴᠢᠨ ᠤ	малчны	7
мүонрт	ᠡᠶᠢᠨ	ийн	191
мүонрт	ᠡᠭᠡᠷᠡ	ээр	16
мүонрт	᠍ ᠤᠨ	ын	12
мөлхөж	ᠣᠴᠢᠭᠠᠳ	очоод	5
мөн	ᠯᠠ	л	2161
мөн	ᠡᠨᠡ	энэ	1832
мөн	ᠮᠣᠩᠭᠣᠯ	монгол	723
мөнгийг	ᠨᠢ	нь	518
мөнгийг	ᠬᠤᠪᠢᠳᠠᠭ᠎ᠠ	хувьдаа	64
мөнгийг	ᠬᠡᠷᠬᠢᠨ	хэрхэн	51
мөнгө	ᠬᠦᠷᠡᠯ	хүрэл	1196
мөнгө	ᠨᠢ	нь	494
мөнгө	ᠤᠭᠢᠶᠠᠭᠰᠠᠨ	угаасан	386
мөнгөгүй	ᠪᠣᠯᠤᠭᠰᠠᠨ	болсон	22
мөнгөгүй	ᠪᠣᠯ	бол	21
мөнгөгүй	ᠪᠠᠶᠢᠭᠰᠠᠨ	байсан	14
мөнгөлөг	ᠰᠠᠷᠠᠯ	саарал	14
мөнгөлөг	ᠴᠠᠭᠠᠨ	цагаан	7
мөнгөлөг	ᠥᠩᠭᠡ ᠲᠡᠢ	өнгөтэй	6
мөнгөн	ᠮᠧᠳᠠᠯ	медаль	2041
мөнгөн	ᠱᠠᠩᠨᠠᠯ	шагнал	299
мөнгөн	ᠲᠡᠮᠳᠡᠭᠲᠦ	тэмдэгт	167
мөнгөнд	ᠨᠢ	нь	13
мөнгөнд	ᠳᠤᠷ᠎ᠠ ᠦᠭᠡᠢ	дургүй	11
мөнгөнд	ᠳᠤᠷᠠᠲᠠᠢ	дуртай	11
мөнгөний	ᠪᠣᠳᠣᠯᠭ᠎ᠠ	бодлого	388
мөнгөний	ᠨᠡᠶᠢᠯᠡᠭᠦᠯᠦᠯᠲᠡ	нийлүүлэлт	184
мөнгөний	ᠬᠠᠲᠠᠭᠤ	хатуу	134
мөнгөнөөс	ᠢᠯᠡᠭᠦᠦ	илүү	25
мөнгөнөөс	ᠨᠢ	нь	25
мөнгөнөөс	ᠰᠠᠶ᠋ᠢ	сая	18
мөнгөтэй	ᠬᠣᠯᠪᠣᠭᠠᠲᠠᠢ	холбоотой	50
мөнгөтэй	ᠬᠦᠮᠦᠨ	хүн	46
мөнгөтэй	ᠪᠣᠯᠵᠤ	болж	38
мөнгөө	ᠠᠪᠴᠤ	авч	79
мөнгөө	ᠠᠪᠬᠤ	авах	50
мөнгөө	ᠲᠥᠯᠥᠭᠡᠳ	төлөөд	35
мөнгөөр	ᠨᠢ	нь	52
мөнгөөр	ᠬᠤᠳᠠᠯᠳᠤᠵᠤ	худалдаж	38
мөнгөөр	ᠶᠠᠭᠤ	юу	20
мөнгөөрөө	ᠡᠨᠡ	энэ	5
мөнх	ᠡᠷᠳᠡᠨᠢ	эрдэнэ	889
мөнх	ᠣᠷᠭᠢᠯ	оргил	372
мөнх	ᠪᠤᠰᠤ ᠶᠢ	бусыг	123
мөнхболд	ᠣᠨᠣᠭ᠎ᠠ	оноо	26
мөнхболд	ᠨᠠᠷ ᠤᠨ	нарын	11
мөнхболд	ᠬᠥᠭᠵᠢᠮ ᠦᠨ	хөгжмийн	8
мөнхийн	ᠦᠰᠦᠭ	үсэг	53
мөнхийн	ᠬᠥᠷᠰᠢ	хөрш	43
мөнхийн	ᠥᠷᠢᠰᠦᠯᠳᠦᠭᠴᠢ	өрсөлдөгч	36
мөнхсайхан	ᠳ	д	40
мөнхсайхан	ᠠ	а	10
мөнхсайхан	ᠠᠬ᠎ᠠ	ах	5
мөнхөд	ᠤᠷᠤᠰᠢᠬᠤ	орших	12
мөнхөд	ᠪᠠᠶᠢᠬᠤ	байх	5
мөнхөд	ᠪᠢ	би	5
мөнхөлсөн	ᠶᠠᠭᠤᠮ᠎ᠠ	юм	7
мөнхөлсөн	ᠪᠢᠯᠡ	билээ	6
мөнхөлсөн	ᠪᠠᠶᠢᠨ᠎ᠠ	байна	5
мөнхөө	ᠠᠷᠰᠯᠠᠨ	арслан	5
мөр	ᠵᠡᠷᠭᠡᠴᠡᠨ	зэрэгцэн	131
мөр	ᠪᠣᠯᠭᠠᠬᠤ	болгох	36
мөр	ᠨᠢ	нь	30
мөргөж	ᠬᠣᠶᠠᠳᠤᠭᠠᠷ	хоёрдугаар	25
мөргөж	ᠳᠠᠷᠤᠭ᠎ᠠ ᠶᠢᠨ	дараагийн	21
мөргөж	ᠠᠮᠢ	амь	17
мөргөсөн	ᠶᠠᠭᠤᠮ᠎ᠠ	юм	12
мөргөсөн	ᠪᠥᠭᠡᠳ	бөгөөд	11
мөргөсөн	ᠪᠠᠶᠢᠨ᠎ᠠ	байна	9
мөрдлөг	ᠪᠣᠯᠭᠠᠵᠤ	болгож	15
мөрдлөг	ᠪᠣᠯᠭᠠᠨ	болгон	13
мөрдлөг	ᠪᠣᠯᠭᠠᠬᠤ	болгох	11
мөрдүүлэх	ᠨᠢ	нь	25
мөрдүүлэх	ᠵᠡᠷᠭᠡ	зэрэг	7
мөрдүүлэх	ᠠᠵᠢᠯ ᠢ	ажлыг	5
мөрдөгдөх	ᠶᠠᠭᠤᠮ᠎ᠠ	юм	15
мөрдөгдөх	ᠶᠣᠰᠣᠲᠠᠢ	ёстой	8
мөрдөн	ᠪᠠᠶᠢᠴᠠᠭᠠᠬᠤ	байцаах	1113
мөрдөн	ᠰᠢᠯᠭᠠᠬᠤ	шалгах	579
мөрдөн	ᠪᠠᠶᠢᠴᠠᠭᠠᠭᠴᠢ	байцаагч	467
мөрийг	ᠨᠢ	нь	19
мөрийг	ᠮᠥᠷᠳᠡᠨ	мөрдөн	10
мөрийн	ᠬᠥᠲᠥᠯᠪᠦᠷᠢ	хөтөлбөр	284
мөрийн	ᠪᠠᠷᠢᠮᠲᠠ	баримт	26
мөрийн	ᠪᠠᠭᠠᠲᠤᠷ	баатар	14
мөрний	ᠰᠠᠪᠠ	сав	47
мөрний	ᠤᠰᠤᠨ ᠤ	усны	27
мөрний	ᠨᠡᠶᠢᠲᠡ	нийт	18
мөртлөө	ᠶᠠᠭᠠᠬᠢᠭᠠᠳ	яагаад	12
мөртлөө	ᠶᠠᠭ	яг	9
мөртлөө	ᠯᠠ	л	8
мөрөн	ᠳᠡᠭᠡᠷ᠎ᠡ	дээр	49
мөрөн	ᠰᠤᠮᠤ ᠶᠢᠨ	сумын	42
мөрөн	ᠳᠡᠭᠡᠷ᠎ᠡ ᠪᠡᠨ	дээрээ	19
мөрөнд	ᠮᠥᠰᠦᠨ	мөсөн	14
мөрөнд	ᠪᠢᠲᠡᠭᠦᠦ	битүү	13
мөрөнд	ᠭᠠᠵᠠᠷ	газар	5
мөрөө	ᠦᠯᠡᠳᠡᠭᠡᠭᠰᠡᠨ	үлдээсэн	18
мөрөө	ᠭᠠᠷᠭᠠᠭᠰᠠᠨ	гаргасан	13
мөрөө	ᠭᠠᠷᠭᠠᠬᠤ	гаргах	12
мөрөөддөг	ᠪᠠᠶᠢᠭᠰᠠᠨ	байсан	54
мөрөөддөг	ᠪᠠᠶᠢᠯ᠎ᠠ	байлаа	24
мөрөөддөг	ᠪᠠᠶᠢᠪᠠ	байв	12
мөрөөдлийг	ᠨᠢ	нь	22
мөрөөдлийг	ᠪᠡᠶᠡᠯᠡᠭᠦᠯᠬᠦ	биелүүлэх	12
мөрөөдлийг	ᠪᠣᠳᠠᠲᠤ	бодит	8
мөрөөдлийн	ᠲᠢᠶᠠᠲ᠋ᠷ	театр	121
мөрөөдлийн	ᠪᠠᠭ	баг	24
мөрөөдлийн	ᠬᠥᠯᠥᠭ	хөлөг	20
мөрөөдлийнхөө	ᠲᠥᠯᠥᠭᠡ	төлөө	30
мөрөөдлөө	ᠪᠡᠶᠡᠯᠡᠭᠦᠯᠬᠦ	биелүүлэх	37
мөрөөдлөө	ᠪᠡᠶᠡᠯᠡᠭᠦᠯᠵᠦ	биелүүлж	31
мөрөөдлөө	ᠪᠣᠳᠠᠲᠤ	бодит	11
мөрөөдлөөр	ᠵᠢᠭᠦᠷᠯᠡᠨ	жигүүрлэн	8
мөрөөдлөөр	ᠳᠦᠭᠦᠷᠡᠩ	дүүрэн	7
мөрөөдөж	ᠪᠠᠶᠢᠭᠰᠠᠨ	байсан	60
мөрөөдөж	ᠶᠠᠪᠤᠭᠰᠠᠨ	явсан	21
мөрөөдөж	ᠪᠠᠶᠢᠭ᠎ᠠ	байгаа	20
мөрөөдөл	ᠨᠢ	нь	62
мөрөөдөл	ᠪᠠᠶᠢᠭᠰᠠᠨ	байсан	48
мөрөөдөл	ᠮᠢᠨᠢ	минь	43
мөрөөдөлдөө	ᠬᠦᠷᠬᠦ	хүрэх	16
мөрөөдөлдөө	ᠬᠦᠷᠴᠦ	хүрч	11
мөрөөдөлдөө	ᠬᠥᠲᠦᠯᠦᠭᠳᠡᠨ	хөтлөгдөн	11
мөрөөдөлтэй	ᠪᠠᠶᠢᠳᠠᠭ	байдаг	11
мөрөөдөлтэй	ᠪᠠᠶᠢᠵᠤ	байж	6
мөрөөдөлтэй	ᠪᠠᠶᠢᠬᠤ	байх	6
мөрөөдөөд	ᠴᠤ	ч	12
мөрөөдөөд	ᠯᠠ	л	5
мөрөөр	ᠬᠡᠷᠡᠭᠵᠢᠭᠦᠯᠬᠦ	хэрэгжүүлэх	18
мөрөөр	ᠲᠤᠰ	тус	16
мөрөөр	ᠬᠠᠤᠯᠢ	хууль	11
мөрөөрөө	ᠶᠠᠪᠤᠵᠤ	явж	8
мөрөөрөө	ᠠᠵᠢᠯ ᠢᠶᠠᠨ	ажлаа	7
мөс	ᠴᠥᠮᠥᠷᠡᠬᠦ	цөмрөх	47
мөс	ᠬᠠᠶᠢᠯᠠᠵᠤ	хайлж	15
мөс	ᠴᠢᠨᠠᠷ	чанар	14
мөсний	ᠵᠤᠵᠠᠭᠠᠨ	зузаан	52
мөсний	ᠳᠠᠭᠠᠭᠠᠴᠠ	даац	23
мөсний	ᠪᠠᠶᠠᠷ	баяр	11
мөсөн	ᠳᠡᠭᠡᠭᠦᠷ	дээгүүр	64
мөсөн	ᠳᠡᠭᠡᠷ᠎ᠡ	дээр	57
мөсөн	ᠼᠢᠷᠺ	цирк	44
мөхөж	ᠪᠤᠢ	буй	10
мөхөж	ᠪᠠᠶᠢᠨ᠎ᠠ	байна	7
мөхөж	ᠦᠭᠡᠢ	үгүй	6
мөхөшгүй	ᠮᠣᠩᠭᠣᠯ	монгол	5
мөч	ᠬᠦᠷᠲᠡᠯ᠎ᠡ	хүртэл	57
мөч	ᠪᠦᠬᠦᠨ	бүхэн	28
мөч	ᠨᠢ	нь	24
мөчид	ᠮᠣᠩᠭᠣᠯ	монгол	17
мөчид	ᠮᠣᠩᠭᠣᠯ ᠤᠨ	монголын	12
мөчид	ᠶᠠᠭᠤ	юу	11
мөчийг	ᠬᠦᠯᠢᠶᠡᠵᠦ	хүлээж	9
мөчийг	ᠨᠢ	нь	8
мөчийг	ᠲᠡᠰᠦᠨ	тэсэн	7
мөчир	ᠳᠡᠭᠡᠷ᠎ᠡ	дээр	11
мөчир	ᠨᠢ	нь	8
мөчир	ᠮ	м	7
мөчлөг	ᠳᠠᠭᠠᠭᠰᠠᠨ	дагасан	21
мөчлөг	ᠰᠥᠷᠰᠦᠨ	сөрсөн	19
мөчлөг	ᠨᠢ	нь	12
мөчөө	ᠡᠷᠭᠢᠨ	эргэн	5
мөчөөс	ᠡᠬᠢᠯᠡᠨ	эхлэн	32
мөчөөс	ᠬᠣᠶᠢᠰᠢ	хойш	25
мөчөөс	ᠡᠬᠢᠯᠡᠵᠦ	эхэлж	19
мөөг	ᠰᠢᠭ	шиг	33
мөөг	ᠨᠢ	нь	27
н	ᠪ	б	378
н	ᠰᠠᠶᠢᠳ	сайд	178
н	ᠳ	д	166
на	ᠨᠠ	на	49
на	ᠭᠡᠵᠦ	гэж	41
на	ᠪᠤᠢ	вэ	22
наа	ᠳᠠᠮ	дам	16
наа	ᠵᠣᠬᠢᠶᠠᠨ	зохион	8
наа	ᠰᠠ	саа	5
наагуур	ᠴᠠᠭᠠᠭᠤᠷ	цаагуур	11
наагуур	ᠶᠠᠭᠤᠮ᠎ᠠ	юм	8
наагуур	ᠨᠢ	нь	6
наад	ᠵᠠᠬ᠎ᠠ	зах	512
наад	ᠵᠠᠬ᠎ᠠ ᠶᠢᠨ	захын	326
наад	ᠠᠰᠠᠭᠤᠳᠠᠯ ᠢ	асуудлыг	14
наадаж	ᠪᠠᠶᠢᠨ᠎ᠠ	байна	25
наадаж	ᠪᠠᠶᠢᠭ᠎ᠠ	байгаа	6
наадаж	ᠶᠠᠪᠤᠭᠰᠠᠨ	явсан	6
наадам	ᠨᠢ	нь	203
наадам	ᠡᠨᠡ	энэ	196
наадам	ᠵᠣᠬᠢᠶᠠᠨ	зохион	124
наадамд	ᠤᠷᠤᠯᠴᠠᠬᠤ	оролцох	460
наадамд	ᠣᠷᠣᠯᠴᠠᠵᠤ	оролцож	183
наадамд	ᠮᠣᠩᠭᠣᠯ	монгол	123
наадамдаа	ᠣᠷᠣᠯᠴᠠᠵᠤ	оролцож	12
наадамчин	ᠣᠯᠠᠨ᠎ᠠ	олноо	69
наадамчин	ᠣᠯᠠᠨ	олон	59
наадамчин	ᠣᠯᠣᠩ ᠳᠤ	олонд	47
наадах	ᠴᠢᠨᠢ	чинь	100
наадах	ᠨᠢ	нь	13
наадах	ᠳᠤᠷᠠᠲᠠᠢ	дуртай	5
наадмаар	ᠲᠠᠪᠤ	тав	29
наадмаар	ᠤᠯᠤᠰ ᠤᠨ	улсын	28
наадмаар	ᠯᠠ	л	15
наадмын	ᠦᠶ᠎ᠡ ᠪᠡᠷ	үеэр	372
наадмын	ᠲᠤᠬᠠᠢ	тухай	300
наадмын	ᠠᠪᠤᠷᠭᠤ	аварга	200
наадсан	ᠥᠬᠢᠨ	охин	11
нааж	ᠪᠠᠶᠢᠭ᠎ᠠ	байгаа	5
наалдаж	ᠪᠠᠶᠢᠭ᠎ᠠ	байгаа	6
наалт	ᠨᠢ	нь	5
наана	ᠨᠢ	нь	73
наана	ᠴᠠᠭᠠᠨ᠎ᠠ	цаана	24
наана	ᠴᠢᠨᠢ	чинь	21
наасан	ᠪᠠᠶᠢᠭᠰᠠᠨ	байсан	5
наах	ᠭᠡᠳ	гээд	6
наах	ᠨᠢ	нь	6
наах	ᠤᠤ	уу	6
нааш	ᠴᠠᠰᠢ	цааш	74
нааш	ᠢᠷ	ир	35
нааш	ᠨᠢ	нь	35
наашаа	ᠬᠠᠷᠠᠵᠤ	харж	20
наашаа	ᠴᠠᠭᠠᠰᠢ ᠪᠠᠨ	цаашаа	12
наашаа	ᠢᠷᠡᠵᠦ	ирж	8
навс	ᠤᠨᠠᠵᠤ	унаж	12
навс	ᠤᠨᠠᠭᠰᠠᠨ	унасан	12
навс	ᠤᠨᠠᠭᠠᠵᠤ	унагаж	9
навч	ᠨᠢ	нь	22
навч	ᠰᠢᠭ	шиг	12
навчаа	ᠳ	д	10
навчаа	ᠨᠠᠷᠠ	нар	7
навчис	ᠨᠢ	нь	10
навчис	ᠰᠢᠭ	шиг	5
навчит	ᠨᠣᠭᠣᠭ᠎ᠠ	ногоо	13
навчит	ᠳᠡᠭᠲᠦ	дэгд	5
нагац	ᠡᠭᠡᠴᠢ	эгч	30
нагац	ᠠᠬ᠎ᠠ	ах	26
нагац	ᠨᠠᠷᠠ	нар	6
над	ᠷᠤ	руу	290
над	ᠰᠢᠭ	шиг	156
над	ᠳᠡᠭᠡᠷ᠎ᠡ	дээр	151
надаа	ᠬᠠᠶᠢᠷᠠᠲᠠᠢ	хайртай	5
надаар	ᠬᠡᠯᠡᠭᠦᠯᠦᠯᠲᠡ ᠦᠭᠡᠢ	хэлүүлэлтгүй	39
надаар	ᠲᠣᠭᠯᠠᠭᠰᠠᠨ	тоглосон	11
надаар	ᠳᠠᠮᠵᠢᠭᠤᠯᠵᠤ	дамжуулж	5
надаас	ᠢᠯᠡᠭᠦᠦ	илүү	72
надаас	ᠥᠭᠡᠷ᠎ᠡ	өөр	56
надаас	ᠭᠠᠳᠠᠨ᠎ᠠ	гадна	30
надад	ᠶᠡᠬᠡ	их	143
надад	ᠮᠠᠰᠢ	маш	126
надад	ᠶᠠᠮᠠᠷ	ямар	106
наддаа	ᠴᠢ	чи	29
наддаа	ᠯᠠ	л	20
наддаа	ᠢᠷᠡᠭᠡᠴᠢ	ирээч	16
надруу	ᠬᠠᠷᠠᠭᠠᠳ	хараад	7
надтай	ᠬᠠᠮᠲᠤ	хамт	146
надтай	ᠬᠣᠯᠪᠣᠭᠠᠲᠠᠢ	холбоотой	25
надтай	ᠠᠳᠠᠯᠢ	адил	23
най	ᠮᠠᠨ	ман	42
най	ᠷᠤ	руу	21
най	ᠤᠯᠤᠰ ᠤᠨ	улсын	16
найдаад	ᠬᠡᠷᠡᠭ ᠦᠭᠡᠢ	хэрэггүй	6
найдаж	ᠪᠠᠶᠢᠨ᠎ᠠ	байна	748
найдаж	ᠪᠠᠶᠢᠭ᠎ᠠ	байгаа	226
найдаж	ᠪᠠᠶᠢᠭ᠎ᠠ ᠪᠠᠨ	байгаагаа	78
найдан	ᠬᠦᠯᠢᠶᠡᠵᠦ	хүлээж	6
найдах	ᠯᠠ	л	14
найдах	ᠬᠡᠷᠡᠭ ᠦᠭᠡᠢ	хэрэггүй	12
найдах	ᠨᠢ	нь	11
найдвар	ᠲᠠᠯᠪᠢᠵᠤ	тавьж	59
найдвар	ᠲᠥᠷᠦᠭᠦᠯᠵᠦ	төрүүлж	34
найдвар	ᠪᠣᠯᠤᠭᠰᠠᠨ	болсон	26
найдваргүй	ᠵᠡᠭᠡᠯᠢ	зээл	10
найдваргүй	ᠭᠡᠵᠦ	гэж	7
найдваргүй	ᠲᠦᠩᠰᠢ	түнш	6
найдвартай	ᠡᠬᠡ	эх	55
найдвартай	ᠪᠠᠶᠢᠳᠠᠯ ᠢ	байдлыг	53
найдвартай	ᠪᠠᠶᠢᠳᠠᠯ	байдал	43
найдлага	ᠲᠠᠯᠪᠢᠵᠤ	тавьж	90
найдлага	ᠲᠥᠷᠦᠭᠦᠯᠵᠦ	төрүүлж	10
найдлага	ᠲᠠᠪᠢᠨ	тавин	9
найз	ᠨᠥᠬᠥᠳ	нөхөд	514
найз	ᠨᠢ	нь	203
найз	ᠮᠢᠨᠢ	минь	199
найзаа	ᠭᠡᠵᠦ	гэж	8
найзаа	ᠨᠠᠮᠠᠢ	намайг	5
найздаа	ᠪᠠᠶᠠᠷ	баяр	7
найзтай	ᠪᠣᠯᠤᠭᠰᠠᠨ	болсон	5
найзтайгаа	ᠬᠠᠮᠲᠤ	хамт	6
найзууд	ᠨᠢ	нь	82
найзууд	ᠮᠠᠨᠢ	маань	45
найзууд	ᠮᠢᠨᠢ	минь	33
найзуудтайгаа	ᠬᠠᠮᠲᠤ	хамт	10
найзуудтайгаа	ᠨᠡᠶᠢᠯᠡᠵᠦ	нийлж	8
найзуудтайгаа	ᠬᠤᠪᠢᠶᠠᠯᠴᠠᠬᠤ	хуваалцах	7
найзыгаа	ᠬᠠᠷᠠᠭᠠᠳ	хараад	11
найзын	ᠮᠠᠨᠢ	маань	7
найзын	ᠨᠠᠶᠢᠵᠠ	найз	7
найзын	ᠮᠢᠨᠢ	минь	6
найзынхаа	ᠬᠠᠮᠲᠤ	хамт	10
найзынхаа	ᠲᠦᠷᠦᠭᠰᠡᠨ	төрсөн	5
найм	ᠳᠠᠬᠢ	дахь	257
найм	ᠳᠠᠪᠠᠵᠤ	давж	74
найм	ᠳᠠᠪᠠᠨ	даван	64
наймаа	ᠬᠢᠵᠦ	хийж	65
наймаа	ᠬᠢᠳᠡᠭ	хийдэг	42
наймаа	ᠬᠢᠭᠰᠡᠨ	хийсэн	35
наймаанд	ᠶᠠᠪᠤᠵᠤ	явж	9
найман	ᠬᠤᠪ ᠤᠨ	хувийн	815
найман	ᠰᠢᠷᠭ᠎ᠠ	шарга	237
найман	ᠵᠢᠯ ᠦᠨ	жилийн	214
наймд	ᠰᠢᠯᠭᠠᠷᠠᠭᠰᠠᠨ	шалгарсан	94
наймд	ᠰᠢᠯᠭᠠᠷᠠᠬᠤ	шалгарах	31
наймд	ᠦᠯᠡᠳᠡᠭᠰᠡᠨ	үлдсэн	15
наймдугаар	ᠰᠠᠷ᠎ᠠ ᠶᠢᠨ	сарын	1819
наймдугаар	ᠰᠠᠷ᠎ᠠ ᠳᠤ	сард	685
наймдугаар	ᠰᠠᠷ᠎ᠠ	сар	64
найр	ᠨᠠᠭᠠᠳᠤᠮ	наадам	57
найр	ᠲᠠᠯᠪᠢᠵᠤ	тавьж	34
найр	ᠲᠠᠪᠢᠨ	тавин	23
найраа	ᠬᠢᠵᠦ	хийж	8
найраа	ᠬᠢᠬᠦ	хийх	6
найраа	ᠬᠢᠳᠡᠭ	хийдэг	5
найраг	ᠪᠣᠯ	бол	20
найраг	ᠤᠳᠬ᠎ᠠ	утга	12
найраг	ᠭᠡᠳᠡᠭ	гэдэг	11
найрагт	ᠳᠤᠷᠠᠲᠠᠢ	дуртай	11
найрагч	ᠪ	б	141
найрагч	ᠭ	г	104
найрагч	ᠴ	ц	79
найрал	ᠬᠥᠭᠵᠢᠮ᠎ᠡ	хөгжим	221
найрал	ᠬᠥᠭᠵᠢᠮ ᠦᠨ	хөгжмийн	113
найрал	ᠳᠠᠭᠤᠨ ᠤ	дууны	102
найрамдал	ᠬᠠᠮᠲᠤ ᠶᠢᠨ	хамтын	57
найрамдал	ᠰᠤᠷᠭᠠᠭᠤᠯᠢ	сургууль	11
найрамдал	ᠲᠥᠪᠡᠳ	төвд	7
найрамдалт	ᠬᠠᠷᠢᠯᠴᠠᠭ᠎ᠠ	харилцаа	54
найрамдалт	ᠳᠤᠮᠳᠠ	дунд	11
найрамдалт	ᠬᠠᠮᠲᠤ ᠶᠢᠨ	хамтын	9
найрамдах	ᠤᠯᠤᠰ ᠤᠨ	улсын	152
найрамдах	ᠬᠢᠲᠠᠳ	хятад	133
найрамдах	ᠡᠨᠡᠳᠬᠡᠭ	энэтхэг	115
найрамдлын	ᠣᠷᠳᠣᠨ ᠳᠤ	ордонд	24
найрамдлын	ᠪᠦᠯᠦᠭ	бүлэг	18
найрамдлын	ᠨᠡᠷᠡᠮᠵᠢᠲᠦ	нэрэмжит	11
найргийн	ᠨᠠᠭᠠᠳᠤᠮ	наадам	72
найргийн	ᠨᠠᠭᠠᠳᠤᠮ ᠤᠨ	наадмын	52
найргийн	ᠨᠠᠭᠠᠳᠤᠮ ᠳᠤ	наадамд	29
найрлага	ᠳᠠᠬᠢ	дахь	20
найрлага	ᠨᠢ	нь	19
найрлага	ᠪᠦᠬᠦᠢ	бүхий	7
найрсаг	ᠬᠠᠷᠢᠯᠴᠠᠭ᠎ᠠ	харилцаа	209
найрсаг	ᠤᠯᠠᠭᠠᠨᠪᠠᠭᠠᠲᠤᠷ	улаанбаатар	145
найрсаг	ᠬᠠᠮᠲᠤ ᠶᠢᠨ	хамтын	35
найртай	ᠰᠠᠶᠢᠬᠠᠨ	сайхан	7
найруулагч	ᠪ	б	200
найруулагч	ᠨ	н	186
найруулагч	ᠴᠤ	ч	127
найруулах	ᠨᠢ	нь	10
найруулах	ᠤᠷᠠᠯᠢᠭ	урлаг	6
найруулах	ᠶᠠᠭᠤᠮ᠎ᠠ	юм	6
найруулга	ᠪᠣᠯᠤᠨ	болон	464
найруулга	ᠬᠠᠤᠯᠢ ᠶᠢᠨ	хуулийн	111
найруулга	ᠮᠣᠩᠭᠣᠯ	монгол	35
найруулсан	ᠪᠥᠭᠡᠳ	бөгөөд	23
найруулсан	ᠪᠠᠶᠢᠨ᠎ᠠ	байна	22
найруулсан	ᠶᠠᠭᠤᠮ᠎ᠠ	юм	19
найрын	ᠰᠢᠷᠡᠭᠡᠨ ᠦ	ширээний	26
найтаах	ᠦᠶᠡᠳᠡᠭᠡ	үедээ	25
найтаах	ᠶᠠᠷᠢᠬᠤ	ярих	7
найтаах	ᠦᠶ᠎ᠡ ᠳᠦ	үед	5
налайх	ᠳᠡᠭᠦᠷᠭᠡ	дүүрэг	153
налайх	ᠬᠠᠨ	хан	11
налайх	ᠬᠣᠲᠠ ᠶᠢᠨ	хотын	9
налгар	ᠡᠳᠦᠷ ᠦᠳ	өдрүүд	9
налгар	ᠰᠠᠶᠢᠬᠠᠨ	сайхан	6
налгар	ᠨᠠᠮᠤᠷ ᠤᠨ	намрын	5
налуу	ᠵᠠᠮ	зам	6
нам	ᠨᠢ	нь	366
нам	ᠡᠪᠰᠡᠯ	эвсэл	176
нам	ᠳᠣᠲᠣᠷ᠎ᠠ ᠪᠠᠨ	дотроо	136
намаа	ᠰᠢᠨᠡᠳᠭᠡᠬᠦ	шинэчлэх	29
намаа	ᠰᠣᠯᠢᠬᠤ	солих	9
намаа	ᠰᠣᠯᠢᠳᠠᠭ	сольдог	9
намайг	ᠳᠡᠮᠵᠢᠵᠦ	дэмжиж	79
намайг	ᠡᠨᠡ	энэ	79
намайг	ᠠᠩᠬ᠎ᠠ	анх	54
намайгаа	ᠴᠢ	чи	23
намайгаа	ᠣᠷᠬᠢᠭᠠᠳ	орхиод	5
намайгаа	ᠲᠠ	та	5
намар	ᠨᠢ	нь	57
намар	ᠴᠠᠭ ᠤᠨ	цагийн	38
намар	ᠭᠡᠬᠦ ᠳᠦ	гэхэд	36
намдаах	ᠡᠮ	эм	30
намдаах	ᠲᠠᠷᠢᠶ᠎ᠠ	тариа	20
намраас	ᠡᠬᠢᠯᠡᠨ	эхлэн	25
намраас	ᠬᠣᠶᠢᠰᠢ	хойш	8
намраас	ᠦᠢᠯᠡ	үйл	7
намрын	ᠴᠢᠭᠤᠯᠭᠠᠨ	чуулган	271
намрын	ᠡᠭᠡᠯᠵᠢᠲᠦ	ээлжит	262
намрын	ᠤᠯᠠᠷᠢᠯ ᠳᠤ	улиралд	52
намтар	ᠲᠡᠦᠬᠡ	түүх	18
намтар	ᠨᠢ	нь	17
намтар	ᠲᠡᠦᠬᠡ ᠶᠢ	түүхийг	10
намууд	ᠨᠢ	нь	58
намууд	ᠴᠤ	ч	25
намууд	ᠤᠯᠤᠰ	улс	24
намуун	ᠪᠠᠶᠢᠭᠠᠯᠢ	байгаль	9
намуун	ᠰᠠᠶᠢᠬᠠᠨ	сайхан	5
намуухан	ᠤᠷᠤᠰᠤᠨ᠎ᠠ	урсана	7
намуухан	ᠳᠠᠭᠤᠤ	дуу	5
намхан	ᠨᠢᠷᠤᠭᠤ ᠲᠠᠢ	нуруутай	9
намхан	ᠨᠢ	нь	8
намхан	ᠬᠦᠮᠦᠨ	хүн	6
намын	ᠳᠠᠷᠤᠭ᠎ᠠ	дарга	1355
намын	ᠪᠦᠯᠦᠭ	бүлэг	768
намын	ᠭᠡᠰᠢᠭᠦᠳ	гишүүд	329
нана	ᠮᠣᠩᠭᠣᠯ ᠳᠤ	монголд	12
нана	ᠨᠢ	нь	11
нана	ᠪᠤᠶᠤ	буюу	5
нандин	ᠡᠷᠳᠡᠨᠢ	эрдэнэ	90
нандин	ᠰᠢᠲᠦᠭᠡᠨ	шүтээн	32
нандин	ᠳᠤᠷᠠᠰᠤᠮᠵᠢ	дурсамж	27
нано	ᠲᠧᠭᠨᠣᠯᠣᠭᠢ	технологи	15
нано	ᠢᠨᠵᠧᠨᠧᠷᠴᠢᠯᠡᠯ	инженерчлэл	9
нано	ᠳᠠᠪᠤᠤ	даавуу	5
нар	ᠨᠢ	нь	1062
нар	ᠲᠤᠰ	тус	501
нар	ᠪᠣᠯᠤᠨ	болон	440
нараа	ᠰᠤᠷᠭᠠᠬᠤ	сургах	5
нараа	ᠲᠤᠰ	тус	5
нараа	ᠡᠨᠡ	энэ	5
нараар	ᠠᠬᠠᠯᠠᠭᠤᠯᠤᠭᠰᠠᠨ	ахлуулсан	20
нараар	ᠳᠠᠮᠵᠢᠭᠤᠯᠤᠨ	дамжуулан	15
нараар	ᠨᠢ	нь	7
нараас	ᠭᠠᠳᠠᠨ᠎ᠠ	гадна	82
нараас	ᠥᠷᠭᠡᠨ	өргөн	48
нараас	ᠪᠦᠷᠢᠳᠦᠭᠰᠡᠨ	бүрдсэн	40
наран	ᠴᠠᠭ	цаг	108
наран	ᠮᠠᠨᠳᠤᠬᠤ	мандах	29
наран	ᠤᠷᠭᠤᠬᠤ	ургах	22
наранбаатар	ᠨᠠᠷᠠ	нар	28
наранбаатар	ᠠ	а	24
наранбаатар	ᠨᠢ	нь	17
нарангэрэл	ᠨᠠᠷᠠ	нар	27
нарангэрэл	ᠰ	с	19
нарангэрэл	ᠥᠮᠥᠭᠡᠯᠡᠭᠴᠢ	өмгөөлөгч	13
наранд	ᠴᠣᠬᠢᠭᠤᠯᠬᠤ	цохиулах	11
наранд	ᠪᠡᠶ᠎ᠡ ᠪᠡᠨ	биеэ	10
наранд	ᠪᠠᠶᠢᠬᠤ	байх	8
наргиж	ᠴᠡᠩᠭᠡᠵᠦ	цэнгэж	16
наргиж	ᠴᠡᠩᠭᠡᠬᠦ	цэнгэх	10
наргүй	ᠠᠵᠢᠯᠯᠠᠳᠠᠭ	ажилладаг	8
наргүй	ᠠᠵᠢᠯᠯᠠᠵᠤ	ажиллаж	7
нарийвчлал	ᠪᠦᠬᠦᠢ	бүхий	11
нарийвчлал	ᠨᠢ	нь	5
нарийн	ᠪᠢᠴᠢᠭ	бичиг	63
нарийн	ᠪᠣᠣᠪᠣ	боов	61
нарийн	ᠲᠡᠮᠦᠷ	төмөр	53
нарлаг	ᠳ᠋ᠧᠪᠠᠵᠠᠨ	диваажин	48
нарлаг	ᠤᠯᠠᠭᠠᠨᠪᠠᠭᠠᠲᠤᠷ	улаанбаатар	8
нарлаг	ᠮᠣᠩᠭᠣᠯ	монгол	6
нарнаас	ᠬᠠᠮᠠᠭᠠᠯᠠᠬᠤ	хамгаалах	11
нарнаас	ᠳᠠᠬᠢᠨ	дахин	10
нарнаас	ᠢᠷᠡᠵᠦ	ирж	9
нарны	ᠡᠷᠴᠢᠮ	эрчим	190
нарны	ᠭᠡᠷᠡᠯ	гэрэл	63
нарны	ᠬᠡᠲᠦ	хэт	47
нарт	ᠬᠣᠯᠪᠣᠭᠣᠳᠠᠬᠤ	холбогдох	565
нарт	ᠲᠤᠰ	тус	154
нарт	ᠡᠭᠦᠷᠭᠡ	үүрэг	148
нартаа	ᠪᠠᠶᠠᠷᠯᠠᠯ᠎ᠠ	баярлалаа	33
нартаа	ᠮᠠᠰᠢ	маш	14
нартаа	ᠠᠮᠵᠢᠯᠲᠠ	амжилт	10
нартай	ᠠᠭᠤᠯᠵᠠᠵᠤ	уулзаж	185
нартай	ᠬᠠᠮᠲᠤᠷᠠᠨ	хамтран	163
нартай	ᠬᠠᠮᠲᠤ	хамт	57
нартайгаа	ᠬᠠᠮᠲᠤ	хамт	17
нартайгаа	ᠬᠠᠮᠲᠤᠷᠠᠨ	хамтран	15
нартайгаа	ᠠᠭᠤᠯᠵᠠᠵᠤ	уулзаж	10
нарыг	ᠰᠢᠭᠦᠬᠦ	шүүх	194
нарыг	ᠲᠤᠰ	тус	128
нарыг	ᠬᠦᠯᠢᠶᠡᠨ	хүлээн	94
нарын	ᠬᠤᠪᠢ ᠳᠤ	хувьд	250
нарын	ᠲᠡᠷᠢᠭᠦᠲᠡᠢ	тэргүүтэй	194
нарын	ᠭᠡᠰᠢᠭᠦᠳ	гишүүд	193
нарынхаа	ᠨᠡᠷ᠎ᠡ ᠶᠢ	нэрийг	10
нарынхаа	ᠲᠤᠬᠠᠢ	тухай	10
нарынхаа	ᠬᠠᠮᠲᠤ	хамт	10
нас	ᠪᠠᠷᠠᠭᠰᠠᠨ	барсан	1353
нас	ᠡᠷᠡᠭᠦᠯ	эрүүл	297
нас	ᠪᠠᠷᠵᠢ	барж	266
наса	ᠭᠡᠶᠢᠨ	гийн	44
наса	᠍ ᠤᠨ	ын	7
наса	ᠳ	д	5
насаа	ᠠᠯᠠᠳᠠᠭᠰᠠᠨ	алдсан	346
насаа	ᠠᠯᠳᠠᠵᠤ	алдаж	110
насаа	ᠠᠯᠠᠳᠠᠬᠤ	алдах	96
насаар	ᠨᠢ	нь	83
насаар	ᠠᠬ᠎ᠠ	ах	30
насаар	ᠳᠡᠭᠦᠦ	дүү	19
насаараа	ᠠᠵᠢᠯᠯᠠᠭᠰᠠᠨ	ажилласан	21
насаараа	ᠬᠣᠬᠢᠷᠠᠬᠤ	хохирох	20
насаараа	ᠳᠡᠨᠴᠢᠩ	дэнчин	14
насан	ᠲᠤᠷᠰᠢᠳᠠ ᠪᠠᠨ	туршдаа	240
насан	ᠲᠤᠷᠰᠢ ᠶᠢᠨ	туршийн	146
насан	ᠲᠤᠷᠰᠢᠳᠠ	туршид	67
насанд	ᠬᠦᠷ᠎ᠡ ᠭᠦᠢ	хүрээгүй	454
насанд	ᠬᠦᠷᠦᠭᠰᠡᠨ	хүрсэн	327
насанд	ᠨᠢ	нь	208
насандаа	ᠳᠡᠯᠡᠬᠡᠢ ᠶᠢᠨ	дэлхийн	21
насандаа	ᠲᠠᠭᠠᠯᠠᠯ	таалал	21
насандаа	ᠬᠡᠦᠬᠡᠳ	хүүхэд	15
наслах	ᠨᠢ	нь	5
наснаас	ᠨᠢ	нь	59
наснаас	ᠳᠡᠭᠡᠭᠰᠢ	дээш	37
наснаас	ᠬᠣᠶᠢᠰᠢ	хойш	22
наснаасаа	ᠡᠬᠢᠯᠡᠨ	эхлэн	16
наснаасаа	ᠯᠠ	л	10
наснаасаа	ᠡᠬᠢᠯᠡᠭᠡᠳ	эхлээд	8
насны	ᠬᠡᠦᠬᠡᠳ ᠦᠨ	хүүхдийн	361
насны	ᠬᠡᠦᠬᠡᠳ	хүүхэд	354
насны	ᠬᠡᠦᠬᠡᠳ ᠦᠳ	хүүхдүүд	340
насных	ᠨᠢ	нь	36
насныхаа	ᠲᠦᠷᠦᠭᠰᠡᠨ	төрсөн	20
насныхаа	ᠲᠤᠬᠠᠢ	тухай	6
насос	ᠰᠲ᠋ᠠᠨᠼ	станц	11
насос	ᠨᠢ	нь	7
насос	ᠪᠣᠯᠤᠨ	болон	5
настай	ᠡᠷᠡᠭᠲᠡᠢ	эрэгтэй	258
настай	ᠥᠬᠢᠨ	охин	178
настай	ᠡᠮᠡᠭᠲᠡᠢ	эмэгтэй	175
настан	ᠬᠥᠭᠵᠢᠯ ᠦᠨ	хөгжлийн	231
настан	ᠪᠣᠯᠤᠨ	болон	58
настан	ᠵᠠᠯᠠᠭᠤ	залуу	10
настанд	ᠲᠡᠭᠰᠢ	тэгш	5
насыг	ᠨᠢ	нь	378
насыг	ᠬᠥᠨᠥᠭᠡᠭᠰᠡᠨ	хөнөөсөн	59
насыг	ᠠᠪᠤᠷᠠᠬᠤ	аврах	25
начин	ᠪ	б	411
начин	ᠴᠣᠯᠠ	цол	177
начин	ᠴ	ц	117
наяд	ᠲᠥᠭᠥᠷᠢᠭ	төгрөг	520
наяд	ᠲᠡᠷᠪᠤᠮ	тэрбум	181
наяд	ᠠᠮᠠ	ам	135
наян	ᠨᠠᠰᠤᠲᠠᠢ	настай	11
наян	ᠭᠤᠷᠪᠠᠨ	гурван	10
наян	ᠵᠢᠯ ᠦᠨ	жилийн	10
нд	ᠪᠤᠶᠤ	буюу	672
нд	ᠪᠣᠯᠬᠤ	болох	653
нд	ᠪᠣᠯᠤᠭᠰᠠᠨ	болсон	365
нефть	ᠪᠣᠯᠪᠠᠰᠤᠷᠠᠭᠤᠯᠬᠤ	боловсруулах	146
нефть	ᠢᠮᠫᠣᠷᠲᠯᠠᠭᠴᠢ	импортлогч	77
нефть	ᠬᠡᠢ ᠶᠢᠨ	хийн	48
нижгэр	ᠲᠡᠮᠳᠡᠭᠯᠡᠭᠰᠡᠨ	тэмдэглэсэн	8
ний	ᠡᠳᠦᠷ	өдөр	2346
ний	ᠡᠳᠦᠷ ᠦᠨ	өдрийн	818
ний	ᠡᠳᠦᠷ ᠦᠳ ᠲᠦ	өдрүүдэд	764
нийгмийг	ᠣᠨ ᠳᠤ	онд	352
нийгмийг	ᠬᠥᠭᠵᠢᠭᠦᠯᠬᠦ	хөгжүүлэх	48
нийгмийг	ᠪᠦᠬᠦᠯᠢ ᠳᠦ	бүхэлд	16
нийгмийн	ᠪᠣᠳᠣᠯᠭ᠎ᠠ	бодлого	907
нийгмийн	ᠡᠷᠡᠭᠦᠯ	эрүүл	452
нийгмийн	ᠬᠠᠯᠠᠮᠵᠢ ᠶᠢᠨ	халамжийн	403
нийгэм	ᠤᠯᠤᠰ	улс	150
нийгэм	ᠳ᠋ᠡᠬᠢ	дэх	64
нийгэм	ᠰᠣᠶᠣᠯ ᠤᠨ	соёлын	62
нийгэмд	ᠠᠮᠢᠳᠤᠷᠠᠵᠤ	амьдарч	65
нийгэмд	ᠶᠠᠮᠠᠷ	ямар	61
нийгэмд	ᠰᠢᠳᠤᠷᠭᠤ	шударга	48
нийгэмлэг	ᠨᠢ	нь	43
нийгэмлэг	ᠬᠠᠮᠲᠤᠷᠠᠨ	хамтран	36
нийгэмлэг	ᠮᠣᠩᠭᠣᠯ ᠤᠨ	монголын	26
нийлбэр	ᠳᠦᠩ	дүн	70
нийлбэр	ᠣᠨᠣᠭ᠎ᠠ ᠪᠠᠷ	оноогоор	38
нийлбэр	ᠨᠢ	нь	22
нийлдэг	ᠦ᠋	үү	7
нийлж	ᠪᠠᠶᠢᠨ᠎ᠠ	байна	54
нийлж	ᠪᠠᠶᠢᠭᠠᠳ	байгаад	39
нийлж	ᠪᠠᠶᠢᠭ᠎ᠠ	байгаа	37
нийлмэл	ᠬᠦ ᠶᠢᠨ	хүүгийн	7
нийлсэн	ᠭᠠᠷᠤᠢ	гаруй	25
нийлсэн	ᠪᠣᠯᠬᠣᠷ ᠢᠶᠠᠨ	болохоороо	10
нийлсэн	ᠨᠡᠶᠢᠲᠡ	нийт	9
нийлэг	ᠠᠷᠭ᠎ᠠ ᠪᠠᠷ	аргаар	9
нийлэг	ᠬᠠᠯᠢᠭᠰᠠᠨ	хальсан	5
нийлэн	ᠠᠵᠢᠯᠯᠠᠵᠤ	ажиллаж	14
нийлэн	ᠠᠵᠢᠯᠯᠠᠬᠤ	ажиллах	6
нийлэх	ᠦ᠋	үү	88
нийлэх	ᠪᠠᠶᠢᠬᠤ	байх	26
нийлэх	ᠪᠢᠵᠡ	биз	17
нийлэхгүй	ᠪᠠᠶᠢᠨ᠎ᠠ	байна	36
нийлэхгүй	ᠪᠠᠶᠢᠭ᠎ᠠ	байгаа	34
нийлэхгүй	ᠪᠠᠶᠢᠭ᠎ᠠ ᠪᠠᠨ	байгаагаа	25
нийлээд	ᠨᠢᠭᠡ	нэг	27
нийлээд	ᠭᠠᠷᠤᠢ	гаруй	22
нийлээд	ᠰᠠᠶ᠋ᠢ	сая	22
нийлүүлж	ᠪᠠᠶᠢᠭ᠎ᠠ	байгаа	196
нийлүүлж	ᠪᠤᠢ	буй	103
нийлүүлж	ᠪᠠᠶᠢᠨ᠎ᠠ	байна	96
нийлүүлнэ	ᠭᠡᠰᠡᠨ	гэсэн	17
нийлүүлнэ	ᠭᠡᠵᠦ	гэж	13
нийлүүлнэ	ᠭᠡᠳᠡᠭ	гэдэг	8
нийлүүлэгч	ᠪᠣᠯᠬᠤ	болох	19
нийлүүлэгч	ᠨᠢ	нь	19
нийлүүлэгч	ᠺᠣᠮᠫᠠᠨᠢ	компани	14
нийлүүлэлт	ᠨᠢ	нь	81
нийлүүлэлт	ᠨᠡᠮᠡᠭᠳᠡᠵᠦ	нэмэгдэж	24
нийлүүлэлт	ᠲᠡᠩᠴᠡᠪᠦᠷᠢᠲᠡᠢ	тэнцвэртэй	22
нийлүүлэн	ᠠᠯᠬᠤᠬᠤ	алхах	28
нийлүүлэн	ᠠᠯᠬᠤᠵᠤ	алхаж	23
нийлүүлэн	ᠤᠯᠤᠰ ᠤᠨ	улсын	9
нийлүүлэх	ᠭᠡᠷ ᠢᠶᠡᠨ	гэрээ	95
нийлүүлэх	ᠶᠠᠭᠤᠮ᠎ᠠ	юм	50
нийлүүлэх	ᠪᠣᠯᠤᠮᠵᠢ ᠲᠠᠢ	боломжтой	49
нийлүүлээд	ᠪᠠᠶᠢᠨ᠎ᠠ	байна	10
нийлүүлээд	ᠪᠠᠶᠢᠭ᠎ᠠ	байгаа	8
нийлүүлээд	ᠴᠤ	ч	7
нийслэл	ᠬᠣᠲᠠ ᠶᠢᠨ	хотын	311
нийслэл	ᠤᠯᠠᠭᠠᠨᠪᠠᠭᠠᠲᠤᠷ	улаанбаатар	262
нийслэл	ᠬᠣᠲᠠᠳ	хотод	185
нийслэлд	ᠦᠢᠯᠡ	үйл	129
нийслэлд	ᠣᠷᠣᠨ	орон	25
нийслэлд	ᠢᠷᠡᠵᠦ	ирж	24
нийт	ᠭᠠᠷᠤᠢ	гаруй	893
нийт	ᠬᠦᠮᠦᠨ	хүн	653
нийт	ᠰᠠᠶ᠋ᠢ	сая	556
нийтийн	ᠲᠡᠭᠡᠭᠡᠪᠦᠷᠢ ᠶᠢᠨ	тээврийн	377
нийтийн	ᠳᠤᠮᠳᠠ	дунд	269
нийтийн	ᠠᠯᠪᠠᠨ ᠳᠤ	албанд	262
нийтлэг	ᠡᠷᠬᠡ	эрх	181
нийтлэг	ᠵᠢᠷᠤᠮ	журам	40
нийтлэг	ᠦᠨᠡᠲᠦ	үнэт	40
нийтлэл	ᠪᠢᠴᠢᠵᠦ	бичиж	50
нийтлэл	ᠪᠢᠴᠢᠭᠰᠡᠨ	бичсэн	21
нийтлэл	ᠨᠢ	нь	18
нийтлэх	ᠡᠷᠬᠡ	эрх	35
нийтлэх	ᠦᠢᠯᠡ	үйл	12
нийтлэх	ᠪᠣᠯᠤᠮᠵᠢ ᠲᠠᠢ	боломжтой	7
нийтээрээ	ᠬᠦᠯᠢᠶᠡᠨ	хүлээн	20
нийтээрээ	ᠡᠨᠡ	энэ	11
нийтээрээ	ᠴᠢᠯᠦᠭᠡᠲᠡᠢ	чөлөөтэй	9
нийцнэ	ᠭᠡᠵᠦ	гэж	35
нийцнэ	ᠭᠡᠳᠡᠭ ᠲᠦ	гэдэгт	8
нийцсэн	ᠪᠠᠶᠢᠬᠤ	байх	47
нийцсэн	ᠪᠦᠲᠦᠭᠡᠭᠳᠡᠬᠦᠨ	бүтээгдэхүүн	23
нийцсэн	ᠰᠢᠢᠳᠪᠦᠷᠢ	шийдвэр	22
нийцтэй	ᠪᠣᠯᠭᠠᠬᠤ	болгох	20
нийцтэй	ᠪᠠᠶᠢᠭ᠎ᠠ	байгаа	6
нийцтэй	ᠪᠠᠶᠢᠭᠠᠯᠢ	байгаль	6
нийцэх	ᠶᠠᠭᠤᠮ᠎ᠠ	юм	14
нийцэх	ᠦ᠋	үү	14
нийцэх	ᠨᠢ	нь	10
нийцэхгүй	ᠪᠠᠶᠢᠨ᠎ᠠ	байна	61
нийцэхгүй	ᠪᠠᠶᠢᠭ᠎ᠠ	байгаа	50
нийцэхгүй	ᠭᠡᠵᠦ	гэж	19
нийцүүлэн	ᠭᠠᠷᠭᠠᠭᠰᠠᠨ	гаргасан	25
нийцүүлэн	ᠶᠠᠪᠤᠭᠤᠯᠬᠤ	явуулах	21
нийцүүлэн	ᠵᠣᠬᠢᠶᠠᠨ	зохион	20
нийцүүлэх	ᠶᠣᠰᠣᠲᠠᠢ	ёстой	12
нийцүүлэх	ᠨᠢ	нь	10
нийцүүлэх	ᠲᠠᠯ᠎ᠠ ᠪᠠᠷ	талаар	10
никитон	ᠬᠠᠮᠲᠤᠯᠢᠭ ᠤᠨ	хамтлагийн	13
никитон	ᠡᠭᠦᠯᠡᠨ	үүлэн	8
нил	ᠶᠠᠭᠠᠨ	ягаан	22
нил	ᠮᠥᠷᠡᠨ ᠦ	мөрний	5
нилээд	ᠬᠡᠳᠦᠨ	хэдэн	48
нилээд	ᠣᠯᠠᠨ	олон	34
нилээд	ᠶᠡᠬᠡ	их	22
нилээн	ᠬᠡᠳᠦᠨ	хэдэн	10
нилээн	ᠰᠠᠶᠢᠨ	сайн	6
нилээн	ᠲᠣᠮᠣ	том	5
нимгэн	ᠮᠥᠰᠦᠨ	мөсөн	22
нимгэн	ᠬᠥᠩᠭᠡᠨ	хөнгөн	22
нимгэн	ᠪᠠᠰᠠ	бас	10
нинжа	ᠨᠠᠷᠠ	нар	109
нинжа	ᠨᠠᠷ ᠤᠨ	нарын	52
нинжа	ᠨᠠᠷ ᠢ	нарыг	30
нинжин	ᠰᠡᠳᠬᠢᠯ	сэтгэл	12
нинжин	ᠪ	б	11
нинжин	ᠰᠡᠳᠬᠢᠯ ᠲᠡᠢ	сэтгэлтэй	9
нис	ᠨᠢᠰ	нис	17
нисгэгч	ᠸ	в	7
нисгэгч	ᠨᠠᠷᠠ	нар	7
нисгэгч	ᠶᠠᠭᠤᠮ᠎ᠠ	юм	7
нисдэг	ᠲᠡᠷᠭᠡ	тэрэг	164
нисдэг	ᠲᠡᠷᠭᠡ ᠪᠡᠷ	тэргээр	54
нисдэг	ᠲᠡᠷᠭᠡᠨ ᠦ	тэрэгний	37
нислэг	ᠦᠢᠯᠡᠳᠴᠦ	үйлдэж	50
нислэг	ᠬᠢᠬᠦ	хийх	26
нислэг	ᠬᠢᠵᠦ	хийж	17
ниссэн	ᠪᠠᠶᠢᠨ᠎ᠠ	байна	14
ниссэн	ᠰᠢᠪᠠᠭᠤᠳ ᠤᠨ	шувуудын	5
нисч	ᠪᠠᠶᠢᠭ᠎ᠠ	байгаа	23
нисч	ᠪᠠᠶᠢᠨ᠎ᠠ	байна	18
нисч	ᠪᠤᠢ	буй	14
нисэгч	ᠵ	ж	9
нисэгч	ᠪᠠᠭ	баг	6
нисэгч	ᠮᠠᠷᠺ	марк	5
нисэж	ᠪᠠᠶᠢᠭ᠎ᠠ	байгаа	7
нисэж	ᠪᠠᠶᠢᠨ᠎ᠠ	байна	7
нисэж	ᠪᠤᠢ	буй	6
нисэн	ᠣᠳᠤᠭᠰᠠᠨ	одсон	8
нисэн	ᠢᠷᠡᠵᠦ	ирж	5
нисэх	ᠪᠠᠭᠤᠳᠠᠯ	буудал	190
нисэх	ᠪᠠᠭᠤᠳᠠᠯ ᠳᠤ	буудалд	141
нисэх	ᠪᠠᠭᠤᠳᠠᠯ ᠤᠨ	буудлын	134
нисэхийн	ᠶᠡᠷᠦᠩᠬᠡᠢ	ерөнхий	72
нисэхийн	ᠰᠠᠯᠪᠤᠷᠢ ᠳᠤ	салбарт	69
нисэхийн	ᠠᠶᠤᠯ ᠦᠭᠡᠢ	аюулгүй	18
нисээд	ᠯᠠ	л	6
новш	ᠭᠡᠵᠦ	гэж	7
ногдох	ᠨᠣᠭᠣᠭᠠᠨ	ногоон	25
ногдох	ᠣᠷᠣᠯᠭ᠎ᠠ	орлого	25
ногдох	ᠠᠰᠢᠭ	ашиг	15
ногоо	ᠵᠢᠮᠢᠰ	жимс	129
ногоо	ᠮᠢᠩᠭᠠᠨ	мянган	41
ногоо	ᠨᠢ	нь	27
ногоог	ᠨᠢ	нь	11
ногоог	ᠰᠠᠶᠢᠲᠤᠷ	сайтар	10
ногоог	ᠤᠭᠢᠶᠠᠵᠤ	угааж	9
ногоон	ᠬᠥᠭᠵᠢᠯ ᠦᠨ	хөгжлийн	1409
ногоон	ᠬᠥᠭᠵᠢᠯ	хөгжил	418
ногоон	ᠪᠠᠶᠢᠭᠤᠯᠤᠮᠵᠢ	байгууламж	252
ногооны	ᠦᠨ᠎ᠡ	үнэ	44
ногооны	ᠬᠤᠪᠢ	хувь	18
ногооны	ᠬᠤᠷᠢᠶᠠᠯᠲᠠ	хураалт	15
ногоотой	ᠬᠣᠭᠣᠯᠠ	хоол	14
ноднин	ᠵᠢᠯ	жил	31
ноднин	ᠵᠢᠯ ᠦᠨ	жилийн	11
ноднин	ᠡᠳᠦᠢ ᠳᠦ	өдийд	8
нойр	ᠪᠤᠯᠴᠢᠷᠬᠠᠢ	булчирхай	43
нойр	ᠬᠣᠭᠣᠯᠠ ᠦᠭᠡᠢ	хоолгүй	36
нойр	ᠨᠢ	нь	28
нойргүй	ᠬᠣᠨᠣᠭᠰᠠᠨ	хоносон	28
нойргүй	ᠬᠣᠨᠣᠵᠤ	хонож	9
нойргүй	ᠬᠤᠨᠤᠬᠤ	хонох	7
нойрны	ᠡᠮ	эм	15
нойрондоо	ᠬᠣᠶᠠᠭᠤᠯᠠ ᠪᠠᠨ	хоёулаа	6
нойтон	ᠴᠠᠰᠤ	цас	195
нойтон	ᠠᠷᠭ᠎ᠠ ᠪᠠᠷ	аргаар	49
нойтон	ᠪᠠᠶᠠᠵᠢᠭᠤᠯᠬᠤ	баяжуулах	22
ном	ᠨᠢ	нь	182
ном	ᠤᠩᠰᠢᠬᠤ	унших	162
ном	ᠤᠩᠰᠢᠵᠤ	уншиж	92
номгон	ᠰᠤᠮᠤ ᠶᠢᠨ	сумын	19
номгон	ᠰᠤᠮᠤ	сум	5
номер	ᠨᠢᠭᠡ	нэг	101
номер	ᠨᠢᠭᠡᠲᠦ	нэгт	6
номер	ᠨᠢ	нь	5
номин	ᠲᠠᠯᠠᠰᠲᠤ	талст	195
номин	ᠡᠷᠳᠡᠨᠢ	эрдэнэ	169
номин	ᠲᠠᠪᠤ	тав	20
номонд	ᠣᠷᠣᠭᠰᠠᠨ	орсон	38
номонд	ᠳᠤᠷᠠᠲᠠᠢ	дуртай	22
номонд	ᠪᠥᠷᠢᠳᠬᠡᠭᠦᠯᠬᠦ	бүртгүүлэх	15
номондоо	ᠪᠢᠴᠢᠭᠰᠡᠨ	бичсэн	9
номоо	ᠭᠠᠷᠭᠠᠭᠰᠠᠨ	гаргасан	15
номоо	ᠭᠠᠷᠭᠠᠵᠤ	гаргаж	10
номоо	ᠥᠯᠥᠭᠡᠶᠢᠳᠡᠨ	өлгийдөн	10
номтой	ᠬᠣᠯᠪᠣᠭᠠᠲᠠᠢ	холбоотой	11
номтой	ᠨᠥᠬᠦᠷᠯᠡᠭᠦᠯᠬᠦ	нөхөрлүүлэх	10
номтой	ᠨᠥᠬᠥᠷᠯᠡᠬᠦ	нөхөрлөх	8
номхон	ᠳᠠᠯᠠᠢ ᠶᠢᠨ	далайн	955
номхон	ᠳᠠᠯᠠᠢ	далай	30
номхон	ᠳᠠᠯᠠᠢ ᠳᠤ	далайд	21
номыг	ᠨᠢ	нь	61
номыг	ᠮᠣᠩᠭᠣᠯ	монгол	25
номыг	ᠤᠩᠰᠢᠬᠤ	унших	16
номын	ᠰᠠᠩ	сан	611
номын	ᠰᠠᠩ ᠳᠤ	санд	272
номын	ᠨᠡᠭᠡᠭᠡᠯᠲᠡ	нээлт	132
ноогдол	ᠠᠰᠢᠭ	ашиг	35
ноогдол	ᠠᠰᠢᠭ ᠤᠨ	ашгийн	8
ноогдол	ᠠᠰᠢᠭᠲᠤ	ашигт	5
ноолуур	ᠠᠷᠠᠰᠤ	арьс	82
ноолуур	ᠪᠣᠯᠪᠠᠰᠤᠷᠠᠭᠤᠯᠬᠤ	боловсруулах	38
ноолуур	ᠬᠤᠳᠠᠯᠳᠤᠭᠠᠴᠢᠯᠠᠬᠤ	худалдах	20
норм	ᠳᠦᠷᠢᠮ	дүрэм	35
норм	ᠳᠦᠷᠢᠮ ᠢ	дүрмийг	23
норм	ᠪᠠ	ба	16
нотлон	ᠬᠠᠷᠠᠭᠤᠯᠵᠤ	харуулж	35
нотлон	ᠬᠠᠷᠠᠭᠤᠯᠤᠭᠰᠠᠨ	харуулсан	25
нотлон	ᠬᠠᠷᠠᠭᠤᠯᠬᠤ	харуулах	5
нотлох	ᠪᠠᠷᠢᠮᠲᠠ	баримт	318
нотлох	ᠪᠠ	ба	11
нотлох	ᠨᠢ	нь	10
нотолгоо	ᠶᠠᠭᠤᠮ᠎ᠠ	юм	27
нотолгоо	ᠨᠢ	нь	26
нотолгоо	ᠪᠤᠢ	бий	10
нохой	ᠭᠠᠬᠠᠢ	гахай	50
нохой	ᠨᠢ	нь	41
нохой	ᠰᠢᠭ	шиг	18
нохойн	ᠬᠣᠰᠢᠭᠤ	хошуу	14
нохойн	ᠬᠣᠭᠣᠯᠠ	хоол	8
нохойн	ᠬᠣᠰᠢᠭᠤᠨ ᠤ	хошууны	8
ноцтой	ᠠᠰᠠᠭᠤᠳᠠᠯ	асуудал	115
ноцтой	ᠬᠡᠷᠡᠭ	хэрэг	110
ноцтой	ᠭᠡᠮᠲᠦ	гэмт	107
ноёд	ᠠ᠋	оо	101
ноёд	ᠬᠠᠲᠤᠭᠲᠠᠢ	хатагтай	27
ноёд	ᠲᠠᠶᠢᠵᠢ	тайж	5
ноён	ᠣᠷᠭᠢᠯ	оргил	168
ноён	ᠶᠡᠷᠦᠩᠬᠡᠶᠢᠯᠡᠭᠴᠢ	ерөнхийлөгч	102
ноён	ᠨᠢᠷᠤᠭᠤ	нуруу	98
ну	ᠲᠠᠭᠲᠤ	тагт	25
ну	ᠲᠠᠭ	таг	18
нугалж	ᠪᠠᠶᠢᠭ᠎ᠠ	байгаа	7
нугараач	ᠥᠬᠢᠨ ᠢ	охиныг	33
нугараач	ᠭ	г	24
нугараач	ᠬᠦᠮᠦᠨ	хүн	5
нугас	ᠦᠶ᠎ᠡ	үе	6
нугас	ᠨᠢ	нь	5
нугас	ᠲᠠᠷᠢᠬᠢᠨ ᠤ	тархины	5
нударга	ᠵᠥᠷᠢᠭᠦᠯᠵᠦ	зөрүүлж	18
нударга	ᠵᠦᠷᠢᠭᠦᠯᠡᠬᠦ	зөрүүлэх	6
нулимс	ᠤᠨᠠᠭᠠᠵᠤ	унагаж	33
нулимс	ᠳᠤᠰᠤᠯᠠᠭᠤᠯᠤᠨ	дуслуулан	27
нулимс	ᠮᠢᠨᠢ	минь	23
нулимсаа	ᠪᠠᠷᠢᠵᠤ	барьж	16
нулимсаа	ᠪᠢ	би	10
нулимсаа	ᠲᠡᠪᠴᠢᠶ᠎ᠡ	тэвчье	10
нулимстай	ᠨᠢᠳᠦ ᠪᠡᠷ	нүдээр	6
нулимсыг	ᠰᠠᠯᠬᠢ	салхи	18
нулимсыг	ᠮᠢᠨᠢ	минь	12
нулимсыг	ᠨᠢ	нь	11
нум	ᠰᠤᠮᠤ	сум	68
нум	ᠰᠤᠮᠤ ᠶᠢ	сумыг	17
нум	ᠰᠤᠮᠤ ᠶᠢᠨ	сумын	17
нунтаг	ᠬᠦᠷᠲᠡᠯ᠎ᠡ	хүртэл	10
нунтаг	ᠬᠣᠣᠷ ᠢ	хорыг	8
нунтаг	ᠭᠠᠷᠭᠠᠵᠤ	гаргаж	5
нурааж	ᠪᠠᠶᠢᠭ᠎ᠠ	байгаа	12
нурааж	ᠰᠢᠨ᠎ᠡ ᠪᠡᠷ	шинээр	10
нурааж	ᠣᠷᠣᠨ ᠳᠤ	оронд	7
нураах	ᠰᠢᠢᠳᠪᠦᠷᠢ	шийдвэр	12
нураах	ᠪᠢᠰᠢ	биш	5
нураах	ᠨᠢ	нь	5
нуран	ᠤᠨᠠᠵᠤ	унаж	18
нуран	ᠤᠨᠠᠨ᠎ᠠ	унана	10
нуран	ᠤᠨᠠᠭᠰᠠᠨ	унасан	9
нурах	ᠭᠡᠵᠦ	гэж	7
нурах	ᠠᠶᠤᠯᠲᠠᠢ	аюултай	6
нурах	ᠰᠢᠬᠠᠭᠰᠠᠨ	шахсан	5
нурж	ᠤᠨᠠᠬᠤ	унах	20
нурж	ᠪᠠᠶᠢᠨ᠎ᠠ	байна	10
нурж	ᠤᠨᠠᠭᠰᠠᠨ	унасан	6
нуруу	ᠨᠢ	нь	62
нуруу	ᠨᠤᠭᠤᠰᠤ	нугас	42
нуруу	ᠷᠤ	руу	20
нурууг	ᠨᠢ	нь	13
нурууг	ᠳᠠᠪᠠᠵᠤ	давж	5
нуруугаа	ᠬᠠᠷᠠᠭᠤᠯᠤᠭᠠᠳ	харуулаад	5
нуруун	ᠳᠡᠭᠡᠷ᠎ᠡ	дээр	252
нуруун	ᠳᠡᠭᠡᠷ᠎ᠡ ᠪᠡᠨ	дээрээ	82
нуруун	ᠳᠡᠭᠡᠷᠡᠬᠢ	дээрх	26
нуруунаас	ᠡᠬᠢ ᠲᠡᠢ	эхтэй	38
нуруунаас	ᠤᠰᠤᠵᠢᠬᠤ	усжих	32
нуруунаас	ᠡᠬᠡ	эх	8
нуруунд	ᠨᠢ	нь	14
нуруунд	ᠭᠠᠵᠠᠷ ᠤᠨ	газрын	5
нуруундаа	ᠡᠭᠦᠷᠴᠢ	үүрч	52
нуруундаа	ᠦᠦᠷᠰᠡᠨ	үүрсэн	10
нуруундаа	ᠦᠭᠦᠷᠡᠭᠡᠳ	үүрээд	10
нус	ᠭᠣᠣᠵᠢᠬᠤ	гоожих	38
нус	ᠰᠢᠯᠦᠰᠦ ᠪᠡᠨ	шүлсээ	20
нус	ᠨᠢᠯᠪᠤᠰᠤ	нулимс	6
нут	ᠭᠡᠶᠢᠨ	гийн	75
нут	ᠭᠠ ᠪᠠᠷ	гаар	6
нутаг	ᠳᠡᠪᠢᠰᠬᠡᠷᠲᠦ	дэвсгэрт	1501
нутаг	ᠳᠡᠪᠢᠰᠬᠡᠷ	дэвсгэр	593
нутаг	ᠳᠠᠬᠢ	дахь	366
нутагт	ᠨᠢ	нь	181
нутагт	ᠤᠷᠤᠰᠢᠬᠤ	орших	145
нутагт	ᠠᠵᠢᠯᠯᠠᠵᠤ	ажиллаж	109
нутагтаа	ᠵᠣᠬᠢᠶᠠᠨ	зохион	42
нутагтаа	ᠢᠷᠡᠵᠦ	ирж	32
нутагтаа	ᠢᠷᠡᠭᠰᠡᠨ	ирсэн	30
нутагтай	ᠬᠣᠯᠪᠣᠭᠠᠲᠠᠢ	холбоотой	12
нутагтай	ᠬᠦᠮᠦᠨ	хүн	12
нутагтай	ᠮᠣᠩᠭᠣᠯ	монгол	8
нутгаа	ᠬᠥᠭᠵᠢᠭᠦᠯᠬᠦ	хөгжүүлэх	14
нутгаа	ᠭᠡᠰᠡᠨ	гэсэн	13
нутгаа	ᠬᠠᠮᠠᠭᠠᠯᠠᠬᠤ	хамгаалах	8
нутгаар	ᠭᠷᠠᠳᠦᠶᠢᠰ	градус	2429
нутгаар	ᠰᠥᠨᠢ ᠳᠦ ᠪᠡᠨ	шөнөдөө	2214
нутгаар	ᠪᠠᠷᠠᠭᠤᠨ	баруун	337
нутгаас	ᠢᠷᠡᠭᠰᠡᠨ	ирсэн	71
нутгаас	ᠢᠷᠡᠵᠦ	ирж	32
нутгаас	ᠲᠦᠷᠦᠭᠰᠡᠨ	төрсөн	21
нутгаасаа	ᠭᠠᠷᠤᠭᠠᠳ	гараад	8
нутгаасаа	ᠭᠠᠷᠴᠤ	гарч	6
нутгаасаа	ᠬᠣᠯᠠ	хол	5
нутгийг	ᠬᠥᠭᠵᠢᠭᠦᠯᠬᠦ	хөгжүүлэх	54
нутгийг	ᠤᠯᠤᠰ ᠤᠨ	улсын	27
нутгийг	ᠬᠠᠮᠤᠷᠤᠭᠰᠠᠨ	хамарсан	26
нутгийн	ᠵᠡᠭᠦᠨ	зүүн	989
нутгийн	ᠪᠠᠷᠠᠭᠤᠨ	баруун	935
нутгийн	ᠬᠣᠶᠢᠳ	хойд	885
нутгийнхаа	ᠲᠥᠯᠥᠭᠡ	төлөө	15
нутгийнхаа	ᠠᠷᠠᠳ	ард	12
нутгийнхаа	ᠳᠡᠪᠵᠢᠭᠡᠨ ᠳᠦ	дэвжээнд	11
нуугаагүй	ᠶᠠᠭᠤᠮ᠎ᠠ	юм	17
нуугаагүй	ᠪᠠᠶᠢᠨ᠎ᠠ	байна	5
нуугаад	ᠶᠠᠬᠤᠪ	яахав	30
нуугаад	ᠶᠠᠬᠤ	яах	28
нуугаад	ᠪᠠᠶᠢᠬᠤ	байх	22
нуугдаж	ᠪᠠᠶᠢᠭ᠎ᠠ	байгаа	52
нуугдаж	ᠪᠠᠶᠢᠳᠠᠭ	байдаг	19
нуугдаж	ᠪᠠᠶᠢᠨ᠎ᠠ	байна	18
нуугдмал	ᠬᠥᠷᠦᠩᠭᠡ ᠶᠢ	хөрөнгийг	5
нуугүй	ᠬᠡᠯᠡᠬᠦ ᠳᠦ	хэлэхэд	113
нуугүй	ᠶᠠᠷᠢᠬᠤ ᠳᠤ	ярихад	5
нуудаг	ᠪᠠᠶᠢᠭᠰᠠᠨ	байсан	8
нуудаг	ᠶᠠᠭᠤᠮ᠎ᠠ	юм	6
нуудаг	ᠰᠢᠭ	шиг	5
нуудаггүй	ᠶᠠᠭᠤᠮ᠎ᠠ	юм	6
нууж	ᠪᠠᠶᠢᠭᠰᠠᠨ	байсан	15
нууж	ᠪᠠᠶᠢᠭ᠎ᠠ	байгаа	12
нууж	ᠬᠠᠭᠠᠵᠤ	хааж	12
нуулгүй	ᠬᠡᠯᠡᠬᠦ ᠳᠦ	хэлэхэд	31
нуун	ᠳᠠᠯᠳᠠᠯᠠᠬᠤ	далдлах	33
нуун	ᠳᠠᠷᠤᠭᠳᠠᠭᠤᠯᠬᠤ	дарагдуулах	25
нуун	ᠤᠯᠤᠰ ᠤᠨ	улсын	7
нуур	ᠪᠣᠯᠤᠨ	болон	236
нуур	ᠨᠢ	нь	40
нуур	ᠴᠥᠭᠦᠷᠦᠮ	цөөрөм	30
нуурыг	ᠬᠠᠮᠠᠭᠠᠯᠠᠬᠤ	хамгаалах	5
нуурын	ᠬᠣᠲᠣᠭᠣᠷ	хотгор	80
нуурын	ᠡᠷᠭᠢ	эрэг	36
нуурын	ᠪᠣᠯᠤᠨ	болон	35
нуусан	ᠪᠠᠶᠢᠭᠰᠠᠨ	байсан	18
нуусан	ᠪᠠᠶᠢᠭᠰᠠᠨ ᠢ	байсныг	14
нуусан	ᠪᠠᠶᠢᠴᠠᠢ	байжээ	13
нуух	ᠶᠠᠭᠤᠨ	юун	107
нуух	ᠭᠡᠵᠦ	гэж	18
нуух	ᠠᠷᠭ᠎ᠠ ᠦᠭᠡᠢ	аргагүй	15
нуухгүй	ᠪᠠᠶᠢᠭ᠎ᠠ	байгаа	17
нуухгүй	ᠪᠠᠶᠢᠨ᠎ᠠ	байна	16
нуухгүй	ᠡ	ээ	11
нуухыг	ᠨᠢ	нь	35
нууц	ᠪᠢᠰᠢ	биш	459
нууц	ᠲᠣᠪᠴᠢᠶ᠎ᠠ	товчоо	175
нууц	ᠨᠢ	нь	132
нууцаар	ᠰᠠᠨᠠᠯ	санал	23
нууцаар	ᠪᠠᠶᠢᠭᠤᠯᠤᠭᠰᠠᠨ	байгуулсан	17
нууцаар	ᠭᠠᠷᠭᠠᠵᠤ	гаргаж	11
нууцад	ᠬᠠᠮᠢᠶᠠᠷᠬᠤ	хамаарах	80
нууцад	ᠬᠠᠮᠢᠶᠠᠷᠬᠤ ᠦᠭᠡᠢ	хамаарахгүй	12
нууцад	ᠬᠠᠯᠠᠳᠠᠬᠤ	халдах	8
нууцалж	ᠪᠠᠶᠢᠭ᠎ᠠ	байгаа	69
нууцалж	ᠪᠠᠶᠢᠨ᠎ᠠ	байна	35
нууцалж	ᠪᠤᠢ	буй	18
нууцлаг	ᠳᠠᠯᠳᠠ	далд	6
нууцлал	ᠪᠦᠬᠦᠢ	бүхий	27
нууцлал	ᠠᠶᠤᠯ ᠦᠭᠡᠢ	аюулгүй	8
нууцлал	ᠬᠠᠮᠠᠭᠠᠯᠠᠯᠲᠠ	хамгаалалт	8
нууцлах	ᠡᠷᠬᠡ ᠲᠡᠢ	эрхтэй	7
нууцхан	ᠬᠠᠶᠢᠷ᠎ᠠ	хайр	8
нууцхан	ᠬᠠᠶᠢᠷ᠎ᠠ ᠪᠠᠨ	хайраа	7
нууцхан	ᠰᠡᠳᠬᠢᠯ ᠳᠦ ᠪᠡᠨ	сэтгэлдээ	5
нууцыг	ᠭᠠᠳᠠᠭᠠᠳᠤ	гадаад	21
нууцыг	ᠨᠢ	нь	13
нууцыг	ᠬᠠᠮᠠᠭᠠᠯᠠᠬᠤ	хамгаалах	10
нухацтай	ᠠᠪᠴᠤ	авч	46
нухацтай	ᠬᠠᠩᠳᠠᠬᠤ	хандах	45
нухацтай	ᠬᠡᠯᠡᠯᠴᠡᠬᠦ	хэлэлцэх	35
ны	ᠡᠳᠦᠷ	өдөр	6166
ны	ᠡᠳᠦᠷ ᠦᠳ ᠲᠦ	өдрүүдэд	2242
ны	ᠡᠳᠦᠷ ᠦᠨ	өдрийн	1886
нь	ᠡᠨᠡ	энэ	5646
нь	ᠴᠤ	ч	4932
нь	ᠵᠦᠢᠲᠡᠢ	зүйтэй	3798
нью	ᠳᠧᠯ	дели	40
нью	ᠵᠢᠭᠤᠯᠴᠢᠨ	жуулчин	22
нью	ᠺᠠᠫᠢᠲ᠋ᠠᠯ	капитал	6
нэвт	ᠰᠢᠪᠲᠤ	шувт	14
нэвт	ᠨᠣᠷᠭᠠᠭᠰᠠᠨ	норгосон	7
нэвт	ᠰᠢᠩᠭᠡᠭᠰᠡᠨ	шингэсэн	7
нэвтрэн	ᠣᠷᠣᠵᠤ	орж	32
нэвтрэн	ᠤᠷᠤᠬᠤ	орох	28
нэвтрэн	ᠣᠷᠣᠭᠰᠠᠨ	орсон	8
нэвтрэх	ᠪᠣᠯᠤᠮᠵᠢ ᠲᠠᠢ	боломжтой	34
нэвтрэх	ᠡᠷᠬᠡ ᠶᠢ	эрхийг	33
нэвтрэх	ᠡᠷᠬᠡ ᠲᠡᠢ	эрхтэй	19
нэвтрүүлдэг	ᠪᠠᠶᠢᠨ᠎ᠠ	байна	5
нэвтрүүлж	ᠪᠠᠶᠢᠭ᠎ᠠ	байгаа	87
нэвтрүүлж	ᠪᠤᠢ	буй	79
нэвтрүүлж	ᠪᠠᠶᠢᠨ᠎ᠠ	байна	33
нэвтрүүлэг	ᠬᠢᠵᠦ	хийж	33
нэвтрүүлэг	ᠺᠢᠨᠣᠨ ᠤ	киноны	16
нэвтрүүлэг	ᠨᠢ	нь	12
нэвтрүүлэх	ᠨᠢ	нь	87
нэвтрүүлэх	ᠭᠡᠵᠦ	гэж	51
нэвтрүүлэх	ᠲᠠᠯ᠎ᠠ ᠪᠠᠷ	талаар	45
нэвтэрдэг	ᠭᠡᠰᠡᠨ	гэсэн	5
нэвтэрсэн	ᠨᠢ	нь	12
нэвтэрсэн	ᠪᠥᠭᠡᠳ	бөгөөд	10
нэвтэрсэн	ᠭᠡᠬᠦ	гэх	9
нэвтэрхий	ᠲᠣᠯᠢ	толь	63
нэвтэрч	ᠪᠤᠢ	буй	48
нэвтэрч	ᠪᠠᠶᠢᠭ᠎ᠠ	байгаа	43
нэвтэрч	ᠪᠠᠶᠢᠨ᠎ᠠ	байна	23
нэг	ᠨᠢ	нь	4455
нэг	ᠯᠠ	л	2384
нэг	ᠴᠤ	ч	2093
нэгдмэл	ᠪᠠᠶᠢᠷᠢ	байр	61
нэгдмэл	ᠪᠠᠶᠢᠳᠠᠯ ᠢ	байдлыг	52
нэгдмэл	ᠪᠠᠶᠢᠳᠠᠯ	байдал	39
нэгдсэн	ᠬᠤᠷᠠᠯᠳᠤᠭᠠᠨ	хуралдаан	755
нэгдсэн	ᠡᠮᠨᠡᠯᠭᠡ ᠶᠢᠨ	эмнэлгийн	385
нэгдсэн	ᠡᠮᠨᠡᠯᠭᠡ	эмнэлэг	313
нэгдэж	ᠪᠠᠶᠢᠭ᠎ᠠ	байгаа	95
нэгдэж	ᠪᠠᠶᠢᠨ᠎ᠠ	байна	72
нэгдэж	ᠪᠠᠶᠢᠭᠰᠠᠨ	байсан	30
нэгдэл	ᠨᠢ	нь	35
нэгдэл	ᠭᠡᠵᠦ	гэж	23
нэгдэл	ᠪᠣᠯᠤᠨ	болон	21
нэгдэн	ᠤᠷᠤᠬᠤ	орох	153
нэгдэн	ᠣᠷᠣᠭᠰᠠᠨ	орсон	152
нэгдэн	ᠣᠷᠣᠵᠤ	орж	49
нэгдэх	ᠨᠢ	нь	38
нэгдэх	ᠦ᠋	үү	21
нэгдэх	ᠲᠤᠬᠠᠢ	тухай	16
нэгдээд	ᠪᠠᠶᠢᠭ᠎ᠠ	байгаа	45
нэгдээд	ᠪᠠᠶᠢᠨ᠎ᠠ	байна	20
нэгдээд	ᠪᠤᠢ	буй	13
нэгдүгээр	ᠰᠠᠷ᠎ᠠ ᠶᠢᠨ	сарын	2104
нэгдүгээр	ᠰᠠᠷ᠎ᠠ ᠳᠤ	сард	719
нэгдүгээр	ᠲᠣᠭᠣᠷᠢᠭ ᠲᠤ	тойрогт	362
нэгдүгээрт	ᠡᠨᠡ	энэ	40
нэгдүгээрт	ᠣᠷᠣᠳᠠᠭ	ордог	31
нэгдүгээрт	ᠮᠣᠩᠭᠣᠯ	монгол	30
нэгж	ᠪᠠᠶᠢᠭᠤᠯᠤᠯᠭ᠎ᠠ	байгууллага	429
нэгж	ᠲᠠᠯᠠᠪᠤᠷ	талбар	198
нэгж	ᠨᠢ	нь	132
нэгжлэг	ᠬᠢᠵᠦ	хийж	30
нэгжлэг	ᠬᠢᠭᠰᠡᠨ	хийсэн	27
нэгжлэг	ᠬᠢᠬᠦ	хийх	21
нэгийг	ᠨᠢ	нь	351
нэгийг	ᠪᠣᠳᠣᠵᠤ	бодож	26
нэгийг	ᠴᠤ	ч	26
нэгийгээ	ᠦᠵᠡᠵᠦ	үзэж	6
нэгний	ᠡᠷᠬᠡ	эрх	23
нэгний	ᠡᠳᠦᠷ	өдөр	17
нэгний	ᠥᠷᠯᠥᠭᠡ	өглөө	14
нэгнийг	ᠨᠢ	нь	35
нэгнийг	ᠪᠤᠷᠤᠭᠤᠳᠬᠠᠬᠤ	буруутгах	10
нэгнийг	ᠬᠠᠶᠢᠷᠠᠯᠠᠨ᠎ᠠ	хайрлана	7
нэгнийгээ	ᠳᠡᠮᠵᠢᠬᠦ	дэмжих	7
нэгнийх	ᠨᠢ	нь	101
нэгнийхээ	ᠠᠮᠢᠨ ᠳᠤ	аминд	20
нэгнийхээ	ᠠᠮᠢ	амь	6
нэгнийхээ	ᠬᠢᠭᠰᠡᠨ	хийсэн	6
нэгнээ	ᠳᠡᠮᠵᠢᠵᠦ	дэмжиж	5
нэгнээ	ᠳᠡᠮᠵᠢᠬᠦ	дэмжих	5
нэгнээ	ᠰᠠᠶᠢᠨ	сайн	5
нэгнээс	ᠨᠢ	нь	13
нэгнээс	ᠬᠠᠷᠠᠭᠠᠲᠤ	хараат	12
нэгнээс	ᠡᠬᠢᠯᠡᠨ	эхлэн	7
нэгт	ᠠᠬᠠᠨ	ахан	34
нэгт	ᠨᠥᠬᠥᠳ	нөхөд	28
нэгт	ᠵᠦᠢ	зүй	20
нэгтгэж	ᠪᠠᠶᠢᠭ᠎ᠠ	байгаа	38
нэгтгэж	ᠴᠢᠳᠠᠭᠰᠠᠨ	чадсан	29
нэгтгэж	ᠪᠠᠶᠢᠨ᠎ᠠ	байна	19
нэгтгэл	ᠣᠨ᠎ᠡᠠᠲᠦᠭ	онөаатүг	9
нэгтгэн	ᠵᠣᠬᠢᠶᠠᠨ	зохион	34
нэгтгэн	ᠳ᠋ᠦᠩᠨᠡᠵᠦ	дүгнэж	16
нэгтгэн	ᠳᠦᠲᠦᠨᠡᠬᠦ	дүгнэх	16
нэгтгэсэн	ᠪᠠᠶᠢᠨ᠎ᠠ	байна	32
нэгтгэсэн	ᠨᠢ	нь	17
нэгтгэсэн	ᠲᠠᠶᠢᠯᠤᠨ	тайлан	16
нэгтгэх	ᠨᠢ	нь	34
нэгтгэх	ᠬᠡᠷᠡᠭᠲᠡᠢ	хэрэгтэй	21
нэгтгэх	ᠶᠣᠰᠣᠲᠠᠢ	ёстой	18
нэгтгээд	ᠪᠠᠶᠢᠭ᠎ᠠ	байгаа	11
нэгтгээд	ᠪᠠᠶᠢᠨ᠎ᠠ	байна	11
нэгтгээд	ᠪᠤᠢ	буй	6
нэгтэй	ᠳᠡᠮᠵᠢᠭᠰᠡᠨ	дэмжсэн	22
нэгтэй	ᠪᠠᠶᠢᠭ᠎ᠠ ᠪᠠᠨ	байгаагаа	19
нэгтэй	ᠲᠡᠩᠴᠡᠬᠦ	тэнцэх	18
нэгхэн	ᠵᠢᠯ ᠦᠨ	жилийн	17
нэгхэн	ᠰᠠᠷ᠎ᠠ ᠶᠢᠨ	сарын	8
нэгхэн	ᠵᠢᠯ	жил	5
нэгэн	ᠴᠠᠭ ᠲᠤ	цагт	527
нэгэн	ᠵᠡᠷᠭᠡ	зэрэг	483
нэгэн	ᠰᠢᠨ᠎ᠡ	шинэ	400
нэгэнд	ᠨᠢ	нь	82
нэгэнд	ᠠᠰᠢᠭᠲᠠᠢ	ашигтай	11
нэгэнд	ᠵᠣᠷᠢᠭᠤᠯᠤᠭᠰᠠᠨ	зориулсан	11
нэгэндээ	ᠤᠷᠮ᠎ᠠ	урам	8
нэгэндээ	ᠭᠡᠭᠴᠢ ᠪᠡᠷ	гэгчээр	7
нэгэндээ	ᠲᠤᠰᠠᠯᠠᠵᠤ	тусалж	7
нэгэнт	ᠯᠠ	л	160
нэгэнт	ᠲᠣᠳᠣᠷᠬᠠᠢ	тодорхой	112
нэгэнт	ᠪᠤᠢ	бий	57
нэгэнтэй	ᠨᠢ	нь	16
нэгэнтэй	ᠤᠲᠠᠰᠤ ᠪᠠᠷ	утсаар	5
нэгэнтэй	ᠬᠠᠮᠲᠤ	хамт	5
нэгэнтээ	ᠲᠣᠳᠣᠷᠬᠠᠢ	тодорхой	27
нэгэнтээ	ᠬᠡᠯᠡᠭᠰᠡᠨ	хэлсэн	18
нэгэнтээ	ᠬᠡᠯᠡᠵᠦ	хэлж	12
нэгээр	ᠨᠢ	нь	105
нэгээр	ᠰᠢᠯᠭᠠᠷᠠᠭᠰᠠᠨ	шалгарсан	17
нэгээр	ᠲᠣᠭᠲᠠᠬᠤ ᠦᠭᠡᠢ	тогтохгүй	14
нэгээс	ᠬᠣᠶᠠᠷ	хоёр	112
нэгээс	ᠭᠤᠷᠪᠠᠨ	гурван	53
нэгээс	ᠢᠯᠡᠭᠦᠦ	илүү	41
нэлээд	ᠬᠡᠳᠦᠨ	хэдэн	317
нэлээд	ᠣᠯᠠᠨ	олон	289
нэлээд	ᠶᠡᠬᠡ	их	115
нэлээн	ᠣᠯᠠᠨ	олон	63
нэлээн	ᠬᠡᠳᠦᠨ	хэдэн	59
нэлээн	ᠰᠠᠶᠢᠨ	сайн	41
нэм	ᠭᠡᠵᠦ	гэж	11
нэм	ᠭᠡᠰᠡᠨ	гэсэн	9
нэм	ᠰᠡᠨ	сэн	5
нэмдэг	ᠨᠢ	нь	9
нэмдэг	ᠪᠠᠶᠢᠨ᠎ᠠ	байна	5
нэмдэг	ᠭᠡᠵᠦ	гэж	5
нэмж	ᠬᠡᠯᠡᠬᠦ ᠳᠦ	хэлэхэд	109
нэмж	ᠪᠠᠶᠢᠭ᠎ᠠ	байгаа	66
нэмж	ᠪᠠᠶᠢᠨ᠎ᠠ	байна	62
нэмлээ	ᠭᠡᠵᠦ	гэж	10
нэмлээ	ᠭᠡᠬᠦ ᠳᠦ	гэхэд	9
нэмлээ	ᠭᠡᠳ	гээд	9
нэмнэ	ᠭᠡᠵᠦ	гэж	44
нэмнэ	ᠭᠡᠰᠡᠨ	гэсэн	32
нэмнэ	ᠭᠡᠳᠡᠭ	гэдэг	19
нэмсэн	ᠨᠢ	нь	84
нэмсэн	ᠪᠠᠶᠢᠨ᠎ᠠ	байна	65
нэмсэн	ᠴᠤ	ч	38
нэмсээр	ᠪᠠᠶᠢᠨ᠎ᠠ	байна	11
нэмсээр	ᠢᠷᠡᠭᠰᠡᠨ	ирсэн	5
нэмэгдлээ	ᠭᠡᠵᠦ	гэж	15
нэмэгдлээ	ᠭᠡᠳ	гээд	13
нэмэгдлээ	ᠭᠡᠬᠦ ᠳᠦ	гэхэд	8
нэмэгдсэн	ᠪᠠᠶᠢᠨ᠎ᠠ	байна	442
нэмэгдсэн	ᠨᠢ	нь	207
нэмэгдсэн	ᠦᠵᠡᠭᠦᠯᠦᠯᠲᠡ	үзүүлэлт	73
нэмэгдсээр	ᠪᠠᠶᠢᠭ᠎ᠠ	байгаа	146
нэмэгдсээр	ᠪᠠᠶᠢᠨ᠎ᠠ	байна	110
нэмэгдсээр	ᠯᠠ	л	32
нэмэгдэж	ᠪᠠᠶᠢᠭ᠎ᠠ	байгаа	879
нэмэгдэж	ᠪᠠᠶᠢᠨ᠎ᠠ	байна	468
нэмэгдэж	ᠪᠤᠢ	буй	237
нэмэгдэл	ᠣᠯᠭᠣᠬᠤ	олгох	36
нэмэгдэл	ᠨᠢ	нь	31
нэмэгдэл	ᠴᠠᠯᠢᠩ	цалин	16
нэмэгдэнэ	ᠭᠡᠵᠦ	гэж	160
нэмэгдэнэ	ᠭᠡᠰᠡᠨ	гэсэн	109
нэмэгдэнэ	ᠭᠡᠳᠡᠭ	гэдэг	23
нэмэгдэх	ᠨᠢ	нь	165
нэмэгдэх	ᠶᠠᠭᠤᠮ᠎ᠠ	юм	132
нэмэгдэх	ᠪᠣᠯᠤᠮᠵᠢ ᠲᠠᠢ	боломжтой	75
нэмэгдүүлж	ᠪᠠᠶᠢᠭ᠎ᠠ	байгаа	126
нэмэгдүүлж	ᠪᠠᠶᠢᠨ᠎ᠠ	байна	111
нэмэгдүүлж	ᠴᠢᠳᠠᠭᠰᠠᠨ	чадсан	22
нэмэгдүүлнэ	ᠭᠡᠵᠦ	гэж	73
нэмэгдүүлнэ	ᠭᠡᠰᠡᠨ	гэсэн	31
нэмэгдүүлнэ	ᠭᠡᠳᠡᠭ	гэдэг	16
нэмэгдүүлэх	ᠨᠢ	нь	180
нэмэгдүүлэх	ᠵᠠᠮ ᠢᠶᠠᠷ	замаар	131
нэмэгдүүлэх	ᠵᠠᠷᠢᠮ	зарим	124
нэмэлт	ᠥᠭᠡᠷᠡᠴᠢᠯᠡᠯᠲᠡ	өөрчлөлт	5352
нэмэлт	ᠤᠷᠤᠭᠤᠯᠬᠤ	оруулах	1944
нэмэлт	ᠮᠥᠷᠳᠡᠨ	мөрдөн	335
нэмэр	ᠣᠷᠣᠭᠤᠯᠤᠭᠰᠠᠨ	оруулсан	286
нэмэр	ᠣᠷᠣᠭᠤᠯᠵᠤ	оруулж	278
нэмэр	ᠤᠷᠤᠭᠤᠯᠬᠤ	оруулах	250
нэмэргүй	ᠭᠡᠳᠡᠭ ᠢ	гэдгийг	9
нэмэргүй	ᠰᠢᠦ	шүү	8
нэмэргүй	ᠶᠠᠭᠤᠮ᠎ᠠ	юм	8
нэмэх	ᠨᠢ	нь	180
нэмэх	ᠶᠠᠭᠤᠮ᠎ᠠ	юм	62
нэмэх	ᠱᠠᠭᠠᠷᠳᠠᠯᠭ᠎ᠠ ᠲᠠᠢ	шаардлагатай	48
нэмэхэд	ᠲᠡᠷᠪᠤᠮ	тэрбум	11
нэмэхэд	ᠯᠠ	л	9
нэмэхэд	ᠵᠣᠷᠢᠭᠤᠯᠵᠤ	зориулж	8
нэмээд	ᠪᠠᠶᠢᠨ᠎ᠠ	байна	25
нэмээд	ᠬᠡᠯᠡᠬᠦ ᠳᠦ	хэлэхэд	20
нэмээд	ᠯᠠ	л	18
нэмүү	ᠥᠷᠲᠡᠭ	өртөг	432
нэмүү	ᠦᠨ᠎ᠡ	үнэ	6
нэн	ᠳᠠᠷᠤᠢ	даруй	399
нэн	ᠲᠡᠷᠢᠭᠦᠨ ᠳᠦ	тэргүүнд	339
нэн	ᠴᠢᠬᠤᠯᠠ	чухал	323
нэр	ᠬᠦᠨᠳᠦ ᠲᠡᠢ	хүндтэй	1282
нэр	ᠪᠦᠬᠦᠢ	бүхий	1225
нэр	ᠬᠦᠨᠳᠦ	хүнд	1077
нэргүй	ᠬᠥᠭᠵᠢᠮ ᠦᠨ	хөгжмийн	10
нэргүй	ᠳ	д	9
нэргүй	ᠨᠠᠷᠠ	нар	9
нэрийг	ᠨᠢ	нь	354
нэрийг	ᠪᠠᠷᠢᠵᠤ	барьж	65
нэрийг	ᠭᠠᠷᠭᠠᠵᠤ	гаргаж	63
нэрийн	ᠡᠮᠦᠨ᠎ᠡ ᠡᠴᠡ	өмнөөс	469
нэрийн	ᠳᠣᠣᠷ᠎ᠠ	дор	422
нэрийн	ᠪᠠᠷ᠎ᠠ	бараа	184
нэрлэгдэх	ᠪᠣᠯᠤᠭᠰᠠᠨ	болсон	25
нэрлэгдэх	ᠨᠢ	нь	7
нэрлэгдэх	ᠡᠨᠡᠬᠦ	энэхүү	7
нэрлэж	ᠪᠣᠯᠤᠨ᠎ᠠ	болно	136
нэрлэж	ᠪᠠᠶᠢᠨ᠎ᠠ	байна	106
нэрлэж	ᠪᠠᠶᠢᠭ᠎ᠠ	байгаа	88
нэрлэнэ	ᠦ᠋	үү	11
нэрлэсэн	ᠪᠠᠶᠢᠨ᠎ᠠ	байна	83
нэрлэсэн	ᠦᠨ᠎ᠡ ᠪᠡᠷ	үнээр	65
нэрлэсэн	ᠶᠠᠭᠤᠮ᠎ᠠ	юм	61
нэрлэх	ᠨᠢ	нь	79
нэрлэх	ᠪᠣᠯᠤᠭᠰᠠᠨ	болсон	58
нэрлэх	ᠶᠠᠭᠤᠮ᠎ᠠ	юм	20
нэрмээс	ᠪᠣᠯᠵᠤ	болж	36
нэрмээс	ᠭᠡᠭᠴᠢ ᠪᠡᠷ	гэгчээр	11
нэрмээс	ᠪᠣᠯᠳᠠᠭ	болдог	10
нэрний	ᠬᠤᠪᠢ ᠳᠤ	хувьд	17
нэрний	ᠲᠠᠯ᠎ᠠ ᠪᠠᠷ	талаар	11
нэрний	ᠡᠬᠢᠨ ᠦ	эхний	10
нэрнээс	ᠨᠢ	нь	17
нэрнээс	ᠡᠬᠢᠯᠡᠭᠡᠳ	эхлээд	7
нэрнээс	ᠭᠠᠳᠠᠨ᠎ᠠ	гадна	5
нэрс	ᠲᠣᠳᠣᠷᠠᠭᠰᠠᠨ	тодорсон	17
нэрс	ᠨᠢ	нь	15
нэрс	ᠲᠣᠳᠣᠷᠬᠠᠢ	тодорхой	14
нэрт	ᠵᠢᠳᠬᠦᠯᠲᠡᠨ	зүтгэлтэн	101
нэрт	ᠵᠦᠵᠦᠭᠡᠴᠢᠨ	жүжигчин	88
нэрт	ᠵᠣᠬᠢᠶᠠᠯᠴᠢ	зохиолч	87
нэртэй	ᠰᠢᠨ᠎ᠡ	шинэ	201
нэртэй	ᠬᠠᠤᠯᠢ	хууль	196
нэртэй	ᠡᠨᠡᠬᠦ	энэхүү	152
нэрэмжит	ᠣᠯᠠᠨ	олон	123
нэрэмжит	ᠱᠠᠩᠨᠠᠯᠲᠤ	шагналт	116
нэрэмжит	ᠱᠠᠩᠨᠠᠯ	шагнал	110
нэрэнд	ᠰᠡᠪ	сэв	5
нэрээ	ᠲᠠᠲᠠᠭᠰᠠᠨ	татсан	43
нэрээ	ᠳᠡᠪᠰᠢᠭᠦᠯᠦᠭᠰᠡᠨ	дэвшүүлсэн	42
нэрээ	ᠳᠡᠪᠰᠢᠭᠦᠯᠵᠦ	дэвшүүлж	39
нэрээр	ᠨᠢ	нь	73
нэрээр	ᠨᠡᠷᠡᠯᠡᠭᠰᠡᠨ	нэрлэсэн	67
нэрээр	ᠤᠡᠬ	уих	27
нэрээрээ	ᠠᠯᠳᠠᠷᠰᠢᠭᠰᠠᠨ	алдаршсан	13
нэрээрээ	ᠠᠯᠳᠠᠷᠲᠠᠢ	алдартай	11
нэрээрээ	ᠣᠯᠣᠩ ᠳᠤ	олонд	7
нэхий	ᠳᠡᠪᠡᠯ	дээл	23
нэхий	ᠳᠡᠪᠡᠯ ᠢᠶᠡᠨ	дээлээ	8
нэхмэл	ᠪᠦᠲᠦᠭᠡᠭᠳᠡᠬᠦᠨ	бүтээгдэхүүн	20
нэхмэл	ᠡᠳ᠋ᠯᠡᠯ	эдлэл	8
нэхмэл	ᠬᠤᠪᠴᠠᠰᠤ	хувцас	7
нэхсэн	ᠪᠠᠶᠢᠨ᠎ᠠ	байна	8
нэхсэн	ᠶᠠᠭᠤᠮ᠎ᠠ	юм	7
нэхсэн	ᠨᠢ	нь	6
нэхэж	ᠪᠠᠶᠢᠨ᠎ᠠ	байна	75
нэхэж	ᠪᠠᠶᠢᠭ᠎ᠠ	байгаа	52
нэхэж	ᠶᠠᠪᠤᠨ᠎ᠠ	явна	24
нэхэмжлэгч	ᠲᠠᠯ᠎ᠠ	тал	22
нэхэмжлэгч	ᠲᠠᠯ᠎ᠠ ᠶᠢᠨ	талын	9
нэхэмжлэгч	ᠲᠠᠯ᠎ᠠ ᠠᠴᠠ	талаас	6
нэхэмжлэл	ᠭᠠᠷᠭᠠᠭᠰᠠᠨ	гаргасан	70
нэхэмжлэл	ᠭᠠᠷᠭᠠᠵᠤ	гаргаж	27
нэхэмжлэл	ᠭᠠᠷᠭᠠᠬᠤ	гаргах	22
нэхэмжлэх	ᠡᠷᠬᠡ ᠲᠡᠢ	эрхтэй	16
нэхэх	ᠠᠷᠠᠳ	ард	20
нэхэх	ᠨᠢ	нь	20
нэхэх	ᠶᠣᠰᠣᠲᠠᠢ	ёстой	9
нэхээд	ᠪᠠᠶᠢᠭ᠎ᠠ	байгаа	20
нэхээд	ᠪᠠᠶᠢᠬᠤ	байх	12
нэхээд	ᠰᠠᠭᠤᠵᠤ	сууж	10
нээ	ᠭᠡᠵᠦ	гэж	5
нээгдэж	ᠪᠠᠶᠢᠨ᠎ᠠ	байна	161
нээгдэж	ᠪᠠᠶᠢᠭ᠎ᠠ	байгаа	146
нээгдэж	ᠪᠤᠢ	буй	30
нээгдэх	ᠶᠠᠭᠤᠮ᠎ᠠ	юм	111
нээгдэх	ᠭᠡᠵᠦ	гэж	24
нээгдэх	ᠨᠢ	нь	18
нээгээд	ᠪᠠᠶᠢᠭ᠎ᠠ	байгаа	13
нээгээд	ᠪᠠᠶᠢᠨ᠎ᠠ	байна	13
нээгээд	ᠤᠳᠠᠭ᠎ᠠ ᠦᠭᠡᠢ	удаагүй	13
нээдэг	ᠶᠠᠭᠤᠮ᠎ᠠ	юм	7
нээж	ᠬᠡᠯᠡᠭᠰᠡᠨ	хэлсэн	170
нээж	ᠦᠭᠡ	үг	166
нээж	ᠪᠠᠶᠢᠭ᠎ᠠ	байгаа	114
нээлт	ᠥᠨᠥᠳᠥᠷ	өнөөдөр	155
нээлт	ᠳᠡᠭᠡᠷ᠎ᠡ	дээр	78
нээлт	ᠡᠨᠡ	энэ	69
нээлттэй	ᠲᠡᠮᠡᠴᠡᠭᠡᠨ	тэмцээн	629
нээлттэй	ᠢᠯᠡ	ил	213
нээлттэй	ᠪᠠᠶᠢᠬᠤ	байх	166
нээлээ	ᠭᠡᠵᠦ	гэж	5
нээн	ᠢᠯᠡᠷᠡᠭᠦᠯᠬᠦ	илрүүлэх	32
нээн	ᠠᠵᠢᠯᠯᠠᠭᠤᠯᠵᠤ	ажиллуулж	31
нээн	ᠬᠥᠭᠵᠢᠭᠦᠯᠬᠦ	хөгжүүлэх	23
нээнэ	ᠭᠡᠵᠦ	гэж	15
нээнэ	ᠭᠡᠰᠡᠨ	гэсэн	9
нээнэ	ᠬᠡᠮᠡᠨ	хэмээн	6
нээрээ	ᠯᠠ	л	57
нээрээ	ᠴᠤ	ч	31
нээрээ	ᠲᠡᠶᠢᠮᠦ	тийм	17
нээсэн	ᠶᠠᠭᠤᠮ᠎ᠠ	юм	70
нээсэн	ᠪᠠᠶᠢᠨ᠎ᠠ	байна	69
нээсэн	ᠪᠥᠭᠡᠳ	бөгөөд	45
нээх	ᠭᠡᠵᠦ	гэж	104
нээх	ᠶᠠᠭᠤᠮ᠎ᠠ	юм	58
нээх	ᠨᠢ	нь	48
нээхэд	ᠪᠡᠯᠡᠨ	бэлэн	11
нээхэд	ᠯᠠ	л	8
нягт	ᠬᠠᠮᠲᠤᠷᠠᠨ	хамтран	132
нягт	ᠬᠣᠯᠪᠣᠭᠠᠲᠠᠢ	холбоотой	68
нягт	ᠨᠢᠮᠪᠠᠢ	нямбай	51
нягтлах	ᠱᠠᠭᠠᠷᠳᠠᠯᠭ᠎ᠠ ᠲᠠᠢ	шаардлагатай	31
нягтлах	ᠶᠣᠰᠣᠲᠠᠢ	ёстой	29
нягтлах	ᠬᠡᠷᠡᠭᠲᠡᠢ	хэрэгтэй	16
нягтрал	ᠶᠡᠬᠡ ᠲᠡᠢ	ихтэй	19
нягтрал	ᠪᠦᠬᠦᠢ	бүхий	16
нягтрал	ᠨᠢ	нь	9
нялх	ᠬᠡᠦᠬᠡᠳ ᠲᠡᠢ	хүүхэдтэй	35
нялх	ᠬᠡᠦᠬᠡᠳ	хүүхэд	25
нялх	ᠪᠡᠶ᠎ᠡ ᠲᠡᠢ	биетэй	22
нялхас	ᠪᠠᠭ᠎ᠠ	бага	8
нялхасын	ᠡᠷᠳᠡᠮ	эрдэм	11
нялхасын	ᠬᠤᠷᠢᠮ	хурим	10
нялхасын	ᠡᠷᠡᠭᠦᠯ	эрүүл	10
ням	ᠣᠴᠢᠷ	очир	564
ням	ᠭᠠᠷᠠᠭ ᠲᠤ	гаригт	525
ням	ᠭᠠᠷᠠᠭ	гариг	73
нямаа	ᠠ	а	9
нямаа	ᠴ	ц	7
нямаа	ᠨᠠᠷᠠ	нар	6
нямбай	ᠪᠠᠢ	бай	6
нямбай	ᠥᠨᠳᠥᠷ	өндөр	5
нямбаяр	ᠠ	а	18
нямбаяр	ᠣᠨᠣᠭ᠎ᠠ	оноо	14
нямбаяр	ᠰᠣᠩᠭᠢᠨ᠎ᠠ	сонгино	6
нямхүү	ᠨᠠᠷ ᠤᠨ	нарын	11
нямхүү	ᠲ	т	11
нямхүү	ᠨᠢ	нь	8
нян	ᠸᠢᠷᠦᠰ	вирус	14
нян	ᠨᠢ	нь	13
нян	ᠦᠷᠡᠵᠢᠬᠦ	үржих	13
нярай	ᠬᠡᠦᠬᠡᠳ ᠦᠨ	хүүхдийн	30
нярай	ᠬᠡᠦᠬᠡᠳ	хүүхэд	30
нярай	ᠬᠡᠦᠬᠡᠳ ᠲᠦ	хүүхдэд	29
нүб	᠍ ᠤᠨ	ын	2725
нүб	ᠳ	д	92
нүб	ᠡᠶᠢᠨ	ийн	74
нүгэл	ᠪᠤᠶᠠᠨ	буян	10
нүгэл	ᠪᠣᠯᠤᠨ᠎ᠠ	болно	7
нүгэл	ᠦᠢᠯᠡᠳᠦᠭᠰᠡᠨ	үйлдсэн	7
нүд	ᠨᠢ	нь	140
нүд	ᠴᠢᠬᠢ	чих	59
нүд	ᠴᠢᠨᠢ	чинь	45
нүдийг	ᠨᠢ	нь	74
нүдийг	ᠴᠢᠨᠢ	чинь	31
нүдийг	ᠮᠢᠨᠢ	минь	23
нүдний	ᠰᠢᠯᠢ	шил	119
нүдний	ᠡᠮᠦᠨ᠎ᠡ	өмнө	56
нүдний	ᠡᠮᠴᠢ	эмч	44
нүднээс	ᠨᠢᠯᠪᠤᠰᠤ	нулимс	21
нүднээс	ᠳᠠᠯᠳᠠ	далд	19
нүднээс	ᠨᠢ	нь	17
нүдтэй	ᠳᠡᠯᠡᠬᠡᠢ	дэлхий	6
нүдтэй	ᠪᠠᠶᠢᠳᠠᠭ	байдаг	5
нүдэн	ᠳᠡᠭᠡᠷ᠎ᠡ	дээр	208
нүдэн	ᠯᠠᠮᠠ	лам	79
нүдэн	ᠪᠠᠯᠠᠢ	балай	28
нүдэнд	ᠬᠠᠷᠠᠭᠳᠠᠵᠤ	харагдаж	56
нүдэнд	ᠢᠯᠡ	ил	53
нүдэнд	ᠨᠢ	нь	50
нүдэндээ	ᠨᠢᠯᠪᠤᠰᠤ ᠲᠠᠢ	нулимстай	38
нүдэндээ	ᠴᠤ	ч	8
нүдэндээ	ᠨᠢᠯᠪᠤᠰᠤ	нулимс	6
нүдээ	ᠠᠨᠢᠶ᠎ᠠ ᠳᠤ	аниад	95
нүдээ	ᠣᠯᠤᠭᠰᠠᠨ	олсон	93
нүдээ	ᠤᠬᠤᠭᠠᠳ	ухаад	12
нүдээр	ᠬᠠᠷᠠᠵᠤ	харж	85
нүдээр	ᠬᠠᠷᠠᠬᠤ ᠳᠤ	харахад	48
нүдээр	ᠦᠵᠡᠵᠦ	үзэж	31
нүдээрээ	ᠬᠠᠷᠠᠵᠤ	харж	14
нүдээрээ	ᠬᠠᠷᠠᠭᠰᠠᠨ	харсан	14
нүдээрээ	ᠬᠠᠷᠠᠯ᠎ᠠ	харлаа	9
нүсэр	ᠲᠣᠮᠣ	том	33
нүсэр	ᠠᠵᠢᠯ	ажил	22
нүсэр	ᠠᠵᠢᠯ ᠢ	ажлыг	9
нүх	ᠨᠢ	нь	21
нүх	ᠷᠦᠦ	рүү	21
нүх	ᠤᠬᠤᠬᠤ	ухах	13
нүхний	ᠬᠠᠵᠠᠭᠤ	хажуу	8
нүхний	ᠬᠡᠮᠵᠢᠶ᠎ᠡ	хэмжээ	6
нүхний	ᠢᠷᠤᠭᠠᠷ ᠲᠤ	ёроолд	5
нүхэн	ᠭᠠᠷᠴᠠ	гарц	40
нүхэн	ᠵᠣᠷᠯᠣᠩ	жорлон	10
нүхэн	ᠭᠠᠷᠴᠠ ᠶᠢ	гарцыг	5
нүхэнд	ᠨᠢ	нь	6
нүхэнд	ᠤᠨᠠᠵᠤ	унаж	6
нүхэнд	ᠪᠤᠯᠠᠵᠤ	булж	5
нүхээр	ᠬᠠᠷᠠᠵᠤ	харж	8
нүхээр	ᠬᠠᠷᠠᠭᠰᠠᠨ	харсан	5
нүцгэн	ᠵᠢᠷᠤᠭ	зураг	21
нүцгэн	ᠵᠢᠷᠭᠤᠭ᠎ᠠ	зургаа	17
нүцгэн	ᠵᠢᠷᠤᠭ ᠢ	зургийг	11
нүүдлийн	ᠰᠤᠶᠤᠯ	соёл	66
нүүдлийн	ᠮᠠᠯ	мал	46
нүүдлийн	ᠰᠢᠪᠠᠭᠤᠳ	шувууд	28
нүүдэл	ᠰᠠᠭᠤᠳᠠᠯ	суудал	22
нүүдэл	ᠷ	р	14
нүүдэл	ᠬᠢᠬᠦ	хийх	14
нүүдэлчдийн	ᠰᠤᠶᠤᠯ	соёл	23
нүүдэлчдийн	ᠠᠬᠤᠢ	ахуй	17
нүүдэлчдийн	ᠲᠠᠶᠢᠯᠪᠤᠷᠢ	тайлбар	11
нүүдэлчин	ᠠᠷᠠᠳ	ард	34
нүүдэлчин	ᠠᠬᠤᠢ	ахуй	23
нүүдэлчин	ᠮᠣᠩᠭᠣᠯᠴᠤᠳ ᠤᠨ	монголчуудын	19
нүүж	ᠢᠷᠡᠭᠰᠡᠨ	ирсэн	30
нүүж	ᠢᠷᠡᠭᠡᠳ	ирээд	20
нүүж	ᠣᠴᠢᠭᠰᠠᠨ	очсон	11
нүүлгэх	ᠠᠰᠠᠭᠤᠳᠠᠯ ᠢ	асуудлыг	7
нүүр	ᠴᠢᠷᠠᠢ	царай	245
нүүр	ᠦᠵᠡᠵᠦ	үзэж	93
нүүр	ᠲᠤᠯᠵᠤ	тулж	72
нүүрийг	ᠦᠵᠡᠵᠦ	үзэж	84
нүүрийг	ᠨᠢ	нь	26
нүүрийг	ᠦᠵᠡᠬᠦ	үзэх	11
нүүрлэх	ᠨᠢ	нь	14
нүүрлэх	ᠪᠠᠶᠢᠭᠰᠠᠨ	байсан	5
нүүрлэх	ᠶᠠᠭᠤᠮ᠎ᠠ	юм	5
нүүрлээд	ᠪᠠᠶᠢᠭ᠎ᠠ	байгаа	55
нүүрлээд	ᠪᠠᠶᠢᠨ᠎ᠠ	байна	29
нүүрлээд	ᠪᠤᠢ	буй	26
нүүрний	ᠡᠮᠭᠡᠭ	эмгэг	49
нүүрний	ᠮᠡᠰᠡ	мэс	34
нүүрний	ᠠᠷᠠᠰᠤ	арьс	22
нүүрэн	ᠳᠡᠭᠡᠷ᠎ᠡ	дээр	81
нүүрэн	ᠲᠠᠯ᠎ᠠ ᠶᠢᠨ	талын	56
нүүрэн	ᠳᠡᠭᠡᠷ᠎ᠡ ᠪᠡᠨ	дээрээ	21
нүүрэнд	ᠨᠢ	нь	21
нүүрээ	ᠬᠠᠷᠠᠵᠤ	харж	14
нүүрээ	ᠪᠤᠳᠤᠵᠤ	будаж	11
нүүрээ	ᠪᠤᠷᠤᠭᠤᠯᠠᠭᠰᠠᠨ	буруулсан	8
нүүсэн	ᠶᠠᠭᠤᠮ᠎ᠠ	юм	8
нүүсэн	ᠪᠠᠶᠢᠨ᠎ᠠ	байна	7
нүүх	ᠦ᠋	үү	9
нөат	᠍ ᠤᠨ	ын	590
нөат	᠍ ᠢ	ыг	140
нөат	ᠲᠥᠯᠭᠡᠴᠢ	төлөгч	43
нөгөө	ᠲᠠᠯ᠎ᠠ ᠠᠴᠠ	талаас	1230
нөгөө	ᠲᠠᠯ᠎ᠠ ᠪᠠᠷ	талаар	964
нөгөө	ᠨᠢ	нь	525
нөгөөдүүл	ᠨᠢ	нь	50
нөгөөдүүл	ᠴᠢᠨᠢ	чинь	7
нөгөөдөр	ᠪᠤᠶᠤ	буюу	22
нөгөөдөр	ᠨᠢ	нь	17
нөгөөдөр	ᠪᠣᠯᠬᠤ	болох	10
нөгөөтэйгүүр	ᠡᠨᠡ	энэ	29
нөгөөтэйгүүр	ᠮᠣᠩᠭᠣᠯ	монгол	25
нөгөөтэйгүүр	ᠮᠠᠨ ᠤ	манай	20
нөгөөх	ᠨᠢ	нь	204
нөгөөх	ᠯᠠ	л	20
нөгөөх	ᠴᠢᠨᠢ	чинь	9
нөлөө	ᠪᠦᠬᠦᠢ	бүхий	511
нөлөө	ᠦᠵᠡᠭᠦᠯᠵᠦ	үзүүлж	295
нөлөө	ᠦᠵᠡᠭᠦᠯᠬᠦ	үзүүлэх	271
нөлөөлж	ᠪᠠᠶᠢᠨ᠎ᠠ	байна	481
нөлөөлж	ᠪᠠᠶᠢᠭ᠎ᠠ	байгаа	461
нөлөөлж	ᠪᠤᠢ	буй	159
нөлөөлнө	ᠭᠡᠵᠦ	гэж	102
нөлөөлнө	ᠭᠡᠰᠡᠨ	гэсэн	29
нөлөөлнө	ᠭᠡᠳᠡᠭ ᠢ	гэдгийг	17
нөлөөлсөн	ᠪᠠᠶᠢᠨ᠎ᠠ	байна	139
нөлөөлсөн	ᠭᠡᠵᠦ	гэж	134
нөлөөлсөн	ᠪᠠᠶᠢᠬᠤ	байх	111
нөлөөлөл	ᠨᠢ	нь	93
нөлөөлөл	ᠦᠵᠡᠭᠦᠯᠵᠦ	үзүүлж	32
нөлөөлөл	ᠪᠤᠢ	бий	15
нөлөөлөх	ᠨᠢ	нь	116
нөлөөлөх	ᠡᠮ	эм	113
нөлөөлөх	ᠪᠠᠶᠢᠳᠠᠯ ᠤᠨ	байдлын	85
нөлөөнд	ᠠᠪᠲᠠᠬᠤ ᠦᠭᠡᠢ	автахгүй	16
нөлөөнд	ᠠᠪᠲᠠᠭᠰᠠᠨ	автсан	12
нөлөөнд	ᠶᠡᠬᠡ	их	10
нөлөөтэй	ᠲᠤᠯᠠ	тул	95
нөлөөтэй	ᠭᠡᠵᠦ	гэж	46
нөлөөтэй	ᠪᠠᠶᠢᠳᠠᠭ	байдаг	43
нөмрөг	ᠰᠤᠮᠤ ᠶᠢᠨ	сумын	11
нөмрөг	ᠪᠤᠶᠤ	буюу	9
нөмрөг	ᠰᠣᠩᠭᠢᠨ᠎ᠠ	сонгино	6
нөмөр	ᠨᠥᠭᠦᠯᠦᠭ	нөөлөг	20
нөмөр	ᠨᠥᠭᠡᠯᠭᠡ ᠲᠡᠢ	нөөлөгтэй	7
нөр	ᠶᠡᠬᠡ	их	216
нөхдийг	ᠲᠦᠰᠢᠵᠦ	түшиж	7
нөхдийг	ᠨᠢ	нь	5
нөхдийн	ᠬᠠᠮᠲᠤ	хамт	34
нөхдийн	ᠮᠠᠨᠢ	маань	9
нөхдийн	ᠬᠠᠮᠲᠤ ᠪᠠᠷ	хамтаар	8
нөхдүүд	ᠨᠢ	нь	22
нөхдүүд	ᠴᠤ	ч	19
нөхдүүд	ᠪᠠᠶᠢᠳᠠᠭ	байдаг	16
нөхдөд	ᠮᠣᠩᠭᠣᠯ ᠤᠨ	монголын	8
нөхдөд	ᠲᠠᠨᠢ	тань	5
нөхдөөс	ᠨᠢ	нь	11
нөхдөөс	ᠮᠢᠨᠢ	минь	6
нөхрийн	ᠮᠠᠨᠢ	маань	15
нөхрийн	ᠬᠤᠪᠢ ᠳᠤ	хувьд	9
нөхрийн	ᠬᠠᠮᠲᠤ	хамт	8
нөхрөө	ᠭᠤᠶᠤᠭᠰᠠᠨ	гуйсан	6
нөхцөл	ᠪᠠᠶᠢᠳᠠᠯ	байдал	2141
нөхцөл	ᠪᠠᠶᠢᠳᠠᠯ ᠢ	байдлыг	816
нөхцөл	ᠪᠠᠶᠢᠳᠠᠯ ᠳᠤ	байдалд	472
нөхцөлд	ᠡᠨᠡ	энэ	46
нөхцөлд	ᠠᠵᠢᠯᠯᠠᠵᠤ	ажиллаж	39
нөхцөлд	ᠲᠣᠬᠢᠷᠠᠭᠰᠠᠨ	тохирсон	31
нөхцөлийг	ᠪᠦᠷᠢᠳᠦᠭᠦᠯᠬᠦ	бүрдүүлэх	154
нөхцөлийг	ᠪᠦᠷᠢᠳᠦᠭᠦᠯᠵᠦ	бүрдүүлж	92
нөхцөлийг	ᠨᠢ	нь	57
нөхөд	ᠨᠢ	нь	200
нөхөд	ᠡ	өө	62
нөхөд	ᠮᠠᠨᠢ	маань	58
нөхөдтэй	ᠪᠣᠯᠵᠤ	болж	8
нөхөдтэй	ᠪᠣᠯᠬᠤ	болох	5
нөхөдтэйгээ	ᠬᠠᠮᠲᠤ	хамт	5
нөхөж	ᠴᠢᠳᠠᠬᠤ ᠦᠭᠡᠢ	чадахгүй	47
нөхөж	ᠪᠠᠷᠠᠰᠢ ᠦᠭᠡᠢ	баршгүй	23
нөхөж	ᠪᠠᠶᠢᠨ᠎ᠠ	байна	22
нөхөн	ᠰᠡᠷᠭᠦᠭᠡᠬᠦ	сэргээх	502
нөхөн	ᠲᠥᠯᠥᠪᠦᠷᠢ	төлбөр	313
нөхөн	ᠣᠯᠭᠣᠪᠤᠷᠢ	олговор	204
нөхөр	ᠨᠢ	нь	201
нөхөр	ᠮᠠᠨᠢ	маань	93
нөхөр	ᠬᠣᠶᠠᠷ	хоёр	39
нөхөрлөж	ᠶᠠᠪᠤᠭᠰᠠᠨ	явсан	10
нөхөрлөж	ᠪᠠᠶᠢᠨ᠎ᠠ	байна	7
нөхөрлөж	ᠪᠠᠶᠢᠭ᠎ᠠ	байгаа	5
нөхөрлөл	ᠠᠵᠤ	аж	35
нөхөрлөл	ᠬᠣᠷᠰᠢᠶ᠎ᠠ	хоршоо	19
нөхөрлөл	ᠨᠢ	нь	14
нөхөрсөг	ᠲᠣᠭᠯᠠᠯᠲᠠ	тоглолт	114
нөхөрсөг	ᠲᠡᠮᠡᠴᠡᠭᠡᠨ	тэмцээн	15
нөхөрсөг	ᠠᠭᠤᠯᠵᠠᠯᠲᠠ	уулзалт	14
нөхөрт	ᠨᠢ	нь	8
нөхөрт	ᠭᠠᠷᠬᠤ	гарах	5
нөхөх	ᠣᠯᠭᠣᠪᠤᠷᠢ	олговор	60
нөхөх	ᠪᠤᠢ	вэ	25
нөхөх	ᠪᠣᠯᠤᠮᠵᠢ ᠲᠠᠢ	боломжтой	24
нөөц	ᠨᠢ	нь	274
нөөц	ᠪᠦᠷᠢᠳᠦᠭᠦᠯᠬᠦ	бүрдүүлэх	126
нөөц	ᠪᠣᠯᠤᠯᠴᠠᠭ᠎ᠠ	бололцоо	113
нөөцлөх	ᠰᠠᠪᠠ	сав	5
нөөцөд	ᠲᠤᠯᠭᠠᠭᠤᠷᠢᠯᠠᠭᠰᠠᠨ	тулгуурласан	16
нөөцөд	ᠪᠠᠶᠢᠭ᠎ᠠ	байгаа	12
нөөцөд	ᠲᠤᠯᠭᠠᠭᠤᠷᠢᠯᠠᠨ	тулгуурлан	12
о	ᠭ	г	67
о	ᠨᠢ	нь	25
о	ᠭᠡᠶᠢᠨ	гийн	21
обег	᠍ ᠤᠨ	ын	209
обег	ᠲ	т	23
обег	ᠬᠦᠷᠡᠯ	хүрэл	12
обьект	ᠳᠡᠭᠡᠷ᠎ᠡ	дээр	5
овжин	ᠠᠰᠢᠭᠯᠠᠵᠤ	ашиглаж	8
овжин	ᠰᠡᠷᠭᠦᠯᠡᠩ	сэргэлэн	6
овог	ᠨᠡᠷᠡ	нэр	166
овог	ᠨᠡᠷ᠎ᠡ ᠶᠢ	нэрийг	12
овог	ᠨᠡᠷᠡᠲᠡᠢ	нэртэй	6
овоглосон	ᠣᠯᠠᠨ	олон	7
овоо	ᠰᠤᠮᠤ ᠶᠢᠨ	сумын	111
овоо	ᠬᠡᠳᠦᠨ	хэдэн	28
овоо	ᠰᠤᠮᠤᠨ ᠳᠤ	суманд	16
овоонд	ᠴᠥᠭᠡᠨ	цөөн	6
овор	ᠬᠡᠮᠵᠢᠶ᠎ᠡ	хэмжээ	45
овор	ᠶᠡᠬᠡ ᠲᠡᠢ	ихтэй	31
овор	ᠪᠠᠭᠠᠲᠠᠢ	багатай	25
огноо	ᠴᠠᠭ	цаг	5
огт	ᠪᠠᠶᠢᠬᠤ ᠦᠭᠡᠢ	байхгүй	303
огт	ᠥᠭᠡᠷ᠎ᠡ	өөр	258
огт	ᠪᠢᠰᠢ	биш	115
огторгуй	ᠷᠤ	руу	5
огторгуйн	ᠡᠭᠦᠳᠡ ᠶᠢ	үүдийг	17
огтхон	ᠴᠤ	ч	417
огцом	ᠥᠰᠴᠢ	өсч	78
огцом	ᠪᠠᠭᠤᠷᠠᠭᠰᠠᠨ	буурсан	76
огцом	ᠥᠰᠦᠭᠰᠡᠨ	өссөн	72
огцрох	ᠶᠣᠰᠣᠲᠠᠢ	ёстой	41
огцрох	ᠬᠡᠷᠡᠭᠲᠡᠢ	хэрэгтэй	19
огцрох	ᠨᠢ	нь	12
огцруулах	ᠠᠰᠠᠭᠤᠳᠠᠯ ᠢ	асуудлыг	455
огцруулах	ᠲᠤᠬᠠᠢ	тухай	241
огцруулах	ᠡᠰᠡᠬᠦ	эсэх	145
од	ᠰᠢᠭ	шиг	57
од	ᠪᠣᠯᠤᠨ	болон	51
од	ᠨᠢ	нь	51
оддыг	ᠳᠡᠷᠭᠡᠳᠡ ᠡᠴᠡ ᠪᠡᠨ	дэргэдээсээ	7
оддын	ᠲᠣᠭᠯᠠᠯᠲᠠ	тоглолт	168
оддын	ᠳᠠᠶᠢᠨ	дайн	50
оддын	ᠨᠢᠭᠡ	нэг	24
одны	ᠲᠠᠬᠢᠯᠭ᠎ᠠ	тахилга	5
одод	ᠮᠣᠩᠭᠣᠯ ᠳᠤ	монголд	15
одод	ᠬᠣᠭᠣᠷᠣᠨᠳᠣ	хооронд	11
одод	ᠪᠣᠯᠬᠤ	болох	10
одож	ᠪᠤᠢ	буй	31
одож	ᠪᠠᠶᠢᠭ᠎ᠠ	байгаа	12
одон	ᠣᠷᠣᠨ	орон	95
одон	ᠮᠧᠳᠠᠯ	медаль	78
одон	ᠣᠷᠣᠨ ᠤ	орны	38
одоо	ᠴᠤ	ч	1717
одоо	ᠪᠣᠯ	бол	1193
одоо	ᠡᠨᠡ	энэ	567
одоог	ᠬᠦᠷᠲᠡᠯ᠎ᠡ	хүртэл	448
одоог	ᠪᠣᠯᠲᠠᠯ᠎ᠠ	болтол	19
одоог	ᠬᠡᠷ	хэр	8
одоогийн	ᠪᠠᠶᠢᠳᠠᠯ ᠢᠶᠠᠷ	байдлаар	2742
одоогийн	ᠪᠠᠶᠢᠭ᠎ᠠ	байгаа	96
одоогийн	ᠵᠠᠰᠠᠭ ᠤᠨ	засгийн	87
одооноос	ᠡᠬᠢᠯᠡᠨ	эхлэн	32
одооноос	ᠯᠠ	л	25
одооноос	ᠡᠬᠢᠯᠡᠭᠡᠳ	эхлээд	20
одоохондоо	ᠡᠨᠡ	энэ	25
одоохондоо	ᠠᠯᠠᠭ᠎ᠠ	алга	22
одоохондоо	ᠪᠠᠶᠢᠬᠤ ᠦᠭᠡᠢ	байхгүй	20
одох	ᠨᠢ	нь	14
одох	ᠴᠠᠭ	цаг	9
одох	ᠶᠠᠭᠤᠮ᠎ᠠ	юм	8
одсон	ᠴᠤ	ч	26
одсон	ᠶᠠᠭᠤᠮ᠎ᠠ	юм	20
одсон	ᠣᠨ	он	13
одтой	ᠴᠠᠭᠠᠨ	цагаан	26
одтой	ᠵᠣᠴᠢᠳ	зочид	25
одтой	ᠰᠠᠶᠢᠬᠠᠨ	сайхан	21
одууд	ᠪᠣᠯᠬᠤ	болох	6
ой	ᠲᠣᠬᠢᠶᠠᠵᠤ	тохиож	340
ой	ᠬᠡᠭᠡᠷ᠎ᠡ ᠶᠢᠨ	хээрийн	338
ой	ᠡᠨᠡ	энэ	255
ойд	ᠵᠣᠷᠢᠭᠤᠯᠤᠭᠰᠠᠨ	зориулсан	348
ойд	ᠵᠣᠷᠢᠭᠤᠯᠤᠨ	зориулан	180
ойд	ᠵᠣᠷᠢᠭᠤᠯᠵᠤ	зориулж	74
ойлгодог	ᠪᠣᠯᠤᠭᠰᠠᠨ	болсон	41
ойлгодог	ᠶᠠᠭᠤᠮ᠎ᠠ	юм	36
ойлгодог	ᠪᠠᠶᠢᠭᠰᠠᠨ	байсан	26
ойлгодоггүй	ᠶᠠᠭᠤᠮ᠎ᠠ	юм	24
ойлгодоггүй	ᠪᠠᠶᠢᠭᠰᠠᠨ	байсан	17
ойлгодоггүй	ᠯᠠ	л	6
ойлгож	ᠪᠣᠯᠤᠨ᠎ᠠ	болно	651
ойлгож	ᠪᠠᠶᠢᠭ᠎ᠠ	байгаа	597
ойлгож	ᠪᠣᠯᠬᠤ	болох	510
ойлголоо	ᠵᠥᠪ	зөв	8
ойлголт	ᠪᠠᠶᠢᠬᠤ ᠦᠭᠡᠢ	байхгүй	210
ойлголт	ᠪᠠᠶᠢᠳᠠᠭ	байдаг	111
ойлголт	ᠶᠠᠭᠤᠮ᠎ᠠ	юм	81
ойлголттой	ᠪᠠᠶᠢᠳᠠᠭ	байдаг	51
ойлголттой	ᠪᠣᠯᠬᠤ	болох	37
ойлголттой	ᠪᠣᠯᠵᠤ	болж	32
ойлголцол	ᠪᠤᠢ	бий	20
ойлголцол	ᠬᠠᠮᠲᠤ ᠶᠢᠨ	хамтын	17
ойлголцол	ᠡᠭᠦᠰᠦᠭᠰᠡᠨ	үүссэн	10
ойлгомжгүй	ᠪᠠᠶᠢᠳᠠᠯ	байдал	47
ойлгомжгүй	ᠪᠠᠶᠢᠨ᠎ᠠ	байна	40
ойлгомжгүй	ᠪᠠᠶᠢᠭ᠎ᠠ	байгаа	22
ойлгомжтой	ᠪᠠᠶᠢᠬᠤ	байх	66
ойлгомжтой	ᠶᠠᠭᠤᠮ᠎ᠠ	юм	43
ойлгомжтой	ᠰᠢᠦ	шүү	42
ойлгон	ᠬᠦᠯᠢᠶᠡᠨ	хүлээн	12
ойлгон	ᠮᠡᠳᠡᠷᠡᠴᠢ	мэдэрч	7
ойлгоно	ᠪᠢᠵᠡ	биз	11
ойлгоно	ᠭᠡᠵᠦ	гэж	11
ойлгоно	ᠭᠡᠳᠡᠭ	гэдэг	8
ойлгоогүй	ᠪᠠᠶᠢᠨ᠎ᠠ	байна	13
ойлгоогүй	ᠪᠠᠶᠢᠵᠤ	байж	12
ойлгоогүй	ᠴᠤ	ч	9
ойлгоод	ᠪᠠᠶᠢᠭ᠎ᠠ	байгаа	57
ойлгоод	ᠪᠠᠶᠢᠳᠠᠭ	байдаг	57
ойлгоод	ᠪᠠᠶᠢᠬᠤ	байх	43
ойлгосон	ᠶᠠᠭᠤᠮ᠎ᠠ	юм	28
ойлгосон	ᠪᠠᠶᠢᠬᠤ	байх	27
ойлгосон	ᠪᠠᠶᠢᠨ᠎ᠠ	байна	24
ойлгох	ᠬᠡᠷᠡᠭᠲᠡᠢ	хэрэгтэй	598
ойлгох	ᠶᠣᠰᠣᠲᠠᠢ	ёстой	128
ойлгох	ᠨᠢ	нь	114
ойлгохгүй	ᠪᠠᠶᠢᠨ᠎ᠠ	байна	187
ойлгохгүй	ᠪᠠᠶᠢᠭ᠎ᠠ	байгаа	85
ойлгохгүй	ᠶᠠᠭᠤᠮ᠎ᠠ	юм	68
ойлгохыг	ᠴᠤ	ч	6
ойлгохыг	ᠬᠦᠰᠡᠭᠡ ᠦᠭᠡᠢ	хүсээгүй	5
ойлгуулах	ᠬᠡᠷᠡᠭᠲᠡᠢ	хэрэгтэй	51
ойлгуулах	ᠪᠤᠢ	вэ	30
ойлгуулах	ᠨᠢ	нь	23
ойлгуулж	ᠴᠢᠳᠠᠭᠰᠠᠨ	чадсан	15
ойлгуулж	ᠪᠠᠶᠢᠭ᠎ᠠ	байгаа	13
ойлгуулж	ᠴᠢᠳᠠᠬᠤ ᠦᠭᠡᠢ	чадахгүй	11
ойн	ᠬᠦᠷᠢᠶᠡᠨ ᠳᠦ	хүрээнд	438
ойн	ᠰᠠᠩ	сан	376
ойн	ᠪᠠᠶᠠᠷ	баяр	340
ойр	ᠣᠶᠢᠷᠠᠬᠠᠨ	ойрхон	197
ойр	ᠳᠣᠲᠣᠨᠣ	дотно	168
ойр	ᠳᠣᠲᠣᠨ ᠤ	дотны	112
ойролцоо	ᠪᠠᠶᠢᠳᠠᠭ	байдаг	25
ойролцоо	ᠪᠠᠶᠢᠭ᠎ᠠ	байгаа	23
ойролцоо	ᠪᠠᠶᠢᠭᠰᠠᠨ	байсан	17
ойроос	ᠬᠠᠷᠠᠵᠤ	харж	10
ойроос	ᠬᠠᠷᠠᠬᠤ	харах	6
ойртож	ᠪᠠᠶᠢᠨ᠎ᠠ	байна	60
ойртож	ᠪᠠᠶᠢᠭ᠎ᠠ	байгаа	35
ойртож	ᠪᠤᠢ	буй	11
ойртон	ᠢᠷᠡᠵᠦ	ирж	18
ойртоод	ᠪᠠᠶᠢᠭ᠎ᠠ	байгаа	9
ойртоод	ᠪᠠᠶᠢᠳᠠᠭ	байдаг	6
ойртоод	ᠪᠠᠶᠢᠨ᠎ᠠ	байна	5
ойртох	ᠲᠤᠰᠤᠮ	тусам	55
ойртох	ᠦᠶ᠎ᠡ ᠳᠦ	үед	8
ойртох	ᠶᠠᠭᠤᠮ᠎ᠠ	юм	7
ойртсон	ᠴᠤ	ч	12
ойртсон	ᠡᠨᠡ	энэ	11
ойртсон	ᠪᠠᠶᠢᠨ᠎ᠠ	байна	5
ойртсоор	ᠪᠠᠶᠢᠨ᠎ᠠ	байна	23
ойртсоор	ᠪᠠᠶᠢᠭ᠎ᠠ	байгаа	8
ойртсоор	ᠯᠠ	л	5
ойртуулах	ᠨᠢ	нь	8
ойртуулах	ᠪᠣᠯᠤᠮᠵᠢ	боломж	6
ойртуулах	ᠦᠨᠳᠦᠰᠦᠨ	үндсэн	6
ойртуулж	ᠴᠢᠳᠠᠭᠰᠠᠨ	чадсан	9
ойртуулж	ᠪᠠᠶᠢᠭ᠎ᠠ	байгаа	8
ойртуулж	ᠪᠣᠯᠬᠤ ᠦᠭᠡᠢ	болохгүй	8
ойрхи	ᠳᠣᠷᠣᠨᠠᠲᠤ	дорнод	50
ойрхон	ᠪᠠᠶᠢᠨ᠎ᠠ	байна	135
ойрхон	ᠪᠠᠶᠢᠭ᠎ᠠ	байгаа	94
ойрхон	ᠪᠠᠶᠢᠭᠰᠠᠨ	байсан	39
ойрын	ᠬᠤᠭᠤᠴᠠᠭᠠᠨ ᠳᠤ	хугацаанд	761
ойрын	ᠦᠶ᠎ᠡ ᠳᠦ	үед	471
ойрын	ᠡᠳᠦᠷ ᠦᠳ ᠲᠦ	өдрүүдэд	223
ойтой	ᠵᠣᠯᠭᠠᠵᠤ	золгож	12
ойтой	ᠬᠣᠯᠪᠣᠭᠳᠠᠭᠤᠯᠤᠨ	холбогдуулан	8
ойтой	ᠨᠢ	нь	6
ол	ᠭᠣᠬ᠎ᠠ	гох	17
ол	ᠪᠣᠷᠣ	бор	13
ол	ᠣ	о	10
олборлох	ᠦᠢᠯᠡ	үйл	53
олборлох	ᠪᠣᠯᠪᠠᠰᠤᠷᠠᠭᠤᠯᠬᠤ	боловсруулах	52
олборлох	ᠪᠣᠯᠤᠮᠵᠢ ᠲᠠᠢ	боломжтой	42
олго	ᠰᠣᠨ	сон	10
олго	ᠳᠣᠭ	дог	6
олго	ᠭᠡᠰᠡᠨ	гэсэн	5
олговор	ᠣᠯᠭᠣᠬᠤ	олгох	65
олговор	ᠠᠪᠬᠤ	авах	16
олговор	ᠣᠯᠭᠤᠭᠰᠠᠨ	олгосон	15
олгогдсон	ᠡᠷᠬᠡ	эрх	47
олгогдсон	ᠪᠦᠷᠢᠨ	бүрэн	24
олгогдсон	ᠲᠤᠰᠬᠠᠢ	тусгай	13
олгодог	ᠶᠠᠭᠤᠮ᠎ᠠ	юм	79
олгодог	ᠪᠠᠶᠢᠭᠰᠠᠨ	байсан	73
олгодог	ᠪᠠᠶᠢᠬᠤ	байх	56
олгож	ᠪᠠᠶᠢᠭ᠎ᠠ	байгаа	826
олгож	ᠪᠠᠶᠢᠨ᠎ᠠ	байна	370
олгож	ᠪᠤᠢ	буй	268
олгоно	ᠭᠡᠵᠦ	гэж	118
олгоно	ᠭᠡᠰᠡᠨ	гэсэн	90
олгоно	ᠬᠡᠮᠡᠨ	хэмээн	36
олгоод	ᠪᠠᠶᠢᠭ᠎ᠠ	байгаа	90
олгоод	ᠪᠠᠶᠢᠨ᠎ᠠ	байна	86
олгоод	ᠶᠠᠪᠤᠵᠤ	явж	9
олгосон	ᠪᠠᠶᠢᠨ᠎ᠠ	байна	258
олгосон	ᠨᠢ	нь	114
олгосон	ᠶᠠᠭᠤᠮ᠎ᠠ	юм	109
олгох	ᠲᠤᠬᠠᠢ	тухай	352
олгох	ᠶᠠᠭᠤᠮ᠎ᠠ	юм	351
олгох	ᠨᠢ	нь	207
олгоё	ᠭᠡᠵᠦ	гэж	23
олгоё	ᠭᠡᠰᠡᠨ	гэсэн	13
олддог	ᠡᠨᠡ	энэ	8
олддог	ᠶᠠᠭᠤᠮ᠎ᠠ	юм	5
олддоггүй	ᠪᠠᠶᠢᠭᠰᠠᠨ	байсан	12
олддоггүй	ᠶᠠᠭᠤᠮ᠎ᠠ	юм	8
олддоггүй	ᠪᠠᠶᠢᠯ᠎ᠠ	байлаа	7
олдог	ᠪᠠᠶᠢᠭᠰᠠᠨ	байсан	33
олдог	ᠶᠠᠭᠤᠮ᠎ᠠ	юм	27
олдог	ᠪᠠᠶᠢᠨ᠎ᠠ	байна	17
олдож	ᠪᠠᠶᠢᠭ᠎ᠠ	байгаа	54
олдож	ᠪᠠᠶᠢᠨ᠎ᠠ	байна	23
олдож	ᠪᠠᠶᠢᠭᠰᠠᠨ	байсан	10
олдоно	ᠭᠡᠵᠦ	гэж	18
олдоно	ᠭᠡᠳᠡᠭ ᠲᠦ	гэдэгт	10
олдоно	ᠠ᠋	оо	5
олдоогүй	ᠪᠠᠶᠢᠨ᠎ᠠ	байна	21
олдоогүй	ᠶᠠᠭᠤᠮ᠎ᠠ	юм	20
олдоогүй	ᠪᠠᠶᠢᠭ᠎ᠠ	байгаа	8
олдох	ᠨᠢ	нь	27
олдох	ᠤᠤ	уу	24
олдох	ᠪᠠᠶᠢᠬᠤ	байх	14
олдохгүй	ᠪᠠᠶᠢᠨ᠎ᠠ	байна	106
олдохгүй	ᠪᠠᠶᠢᠭ᠎ᠠ	байгаа	85
олдохгүй	ᠪᠣᠯ	бол	30
олдсон	ᠪᠠᠶᠢᠨ᠎ᠠ	байна	42
олдсон	ᠶᠠᠭᠤᠮ᠎ᠠ	юм	27
олдсон	ᠨᠢ	нь	25
олдсонгүй	ᠶᠠᠭᠤ	юу	5
олж	ᠠᠪᠤᠭᠰᠠᠨ	авсан	458
олж	ᠠᠪᠬᠤ	авах	326
олж	ᠬᠠᠷᠠᠭᠰᠠᠨ	харсан	222
олз	ᠣᠮᠤᠭ	омог	48
олз	ᠪᠣᠯᠵᠤ	болж	10
олз	ᠠᠰᠢᠭ	ашиг	9
олзуурхууштай	ᠨᠢ	нь	9
олзуурхууштай	ᠬᠡᠷᠡᠭ	хэрэг	7
олзуурхууштай	ᠵᠦᠢᠯ	зүйл	5
олигархи	ᠭᠡᠵᠦ	гэж	6
олигтой	ᠶᠠᠭᠤᠮ᠎ᠠ	юм	30
олигтой	ᠦᠷ᠎ᠡ	үр	27
олигтой	ᠴᠤ	ч	10
олигтойхон	ᠰᠢᠭ	шиг	5
олимпиад	ᠨᠢ	нь	15
олимпиад	ᠵᠣᠬᠢᠶᠠᠨ	зохион	9
олимпиад	ᠨᠠᠶᠢᠮᠠᠳᠤᠭᠠᠷ	наймдугаар	7
олимпийн	ᠨᠠᠭᠠᠳᠤᠮ ᠤᠨ	наадмын	1024
олимпийн	ᠨᠠᠭᠠᠳᠤᠮ ᠳᠤ	наадамд	819
олимпийн	ᠠᠪᠤᠷᠭᠤ	аварга	739
олимпоос	ᠮᠧᠳᠠᠯ	медаль	80
олимпоос	ᠬᠣᠶᠢᠰᠢ	хойш	54
олимпоос	ᠠᠯᠲᠠᠨ	алтан	42
оллоо	ᠭᠡᠵᠦ	гэж	18
оллоо	ᠭᠡᠳ	гээд	7
оллоо	ᠴᠤ	ч	7
олно	ᠭᠡᠵᠦ	гэж	66
олно	ᠭᠡᠳᠡᠭ	гэдэг	46
олно	ᠭᠡᠰᠡᠨ	гэсэн	37
олноо	ᠪᠠᠶᠠᠰᠬᠠᠭᠰᠠᠨ	баясгасан	18
олноо	ᠪᠠᠶᠠᠰᠬᠠᠵᠤ	баясгаж	10
олноо	ᠪᠠᠶᠠᠷᠯᠠᠭᠤᠯᠤᠭᠰᠠᠨ	баярлуулсан	7
олноороо	ᠢᠷᠡᠵᠦ	ирж	13
олноороо	ᠪᠤᠢ	бий	11
олноороо	ᠣᠷᠣᠵᠤ	орж	8
олны	ᠠᠩᠬᠠᠷᠤᠯ ᠢ	анхаарлыг	382
олны	ᠲᠠᠨᠢᠯ	танил	353
олны	ᠬᠦᠷᠲᠡᠭᠡᠯ	хүртээл	323
олныг	ᠬᠠᠮᠤᠷᠤᠭᠰᠠᠨ	хамарсан	40
олныг	ᠮᠢᠨᠢ	минь	9
олныг	ᠪᠤᠢ	бий	6
олныхоо	ᠳᠤᠮᠳᠠ	дунд	12
олныхоо	ᠡᠮᠦᠨ᠎ᠡ	өмнө	9
олныхоо	ᠢᠲᠡᠭᠡᠯ ᠢ	итгэлийг	8
олов	ᠤᠤ	уу	5
ололт	ᠠᠮᠵᠢᠯᠲᠠ	амжилт	151
ололт	ᠠᠮᠵᠢᠯᠲᠠ ᠶᠢ	амжилтыг	72
ололт	ᠠᠮᠵᠢᠯᠲᠠ ᠶᠢᠨ	амжилтын	24
олон	ᠤᠯᠤᠰ ᠤᠨ	улсын	21380
олон	ᠨᠡᠶᠢᠲᠡ ᠶᠢᠨ	нийтийн	3608
олон	ᠵᠢᠯ	жил	2475
олонд	ᠢᠯᠡ	ил	32
олонд	ᠲᠠᠯᠠᠷᠬᠠᠯ	талархал	27
олонд	ᠲᠠᠨᠢᠭᠳᠠᠵᠤ	танигдаж	22
олондоо	ᠥᠷᠭᠡᠨ	өргөн	12
олондоо	ᠪᠠᠶᠠᠷᠯᠠᠵᠤ	баярлаж	10
олондоо	ᠪᠠᠶᠠᠷᠯᠠᠯ᠎ᠠ	баярлалаа	8
олонтаа	ᠰᠣᠨᠣᠰᠤᠭᠰᠠᠨ	сонссон	23
олонтаа	ᠭᠠᠷᠤᠭᠰᠠᠨ	гарсан	15
олонтаа	ᠭᠠᠷᠴᠤ	гарч	15
олонтой	ᠬᠠᠮᠲᠤᠷᠠᠨ	хамтран	24
олонтой	ᠨᠢ	нь	6
олонтой	ᠤᠴᠢᠷ ᠠᠴᠠ	учраас	6
олонхи	ᠨᠢ	нь	353
олонхи	ᠪᠣᠯᠤᠭᠰᠠᠨ	болсон	63
олонхи	ᠪᠣᠯᠵᠤ	болж	47
олоогүй	ᠪᠠᠶᠢᠨ᠎ᠠ	байна	43
олоогүй	ᠪᠠᠶᠢᠭ᠎ᠠ	байгаа	26
олоогүй	ᠯᠠ	л	16
олоод	ᠪᠠᠶᠢᠨ᠎ᠠ	байна	27
олоод	ᠪᠠᠶᠢᠭ᠎ᠠ	байгаа	22
олоод	ᠢᠷ	ир	15
олох	ᠭᠡᠵᠦ	гэж	151
олох	ᠪᠣᠯᠤᠮᠵᠢ ᠲᠠᠢ	боломжтой	115
олох	ᠨᠢ	нь	109
олохгүй	ᠪᠠᠶᠢᠭ᠎ᠠ	байгаа	40
олохгүй	ᠪᠣᠯ	бол	40
олохгүй	ᠪᠠᠶᠢᠨ᠎ᠠ	байна	39
олоход	ᠨᠢ	нь	33
олоход	ᠬᠡᠴᠡᠭᠦᠦ	хэцүү	17
олоход	ᠪᠡᠷᠬᠡ	бэрх	10
олохоор	ᠲᠥᠯᠥᠪᠯᠡᠵᠡᠢ	төлөвлөжээ	8
олохоор	ᠠᠵᠢᠯᠯᠠᠵᠤ	ажиллаж	7
олохын	ᠲᠤᠯᠠᠳᠠ	тулд	168
олохын	ᠲᠥᠯᠥᠭᠡ	төлөө	43
олс	ᠲᠠᠲᠠᠯᠲᠠ	таталт	29
олсон	ᠪᠠᠶᠢᠨ᠎ᠠ	байна	162
олсон	ᠨᠢ	нь	94
олсон	ᠶᠠᠭᠤᠮ᠎ᠠ	юм	92
олсонгүй	ᠡ	ээ	6
олуулаа	ᠪᠣᠯᠬᠤ	болох	26
олуулаа	ᠪᠣᠯᠵᠤ	болж	24
олуулаа	ᠬᠥᠭᠵᠢᠯ	хөгжил	18
олширч	ᠪᠠᠶᠢᠭ᠎ᠠ	байгаа	38
олширч	ᠪᠠᠶᠢᠨ᠎ᠠ	байна	28
олширч	ᠪᠠᠶᠢᠭ᠎ᠠ ᠶᠢ	байгааг	7
олшрох	ᠲᠤᠰᠤᠮ	тусам	11
омголон	ᠵᠠᠩ	зан	5
омог	ᠪᠠᠷᠳᠠᠮ	бардам	37
омог	ᠶᠡᠬᠡ ᠲᠡᠢ	ихтэй	15
омог	ᠠᠷᠪᠢᠨ	арвин	13
омогшил	ᠪᠠᠬᠠᠷᠬᠠᠯ	бахархал	8
омогшил	ᠤᠶᠠᠷᠠᠯ	уярал	6
он	ᠬᠦᠷᠲᠡᠯ᠎ᠡ	хүртэл	1105
он	ᠭᠡᠬᠦ ᠳᠦ	гэхэд	1089
он	ᠭᠠᠷᠤᠭᠰᠠᠭᠠᠷ	гарсаар	480
онгод	ᠨᠢ	нь	15
онгод	ᠭᠡᠵᠦ	гэж	6
онгод	ᠬᠡᠶᠢᠮᠣᠷᠢ ᠶᠢ	хийморийг	5
онгон	ᠰᠤᠮᠤ ᠶᠢᠨ	сумын	76
онгон	ᠳᠠᠭᠰᠢᠨ	дагшин	48
онгон	ᠵᠡᠷᠯᠢᠭ	зэрлэг	26
онгоц	ᠨᠢ	нь	45
онгоц	ᠬᠤᠳᠠᠯᠳᠤᠨ	худалдан	22
онгоц	ᠪᠣᠯᠤᠨ	болон	16
онгоцноос	ᠪᠠᠭᠤᠭᠠᠳ	буугаад	9
онгоцноос	ᠪᠠᠭᠤᠭᠰᠠᠨ	буусан	7
онгоцноос	ᠪᠠᠭᠤᠬᠤ ᠳᠤ	буухад	6
онд	ᠮᠣᠩᠭᠣᠯ	монгол	812
онд	ᠤᠯᠤᠰ ᠤᠨ	улсын	479
онд	ᠰᠠᠶ᠋ᠢ	сая	476
ондоо	ᠪᠠᠭᠲᠠᠭᠠᠵᠤ	багтааж	43
ондоо	ᠪᠠᠭᠠᠳᠴᠤ	багтаж	37
ондоо	ᠪᠠᠭᠠᠳᠤᠭᠠᠳ	багтаад	28
онигоо	ᠪᠠᠶᠢᠳᠠᠭ	байдаг	8
онигоо	ᠪᠤᠢ	бий	7
онигоо	ᠶᠠᠷᠢᠵᠤ	ярьж	7
онилсон	ᠪᠣᠳᠣᠯᠭ᠎ᠠ	бодлого	10
онилсон	ᠮᠥᠩᠭᠥᠨ ᠦ	мөнгөний	6
онилсон	ᠨᠢ	нь	5
оновчтой	ᠰᠢᠢᠳᠦᠯ	шийдэл	87
оновчтой	ᠪᠣᠯᠭᠠᠬᠤ	болгох	69
оновчтой	ᠠᠷᠭ᠎ᠠ	арга	44
оногдох	ᠶᠣᠰᠣᠲᠠᠢ	ёстой	8
оногдох	ᠶᠠᠭᠤᠮ᠎ᠠ	юм	6
оногдох	ᠭᠠᠵᠠᠷ	газар	5
оногдуулах	ᠨᠢ	нь	7
оногдуулах	ᠶᠠᠯ᠎ᠠ ᠶᠢᠨ	ялын	7
оногдуулах	ᠪᠣᠯᠤᠮᠵᠢ ᠶᠢ	боломжийг	5
оногдуулсан	ᠪᠠᠶᠢᠨ᠎ᠠ	байна	36
оногдуулсан	ᠬᠤᠷᠢᠬᠤ	хорих	27
оногдуулсан	ᠵᠢᠯ ᠦᠨ	жилийн	19
онож	ᠬᠡᠯᠡᠭᠰᠡᠨ	хэлсэн	12
онож	ᠶᠠᠪᠤᠭᠰᠠᠨ	явсан	8
онож	ᠤᠯᠤᠰ ᠤᠨ	улсын	7
онол	ᠠᠷᠭ᠎ᠠ	арга	68
онол	ᠦᠵᠡᠯ	үзэл	17
онол	ᠳᠠᠳᠤᠯᠭ᠎ᠠ	дадлага	14
онон	ᠬᠠᠯᠬ᠎ᠠ	халх	111
онон	ᠭᠣᠣᠯ ᠤᠨ	голын	19
онон	ᠬᠡᠷᠯᠡᠨ	хэрлэн	19
оноо	ᠠᠪᠤᠭᠰᠠᠨ	авсан	646
оноо	ᠰᠠᠮᠪᠠᠷ᠎ᠠ	самбар	586
оноо	ᠠᠪᠴᠤ	авч	507
оноог	ᠠᠪᠤᠭᠰᠠᠨ	авсан	68
оноог	ᠠᠪᠴᠤ	авч	60
оноог	ᠨᠢ	нь	38
оноогоо	ᠠᠪᠴᠤ	авч	21
оноогоо	ᠠᠪᠤᠯ᠎ᠠ	авлаа	11
оноогоо	ᠠᠪᠤᠭᠰᠠᠨ	авсан	8
оноогоор	ᠷ	р	181
оноогоор	ᠲᠤᠰ	тус	40
оноогоор	ᠳ᠋ᠤᠭᠠᠷ	дугаар	38
онооны	ᠵᠥᠷᠢᠭᠦᠦ ᠲᠡᠢ	зөрүүтэй	72
онооны	ᠵᠥᠷᠢᠭᠦᠦ ᠶᠢ	зөрүүг	34
онооны	ᠳᠠᠪᠠᠭᠤ	давуу	25
оноос	ᠬᠣᠶᠢᠰᠢ	хойш	2628
оноос	ᠡᠬᠢᠯᠡᠨ	эхлэн	1184
оноос	ᠡᠮᠦᠨ᠎ᠡ	өмнө	274
оноосон	ᠶᠠᠭᠤᠮ᠎ᠠ	юм	130
оноосон	ᠪᠠᠶᠢᠨ᠎ᠠ	байна	124
оноосон	ᠪᠢᠯᠡ	билээ	57
оноотой	ᠪᠣᠯᠵᠤ	болж	86
оноотой	ᠪᠠᠶᠢᠨ᠎ᠠ	байна	21
оноотой	ᠷ	р	19
оноох	ᠶᠠᠭᠤᠮ᠎ᠠ	юм	15
оноох	ᠨᠢ	нь	7
оноох	ᠬᠠᠤᠯᠢ ᠶᠢᠨ	хуулийн	7
оносон	ᠴᠤ	ч	18
оносон	ᠨᠢ	нь	6
онош	ᠨᠢ	нь	53
онош	ᠲᠠᠯᠪᠢᠵᠤ	тавьж	25
онош	ᠵᠦᠢ ᠶᠢᠨ	зүйн	18
оношлуур	ᠬᠠᠮᠠᠭᠠᠯᠠᠬᠤ	хамгаалах	7
оношлуур	ᠪᠠᠭᠠᠵᠢ	багаж	6
оношлуур	ᠨᠢ	нь	5
онц	ᠪᠥᠭᠡᠳ	бөгөөд	926
онц	ᠶᠡᠬᠡ	их	509
онц	ᠬᠦᠨᠳᠦ	хүнд	223
онцгой	ᠪᠠᠶᠢᠳᠠᠯ ᠤᠨ	байдлын	1185
онцгой	ᠠᠯᠪᠠᠨ	албан	290
онцгой	ᠠᠩᠬᠠᠷᠴᠤ	анхаарч	273
онцгойлон	ᠠᠩᠬᠠᠷᠤᠭᠤᠯᠵᠤ	анхааруулж	131
онцгойлон	ᠠᠩᠬᠠᠷᠴᠤ	анхаарч	74
онцгойлон	ᠠᠪᠴᠤ	авч	23
онцлог	ᠨᠢ	нь	623
онцлог	ᠶᠠᠭᠤᠮ᠎ᠠ	юм	523
онцлог	ᠠᠵᠤ	аж	93
онцлон	ᠲᠡᠮᠳᠡᠭᠯᠡᠭᠰᠡᠨ	тэмдэглэсэн	80
онцлон	ᠬᠡᠯᠡᠭᠰᠡᠨ	хэлсэн	68
онцлон	ᠲᠡᠮᠳᠡᠭᠯᠡᠭᠡᠳ	тэмдэглээд	59
онцлоод	ᠡᠨᠡ	энэ	27
онцлоод	ᠮᠣᠩᠭᠣᠯ	монгол	24
онцлоод	ᠪᠠᠶᠢᠭ᠎ᠠ	байгаа	18
онцлох	ᠦᠢᠯᠡ	үйл	93
онцлох	ᠮᠡᠳᠡᠭᠡ	мэдээ	65
онцлох	ᠬᠡᠷᠡᠭᠲᠡᠢ	хэрэгтэй	49
онцолж	ᠪᠠᠶᠢᠨ᠎ᠠ	байна	567
онцолж	ᠪᠠᠶᠢᠯ᠎ᠠ	байлаа	359
онцолж	ᠪᠠᠶᠢᠭᠰᠠᠨ	байсан	204
онцоллоо	ᠭᠡᠵᠦ	гэж	32
онцолсон	ᠶᠠᠭᠤᠮ᠎ᠠ	юм	582
онцолсон	ᠪᠠᠶᠢᠨ᠎ᠠ	байна	295
онцолсон	ᠪᠣᠯ	бол	29
онцын	ᠱᠠᠭᠠᠷᠳᠠᠯᠭ᠎ᠠ ᠦᠭᠡᠢ	шаардлагагүй	34
онцын	ᠥᠭᠡᠷᠡᠴᠢᠯᠡᠯᠲᠡ	өөрчлөлт	13
онцын	ᠢᠯᠭᠠᠭ᠎ᠠ	ялгаа	6
онч	ᠠᠦ᠋ᠳᠢᠲ	аудит	22
онч	ᠮᠡᠷᠭᠡᠨ	мэргэн	16
онч	ᠰᠣᠷᠢᠬᠤ	сорих	11
оны	ᠳ᠋ᠤᠭᠠᠷ	дугаар	4643
оны	ᠡᠬᠢᠨ ᠦ	эхний	1762
оны	ᠨᠢᠭᠡᠳᠦᠭᠡᠷ	нэгдүгээр	1702
оныг	ᠬᠦᠷᠲᠡᠯ᠎ᠡ	хүртэл	105
оныг	ᠳᠠᠭᠤᠰᠲᠠᠯ᠎ᠠ	дуустал	80
оныг	ᠦᠳᠡᠭᠰᠡᠨ	үдсэн	11
оньсого	ᠲᠠᠭᠠᠪᠤᠷᠢ	таавар	9
оньсого	ᠬᠡᠪ ᠢᠶᠡᠷ	хэвээр	9
оньсого	ᠮᠡᠲᠦ	мэт	7
онөаатүг	᠍ ᠤᠨ	ын	13
оо	ᠭᠡᠵᠦ	гэж	42
оо	ᠳ᠋ᠠ	доо	26
оо	ᠱᠤᠸᠠᠵᠠ	сойз	25
оор	ᠬᠣᠵᠢᠵᠤ	хожиж	34
оор	ᠪᠠᠭᠤᠯᠭᠠᠵᠤ	буулгаж	17
оор	ᠢᠯᠠᠯᠲᠠ	ялалт	17
оосор	ᠨᠢ	нь	9
оператор	ᠺᠣᠮᠫᠠᠨᠢ	компани	49
оператор	ᠨᠢ	нь	8
ор	ᠦᠨᠳᠦᠰᠦ ᠦᠭᠡᠢ	үндэсгүй	73
ор	ᠰᠤᠷᠠᠭ ᠦᠭᠡᠢ	сураггүй	56
ор	ᠲᠠᠰ	тас	56
орвол	ᠪᠢᠳᠡ	бид	6
орвол	ᠡᠨᠡ	энэ	6
орвол	ᠶᠠᠬᠤ	яах	6
орвонгоор	ᠨᠢ	нь	51
орвонгоороо	ᠡᠷᠭᠢᠵᠦ	эргэж	11
орвонгоороо	ᠡᠷᠭᠢᠭᠰᠡᠨ	эргэсэн	6
орвонгоороо	ᠡᠷᠭᠢᠬᠦ	эргэх	5
организм	ᠨᠢ	нь	6
организм	ᠳᠠᠬᠢ	дахь	5
органик	ᠬᠦᠨᠡᠰᠦᠨ ᠦ	хүнсний	33
органик	ᠬᠦᠨᠡᠰᠦ	хүнс	18
органик	ᠪᠦᠲᠦᠭᠡᠭᠳᠡᠬᠦᠨ	бүтээгдэхүүн	16
оргил	ᠦᠶ᠎ᠡ	үе	85
оргил	ᠥᠭᠡᠳᠡ	өөд	82
оргил	ᠨᠢ	нь	54
оргилд	ᠭᠠᠷᠤᠭᠰᠠᠨ	гарсан	49
оргилд	ᠨᠢ	нь	28
оргилд	ᠬᠦᠷᠦᠭᠰᠡᠨ	хүрсэн	21
оргилуун	ᠳᠠᠷᠠᠰᠤ	дарс	53
оргилуун	ᠳᠠᠷᠠᠰᠤ ᠪᠠᠨ	дарсаа	8
оргилуун	ᠬᠦᠰᠡᠯ	хүсэл	8
оргүй	ᠬᠣᠭᠣᠰᠣᠨ	хоосон	15
оргүй	ᠪᠢᠰᠢ	биш	14
оргүй	ᠵᠦᠢᠯ	зүйл	12
орд	ᠭᠠᠵᠠᠷ ᠢ	газрыг	144
орд	ᠭᠠᠵᠠᠷ ᠤᠨ	газрын	137
орд	ᠨᠢ	нь	123
ордноо	ᠵᠣᠬᠢᠶᠠᠨ	зохион	10
ордноо	ᠥᠨᠥᠳᠥᠷ	өнөөдөр	10
ордноо	ᠦᠷᠭᠦᠯᠵᠢᠯᠡᠵᠦ	үргэлжилж	7
ордноос	ᠭᠠᠷᠴᠤ	гарч	11
ордноос	ᠴᠢᠩᠭᠢᠰ ᠦᠨ	чингисийн	5
ордны	ᠶᠡᠬᠡ	их	95
ордны	ᠠ	а	49
ордны	ᠵᠡᠭᠦᠨ	зүүн	37
ордог	ᠶᠠᠭᠤᠮ᠎ᠠ	юм	110
ордог	ᠪᠠᠶᠢᠭᠰᠠᠨ	байсан	93
ордог	ᠪᠠᠶᠢᠨ᠎ᠠ	байна	63
ордоггүй	ᠶᠠᠭᠤᠮ᠎ᠠ	юм	13
ордоггүй	ᠪᠠᠶᠢᠭᠰᠠᠨ	байсан	9
ордоггүй	ᠤᠴᠢᠷ ᠠᠴᠠ	учраас	5
ордон	ᠷᠤ	руу	73
ордон	ᠳᠠᠬᠢ	дахь	42
ордон	ᠪᠠᠷᠢᠬᠤ	барих	40
ордонд	ᠪᠣᠯᠤᠨ᠎ᠠ	болно	142
ордонд	ᠵᠣᠬᠢᠶᠠᠨ	зохион	141
ордонд	ᠪᠣᠯᠬᠤ	болох	137
орж	ᠢᠷᠡᠭᠰᠡᠨ	ирсэн	1483
орж	ᠢᠷᠡᠬᠦ	ирэх	1218
орж	ᠢᠷᠡᠵᠦ	ирж	1136
оржээ	ᠭᠡᠵᠦ	гэж	8
орилж	ᠪᠠᠶᠢᠭᠰᠠᠨ	байсан	14
орилж	ᠪᠠᠶᠢᠯ᠎ᠠ	байлаа	6
орилж	ᠬᠠᠰᠬᠢᠷᠴᠢ	хашгирч	6
орилоод	ᠯᠠ	л	7
орилоод	ᠪᠠᠶᠢᠭᠰᠠᠨ	байсан	5
орлого	ᠨᠢ	нь	533
орлого	ᠣᠯᠵᠤ	олж	159
орлого	ᠣᠯᠤᠭᠰᠠᠨ	олсон	149
орлогогүй	ᠪᠣᠯᠵᠤ	болж	9
орлогогүй	ᠪᠣᠯᠤᠭᠰᠠᠨ	болсон	8
орлогогүй	ᠢᠷᠭᠡᠳ ᠦᠨ	иргэдийн	8
орлогч	ᠳᠠᠷᠤᠭ᠎ᠠ	дарга	514
орлогч	ᠨ	н	135
орлогч	ᠴ	ц	133
орлон	ᠭᠦᠢᠴᠡᠳᠬᠡᠭᠴᠢ	гүйцэтгэгч	202
орлон	ᠲᠣᠭᠯᠠᠭᠴᠢ	тоглогч	33
орлон	ᠭᠦᠢᠴᠡᠳᠭᠡᠵᠦ	гүйцэтгэж	16
орлоо	ᠭᠡᠵᠦ	гэж	45
орлоо	ᠭᠡᠬᠦ ᠳᠦ	гэхэд	40
орлоо	ᠭᠡᠳ	гээд	16
орлох	ᠪᠦᠲᠦᠭᠡᠭᠳᠡᠬᠦᠨ	бүтээгдэхүүн	76
орлох	ᠳᠥᠷᠪᠡᠨ	дөрвөн	13
орлох	ᠪᠣᠯᠤᠮᠵᠢ ᠲᠠᠢ	боломжтой	10
орлуулах	ᠲᠣᠬᠢᠶᠠᠯᠳᠤᠯ ᠳᠤ	тохиолдолд	7
орлуулах	ᠮᠠᠲ᠋ᠧᠷᠢᠶᠠᠯ	материал	6
орлуулах	ᠴᠠᠭᠠᠨ	цагаан	5
орлуулж	ᠪᠣᠯᠤᠨ᠎ᠠ	болно	9
орлуулж	ᠪᠠᠶᠢᠭ᠎ᠠ	байгаа	5
орно	ᠭᠡᠵᠦ	гэж	129
орно	ᠭᠡᠰᠡᠨ	гэсэн	123
орно	ᠭᠡᠳᠡᠭ	гэдэг	88
орноо	ᠲᠥᠯᠥᠭᠡᠯᠡᠨ	төлөөлөн	358
орноо	ᠲᠥᠯᠦᠭᠡᠯᠡᠵᠦ	төлөөлж	70
орноо	ᠬᠥᠭᠵᠢᠭᠦᠯᠬᠦ	хөгжүүлэх	64
орноор	ᠨᠢ	нь	16
орноор	ᠶᠠᠪᠤᠵᠤ	явж	16
орноор	ᠠᠶᠠᠯᠠᠭᠰᠠᠨ	аялсан	11
орноос	ᠳ	д	35
орноос	ᠳ᠋ᠤᠭᠠᠷ	дугаар	29
орноос	ᠷ	р	27
орноосоо	ᠮᠣᠷᠳᠠᠯ᠎ᠠ	мордлоо	48
орноосоо	ᠮᠣᠷᠳᠠᠭᠰᠠᠨ	мордсон	37
орноосоо	ᠮᠣᠷᠳᠠᠬᠤ	мордох	31
орны	ᠬᠤᠪᠢ ᠳᠤ	хувьд	628
орны	ᠭᠠᠷᠤᠢ	гаруй	390
орны	ᠬᠠᠷᠢᠯᠴᠠᠭ᠎ᠠ	харилцаа	358
орныг	ᠨᠢ	нь	20
орныг	ᠬᠠᠮᠤᠷᠤᠭᠰᠠᠨ	хамарсан	20
орныг	ᠨᠢᠭᠡᠳᠬᠡᠭᠰᠡᠨ	нэгтгэсэн	19
орныхоо	ᠨᠡᠷ᠎ᠡ ᠶᠢ	нэрийг	273
орныхоо	ᠲᠥᠯᠥᠭᠡ	төлөө	150
орныхоо	ᠡᠷᠬᠡ	эрх	72
оров	ᠤᠤ	уу	15
оров	ᠪᠣᠯᠤᠯᠲᠠᠢ	бололтой	5
оров	ᠠ᠋	оо	5
орой	ᠨᠢ	нь	140
орой	ᠳᠡᠭᠡᠷ᠎ᠡ	дээр	90
орой	ᠪᠣᠯᠭᠠᠨ	болгон	49
оройг	ᠠᠶ᠎ᠠ	ая	14
оройд	ᠨᠢ	нь	10
оройд	ᠭᠠᠷᠴᠤ	гарч	8
оройдоо	ᠯᠠ	л	5
оройдоо	ᠲᠣᠭᠲᠠᠪᠤᠷᠢᠲᠠᠢ	тогтвортой	5
оройн	ᠴᠠᠭ ᠢᠶᠠᠷ	цагаар	80
оройн	ᠬᠣᠭᠣᠯᠠ	хоол	36
оройн	ᠳᠡᠭᠡᠳᠦ	дээд	33
оройтож	ᠡᠬᠢᠯᠡᠭᠰᠡᠨ	эхэлсэн	10
оройтож	ᠢᠷᠡᠳᠡᠭ	ирдэг	9
оройтож	ᠪᠠᠶᠢᠨ᠎ᠠ	байна	7
оройтсон	ᠴᠤ	ч	19
оройтсон	ᠪᠠᠶᠢᠨ᠎ᠠ	байна	8
оройтсон	ᠪᠠᠶᠢᠬᠤ	байх	7
оролдлого	ᠬᠢᠵᠦ	хийж	55
оролдлого	ᠬᠢᠭᠰᠡᠨ	хийсэн	41
оролдлого	ᠨᠢ	нь	33
оролдож	ᠪᠠᠶᠢᠨ᠎ᠠ	байна	111
оролдож	ᠪᠠᠶᠢᠭ᠎ᠠ	байгаа	105
оролдож	ᠪᠠᠶᠢᠭᠰᠠᠨ	байсан	33
оролдоод	ᠪᠠᠶᠢᠨ᠎ᠠ	байна	13
оролдоод	ᠦᠵᠡ	үз	13
оролдоод	ᠦᠵᠡᠶ᠎ᠡ	үзье	8
оролдох	ᠨᠢ	нь	52
оролдох	ᠬᠡᠷᠡᠭ ᠦᠭᠡᠢ	хэрэггүй	13
оролдох	ᠶᠠᠭᠤᠮ᠎ᠠ	юм	11
оролдсон	ᠴᠤ	ч	65
оролдсон	ᠨᠢ	нь	31
оролдсон	ᠪᠣᠯᠪᠠᠴᠤ	боловч	19
оролт	ᠠᠮᠵᠢᠯᠲᠠᠲᠠᠢ	амжилттай	6
оролцогч	ᠲᠠᠯ᠎ᠠ ᠨᠤᠭᠤᠳ	талууд	57
оролцогч	ᠨᠢ	нь	39
оролцогч	ᠪᠦᠬᠦ	бүх	28
оролцож	ᠪᠠᠶᠢᠭ᠎ᠠ	байгаа	1841
оролцож	ᠪᠠᠶᠢᠨ᠎ᠠ	байна	1461
оролцож	ᠪᠤᠢ	буй	920
оролцон	ᠲᠣᠭᠯᠠᠬᠤ	тоглох	32
оролцон	ᠦᠭᠡ	үг	22
оролцон	ᠠᠶ᠎ᠠ	ая	17
оролцоо	ᠴᠢᠬᠤᠯᠠ	чухал	107
оролцоо	ᠶᠡᠬᠡ	их	57
оролцоо	ᠶᠠᠮᠠᠷ	ямар	55
оролцох	ᠶᠠᠭᠤᠮ᠎ᠠ	юм	1036
оролцох	ᠠᠵᠤ	аж	290
оролцох	ᠪᠣᠯᠤᠮᠵᠢ ᠲᠠᠢ	боломжтой	263
оролцсон	ᠶᠠᠭᠤᠮ᠎ᠠ	юм	724
оролцсон	ᠪᠠᠶᠢᠨ᠎ᠠ	байна	545
оролцсон	ᠪᠥᠭᠡᠳ	бөгөөд	251
оролцуулах	ᠨᠢ	нь	31
оролцуулах	ᠲᠠᠯ᠎ᠠ ᠪᠠᠷ	талаар	27
оролцуулах	ᠶᠠᠭᠤᠮ᠎ᠠ	юм	26
оромгүй	ᠶᠠᠪᠤᠳᠠᠯ	явдал	36
оромгүй	ᠭᠡᠨᠡᠳᠲᠡ ᠶᠢᠨ	гэнэтийн	8
оромгүй	ᠵᠦᠢᠯ	зүйл	6
орон	ᠨᠤᠲᠤᠭ ᠤᠨ	нутгийн	6492
орон	ᠰᠠᠭᠤᠴᠠᠨ ᠤ	сууцны	5544
орон	ᠰᠠᠭᠤᠴᠠ	сууц	2807
оронд	ᠨᠢ	нь	583
оронд	ᠡᠨᠡ	энэ	84
оронд	ᠴᠤ	ч	52
орондоо	ᠢᠷᠡᠭᠰᠡᠨ	ирсэн	140
орондоо	ᠵᠣᠬᠢᠶᠠᠨ	зохион	131
орондоо	ᠢᠷᠡᠭᠡᠳ	ирээд	98
ороо	ᠭᠦᠢ	гүй	8
ороо	ᠨᠢ	нь	5
ороогүй	ᠪᠠᠶᠢᠨ᠎ᠠ	байна	59
ороогүй	ᠪᠠᠶᠢᠭ᠎ᠠ	байгаа	46
ороогүй	ᠶᠠᠭᠤᠮ᠎ᠠ	юм	21
ороод	ᠪᠠᠶᠢᠭ᠎ᠠ	байгаа	279
ороод	ᠪᠠᠶᠢᠨ᠎ᠠ	байна	180
ороод	ᠢᠷᠡᠭᠰᠡᠨ	ирсэн	106
орос	ᠬᠢᠲᠠᠳ	хятад	201
орос	ᠮᠣᠩᠭᠣᠯ ᠤᠨ	монголын	185
орос	ᠬᠡᠯᠡ	хэл	167
оросын	ᠲᠡᠮᠦᠷ	төмөр	157
оросын	ᠲᠠᠯ᠎ᠠ	тал	132
оросын	ᠵᠠᠰᠠᠭ ᠤᠨ	засгийн	119
орох	ᠨᠢ	нь	307
орох	ᠶᠠᠭᠤᠮ᠎ᠠ	юм	259
орох	ᠶᠣᠰᠣᠲᠠᠢ	ёстой	219
орохгүй	ᠪᠠᠶᠢᠬᠤ	байх	76
орохгүй	ᠡᠳᠦᠷ ᠲᠦ ᠪᠡᠨ	өдөртөө	76
орохгүй	ᠪᠣᠯ	бол	41
орохдоо	ᠯᠠ	л	14
орохдоо	ᠦᠢᠯᠡᠳᠪᠦᠷᠢ	үйлдвэр	13
орохдоо	ᠶᠠᠮᠠᠷ	ямар	5
ороход	ᠪᠡᠯᠡᠨ	бэлэн	58
ороход	ᠨᠢ	нь	33
ороход	ᠯᠠ	л	21
орохоор	ᠪᠣᠯᠤᠭᠰᠠᠨ	болсон	28
орохоор	ᠪᠠᠶᠢᠭ᠎ᠠ	байгаа	13
орохоор	ᠪᠣᠯᠵᠠᠢ	болжээ	12
орохоос	ᠡᠮᠦᠨ᠎ᠡ	өмнө	47
орохоос	ᠥᠭᠡᠷ᠎ᠡ	өөр	22
орохоос	ᠰᠡᠷᠭᠡᠶᠢᠯᠡᠵᠦ	сэргийлж	13
орохыг	ᠬᠦᠰᠡᠭᠰᠡᠨ	хүссэн	20
орохыг	ᠨᠢ	нь	9
орохыг	ᠦᠭᠡᠶᠢᠰᠬᠡᠬᠦ ᠦᠭᠡᠢ	үгүйсгэхгүй	9
орохын	ᠲᠤᠯᠠᠳᠠ	тулд	99
орохын	ᠡᠮᠦᠨ᠎ᠡ	өмнө	28
орохын	ᠲᠥᠯᠥᠭᠡ	төлөө	11
орсноос	ᠬᠣᠶᠢᠰᠢ	хойш	97
орсноос	ᠪᠣᠯᠵᠤ	болж	16
орсноос	ᠭᠠᠳᠠᠨ᠎ᠠ	гадна	6
орсны	ᠳᠠᠷᠠᠭ᠎ᠠ	дараа	105
орсны	ᠳᠠᠷᠠᠭᠠᠬᠢ	дараах	7
орсны	ᠬᠤᠪᠢ ᠳᠤ	хувьд	6
орсон	ᠪᠠᠶᠢᠨ᠎ᠠ	байна	648
орсон	ᠶᠠᠭᠤᠮ᠎ᠠ	юм	300
орсон	ᠪᠣᠯ	бол	265
орсоор	ᠪᠠᠶᠢᠨ᠎ᠠ	байна	8
орсоор	ᠪᠠᠶᠢᠭ᠎ᠠ	байгаа	6
ортол	ᠨᠢ	нь	24
оруул	ᠰᠠᠩ	сан	40
оруул	ᠭᠡᠰᠡᠨ	гэсэн	14
оруул	ᠭᠡᠵᠦ	гэж	11
оруулаад	ᠪᠠᠶᠢᠭ᠎ᠠ	байгаа	125
оруулаад	ᠪᠠᠶᠢᠨ᠎ᠠ	байна	96
оруулаад	ᠢᠷᠡᠭᠰᠡᠨ	ирсэн	29
оруулагч	ᠲᠠᠯ᠎ᠠ	тал	117
оруулагч	ᠨᠠᠷᠠᠲᠤ	нарт	90
оруулагч	ᠨᠠᠷᠠ	нар	78
оруулагчид	ᠪᠣᠯᠤᠨ	болон	52
оруулагчид	ᠨᠢ	нь	42
оруулагчид	ᠮᠣᠩᠭᠣᠯ ᠤᠨ	монголын	38
оруулалт	ᠬᠢᠬᠦ	хийх	478
оруулалт	ᠬᠢᠵᠦ	хийж	346
оруулалт	ᠣᠷᠣᠵᠤ	орж	214
оруулан	ᠢᠷᠡᠵᠦ	ирж	14
оруулан	ᠲᠣᠭᠠᠴᠠᠵᠤ	тооцож	13
оруулан	ᠠᠵᠢᠯᠯᠠᠵᠤ	ажиллаж	11
оруулах	ᠲᠤᠬᠠᠢ	тухай	8767
оруулах	ᠨᠢ	нь	339
оруулах	ᠬᠠᠤᠯᠢ ᠶᠢᠨ	хуулийн	256
оруулахгүй	ᠪᠠᠶᠢᠬᠤ	байх	70
оруулахгүй	ᠪᠣᠯ	бол	48
оруулахгүй	ᠭᠡᠵᠦ	гэж	27
оруулдаг	ᠪᠠᠶᠢᠭᠰᠠᠨ	байсан	29
оруулдаг	ᠶᠠᠭᠤᠮ᠎ᠠ	юм	17
оруулдаг	ᠪᠠᠶᠢᠨ᠎ᠠ	байна	14
оруулж	ᠢᠷᠡᠭᠰᠡᠨ	ирсэн	1221
оруулж	ᠢᠷᠡᠬᠦ	ирэх	869
оруулж	ᠢᠷᠡᠵᠦ	ирж	766
оруулна	ᠭᠡᠵᠦ	гэж	147
оруулна	ᠭᠡᠳᠡᠭ ᠲᠦ	гэдэгт	88
оруулна	ᠭᠡᠰᠡᠨ	гэсэн	78
оруулсан	ᠪᠠᠶᠢᠨ᠎ᠠ	байна	409
оруулсан	ᠶᠠᠭᠤᠮ᠎ᠠ	юм	281
оруулсан	ᠨᠢ	нь	210
орхигдсон	ᠭᠠᠵᠠᠷ ᠲᠤ	газарт	14
орхигдсон	ᠪᠠᠶᠢᠨ᠎ᠠ	байна	11
орхигдсон	ᠬᠠᠯᠠᠭᠤᠨ	халуун	6
орхидог	ᠨᠢ	нь	14
орхидог	ᠪᠠᠶᠢᠭᠰᠠᠨ	байсан	12
орхидог	ᠶᠠᠭᠤᠮ᠎ᠠ	юм	6
орхиж	ᠪᠣᠯᠬᠤ ᠦᠭᠡᠢ	болохгүй	70
орхиж	ᠪᠠᠶᠢᠨ᠎ᠠ	байна	36
орхиж	ᠭᠠᠷᠤᠭᠰᠠᠨ	гарсан	36
орхин	ᠭᠠᠷᠤᠭᠰᠠᠨ	гарсан	46
орхин	ᠭᠠᠷᠴᠤ	гарч	15
орхин	ᠣᠳᠤᠭᠰᠠᠨ	одсон	10
орхино	ᠭᠡᠵᠦ	гэж	15
орхино	ᠭᠡᠳᠡᠭ ᠢᠶᠡᠨ	гэдгээ	8
орхино	ᠭᠡᠳᠡᠭ	гэдэг	8
орхиод	ᠶᠠᠪᠤᠭᠰᠠᠨ	явсан	46
орхиод	ᠪᠠᠶᠢᠨ᠎ᠠ	байна	18
орхиод	ᠣᠳᠤᠭᠰᠠᠨ	одсон	17
орхисон	ᠶᠠᠭᠤᠮ᠎ᠠ	юм	76
орхисон	ᠪᠠᠶᠢᠨ᠎ᠠ	байна	44
орхисон	ᠨᠢ	нь	43
орхих	ᠨᠢ	нь	40
орхих	ᠪᠢᠰᠢ	биш	27
орхих	ᠬᠡᠷᠡᠭᠲᠡᠢ	хэрэгтэй	13
орхихгүй	ᠪᠠᠶᠢᠬᠤ	байх	29
орхихгүй	ᠪᠠᠶᠢᠬᠤ ᠶᠢ	байхыг	8
орхихгүй	ᠡ	ээ	8
орхон	ᠠᠶᠢᠮᠠᠭ ᠤᠨ	аймгийн	528
орхон	ᠠᠶᠢᠮᠠᠭ	аймаг	270
орхон	ᠰᠡᠯᠡᠩᠭᠡ	сэлэнгэ	268
орц	ᠨᠠᠶᠢᠷᠠᠯᠭ᠎ᠠ	найрлага	26
орц	ᠨᠢ	нь	14
орц	ᠬᠣᠩᠭᠢᠯ	хонгил	14
орцны	ᠵᠢᠵᠢᠭᠦᠷ	жижүүр	16
орцны	ᠮᠢᠨᠦ	миний	14
орцны	ᠡᠭᠦᠳᠡᠨ ᠳᠦ	үүдэнд	7
орцонд	ᠭᠢᠲ᠋ᠠᠷ	гитар	9
орчим	ᠬᠤᠪᠢ	хувь	597
орчим	ᠲᠡᠷᠪᠤᠮ	тэрбум	552
орчим	ᠰᠠᠶ᠋ᠢ	сая	543
орчин	ᠦᠶ᠎ᠡ ᠶᠢᠨ	үеийн	2644
орчин	ᠨᠣᠭᠣᠭᠠᠨ	ногоон	1203
орчин	ᠬᠦᠨᠡᠰᠦ	хүнс	752
орчинд	ᠡᠭᠡᠯᠢᠲᠡᠢ	ээлтэй	357
орчинд	ᠠᠮᠢᠳᠤᠷᠠᠬᠤ	амьдрах	139
орчинд	ᠨᠦᠯᠦᠭᠡᠯᠡᠬᠦ	нөлөөлөх	86
орчиндоо	ᠡᠭᠡᠯᠢᠲᠡᠢ	ээлтэй	21
орчиндоо	ᠬᠠᠯᠳᠠᠪᠤᠷᠢ	халдвар	8
орчиндоо	ᠵᠣᠬᠢᠴᠠᠨ	зохицон	7
орчих	ᠭᠡᠳ	гээд	27
орчих	ᠸᠢᠢ	вий	25
орчих	ᠶᠠᠭᠤᠮ᠎ᠠ	юм	15
орчихоод	ᠪᠠᠶᠢᠨ᠎ᠠ	байна	75
орчихоод	ᠪᠠᠶᠢᠭ᠎ᠠ	байгаа	74
орчихоод	ᠪᠠᠶᠢᠬᠤ ᠳᠤ	байхад	10
орчлон	ᠶᠢᠷᠲᠢᠨᠴᠦ ᠶᠢᠨ	ертөнцийн	38
орчлон	ᠶᠢᠷᠲᠢᠨᠴᠦ	ертөнц	33
орчлон	ᠳᠡᠭᠡᠷ᠎ᠡ	дээр	22
орчлонгийн	ᠰᠠᠶᠢᠬᠠᠨ	сайхан	10
орчлонгийн	ᠵᠢᠮ᠎ᠠ	жам	5
орчлонд	ᠪᠢ	би	16
орчлонд	ᠭᠠᠭᠴᠠᠬᠠᠨ	ганцхан	14
орчлонд	ᠬᠦᠮᠦᠨ	хүн	7
орчноо	ᠬᠠᠮᠠᠭᠠᠯᠠᠬᠤ	хамгаалах	77
орчноо	ᠰᠠᠶᠢᠵᠢᠷᠠᠭᠤᠯᠬᠤ	сайжруулах	32
орчноо	ᠬᠠᠮᠠᠭᠠᠯᠠᠵᠤ	хамгаалж	23
орчныг	ᠬᠠᠮᠠᠭᠠᠯᠠᠬᠤ	хамгаалах	370
орчныг	ᠰᠠᠶᠢᠵᠢᠷᠠᠭᠤᠯᠬᠤ	сайжруулах	199
орчныг	ᠪᠦᠷᠢᠳᠦᠭᠦᠯᠬᠦ	бүрдүүлэх	177
орчуулагч	ᠪ	б	17
орчуулагч	ᠳ	д	17
орчуулагч	ᠵ	ж	10
орчуулах	ᠭᠡᠵᠦ	гэж	5
орчуулах	ᠭᠡᠳ	гээд	5
орчуулах	ᠶᠠᠭᠤᠮ᠎ᠠ	юм	5
орчуулга	ᠭᠠᠳᠠᠭᠠᠳᠤ	гадаад	28
орчуулга	ᠬᠢᠵᠦ	хийж	13
орчуулга	ᠬᠢᠬᠦ	хийх	11
орчуулж	ᠪᠠᠶᠢᠭ᠎ᠠ	байгаа	15
орчуулж	ᠪᠠᠶᠢᠭᠰᠠᠨ	байсан	13
орчуулж	ᠪᠠᠶᠢᠨ᠎ᠠ	байна	9
оршдог	ᠶᠠᠭᠤᠮ᠎ᠠ	юм	34
оршдог	ᠪᠥᠭᠡᠳ	бөгөөд	31
оршдог	ᠨᠢ	нь	20
оршиж	ᠪᠠᠶᠢᠭ᠎ᠠ	байгаа	352
оршиж	ᠪᠠᠶᠢᠨ᠎ᠠ	байна	146
оршиж	ᠪᠤᠢ	буй	108
оршил	ᠬᠡᠯᠡᠶ᠎ᠡ	хэлье	5
оршил	ᠡᠷᠭᠦᠬᠦ	өргөх	5
оршин	ᠰᠠᠭᠤᠬᠤ	суух	273
оршин	ᠰᠠᠭᠤᠭ᠎ᠠ	суугаа	252
оршин	ᠲᠣᠭᠲᠠᠨᠢᠬᠤ	тогтнох	142
оршино	ᠭᠡᠵᠦ	гэж	13
оршино	ᠬᠡᠮᠡᠨ	хэмээн	12
оршино	ᠭᠡᠳᠡᠭ ᠢ	гэдгийг	5
орших	ᠤ	у	116
орших	ᠤᠤ	уу	54
орших	ᠠ	а	34
оршсон	ᠶᠠᠭᠤᠮ᠎ᠠ	юм	5
орь	ᠭᠠᠭᠴᠠᠭᠠᠷ	ганцаар	14
орь	ᠳᠠᠭᠤᠤ	дуу	13
орь	ᠭᠠᠭᠴᠠᠭᠠᠷ ᠢᠶᠠᠨ	ганцаараа	11
осгож	ᠨᠠᠰᠤ	нас	17
осгож	ᠠᠮᠢ	амь	9
осгож	ᠠᠮᠢᠶ᠎ᠠ	амиа	7
осол	ᠭᠡᠮᠲᠦᠯ	гэмтэл	156
осол	ᠭᠠᠷᠤᠭᠰᠠᠨ	гарсан	94
осол	ᠭᠠᠷᠴᠤ	гарч	87
осолдсон	ᠪᠠᠶᠢᠨ᠎ᠠ	байна	7
осолдсон	ᠶᠠᠭᠤᠮ᠎ᠠ	юм	5
от	ᠨ	н	38
от	ᠬᠬᠺ	ххк	12
от	ᠭ	г	7
отгон	ᠠᠪᠤᠷᠭᠤ	аварга	41
отгон	ᠡᠷᠳᠡᠨᠢ	эрдэнэ	31
отгон	ᠨᠢ	нь	30
отгонбаяр	ᠨᠠᠷᠠ	нар	70
отгонбаяр	ᠭᠡᠰᠢᠭᠦᠨ	гишүүн	27
отгонбаяр	ᠤ	у	25
отгонтэнгэр	ᠶᠡᠬᠡ	их	62
отгонтэнгэр	ᠬᠠᠶᠢᠷᠬᠠᠨ	хайрхан	9
оточ	ᠳᠣᠲᠣᠷ᠎ᠠ	дотор	8
отрын	ᠨᠤᠲᠤᠭ	нутаг	312
отрын	ᠪᠥᠰᠡ	бүс	15
оу	᠍ ᠤᠨ	ын	311
оу	ᠨ	н	26
оу	ᠳ	д	6
офицер	ᠠᠬᠠᠯᠠᠭᠴᠢ	ахлагч	37
офицер	ᠨᠢ	нь	6
офицер	ᠳᠡᠰᠯᠡᠭᠴᠢ	дэслэгч	5
оффис	ᠪᠣᠯᠤᠨ	болон	11
оффис	ᠨᠢ	нь	11
оффис	ᠳᠡᠭᠡᠷ᠎ᠡ	дээр	8
охид	ᠪᠦᠰᠡᠭᠦᠶᠢᠴᠦᠳ	бүсгүйчүүд	75
охид	ᠬᠥᠪᠡᠭᠦᠳ	хөвгүүд	73
охид	ᠬᠥᠪᠡᠭᠦᠳ ᠦᠨ	хөвгүүдийн	56
охидууд	ᠮᠠᠨᠢ	маань	6
охидууд	ᠴᠤ	ч	6
охидыг	ᠰᠠᠳᠤᠷ	садар	14
охидыг	ᠨᠠᠰᠤᠨ ᠳᠤ	насанд	6
охидын	ᠨᠠᠰᠤᠨ ᠤ	насны	60
охидын	ᠬᠠᠮᠲᠤᠯᠢᠭ	хамтлаг	31
охидын	ᠨᠠᠰᠤᠨ ᠳᠤ	насанд	26
охин	ᠺᠣᠮᠫᠠᠨᠢ	компани	320
охин	ᠮᠢᠨᠢ	минь	244
охин	ᠨᠢ	нь	215
охинд	ᠨᠢ	нь	16
охинд	ᠮᠢᠨᠢ	минь	12
охинд	ᠪᠢ	би	10
охиноо	ᠵᠣᠳᠣᠵᠤ	зодож	16
охиноо	ᠠᠯᠠᠳᠠᠭᠰᠠᠨ	алдсан	7
охиноо	ᠲᠡᠪᠡᠷᠢᠭᠡᠳ	тэврээд	7
охинтой	ᠪᠣᠯᠤᠭᠰᠠᠨ	болсон	23
охинтой	ᠪᠣᠯᠵᠠᠢ	болжээ	10
охинтой	ᠨᠢ	нь	7
охинтойгоо	ᠬᠠᠮᠲᠤ	хамт	11
охинтойгоо	ᠠᠮᠢᠳᠤᠷᠠᠳᠠᠭ	амьдардаг	5
охины	ᠡᠵᠢ	ээж	58
охины	ᠠᠪᠤ	аав	51
охины	ᠮᠢᠨᠢ	минь	41
охиныг	ᠮᠢᠨᠢ	минь	61
охиныг	ᠨᠢ	нь	40
охиныг	ᠵᠣᠳᠣᠵᠤ	зодож	25
охиныхоо	ᠬᠠᠮᠲᠤ	хамт	11
охиныхоо	ᠲᠥᠯᠥᠭᠡ	төлөө	9
охиныхоо	ᠲᠤᠬᠠᠢ	тухай	7
оху	᠍ ᠤᠨ	ын	6536
оху	ᠳ	д	760
оху	ᠪᠩᠬᠠᠤ	бнхау	399
оч	ᠺᠯᠤᠶᠢᠪ	клуб	13
оч	ᠪᠦᠭᠦᠳᠡ	бүгд	11
оч	ᠰᠣᠨ	сон	7
очдог	ᠪᠠᠶᠢᠭᠰᠠᠨ	байсан	28
очдог	ᠶᠠᠭᠤᠮ᠎ᠠ	юм	25
очдог	ᠪᠠᠶᠢᠨ᠎ᠠ	байна	13
очиж	ᠪᠠᠶᠢᠭ᠎ᠠ	байгаа	151
очиж	ᠪᠠᠶᠢᠭᠰᠠᠨ	байсан	98
очиж	ᠪᠠᠶᠢᠨ᠎ᠠ	байна	84
очин	ᠪᠠᠶᠢᠳᠠᠭ	байдаг	6
очино	ᠭᠡᠵᠦ	гэж	5
очир	ᠨᠠᠷᠠ	нар	85
очир	ᠠ	а	78
очир	ᠪ	б	49
очих	ᠶᠣᠰᠣᠲᠠᠢ	ёстой	108
очих	ᠶᠠᠭᠤᠮ᠎ᠠ	юм	97
очих	ᠨᠢ	нь	75
очихгүй	ᠪᠠᠶᠢᠬᠤ	байх	13
очихгүй	ᠪᠣᠯ	бол	10
очихгүй	ᠯᠠ	л	8
очиход	ᠨᠢ	нь	33
очиход	ᠪᠡᠯᠡᠨ	бэлэн	22
очиход	ᠮᠠᠭᠤ	муу	19
очихоор	ᠪᠣᠯᠤᠭᠰᠠᠨ	болсон	8
очихоор	ᠲᠥᠯᠥᠪᠯᠡᠭᠰᠡᠨ	төлөвлөсөн	6
очихоор	ᠨᠢ	нь	5
очихоос	ᠡᠮᠦᠨ᠎ᠡ	өмнө	16
очихоос	ᠥᠭᠡᠷ᠎ᠡ	өөр	6
очихыг	ᠵᠣᠷᠢᠵᠤ	зорьж	6
очлоо	ᠭᠡᠬᠦ ᠳᠦ	гэхэд	10
очлоо	ᠳ᠋ᠠ	доо	6
очно	ᠭᠡᠰᠡᠨ	гэсэн	25
очно	ᠭᠡᠵᠦ	гэж	22
очно	ᠭᠡᠳᠡᠭ	гэдэг	18
очоогүй	ᠪᠠᠶᠢᠨ᠎ᠠ	байна	14
очоогүй	ᠪᠠᠶᠢᠭ᠎ᠠ	байгаа	10
очоогүй	ᠶᠠᠭᠤᠮ᠎ᠠ	юм	10
очоод	ᠯᠠ	л	46
очоод	ᠪᠠᠶᠢᠨ᠎ᠠ	байна	39
очоод	ᠪᠠᠶᠢᠭ᠎ᠠ	байгаа	25
очсон	ᠶᠠᠭᠤᠮ᠎ᠠ	юм	152
очсон	ᠪᠠᠶᠢᠨ᠎ᠠ	байна	81
очсон	ᠨᠢ	нь	61
оюу	ᠲᠣᠯᠣᠭᠠᠢ	толгой	1431
оюу	ᠲᠣᠯᠣᠭᠠᠢ ᠶᠢᠨ	толгойн	661
оюу	ᠲᠣᠯᠣᠭᠠᠢ ᠶᠢ	толгойг	64
оюун	ᠤᠬᠠᠭᠠᠨ ᠤ	ухааны	286
оюун	ᠰᠠᠨᠠᠭᠠᠨ ᠤ	санааны	279
оюун	ᠤᠬᠠᠭᠠᠨ	ухаан	253
оюунгэрэл	ᠨᠠᠷᠠ	нар	46
оюунгэрэл	ᠰᠠᠶᠢᠳ	сайд	31
оюунгэрэл	ᠡᠬᠡ	эх	26
оюунд	ᠨᠢ	нь	7
оюунчимэг	ᠤᠯᠤᠰ ᠤᠨ	улсын	39
оюунчимэг	ᠨᠠᠷᠠ	нар	33
оюунчимэг	ᠪᠣᠯᠤᠨ	болон	14
оюуны	ᠤᠨᠳᠤᠷᠤᠭ᠎ᠠ	ундраа	92
оюуны	ᠥᠮᠴᠢ ᠶᠢ	өмчийг	66
оюуны	ᠥᠮᠴᠢ	өмч	64
оюуныг	ᠨᠢ	нь	5
оюут	ᠨ ᠤ	ны	12
оюут	ᠤᠯᠠᠭᠠᠨ	улаан	5
оюутан	ᠵᠠᠯᠠᠭᠤᠰ	залуус	236
оюутан	ᠵᠠᠯᠠᠭᠤᠰ ᠤᠨ	залуусын	145
оюутан	ᠪ	б	108
оюутнууд	ᠨᠢ	нь	45
оюутнууд	ᠮᠠᠨᠢ	маань	37
оюутнууд	ᠪᠣᠯᠤᠨ	болон	30
оюутны	ᠬᠣᠯᠪᠣᠭ᠎ᠠ	холбоо	173
оюутны	ᠠᠪᠤᠷᠭᠤ	аварга	157
оюутны	ᠳᠡᠯᠡᠬᠡᠢ ᠶᠢᠨ	дэлхийн	120
оюутолгой	ᠲᠠᠪᠤᠨᠲᠣᠯᠣᠭᠠᠢ	тавантолгой	145
оюутолгой	ᠬᠬᠺ	ххк	110
оюутолгой	ᠲᠥᠰᠥᠯ	төсөл	91
оёдол	ᠲᠠᠯᠪᠢᠭᠤᠯᠤᠭᠰᠠᠨ	тавиулсан	8
оёдол	ᠰᠦᠯᠵᠢᠮᠡᠯ	сүлжмэл	5
оёдол	ᠰᠦ᠋	сүү	5
оёж	ᠪᠠᠶᠢᠭ᠎ᠠ	байгаа	10
оёж	ᠥᠭᠭᠦᠭᠰᠡᠨ	өгсөн	9
оёж	ᠪᠠᠶᠢᠨ᠎ᠠ	байна	5
оёмол	ᠪᠦᠲᠦᠭᠡᠭᠳᠡᠬᠦᠨ	бүтээгдэхүүн	29
оёмол	ᠰᠦᠯᠵᠢᠮᠡᠯ	сүлжмэл	15
оёсон	ᠶᠠᠭᠤᠮ᠎ᠠ	юм	10
оёсон	ᠶᠠᠭᠤᠮ᠎ᠠ ᠪᠠᠨ	юмаа	6
п	ᠦ	ү	15
п	ᠫ	п	9
п	ᠳ	д	8
падаан	ᠶᠡᠬᠡ	их	12
падаан	ᠴᠤᠭᠯᠠᠭᠤᠯᠬᠤ	цуглуулах	7
падаан	ᠬᠢᠳᠡᠭ	хийдэг	6
пан	ᠠᠮᠧᠷᠢᠺᠠ ᠶᠢᠨ	америкийн	45
пан	ᠠᠽᠢᠶ᠎ᠠ ᠶᠢᠨ	азийн	42
пан	ᠠᠽᠢᠶ᠎ᠠ	ази	5
парк	ᠪᠠᠶᠢᠭᠤᠯᠬᠤ	байгуулах	51
парк	ᠨᠢ	нь	26
парк	ᠳᠡᠭᠡᠷ᠎ᠡ	дээр	16
парламент	ᠬᠣᠭᠣᠷᠣᠨᠳᠣ ᠶᠢᠨ	хоорондын	158
парламент	ᠳᠠᠬᠢ	дахь	146
парламент	ᠨᠢ	нь	51
паспорт	ᠪᠣᠯᠤᠨ	болон	5
паспорт	ᠳᠡᠭᠡᠷ᠎ᠡ	дээр	5
паспорт	ᠰᠢᠨ᠎ᠡ ᠪᠡᠷ	шинээр	5
пиво	ᠤᠤᠭᠤᠵᠤ	ууж	9
пиво	ᠰᠤᠭᠳᠤᠭᠤᠷᠠᠭᠤᠯᠬᠤ	согтууруулах	7
пиво	ᠤᠮᠳᠠᠭ᠎ᠠ	ундаа	7
пин	ᠺᠣᠳ᠋	код	14
платформ	ᠳᠡᠭᠡᠷ᠎ᠡ	дээр	20
платформ	ᠨᠢ	нь	8
поп	ᠤᠷᠠᠯᠢᠭ ᠤᠨ	урлагийн	50
поп	ᠬᠠᠲᠤᠭᠲᠠᠢ	хатагтай	43
поп	ᠤᠷᠠᠯᠢᠭ ᠲᠤ	урлагт	33
попын	ᠶᠢᠷᠲᠢᠨᠴᠦᠳ	ертөнцөд	44
попын	ᠬᠠᠭᠠᠨ	хаан	30
попын	ᠠᠮᠢᠳᠤ	амьд	21
порно	ᠪᠢᠴᠢᠯᠭᠡ	бичлэг	12
порно	ᠺᠢᠨᠣ᠋	кино	7
пос	ᠮᠠᠰᠢᠨ	машин	10
прага	ᠬᠣᠲᠠ ᠶᠢᠨ	хотын	25
прага	ᠬᠣᠲᠠᠳ	хотод	11
прага	ᠳᠠᠬᠢ	дахь	8
практик	ᠳᠡᠭᠡᠷ᠎ᠡ	дээр	25
практик	ᠪᠠᠶᠢᠳᠠᠭ	байдаг	11
практик	ᠳᠠᠳᠤᠯᠭ᠎ᠠ	дадлага	9
програм	ᠬᠠᠩᠭᠠᠮᠵᠢ	хангамж	132
програм	ᠨᠢ	нь	20
програм	ᠳᠡᠭᠡᠷ᠎ᠡ	дээр	13
программ	ᠬᠠᠩᠭᠠᠮᠵᠢ	хангамж	166
программ	ᠨᠢ	нь	44
программ	ᠳᠡᠭᠡᠷ᠎ᠡ	дээр	20
прокурор	ᠳ	д	130
прокурор	ᠨᠢ	нь	53
прокурор	ᠪ	б	50
протокол	ᠮᠣᠩᠭᠣᠯ	монгол	17
протокол	ᠰᠠᠨᠠᠮᠵᠢ	санамж	9
протокол	ᠨᠢ	нь	6
профессор	ᠪ	б	88
профессор	ᠳ	д	83
профессор	ᠯᠠ	л	58
путин	ᠨᠠᠷᠠ	нар	55
путин	ᠮᠣᠩᠭᠣᠯ	монгол	44
путин	ᠪᠩᠬᠠᠤ	бнхау	32
пуужин	ᠬᠦᠭᠰᠡᠭᠦᠯᠬᠦ	хөөргөх	30
пуужин	ᠨᠢ	нь	16
пуужин	ᠪᠠᠶᠠᠷ ᠢᠶᠠᠨ	баяраа	13
пянз	ᠨᠢ	нь	5
пүрэв	ᠭᠠᠷᠠᠭ ᠲᠤ	гаригт	373
пүрэв	ᠭᠠᠷᠠᠭ ᠤᠨ	гаригийн	123
пүрэв	ᠪᠠᠰᠠᠩ	баасан	101
пүүз	ᠨᠢ	нь	7
пүүс	ᠺᠣᠮᠫᠠᠨᠢ	компани	9
р	ᠰᠠᠷ᠎ᠠ ᠶᠢᠨ	сарын	1821
р	ᠪᠠᠶᠢᠷᠢ	байр	1631
р	ᠬᠣᠷᠤᠭ᠎ᠠ	хороо	1038
радио	ᠲᠧᠯᠧᠸᠢᠰ ᠦᠨ	телевизийн	156
радио	ᠲᠧᠯᠧᠸᠢᠽ	телевиз	72
радио	ᠪᠣᠯᠤᠨ	болон	14
рам	ᠳᠡᠭᠡᠷ᠎ᠡ	дээр	5
рах	ᠭᠦᠢ	гүй	14
рах	ᠨᠢ	нь	8
рах	ᠶᠣᠰᠣᠲᠠᠢ	ёстой	7
рашаан	ᠰᠤᠪᠢᠯᠠᠯ	сувилал	110
рашаан	ᠨᠢ	нь	34
рашаан	ᠤᠰᠤ	ус	13
редактор	ᠴᠤ	ч	13
редактор	ᠪ	б	9
редактор	ᠨ	н	7
реклам	ᠰᠤᠷᠲᠠᠯᠴᠢᠯᠠᠭ᠎ᠠ	сурталчилгаа	19
реклам	ᠵᠠᠷ	зар	16
реклам	ᠨᠢ	нь	6
рекорд	ᠠᠮᠵᠢᠯᠲᠠ ᠶᠢ	амжилтыг	38
рекорд	ᠲᠣᠭᠲᠠᠭᠠᠵᠤ	тогтоож	29
рекорд	ᠠᠮᠵᠢᠯᠲᠠ	амжилт	22
ректор	ᠪ	б	21
рентген	ᠵᠢᠷᠤᠭ	зураг	42
рентген	ᠠᠫᠫᠠᠷᠠᠲ	аппарат	27
рентген	ᠵᠢᠷᠭᠤᠭ᠎ᠠ	зургаа	10
реппер	ᠴᠡᠴᠡ	цэцэ	25
реппер	ᠨᠠᠨ᠎ᠠ	нана	19
реппер	ᠳᠥᠯᠥᠭᠡᠨ	дөлгөөн	18
ресторан	ᠵᠣᠴᠢᠳ	зочид	13
ресторан	ᠪᠣᠯᠤᠨ	болон	11
ресторан	ᠪᠠᠭᠠᠷ	баар	8
референт	ᠨ	н	9
референт	ᠱ	ш	8
ройтерс	ᠠᠭᠧᠨᠲᠯᠢᠭ	агентлаг	11
рок	ᠫᠣᠫ ᠤᠨ	попын	337
рок	ᠫᠣᠫ	поп	231
рок	ᠬᠠᠮᠲᠤᠯᠢᠭ	хамтлаг	39
роман	ᠨᠢ	нь	35
роман	ᠪᠢᠴᠢᠭᠰᠡᠨ	бичсэн	8
роман	ᠲᠤᠭᠤᠵᠢ	тууж	8
романс	ᠪᠣᠯ	бол	6
рт	ᠶᠠᠪᠤᠭ᠎ᠠ	яваа	6
руу	ᠨᠢ	нь	294
руу	ᠣᠷᠣᠵᠤ	орж	290
руу	ᠶᠠᠪᠤᠵᠤ	явж	214
руугаа	ᠶᠠᠪᠤᠵᠤ	явж	38
руугаа	ᠣᠷᠣᠵᠤ	орж	29
руугаа	ᠤᠷᠤᠬᠤ	орох	23
рэппэр	ᠴᠡᠴᠡᠨᠪᠢᠯᠢᠭ	цэцэнбилэг	5
рүү	ᠨᠢ	нь	207
рүү	ᠣᠷᠣᠵᠤ	орж	111
рүү	ᠴᠢᠭᠯᠡᠭᠰᠡᠨ	чиглэсэн	110
рүүгээ	ᠴᠢᠭᠯᠡᠭᠰᠡᠨ	чиглэсэн	25
рүүгээ	ᠤᠷᠤᠬᠤ	орох	15
рүүгээ	ᠶᠠᠪᠤᠵᠤ	явж	14
с	ᠳᠡᠭᠡᠭᠰᠢ	дээш	113
с	ᠸᠢᠷᠦᠰ	вирус	85
с	ᠥ	ө	52
саа	ᠡᠪᠡᠳᠴᠢᠨ	өвчин	8
саа	ᠯᠠ	л	7
саа	ᠨ	н	7
саад	ᠪᠣᠯᠵᠤ	болж	243
саад	ᠪᠡᠷᠬᠡᠰᠢᠶᠡᠯ	бэрхшээл	157
саад	ᠤᠴᠠᠷᠠᠭᠤᠯᠵᠤ	учруулж	108
саадгүй	ᠨᠡᠪᠲᠡᠷᠡᠴᠢ	нэвтэрч	10
саадгүй	ᠬᠡᠷᠡᠭᠵᠢᠭᠦᠯᠬᠦ	хэрэгжүүлэх	8
саадгүй	ᠨᠡᠪᠲᠡᠷᠡᠭᠦᠯᠬᠦ	нэвтрүүлэх	7
саадыг	ᠳᠠᠪᠬᠤ	давах	8
саадыг	ᠳᠠᠪᠠᠨ	даван	7
саадыг	ᠳᠠᠪᠠᠵᠤ	давж	7
саалийн	ᠦᠨᠢᠶ᠎ᠡ	үнээ	39
саалийн	ᠭᠠᠭᠴᠠ	ганц	11
саалийн	ᠹᠧᠷᠮ	ферм	7
саам	ᠬᠠᠶᠢᠵᠤ	хайж	12
саар	ᠭᠡᠭᠴᠢ ᠪᠡᠷ	гэгчээр	17
саар	ᠵᠦᠢᠯ	зүйл	9
саар	ᠨᠢ	нь	8
саарал	ᠣᠷᠳᠣᠨ ᠳᠤ	ордонд	51
саарал	ᠴᠢᠨᠣ᠎ᠠ	чоно	43
саарал	ᠤᠰᠤ ᠶᠢ	усыг	29
саарах	ᠨᠢ	нь	7
сааруулах	ᠣᠷᠣᠨ	орон	9
сааруулах	ᠦᠨᠳᠦᠰᠦᠨ ᠦ	үндэсний	6
сааруулах	ᠪᠣᠳᠣᠯᠭ᠎ᠠ	бодлого	5
саатаад	ᠪᠠᠶᠢᠭ᠎ᠠ	байгаа	22
саатаад	ᠪᠠᠶᠢᠨ᠎ᠠ	байна	10
саатаад	ᠪᠠᠶᠢᠭᠰᠠᠨ	байсан	5
саатаж	ᠪᠠᠶᠢᠭ᠎ᠠ	байгаа	22
саатаж	ᠪᠤᠢ	буй	7
саатал	ᠭᠠᠷᠤᠭᠰᠠᠨ	гарсан	9
саатал	ᠭᠠᠷᠴᠤ	гарч	8
саатал	ᠭᠠᠷᠳᠠᠭ	гардаг	7
саатах	ᠪᠥᠭᠡᠳ	бөгөөд	11
саатах	ᠨᠢ	нь	7
саатсан	ᠶᠠᠭᠤᠮ᠎ᠠ	юм	12
саатсан	ᠨᠢ	нь	7
саатсан	ᠪᠣᠯ	бол	5
саатуулах	ᠪᠠᠶᠢᠷᠢᠨ ᠳᠤ	байранд	20
саатуулах	ᠲᠥᠪᠡᠳ	төвд	13
саатуулах	ᠥᠷᠥᠭᠡ	өрөө	9
саатуулж	ᠪᠠᠶᠢᠭ᠎ᠠ	байгаа	24
саатуулж	ᠪᠠᠶᠢᠭᠰᠠᠨ	байсан	8
саатуулж	ᠰᠢᠯᠭᠠᠵᠤ	шалгаж	6
сав	ᠭᠠᠵᠠᠷ ᠢᠶᠠᠷ	газраар	1231
сав	ᠭᠠᠵᠠᠷ ᠤᠨ	газрын	294
сав	ᠪᠠᠭᠯᠠᠭ᠎ᠠ	баглаа	194
саваа	ᠪᠡᠯ ᠳᠦ	бэлд	17
саваа	ᠪᠡᠯᠡᠳᠬᠡᠬᠦ	бэлтгэх	5
саваагүй	ᠪᠡᠯᠲᠡᠷᠭᠡ	бэлтрэг	10
саваар	ᠰᠥᠨᠢ ᠳᠦ ᠪᠡᠨ	шөнөдөө	111
саваар	ᠭᠷᠠᠳᠦᠶᠢᠰ	градус	77
саваар	ᠪᠠᠭ᠎ᠠ	бага	10
саван	ᠳᠡᠭᠡᠷ᠎ᠡ	дээр	15
саван	ᠳᠣᠲᠣᠷ᠎ᠠ	дотор	5
саванд	ᠬᠢᠵᠦ	хийж	68
саванд	ᠨᠢ	нь	21
саванд	ᠬᠢᠭᠰᠡᠨ	хийсэн	15
савандаж	ᠤᠬᠢᠶᠠᠬᠤ	угаах	39
савандаж	ᠤᠭᠢᠶᠠᠵᠤ	угааж	11
савандаж	ᠰᠠᠶᠢᠨ	сайн	9
савлах	ᠪᠣᠯᠤᠭᠰᠠᠨ	болсон	7
савлах	ᠦᠢᠯᠡᠳᠪᠦᠷᠢ	үйлдвэр	7
савлах	ᠨᠢ	нь	5
савтай	ᠤᠰᠤ	ус	11
савтай	ᠴᠠᠢ ᠶᠢ ᠪᠠᠨ	цайгаа	5
савхин	ᠬᠦᠷᠮ᠎ᠡ	хүрэм	17
савхин	ᠪᠡᠭᠡᠯᠡᠢ	бээлий	6
савхин	ᠡᠳ᠋ᠯᠡᠯ	эдлэл	6
саг	ᠳᠠᠷᠤᠭ᠎ᠠ	дарга	15
саг	ᠰᠠᠩ	сан	8
сага	ᠶᠠᠭᠤᠮ᠎ᠠ	юм	5
сагс	ᠲᠣᠭᠯᠠᠵᠤ	тоглож	19
сагс	ᠲᠣᠭᠯᠠᠳᠠᠭ	тоглодог	8
сагс	ᠭᠠᠷ	гар	6
сагсан	ᠪᠥᠮᠪᠥᠭᠡ	бөмбөг	433
сагсан	ᠪᠥᠮᠪᠥᠭᠴᠢ	бөмбөгч	70
сагсан	ᠪᠥᠮ	бөм	17
сад	ᠨᠢ	нь	8
сад	ᠪᠢᠯᠡ	билээ	6
сад	ᠰᠢᠦ	шүү	5
садаа	ᠪᠣᠯᠵᠤ	болж	26
садаа	ᠪᠣᠯᠤᠭᠠᠳ	болоод	7
садаа	ᠪᠣᠯᠬᠤ ᠦᠭᠡᠢ	болохгүй	7
садан	ᠨᠠᠶᠢᠵᠠ	найз	38
садан	ᠨᠢ	нь	26
садан	ᠲᠥᠷᠥᠯ	төрөл	19
садар	ᠰᠠᠮᠠᠭᠤᠨ	самуун	67
сажиг	ᠠᠯᠳᠠᠭ᠎ᠠ	алдаа	5
сайгүй	ᠯᠠ	л	45
сайгүй	ᠪᠠᠶᠢᠳᠠᠭ	байдаг	13
сайгүй	ᠪᠤᠢ	бий	11
сайд	ᠨ	н	4094
сайд	ᠳ	д	2353
сайд	ᠴᠤ	ч	1725
сайдууд	ᠨᠢ	нь	43
сайдууд	ᠪᠣᠯᠤᠨ	болон	10
сайдууд	ᠴᠤ	ч	8
сайдын	ᠶᠠᠮᠤ	яам	333
сайдын	ᠣᠨ ᠤ	оны	309
сайдын	ᠬᠤᠪᠢ ᠳᠤ	хувьд	275
сайжирч	ᠪᠠᠶᠢᠭ᠎ᠠ	байгаа	140
сайжирч	ᠪᠠᠶᠢᠨ᠎ᠠ	байна	67
сайжирч	ᠪᠠᠶᠢᠭ᠎ᠠ ᠶᠢ	байгааг	22
сайжрах	ᠶᠠᠭᠤᠮ᠎ᠠ	юм	38
сайжрах	ᠨᠢ	нь	21
сайжрах	ᠪᠣᠯᠤᠮᠵᠢ ᠲᠠᠢ	боломжтой	18
сайжруулан	ᠨᠡᠮᠡᠭᠦᠦ	нэмүү	6
сайжруулан	ᠦᠢᠯᠡ	үйл	5
сайжруулах	ᠲᠠᠯ᠎ᠠ ᠪᠠᠷ	талаар	172
сайжруулах	ᠬᠡᠷᠡᠭᠲᠡᠢ	хэрэгтэй	108
сайжруулах	ᠨᠢ	нь	103
сайжруулж	ᠴᠢᠳᠠᠬᠤ ᠦᠭᠡᠢ	чадахгүй	16
сайжруулж	ᠪᠠᠶᠢᠭ᠎ᠠ	байгаа	14
сайжруулж	ᠣᠯᠠᠨ	олон	13
сайжруулсан	ᠵᠤᠤᠬ᠎ᠠ	зуух	62
сайжруулсан	ᠲᠦᠯᠡᠰᠢ	түлш	39
сайжруулсан	ᠬᠤᠪᠢᠯᠪᠤᠷᠢ	хувилбар	9
сайн	ᠰᠠᠶᠢᠬᠠᠨ	сайхан	553
сайн	ᠪᠠᠶᠢᠨ᠎ᠠ	байна	442
сайн	ᠮᠡᠳᠡᠬᠦ	мэдэх	378
сайнаар	ᠨᠥᠯᠦᠭᠡᠯᠡᠨ᠎ᠡ	нөлөөлнө	42
сайнаар	ᠨᠥᠯᠦᠭᠡᠯᠡᠵᠦ	нөлөөлж	37
сайнаар	ᠨᠦᠯᠦᠭᠡᠯᠡᠬᠦ	нөлөөлөх	32
сайнд	ᠴᠤ	ч	5
сайндаа	ᠯᠠ	л	137
сайндаа	ᠴᠤ	ч	16
сайны	ᠬᠠᠵᠠᠭᠤ ᠪᠠᠷ	хажуугаар	36
сайны	ᠳᠣᠬᠢᠶ᠎ᠠ	дохио	10
сайныг	ᠨᠢ	нь	44
сайныг	ᠤᠨᠠᠵᠤ	унаж	12
сайныг	ᠬᠠᠨᠢᠯᠠᠵᠤ	ханилж	8
сайтай	ᠪᠠᠶᠢᠭ᠎ᠠ	байгаа	83
сайтай	ᠪᠠᠶᠢᠳᠠᠭ	байдаг	58
сайтай	ᠪᠠᠶᠢᠨ᠎ᠠ	байна	43
сайтар	ᠤᠭᠢᠶᠠᠵᠤ	угааж	49
сайтар	ᠰᠤᠳᠤᠯᠵᠤ	судалж	42
сайтар	ᠬᠠᠩᠭᠠᠵᠤ	хангаж	29
сайтын	ᠰᠡᠳᠬᠦᠯᠴᠢ	сэтгүүлч	33
сайтын	ᠬᠠᠮᠲᠤ	хамт	24
сайтын	ᠦᠢᠯᠡ	үйл	19
сайхан	ᠪᠠᠶᠢᠨ᠎ᠠ	байна	285
сайхан	ᠪᠣᠯᠤᠮᠵᠢ	боломж	178
сайхан	ᠮᠡᠳᠡᠭᠡ	мэдээ	178
сайханд	ᠨᠢ	нь	7
сайханд	ᠲᠡᠮᠡᠦᠯᠬᠦ	тэмүүлэх	6
сайханд	ᠬᠦᠷᠬᠦ	хүрэх	6
сайхандаа	ᠬᠡᠷ	хэр	9
сайхандаа	ᠠᠩᠬᠠᠷᠴᠤ	анхаарч	6
сайхнаар	ᠬᠦᠯᠢᠶᠡᠵᠦ	хүлээж	10
сайхнаар	ᠲᠥᠰᠦᠭᠡᠯᠡᠵᠦ	төсөөлж	7
сайхнаар	ᠲᠥᠰᠦᠭᠡᠯᠡᠳᠡᠭ	төсөөлдөг	6
сайхнаас	ᠨᠢ	нь	5
сайхнаас	ᠰᠠᠶᠢᠬᠠᠨ	сайхан	5
сайхнаас	ᠬᠤᠪᠢᠶᠠᠯᠴᠠᠬᠤ	хуваалцах	5
сайхны	ᠺᠢᠨᠣ᠋	кино	320
сайхны	ᠲᠥᠯᠥᠭᠡ	төлөө	227
сайхны	ᠺᠢᠨᠣᠨ ᠤ	киноны	126
сайхныг	ᠬᠦᠰᠡᠨ	хүсэн	45
сайхныг	ᠨᠢ	нь	30
сайхныг	ᠬᠦᠰᠡᠶ᠎ᠡ	хүсье	17
сайшаалтай	ᠬᠡᠷᠡᠭ	хэрэг	20
сайшаалтай	ᠴᠤ	ч	17
сайшаалтай	ᠪᠣᠯᠪᠠᠴᠤ	боловч	12
сал	ᠪᠠᠷᠰ	бар	49
сал	ᠪᠠ	ба	16
сал	ᠲᠠᠢ	тай	8
салаа	ᠵᠠᠮ	зам	37
салаа	ᠵᠠᠮ ᠤᠨ	замын	26
салаа	ᠲᠤᠭᠤᠷᠠᠢ ᠲᠠᠢ	туурайтай	13
салаавч	ᠭᠠᠷᠭᠠᠭᠰᠠᠨ	гаргасан	11
салаавч	ᠦᠵᠡᠭᠦᠯᠦᠭᠰᠡᠨ	үзүүлсэн	5
салаагүй	ᠯᠠ	л	6
салан	ᠲᠤᠰᠠᠭᠠᠷᠯᠠᠬᠤ	тусгаарлах	18
салан	ᠣᠳᠤᠭᠰᠠᠨ	одсон	7
салан	ᠲᠤᠰᠠᠭᠠᠷᠯᠠᠵᠤ	тусгаарлаж	6
салах	ᠶᠣᠰᠣᠲᠠᠢ	ёстой	30
салах	ᠶᠣᠰᠣ	ёс	27
салах	ᠴᠠᠭ	цаг	24
салахгүй	ᠪᠣᠯ	бол	13
салахгүй	ᠪᠠᠶᠢᠨ᠎ᠠ	байна	9
салахгүй	ᠭᠡᠵᠦ	гэж	6
салахын	ᠲᠤᠯᠠᠳᠠ	тулд	28
салахын	ᠠᠷᠭ᠎ᠠ ᠦᠭᠡᠢ	аргагүй	13
салбар	ᠳᠠᠬᠢ	дахь	553
салбар	ᠨᠢ	нь	318
салбар	ᠬᠠᠷᠢᠭᠤᠴᠠᠭᠰᠠᠨ	хариуцсан	157
салбарт	ᠬᠠᠮᠲᠤᠷᠠᠨ	хамтран	507
салбарт	ᠦᠢᠯᠡ	үйл	419
салбарт	ᠪᠠᠷᠢᠮᠲᠠᠯᠠᠬᠤ	баримтлах	376
салгаж	ᠤᠶᠢᠯᠠᠭᠠᠬᠤ	ойлгох	43
салгаж	ᠠᠪᠴᠤ	авч	12
салгаж	ᠴᠢᠳᠠᠬᠤ ᠦᠭᠡᠢ	чадахгүй	12
салгасан	ᠨᠢ	нь	11
салгах	ᠬᠡᠷᠡᠭᠲᠡᠢ	хэрэгтэй	19
салгах	ᠭᠡᠵᠦ	гэж	14
салгах	ᠨᠢ	нь	14
салж	ᠴᠢᠳᠠᠬᠤ ᠦᠭᠡᠢ	чадахгүй	54
салж	ᠪᠠᠶᠢᠭ᠎ᠠ	байгаа	22
салж	ᠴᠢᠳᠠᠭ᠎ᠠ ᠦᠭᠡᠢ	чадаагүй	17
сална	ᠭᠡᠵᠦ	гэж	14
салсан	ᠨᠢ	нь	14
салсан	ᠴᠤ	ч	14
салсан	ᠶᠠᠭᠤᠮ᠎ᠠ	юм	12
салст	ᠪᠦᠷᠬᠦᠭᠦᠯ	бүрхүүл	13
салст	ᠴᠢᠰᠤ	цус	9
салст	ᠪᠦᠷᠬᠦᠪᠴᠢ	бүрхэвч	7
салхи	ᠪᠠᠷᠠᠭᠤᠨ	баруун	2328
салхи	ᠵᠡᠭᠦᠨ	зүүн	873
салхи	ᠪᠠᠷᠠᠭᠤᠨ ᠠᠴᠠ	баруунаас	549
салхийг	ᠬᠠᠭᠠᠯᠤᠭᠰᠠᠨ	хагалсан	35
салхийг	ᠬᠠᠭᠠᠯᠬᠤ	хагалах	9
салхин	ᠴᠠᠬᠢᠯᠭᠠᠨ	цахилгаан	112
салхин	ᠴᠡᠴᠡᠭ	цэцэг	51
салхин	ᠴᠡᠴᠡᠭ ᠢᠶᠡᠷ	цэцгээр	49
салхинаас	ᠡᠷᠴᠢᠮ	эрчим	6
салхинаас	ᠥᠭᠡᠷ᠎ᠡ	өөр	6
салхинд	ᠭᠠᠷᠴᠤ	гарч	18
салхинд	ᠬᠡᠶᠢᠰᠦᠭᠰᠡᠨ	хийссэн	16
салхинд	ᠭᠠᠷᠬᠤ	гарах	14
салхины	ᠡᠷᠴᠢᠮ	эрчим	86
салхины	ᠬᠤᠷᠳᠤ	хурд	48
салхины	ᠠᠶᠠᠰ ᠢᠶᠠᠷ	аясаар	18
салхитай	ᠪᠠᠶᠢᠨ᠎ᠠ	байна	15
салхитай	ᠪᠠᠶᠢᠬᠤ	байх	14
салхитай	ᠪᠠᠶᠢᠭ᠎ᠠ	байгаа	9
салшгүй	ᠬᠣᠯᠪᠣᠭᠠᠲᠠᠢ	холбоотой	209
салшгүй	ᠬᠡᠰᠡᠭ	хэсэг	68
салшгүй	ᠨᠢᠭᠡ	нэг	57
сам	ᠬᠣᠷᠣᠬᠠᠢ	хорхой	23
сам	ᠨᠢ	нь	5
самар	ᠲᠡᠦᠬᠡ	түүх	19
самар	ᠵᠢᠮᠢᠰ	жимс	17
самар	ᠨᠢ	нь	13
самбаа	ᠤᠷ᠎ᠠ	ур	10
самбаа	ᠬᠤᠷᠳᠤ	хурд	7
самбаа	ᠲᠡᠰᠪᠦᠷᠢ	тэсвэр	5
самбар	ᠳᠡᠭᠡᠷ᠎ᠡ	дээр	89
самбар	ᠠᠪᠴᠠᠢ	авчээ	63
самбар	ᠣᠨᠣᠪᠴᠢᠲᠠᠢ	оновчтой	62
самбарт	ᠮᠡᠳᠡᠭᠡᠯᠡᠨ᠎ᠡ	мэдээлнэ	10
самбарт	ᠪᠠᠶᠢᠷᠢᠯᠠᠭᠤᠯᠤᠨ᠎ᠠ	байрлуулна	5
самбарын	ᠡᠮᠦᠨ᠎ᠡ	өмнө	17
самрын	ᠬᠠᠤᠯᠢ	хууль	11
самрын	ᠲᠣᠰ	тос	8
самрын	ᠦᠷ᠎ᠡ	үр	6
самуун	ᠶᠠᠪᠤᠳᠠᠯ ᠲᠠᠢ	явдалтай	13
сан	ᠪᠦᠬᠦᠢ	бүхий	692
сан	ᠨᠢ	нь	365
сан	ᠶᠠᠭᠤᠮ᠎ᠠ	юм	149
санаа	ᠨᠢ	нь	390
санаа	ᠵᠣᠪᠠᠵᠤ	зовж	300
санаа	ᠪᠣᠳᠣᠯ ᠢ	бодлыг	260
санааг	ᠨᠢ	нь	94
санааг	ᠵᠣᠪᠠᠭᠠᠵᠤ	зовоож	49
санааг	ᠳᠡᠮᠵᠢᠵᠦ	дэмжиж	19
санаагаа	ᠢᠯᠡᠷᠬᠡᠶᠢᠯᠡᠵᠦ	илэрхийлж	9
санаагаа	ᠢᠯᠡᠷᠬᠡᠶᠢᠯᠡᠬᠦ	илэрхийлэх	6
санаагаа	ᠨᠢᠭᠡᠳᠬᠡᠨ	нэгтгэн	6
санаагаар	ᠤᠨᠠᠵᠤ	унаж	10
санаагаар	ᠡᠨᠡ	энэ	6
санаагаар	ᠤᠨᠠᠭᠰᠠᠨ	унасан	5
санаагүй	ᠪᠢᠵᠡ	биз	10
санаагүй	ᠯᠠ	л	8
санаад	ᠯᠠ	л	26
санаад	ᠪᠠᠶᠢᠨ᠎ᠠ	байна	21
санаад	ᠪᠠᠶᠢᠬᠤ	байх	11
санаанаас	ᠭᠠᠷᠳᠠᠭ ᠦᠭᠡᠢ	гардаггүй	60
санаанаас	ᠶᠡᠷᠦ	ер	11
санаанаас	ᠣᠭᠲᠣ	огт	5
санаанд	ᠣᠷᠣᠮ ᠦᠭᠡᠢ	оромгүй	96
санаанд	ᠪᠠᠭᠠᠳᠤᠮ ᠦᠭᠡᠢ	багтамгүй	48
санаанд	ᠣᠷᠣᠵᠤ	орж	41
санаандгүй	ᠪᠠᠶᠢᠳᠠᠯ ᠢᠶᠠᠷ	байдлаар	18
санаандгүй	ᠵᠦᠢᠯ	зүйл	11
санаандгүй	ᠬᠡᠷᠡᠭ	хэрэг	8
санааны	ᠬᠤᠪᠢ ᠳᠤ	хувьд	91
санааны	ᠨᠢᠭᠡᠳᠦᠯ	нэгдэл	31
санааны	ᠪᠠᠶᠢᠳᠠᠯ	байдал	20
санаархал	ᠨᠢ	нь	6
санаархал	ᠭᠡᠵᠦ	гэж	5
санаатай	ᠠᠯᠠᠭᠰᠠᠨ	алсан	71
санаатай	ᠪᠣᠯᠤᠨ	болон	44
санаатай	ᠠᠯᠠᠬᠤ	алах	43
санаачилга	ᠭᠠᠷᠭᠠᠵᠤ	гаргаж	89
санаачилга	ᠭᠠᠷᠭᠠᠭᠰᠠᠨ	гаргасан	58
санаачилга	ᠭᠠᠷᠭᠠᠨ	гарган	57
санаачилж	ᠤᠡᠬ	уих	38
санаачилж	ᠪᠠᠶᠢᠭ᠎ᠠ	байгаа	26
санаачилж	ᠪᠠᠶᠢᠭᠰᠠᠨ	байсан	25
санаачилсан	ᠬᠠᠤᠯᠢ ᠶᠢᠨ	хуулийн	82
санаачилсан	ᠶᠠᠭᠤᠮ᠎ᠠ	юм	53
санаачилсан	ᠪᠥᠭᠡᠳ	бөгөөд	42
санаачлага	ᠭᠠᠷᠭᠠᠵᠤ	гаргаж	59
санаачлага	ᠭᠠᠷᠭᠠᠨ	гарган	26
санаачлага	ᠭᠠᠷᠭᠠᠭᠰᠠᠨ	гаргасан	26
санаачлагч	ᠨᠢ	нь	60
санаачлагч	ᠤᠡᠬ	уих	28
санаачлагч	ᠦᠵᠡᠵᠦ	үзэж	24
санаачлагчид	ᠨᠢ	нь	64
санаачлагчид	ᠦᠵᠡᠵᠦ	үзэж	41
санаачлагчид	ᠬᠡᠯᠡᠵᠦ	хэлж	11
санаачлах	ᠪᠣᠯᠤᠭᠰᠠᠨ	болсон	12
санаачлах	ᠡᠷᠬᠡ	эрх	11
санаачлах	ᠡᠷᠬᠡ ᠲᠡᠢ	эрхтэй	11
санагдаад	ᠪᠠᠶᠢᠨ᠎ᠠ	байна	59
санагдаад	ᠪᠠᠶᠢᠭ᠎ᠠ	байгаа	57
санагдаад	ᠪᠠᠶᠢᠳᠠᠭ	байдаг	40
санагдаж	ᠪᠠᠶᠢᠨ᠎ᠠ	байна	427
санагдаж	ᠪᠠᠶᠢᠭ᠎ᠠ	байгаа	105
санагдаж	ᠪᠠᠶᠢᠭᠰᠠᠨ	байсан	91
санагдана	ᠳ᠋ᠠ	даа	6
санагдах	ᠶᠠᠭᠤᠮ᠎ᠠ	юм	171
санагдах	ᠦᠶ᠎ᠡ	үе	23
санагдах	ᠨᠢ	нь	21
санагддаг	ᠶᠠᠭᠤᠮ᠎ᠠ	юм	149
санагддаг	ᠪᠠᠶᠢᠭᠰᠠᠨ	байсан	43
санагддаг	ᠤᠤ	уу	24
санагдсан	ᠰᠢᠦ	шүү	53
санагдсан	ᠪᠤᠢ	бэ	29
санагдсан	ᠶᠠᠭᠤᠮ᠎ᠠ	юм	28
санадаг	ᠶᠠᠭᠤᠮ᠎ᠠ	юм	30
санадаг	ᠪᠠᠶᠢᠭᠰᠠᠨ	байсан	13
санадаг	ᠤᠤ	уу	10
санаж	ᠪᠠᠶᠢᠨ᠎ᠠ	байна	418
санаж	ᠪᠠᠶᠢᠭ᠎ᠠ	байгаа	318
санаж	ᠪᠤᠢ	буй	51
санал	ᠬᠤᠷᠢᠶᠠᠯᠲᠠ	хураалт	888
санал	ᠪᠣᠳᠣᠯ ᠢᠶᠠᠨ	бодлоо	831
санал	ᠪᠣᠯᠭᠠᠵᠤ	болгож	799
саналаа	ᠥᠭᠭᠦᠭᠰᠡᠨ	өгсөн	149
саналаа	ᠬᠡᠯᠡᠵᠦ	хэлж	118
саналаа	ᠥᠭᠬᠦ	өгөх	104
саналаар	ᠰᠠᠨᠠᠯ	санал	121
саналаар	ᠳᠡᠮᠵᠢᠵᠦ	дэмжиж	43
саналаар	ᠲᠤᠰ	тус	38
саналыг	ᠨᠢ	нь	175
саналыг	ᠤᠡᠬ	уих	137
саналыг	ᠬᠦᠯᠢᠶᠡᠵᠦ	хүлээж	120
санамж	ᠪᠢᠴᠢᠭ	бичиг	700
санамж	ᠨᠢ	нь	8
санамж	ᠵᠥᠪᠯᠡᠮᠵᠢ	зөвлөмж	5
санамсаргүй	ᠪᠠᠶᠢᠳᠠᠯ ᠢᠶᠠᠷ	байдлаар	52
санамсаргүй	ᠬᠡᠷᠡᠭ	хэрэг	18
санамсаргүй	ᠠᠯᠳᠠᠭ᠎ᠠ	алдаа	17
санан	ᠰᠠᠨᠠᠨ	санан	28
санан	ᠰᠠᠨᠠᠭᠰᠠᠭᠠᠷ	санасаар	9
санан	ᠪᠡᠲᠡᠭᠢᠷᠡᠵᠦ	бэтгэрч	6
санана	ᠳ᠋ᠠ	даа	16
санасан	ᠬᠡᠮᠵᠢᠶᠡᠨ ᠳᠦ	хэмжээнд	25
санасан	ᠭᠠᠵᠠᠷ	газар	17
санасан	ᠴᠤ	ч	15
санасандаа	ᠬᠦᠷᠲᠡᠯ᠎ᠡ	хүртэл	26
санасандаа	ᠬᠦᠷᠴᠦ	хүрч	18
санасандаа	ᠬᠦᠷᠦᠭᠰᠡᠨ	хүрсэн	11
санаснаар	ᠪᠣᠯᠳᠠᠭ ᠦᠭᠡᠢ	болдоггүй	14
санаснаар	ᠪᠣᠯᠬᠤ ᠦᠭᠡᠢ	болохгүй	8
санаснаар	ᠨᠢ	нь	8
санах	ᠬᠡᠷᠡᠭᠲᠡᠢ	хэрэгтэй	145
санах	ᠣᠢ	ой	64
санах	ᠶᠠᠭᠤᠮ᠎ᠠ	юм	51
санахгүй	ᠪᠠᠶᠢᠨ᠎ᠠ	байна	64
санахгүй	ᠪᠠᠶᠢᠭ᠎ᠠ	байгаа	9
санахгүй	ᠶᠠᠭᠤᠮ᠎ᠠ	юм	9
санахын	ᠲᠤᠯᠠᠳᠠ	тулд	5
сангаас	ᠣᠯᠭᠣᠬᠤ	олгох	160
сангаас	ᠮᠣᠩᠭᠣᠯ	монгол	59
сангаас	ᠲᠡᠳᠬᠦᠪᠦᠷᠢ	тэтгэвэр	46
санд	ᠲᠥᠪᠯᠡᠷᠡᠭᠦᠯᠬᠦ	төвлөрүүлэх	39
санд	ᠲᠡᠷᠪᠤᠮ	тэрбум	36
санд	ᠬᠥᠷᠥᠩᠭᠡ	хөрөнгө	25
сандаг	ᠣᠴᠢᠷ	очир	42
сандал	ᠳᠡᠭᠡᠷ᠎ᠡ	дээр	90
сандал	ᠰᠠᠭᠤᠳᠠᠯ ᠤᠨ	суудлын	63
сандал	ᠰᠢᠷᠡᠭᠡ	ширээ	62
сандарсан	ᠬᠦᠮᠦᠰ ᠲᠦ	хүмүүст	5
сандарч	ᠪᠠᠶᠢᠭᠰᠠᠨ	байсан	20
сандарч	ᠪᠠᠶᠢᠭ᠎ᠠ	байгаа	12
сандарч	ᠳᠡᠭᠳᠡᠬᠦ	тэвдэх	9
сандраад	ᠪᠠᠶᠢᠬᠤ	байх	10
сандрах	ᠬᠡᠷᠡᠭ ᠦᠭᠡᠢ	хэрэггүй	17
сандрах	ᠵᠦᠢᠯ	зүйл	7
сандрах	ᠨᠢ	нь	7
сансар	ᠣᠭᠲᠠᠷᠭᠤᠢ ᠶᠢᠨ	огторгуйн	23
сансар	ᠣᠳᠣ	од	19
сансар	ᠰᠤᠳᠤᠯᠤᠯ	судлал	19
сансарт	ᠨᠢᠰᠦᠭᠰᠡᠨ	ниссэн	18
сансарт	ᠨᠢᠰᠴᠢ	нисч	10
сансарт	ᠨᠢᠰᠬᠦ	нисэх	8
сансарын	ᠬᠥᠯᠥᠭ	хөлөг	37
сансарын	ᠬᠥᠯᠥᠭ ᠦᠨ	хөлгийн	25
сансарын	ᠨᠢᠰᠬᠡᠭᠴᠢ	нисгэгч	8
сансрын	ᠬᠥᠯᠥᠭ	хөлөг	59
сансрын	ᠨᠢᠰᠦᠭᠴᠢ	нисэгч	28
сансрын	ᠨᠢᠰᠬᠡᠭᠴᠢ	нисгэгч	26
сант	ᠮᠠᠷᠠᠯ	марал	42
сант	ᠰᠤᠮᠤ ᠶᠢᠨ	сумын	36
сант	ᠰᠤᠷᠭᠠᠭᠤᠯᠢ ᠶᠢᠨ	сургуулийн	15
сануулах	ᠨᠢ	нь	54
сануулах	ᠶᠠᠭᠤᠨ	юун	17
сануулах	ᠭᠡᠰᠡᠨ	гэсэн	16
сануулга	ᠥᠭᠴᠦ	өгч	27
сануулга	ᠥᠭᠭᠦᠭᠰᠡᠨ	өгсөн	26
сануулга	ᠥᠭᠬᠦ	өгөх	11
сануулж	ᠪᠠᠶᠢᠨ᠎ᠠ	байна	268
сануулж	ᠪᠠᠶᠢᠭᠰᠠᠨ	байсан	84
сануулж	ᠪᠠᠶᠢᠭ᠎ᠠ	байгаа	66
сануулсаар	ᠪᠠᠶᠢᠭ᠎ᠠ	байгаа	37
сануулсаар	ᠪᠠᠶᠢᠨ᠎ᠠ	байна	23
сануулсаар	ᠪᠠᠶᠢᠲᠠᠯ᠎ᠠ	байтал	14
сануулсан	ᠶᠠᠭᠤᠮ᠎ᠠ	юм	130
сануулсан	ᠪᠠᠶᠢᠨ᠎ᠠ	байна	66
сануулсан	ᠬᠡᠷᠡᠭ	хэрэг	14
санхүү	ᠬᠥᠷᠥᠩᠭᠡ	хөрөнгө	105
санхүү	ᠲᠥᠷᠥ ᠶᠢᠨ	төрийн	71
санхүү	ᠬᠠᠷᠢᠭᠤᠴᠠᠭᠰᠠᠨ	хариуцсан	37
санхүүжилт	ᠨᠢ	нь	154
санхүүжилт	ᠠᠪᠴᠤ	авч	67
санхүүжилт	ᠣᠯᠭᠣᠬᠤ	олгох	58
санхүүжүүлдэг	ᠪᠠᠶᠢᠨ᠎ᠠ	байна	8
санхүүжүүлсэн	ᠪᠠᠶᠢᠨ᠎ᠠ	байна	17
санхүүжүүлсэн	ᠲᠡᠭᠦᠨᠴᠢᠯᠡᠨ	түүнчлэн	17
санхүүжүүлсэн	ᠪᠣᠯ	бол	11
санхүүжүүлэх	ᠬᠥᠷᠥᠩᠭᠡ	хөрөнгө	56
санхүүжүүлэх	ᠲᠥᠰᠥᠯ	төсөл	54
санхүүжүүлэх	ᠶᠠᠭᠤᠮ᠎ᠠ	юм	43
санч	ᠪᠦᠰᠡᠭᠦᠢ	бүсгүй	6
санчир	ᠡᠬᠡ	эх	50
санчир	ᠤ	у	43
санчир	ᠣᠨᠣᠭ᠎ᠠ	оноо	33
сар	ᠪᠦᠷ	бүр	861
сар	ᠰᠢᠨ᠎ᠡ ᠶᠢᠨ	шинийн	797
сар	ᠬᠦᠷᠲᠡᠯ᠎ᠡ	хүртэл	515
сараа	ᠠᠷᠢᠭᠤᠨ᠎ᠠ	ариунаа	6
сараар	ᠨᠢ	нь	16
сараар	ᠰᠤᠩᠭᠠᠭᠰᠠᠨ	сунгасан	15
сараар	ᠨᠢᠭᠡ	нэг	11
саран	ᠳᠡᠭᠡᠷ᠎ᠡ	дээр	50
саран	ᠬᠥᠬᠡᠭᠡ	хөхөө	39
саран	ᠰᠢᠭ	шиг	14
сард	ᠪᠣᠯᠬᠤ	болох	279
сард	ᠪᠣᠯᠤᠭᠰᠠᠨ	болсон	262
сард	ᠮᠣᠩᠭᠣᠯ	монгол	173
сардаа	ᠮᠢᠩᠭᠠᠨ	мянган	45
сардаа	ᠨᠢᠭᠡ	нэг	32
сардаа	ᠰᠠᠶ᠋ᠢ	сая	19
сармагчин	ᠰᠢᠭ	шиг	5
сармис	ᠬᠦᠵᠦᠭᠦᠨ ᠳᠦ	хүзүүнд	7
сарнай	ᠴᠡᠴᠡᠭ	цэцэг	12
сарнай	ᠰᠢᠭ	шиг	7
сарнай	ᠨᠠᠷᠠ	нар	6
сарны	ᠭᠡᠷᠡᠯ	гэрэл	20
сарны	ᠭᠡᠷᠡᠯ ᠳᠦ	гэрэлд	18
сарны	ᠳᠣᠣᠷ᠎ᠠ	доор	18
сартай	ᠵᠡᠭᠡᠷᠳᠡ	зээрд	32
сартай	ᠬᠡᠭᠡᠷ᠎ᠡ	хээр	26
сартай	ᠬᠡᠦᠬᠡᠳ	хүүхэд	24
саруул	ᠤᠬᠠᠭᠠᠨ	ухаан	35
саруул	ᠡᠷᠳᠡᠨᠢ	эрдэнэ	20
саруул	ᠰᠠᠶᠢᠵᠢᠷᠠᠬᠤ	сайжрах	17
сарыг	ᠳᠠᠭᠤᠰᠲᠠᠯ᠎ᠠ	дуустал	67
сарыг	ᠬᠦᠷᠲᠡᠯ᠎ᠡ	хүртэл	20
сарыг	ᠨᠢᠭᠤᠭᠰᠠᠨ	нуусан	11
сарын	ᠨᠳ	нд	15727
сарын	ᠨ ᠤ	ны	12009
сарын	ᠨᠢᠭᠢ	ний	5440
сахал	ᠨᠢ	нь	6
сахиж	ᠪᠠᠶᠢᠭ᠎ᠠ	байгаа	26
сахиж	ᠠᠵᠢᠯᠯᠠᠬᠤ	ажиллах	10
сахиж	ᠪᠤᠢ	буй	9
сахилга	ᠪᠠᠲᠤ	бат	111
сахилга	ᠪᠠᠲᠤ ᠲᠠᠢ	баттай	70
сахилга	ᠬᠠᠷᠢᠭᠤᠴᠠᠯᠭ᠎ᠠ	хариуцлага	24
сахин	ᠬᠠᠮᠠᠭᠠᠯᠠᠬᠤ	хамгаалах	56
сахин	ᠬᠠᠮᠠᠭᠠᠯᠠᠵᠤ	хамгаалж	32
сахин	ᠪᠡᠶᠡᠯᠡᠭᠦᠯᠵᠦ	биелүүлж	15
сахиулах	ᠦᠢᠯᠡ	үйл	121
сахиулах	ᠶᠡᠬᠡ	их	36
сахиулах	ᠪᠠᠶᠢᠭᠤᠯᠤᠯᠭ᠎ᠠ	байгууллага	29
сахиус	ᠨᠢ	нь	5
сахих	ᠬᠡᠷᠡᠭᠲᠡᠢ	хэрэгтэй	13
сахих	ᠨᠢ	нь	12
сахих	ᠶᠣᠰᠣᠲᠠᠢ	ёстой	12
сахуу	ᠬᠥᠬᠢᠭᠦᠯ	хөхүүл	11
сацуу	ᠮᠣᠩᠭᠣᠯ	монгол	23
сацуу	ᠣᠯᠠᠨ	олон	12
сацуу	ᠶᠡᠬᠡ	их	7
сая	ᠠᠮᠠ	ам	6782
сая	ᠲᠥᠭᠥᠷᠢᠭ	төгрөг	3566
сая	ᠲᠣᠨ	тонн	2073
саяар	ᠨᠢ	нь	78
саяар	ᠲᠣᠭᠠᠯᠠᠭᠳᠠᠬᠤ	тоологдох	24
саяар	ᠢᠯᠡᠭᠦᠦ	илүү	9
саяхан	ᠪᠣᠯᠤᠭᠰᠠᠨ	болсон	93
саяхан	ᠯᠠ	л	82
саяхан	ᠤᠡᠬ	уих	70
саяыг	ᠨᠢ	нь	79
саяыг	ᠯᠠ	л	5
саяыг	ᠥᠭᠭᠦᠭᠰᠡᠨ	өгсөн	5
саяын	ᠲᠡᠮᠡᠴᠡᠭᠡᠨ ᠳᠦ	тэмцээнд	28
саяын	ᠦᠨᠡᠲᠡᠢ	үнэтэй	21
саяын	ᠤᠨᠠᠯᠲᠠ	уналт	10
секс	ᠭᠡᠳᠡᠭ	гэдэг	11
секс	ᠬᠢᠬᠦ	хийх	10
секс	ᠬᠢᠵᠦ	хийж	9
секунд	ᠳᠤᠲᠠᠭᠤ	дутуу	33
секунд	ᠲᠤᠲᠤᠮ ᠳᠤ	тутамд	24
секунд	ᠲᠤᠲᠤᠮ	тутам	10
семинар	ᠵᠣᠬᠢᠶᠠᠨ	зохион	98
семинар	ᠥᠨᠥᠳᠥᠷ	өнөөдөр	19
семинар	ᠨᠢ	нь	13
сервис	ᠬᠬᠺ	ххк	12
си	ᠡᠰᠡ	эс	163
си	ᠠᠢ	ай	45
си	ᠰᠢ	си	33
сибирийн	ᠬᠦᠴᠦ	хүч	20
сибирийн	ᠪᠥᠰᠡ	бүс	11
сибирийн	ᠲᠡᠮᠦᠷ	төмөр	11
сийлбэр	ᠬᠢᠬᠦ	хийх	5
симфони	ᠨᠠᠶᠢᠷᠠᠯ	найрал	307
симфони	ᠳᠠᠭᠤᠷᠢ	дуурь	5
симфони	ᠲᠤᠤᠯᠢᠰ	туульс	5
сингл	ᠨᠢ	нь	9
сингл	ᠪᠣᠯᠬᠤ	болох	8
систем	ᠨᠢ	нь	282
систем	ᠪᠦᠬᠦᠢ	бүхий	83
систем	ᠷᠦᠦ	рүү	70
системийн	ᠰᠢᠨᠡᠴᠢᠯᠡᠯ	шинэчлэл	55
системийн	ᠬᠤᠪᠢ ᠳᠤ	хувьд	27
системийн	ᠬᠡᠮᠵᠢᠶᠡᠨ ᠳᠦ	хэмжээнд	25
скай	ᠶᠡᠬᠡ	их	8
скай	ᠯᠶᠠᠯᠲᠤ	лояалти	5
см	ᠡᠶᠢᠨ	ийн	83
см	ᠥᠨᠳᠥᠷ	өндөр	47
см	ᠵᠢᠩ	жин	42
со	ᠨᠢᠷ	нир	22
со	ᠬᠬᠺ	ххк	7
со	ᠠᠬ᠎ᠠ	ах	6
совин	ᠮᠢᠨᠢ	минь	6
совин	ᠴᠢᠨᠢ	чинь	5
согог	ᠦᠨᠳᠦᠰᠦᠨ ᠦ	үндэсний	10
согог	ᠵᠦᠢᠴᠢ	зүйч	7
согог	ᠰᠡᠷᠭᠦᠭᠡᠨ	сэргээн	6
согтуу	ᠪᠠᠶᠢᠭᠰᠠᠨ	байсан	39
согтуу	ᠵᠢᠯᠣᠭᠣᠴᠢ	жолооч	27
согтуу	ᠬᠦᠮᠦᠨ	хүн	16
согтуурах	ᠮᠠᠩᠰᠢᠭᠤᠷᠠᠬᠤ	мансуурах	17
согтуурах	ᠨᠢ	нь	5
согтуурах	ᠦᠶᠡᠳᠡᠭᠡ	үедээ	5
согтууруулах	ᠤᠮᠳᠠᠭ᠎ᠠ	ундаа	538
согтууруулах	ᠲᠥᠷᠦᠯ ᠦᠨ	төрлийн	9
сод	ᠮᠣᠩᠭᠣᠯ	монгол	172
сод	ᠤᠷᠠᠨ	уран	15
сод	ᠬᠢᠭᠡᠳ	хийгээд	8
содбаатар	ᠨᠠᠷ ᠤᠨ	нарын	29
содбаатар	ᠨᠠᠷᠠ	нар	24
содбаатар	ᠳ	д	18
содон	ᠠᠶᠠᠯᠭᠤ	аялгуу	35
содон	ᠦᠢᠯᠡ	үйл	22
содон	ᠮᠡᠳᠡᠭᠡ	мэдээ	19
сойз	ᠭᠡᠷ ᠦᠨ	гэрийн	12
сойз	ᠨᠢ	нь	12
сойх	ᠡᠷᠬᠡ ᠲᠡᠢ	эрхтэй	18
солгой	ᠭᠠᠷ ᠲᠠᠢ	гартай	7
солгойгүй	ᠴᠠᠴᠤᠵᠤ	цацаж	9
солгойгүй	ᠮᠥᠩᠭᠥ	мөнгө	5
солигдмол	ᠡᠭᠦᠯᠡᠲᠡᠢ	үүлтэй	865
солигдмол	ᠪᠤᠰᠤᠳ	бусад	5
солигдох	ᠪᠦᠷᠢ ᠳᠦ	бүрт	21
солигдох	ᠨᠢ	нь	19
солигдох	ᠮᠥᠴᠢᠳ	мөчид	14
солигдсон	ᠴᠤ	ч	20
солигдсон	ᠭᠡᠬᠦ	гэх	6
солигдсон	ᠨᠢ	нь	6
солилцож	ᠪᠠᠶᠢᠨ᠎ᠠ	байна	60
солилцож	ᠪᠠᠶᠢᠭ᠎ᠠ	байгаа	49
солилцож	ᠬᠠᠮᠲᠤᠷᠠᠨ	хамтран	23
солилцоо	ᠬᠠᠮᠲᠤ ᠶᠢᠨ	хамтын	20
солилцоо	ᠬᠢᠬᠦ	хийх	10
солилцоо	ᠨᠢ	нь	7
солилцох	ᠶᠠᠭᠤᠮ᠎ᠠ	юм	87
солилцох	ᠪᠣᠯᠤᠮᠵᠢ	боломж	32
солилцох	ᠠᠵᠤ	аж	26
солилцсон	ᠪᠠᠶᠢᠨ᠎ᠠ	байна	111
солилцсон	ᠶᠠᠭᠤᠮ᠎ᠠ	юм	104
солилцсон	ᠨᠢ	нь	10
солиод	ᠯᠠ	л	8
солиод	ᠪᠠᠶᠢᠭ᠎ᠠ	байгаа	5
солиотой	ᠶᠠᠭᠤᠮ᠎ᠠ	юм	5
солир	ᠨᠢ	нь	5
солих	ᠨᠢ	нь	39
солих	ᠱᠠᠭᠠᠷᠳᠠᠯᠭ᠎ᠠ ᠲᠠᠢ	шаардлагатай	32
солих	ᠥᠷᠥᠭᠡᠨ ᠳᠦ	өрөөнд	27
соло	ᠤᠷᠠᠨ	уран	17
соло	ᠭᠢᠲ᠋ᠠᠷ	гитар	11
соло	ᠴᠣᠮᠣᠭ	цомог	5
солонго	ᠨᠠᠷᠠ	нар	15
солонго	ᠨᠠᠷ ᠤᠨ	нарын	13
солонго	ᠪ	б	9
солонгос	ᠤᠯᠤᠰ ᠤᠨ	улсын	220
солонгос	ᠤᠯᠤᠰ ᠲᠤ	улсад	163
солонгос	ᠤᠯᠤᠰ	улс	117
сольдог	ᠶᠠᠭᠤᠮ᠎ᠠ	юм	6
сольдог	ᠠᠰᠠᠭᠤᠳᠠᠯ ᠢ	асуудлыг	5
сольж	ᠪᠠᠶᠢᠭ᠎ᠠ	байгаа	34
сольж	ᠪᠠᠶᠢᠬᠤ	байх	16
сольж	ᠥᠭᠬᠦ	өгөх	16
сольсон	ᠴᠤ	ч	22
сольсон	ᠨᠢ	нь	19
сольсон	ᠭᠡᠬᠦ	гэх	14
сон	ᠶᠠᠭᠤᠮ᠎ᠠ	юм	49
сон	ᠭᠤᠤ	гуу	35
сон	ᠭᠠᠤᠯᠢ	гууль	32
сонгино	ᠬᠠᠶᠢᠷᠬᠠᠨ	хайрхан	141
сонгино	ᠤᠰᠤᠨ ᠤ	усны	14
сонгино	ᠰᠤᠮᠤ	сум	11
сонго	ᠭᠡᠰᠡᠨ	гэсэн	9
сонго	ᠭᠡᠵᠦ	гэж	5
сонгогдоод	ᠪᠠᠶᠢᠭ᠎ᠠ	байгаа	14
сонгогдоод	ᠪᠠᠶᠢᠨ᠎ᠠ	байна	12
сонгогдоод	ᠪᠤᠢ	буй	12
сонгогдох	ᠡᠷᠬᠡ ᠶᠢ	эрхийг	40
сонгогдох	ᠡᠷᠬᠡ	эрх	23
сонгогдох	ᠡᠷᠬᠡ ᠪᠡᠨ	эрхээ	21
сонгогч	ᠰᠠᠨᠠᠯ᠎ᠠ	саналаа	20
сонгогч	ᠣᠯᠠᠨ	олон	16
сонгогч	ᠢᠷᠭᠡᠳ ᠦᠨ	иргэдийн	7
сонгодог	ᠤᠷᠠᠯᠢᠭ ᠤᠨ	урлагийн	231
сонгодог	ᠤᠷᠠᠯᠢᠭ	урлаг	120
сонгодог	ᠬᠥᠭᠵᠢᠮ ᠦᠨ	хөгжмийн	80
сонгож	ᠠᠪᠤᠭᠰᠠᠨ	авсан	120
сонгож	ᠪᠠᠶᠢᠭ᠎ᠠ	байгаа	68
сонгож	ᠪᠠᠶᠢᠨ᠎ᠠ	байна	51
сонголт	ᠬᠢᠬᠦ	хийх	170
сонголт	ᠬᠢᠵᠦ	хийж	79
сонголт	ᠨᠢ	нь	67
сонголтоо	ᠬᠢᠬᠦ	хийх	68
сонголтоо	ᠬᠢᠵᠦ	хийж	53
сонголтоо	ᠬᠢᠭᠰᠡᠨ	хийсэн	39
сонголттой	ᠪᠠ	ба	19
сонголттой	ᠪᠠᠶᠢᠬᠤ	байх	14
сонголттой	ᠪᠣᠯᠤᠭᠰᠠᠨ	болсон	9
сонголтыг	ᠬᠢᠭᠰᠡᠨ	хийсэн	30
сонголтыг	ᠬᠢᠬᠦ	хийх	23
сонголтыг	ᠨᠢ	нь	20
сонгомол	ᠪᠥᠬᠡ ᠶᠢᠨ	бөхийн	86
сонгомол	ᠭᠠᠷ	гар	34
сонгомол	ᠪᠥᠬᠡ	бөх	31
сонгон	ᠰᠢᠯᠭᠠᠷᠠᠭᠤᠯᠬᠤ	шалгаруулах	457
сонгон	ᠠᠪᠴᠤ	авч	123
сонгон	ᠰᠢᠯᠭᠠᠷᠠᠭᠤᠯᠤᠭᠰᠠᠨ	шалгаруулсан	54
сонгоно	ᠭᠡᠰᠡᠨ	гэсэн	29
сонгоно	ᠭᠡᠵᠦ	гэж	19
сонгоно	ᠭᠡᠳᠡᠭ	гэдэг	13
сонгоогүй	ᠪᠠᠶᠢᠭ᠎ᠠ	байгаа	11
сонгоогүй	ᠪᠠᠶᠢᠨ᠎ᠠ	байна	6
сонгоогүй	ᠨᠢ	нь	5
сонгоод	ᠪᠠᠶᠢᠨ᠎ᠠ	байна	17
сонгоод	ᠪᠠᠶᠢᠭ᠎ᠠ	байгаа	9
сонгоод	ᠶᠠᠪᠤᠬᠤ	явах	5
сонгосон	ᠪᠠᠶᠢᠨ᠎ᠠ	байна	162
сонгосон	ᠶᠠᠭᠤᠮ᠎ᠠ	юм	133
сонгосон	ᠨᠢ	нь	101
сонгох	ᠨᠢ	нь	152
сонгох	ᠲᠤᠬᠠᠢ	тухай	142
сонгох	ᠰᠣᠩᠭᠣᠭᠳᠠᠬᠤ	сонгогдох	91
сонгохдоо	ᠣᠯᠠᠨ	олон	5
сонгуулийн	ᠲᠤᠬᠠᠢ	тухай	940
сонгуулийн	ᠶᠡᠷᠦᠩᠬᠡᠢ	ерөнхий	595
сонгуулийн	ᠳᠠᠷᠠᠭ᠎ᠠ	дараа	375
сонгууль	ᠪᠣᠯᠬᠤ	болох	77
сонгууль	ᠶᠠᠪᠤᠭᠤᠯᠬᠤ	явуулах	73
сонгууль	ᠪᠣᠯᠵᠤ	болж	63
сонгуульд	ᠨᠡᠷᠡ	нэр	378
сонгуульд	ᠤᠷᠤᠯᠴᠠᠬᠤ	оролцох	116
сонгуульд	ᠢᠯᠠᠯᠲᠠ	ялалт	85
сондор	ᠤᠯᠠᠭᠠᠨᠪᠠᠭᠠᠲᠤᠷ	улаанбаатар	5
сонин	ᠪᠢᠰᠢ	биш	145
сонин	ᠰᠣᠳᠣᠨ	содон	131
сонин	ᠶᠠᠭᠤᠮ᠎ᠠ	юм	95
сонинд	ᠥᠭᠭᠦᠭᠰᠡᠨ	өгсөн	69
сонинд	ᠭᠠᠷᠤᠭᠰᠠᠨ	гарсан	25
сонинд	ᠮᠡᠳᠡᠭᠡᠯᠡᠵᠡᠢ	мэдээлжээ	18
сонирхож	ᠪᠠᠶᠢᠭ᠎ᠠ	байгаа	267
сонирхож	ᠪᠠᠶᠢᠨ᠎ᠠ	байна	133
сонирхож	ᠪᠠᠶᠢᠭᠰᠠᠨ	байсан	102
сонирхол	ᠲᠠᠲᠠᠵᠤ	татаж	112
сонирхол	ᠨᠢ	нь	103
сонирхол	ᠶᠡᠬᠡ	их	67
сонирхолтой	ᠨᠢ	нь	284
сонирхолтой	ᠪᠠᠶᠢᠭ᠎ᠠ	байгаа	187
сонирхолтой	ᠪᠠᠶᠢᠳᠠᠭ	байдаг	154
сонирхох	ᠪᠣᠯᠤᠭᠰᠠᠨ	болсон	65
сонирхох	ᠪᠣᠯᠤᠮᠵᠢ ᠲᠠᠢ	боломжтой	40
сонирхох	ᠨᠢ	нь	33
сонирхсон	ᠶᠠᠭᠤᠮ᠎ᠠ	юм	93
сонирхсон	ᠪᠠᠶᠢᠨ᠎ᠠ	байна	34
сонирхсон	ᠠᠰᠠᠭᠤᠯᠲᠠᠨ ᠳᠤ	асуултанд	27
сонирхуулах	ᠶᠠᠭᠤᠮ᠎ᠠ	юм	29
сонирхуулах	ᠨᠢ	нь	13
сонирхуулах	ᠭᠡᠨ᠎ᠡ	гэнэ	9
сониуч	ᠵᠠᠩ	зан	15
сониуч	ᠵᠠᠩ ᠲᠠᠢ	зантай	7
сониуч	ᠵᠠᠩ ᠢ	занг	6
сонор	ᠰᠡᠷᠡᠮᠵᠢᠲᠡᠢ	сэрэмжтэй	90
сонор	ᠰᠡᠷᠡᠮᠵᠢ	сэрэмж	15
сонор	ᠰᠣᠷᠭᠣᠭ	соргог	8
сонорт	ᠬᠦᠷᠭᠡᠬᠦ	хүргэх	16
сонорт	ᠬᠦᠷᠭᠡᠵᠦ	хүргэж	14
сонорт	ᠬᠦᠷᠴᠦ	хүрч	13
сонорыг	ᠮᠢᠯᠢᠶᠠᠬᠤ	мялаах	22
сонорыг	ᠮᠢᠯᠢᠶᠠᠭᠰᠠᠨ	мялаасан	12
сонорыг	ᠮᠢᠯᠢᠶᠠᠵᠤ	мялааж	9
сонс	ᠰᠣᠨ	сон	20
сонс	ᠭᠡᠳᠡᠭ	гэдэг	5
сонсгол	ᠵᠣᠬᠢᠶᠠᠨ	зохион	64
сонсгол	ᠶᠠᠪᠤᠭᠤᠯᠬᠤ	явуулах	35
сонсгол	ᠬᠡᠯᠡ	хэл	18
сонсдог	ᠪᠠᠶᠢᠭᠰᠠᠨ	байсан	37
сонсдог	ᠪᠣᠯᠤᠭᠰᠠᠨ	болсон	19
сонсдог	ᠪᠠᠶᠢᠯ᠎ᠠ	байлаа	15
сонсмоор	ᠪᠠᠶᠢᠨ᠎ᠠ	байна	61
сонсогдож	ᠪᠠᠶᠢᠨ᠎ᠠ	байна	133
сонсогдож	ᠪᠠᠶᠢᠭ᠎ᠠ	байгаа	82
сонсогдож	ᠪᠠᠶᠢᠭᠰᠠᠨ	байсан	47
сонсогдоод	ᠪᠠᠶᠢᠭ᠎ᠠ	байгаа	13
сонсогдоод	ᠪᠠᠶᠢᠨ᠎ᠠ	байна	7
сонсогдох	ᠪᠣᠯᠤᠭᠰᠠᠨ	болсон	15
сонсогдох	ᠪᠣᠯᠤᠯ᠎ᠠ	боллоо	14
сонсогдох	ᠶᠠᠭᠤᠮ᠎ᠠ	юм	9
сонсогдсон	ᠶᠠᠭᠤᠮ᠎ᠠ	юм	7
сонсогдсон	ᠴᠤ	ч	6
сонсогч	ᠲᠠᠨ ᠳᠤ	танд	11
сонсогч	ᠲᠦᠮᠡᠨ ᠳᠦ ᠪᠡᠨ	түмэндээ	8
сонсогч	ᠣᠯᠠᠨ ᠤ	олны	6
сонсогчдын	ᠬᠦᠷᠲᠡᠭᠡᠯ	хүртээл	68
сонсогчдын	ᠭᠠᠷ ᠲᠤ	гарт	13
сонсогчдын	ᠳᠤᠮᠳᠠ	дунд	8
сонсогчид	ᠮᠠᠨᠢ	маань	9
сонсогчид	ᠨᠢ	нь	9
сонсогчид	ᠮᠡᠳᠡᠬᠦ	мэдэх	7
сонсож	ᠪᠠᠶᠢᠭᠰᠠᠨ	байсан	71
сонсож	ᠪᠠᠶᠢᠨ᠎ᠠ	байна	59
сонсож	ᠪᠠᠶᠢᠭ᠎ᠠ	байгаа	49
сонсоно	ᠤᠤ	уу	13
сонсоно	ᠭᠡᠳᠡᠭ	гэдэг	12
сонсоно	ᠭᠡᠵᠦ	гэж	9
сонсоогүй	ᠶᠠᠭᠤᠮ᠎ᠠ	юм	30
сонсоогүй	ᠬᠦᠮᠦᠨ	хүн	9
сонсоогүй	ᠴᠤ	ч	8
сонсоод	ᠯᠠ	л	39
сонсоод	ᠪᠠᠶᠢᠭ᠎ᠠ	байгаа	38
сонсоод	ᠪᠤᠢ	буй	30
сонсох	ᠳᠤᠷᠠᠲᠠᠢ	дуртай	157
сонсох	ᠨᠢ	нь	94
сонсох	ᠶᠠᠭᠤᠮ᠎ᠠ	юм	87
сонсохгүй	ᠪᠠᠶᠢᠨ᠎ᠠ	байна	14
сонсохгүй	ᠪᠣᠯ	бол	7
сонсохгүй	ᠡ	ээ	7
сонсоход	ᠲᠠᠭᠠᠲᠠᠢ	таатай	12
сонсоход	ᠰᠠᠶᠢᠬᠠᠨ	сайхан	10
сонсоход	ᠴᠤ	ч	9
сонсохоор	ᠨᠢᠭᠡ	нэг	24
сонсохоор	ᠲᠥᠯᠥᠪᠯᠡᠭᠰᠡᠨ	төлөвлөсөн	12
сонсохоор	ᠰᠡᠳᠬᠢᠯ	сэтгэл	6
сонсохыг	ᠬᠦᠰᠡᠭᠰᠡᠨ	хүссэн	18
сонсохыг	ᠬᠦᠰᠴᠢ	хүсч	11
сонсохыг	ᠬᠦᠰᠡᠵᠦ	хүсэж	8
сонссон	ᠶᠠᠭᠤᠮ᠎ᠠ	юм	218
сонссон	ᠪᠠᠶᠢᠨ᠎ᠠ	байна	100
сонссон	ᠴᠤ	ч	46
сонсъё	ᠭᠡᠵᠦ	гэж	8
сор	ᠪᠣᠯᠤᠭᠰᠠᠨ	болсон	160
сор	ᠪᠦᠲᠦᠭᠡᠯ	бүтээл	7
сор	ᠨᠢ	нь	7
сорви	ᠦᠯᠡᠳᠡᠭᠡᠵᠦ	үлдээж	7
сорви	ᠪᠠᠶᠢᠭ᠎ᠠ ᠦᠭᠡᠢ	байгаагүй	6
сорви	ᠪᠣᠯᠤᠭᠰᠠᠨ	болсон	5
соргог	ᠵᠦᠢᠯ	зүйл	7
соргог	ᠪᠥᠬᠥᠨ	бөхөн	5
соргог	ᠮᠡᠳᠡᠭᠡ	мэдээ	5
сорилго	ᠲᠡᠮᠡᠴᠡᠭᠡᠨ	тэмцээн	10
сорилго	ᠪᠣᠯᠤᠯ᠎ᠠ	боллоо	6
сорилт	ᠪᠣᠯᠵᠤ	болж	28
сорилт	ᠪᠡᠷᠬᠡᠰᠢᠶᠡᠯ ᠢ	бэрхшээлийг	15
сорилт	ᠲᠤᠯᠭᠠᠷᠴᠢ	тулгарч	13
сорих	ᠶᠠᠭᠤᠮ᠎ᠠ	юм	64
сорих	ᠭᠡᠵᠦ	гэж	18
сорих	ᠪᠥᠭᠡᠳ	бөгөөд	15
сорогч	ᠨᠢ	нь	35
сорогч	ᠶᠠᠭᠤᠮ᠎ᠠ	юм	10
сорогч	ᠬᠦᠮᠦᠨ	хүн	5
соронзон	ᠮᠡᠲᠦ	мэт	29
соронзон	ᠣᠷᠣᠨ	орон	17
соронзон	ᠣᠷᠣᠨ ᠤ	орны	13
сорьж	ᠪᠠᠶᠢᠨ᠎ᠠ	байна	63
сорьж	ᠪᠠᠶᠢᠭ᠎ᠠ	байгаа	43
сорьж	ᠪᠤᠢ	буй	21
сорьсон	ᠪᠠᠶᠢᠨ᠎ᠠ	байна	27
сорьсон	ᠶᠠᠭᠤᠮ᠎ᠠ	юм	27
сорьсон	ᠪᠥᠭᠡᠳ	бөгөөд	10
сорьц	ᠠᠪᠴᠤ	авч	14
сорьц	ᠲᠣᠭᠲᠠᠭᠠᠬᠤ	тогтоох	10
сорьц	ᠴᠤᠭᠯᠠᠭᠤᠯᠵᠤ	цуглуулж	5
сохор	ᠵᠣᠭᠣᠰ	зоос	35
сохор	ᠵᠣᠭᠣᠰᠤᠨ ᠤ	зоосны	14
сохор	ᠨᠣᠮᠢᠨ	номин	13
социализм	ᠺᠣᠮᠮᠤᠶᠢᠨᠢᠰᠮ	коммунизм	5
социализм	ᠷᠠᠭᠤ ᠶᠢ ᠪᠠᠨ	руугаа	5
социалист	ᠨᠡᠶᠢᠭᠡᠮ ᠤᠨ	нийгмийн	38
социалист	ᠰᠢᠰᠲ᠋ᠧᠮ ᠦᠨ	системийн	21
социалист	ᠰᠢᠰᠲ᠋ᠧᠮ	систем	19
сошиал	ᠶᠢᠷᠲᠢᠨᠴᠦ ᠪᠡᠷ	ертөнцөөр	35
сошиал	ᠶᠢᠷᠲᠢᠨᠴᠦᠳ	ертөнцөд	30
сошиал	ᠶᠢᠷᠲᠢᠨᠴᠦ ᠶᠢᠨ	ертөнцийн	11
соёл	ᠰᠢᠨᠵᠢᠯᠡᠬᠦ	шинжлэх	1341
соёл	ᠰᠫᠣᠷᠲ	спорт	834
соёл	ᠤᠷᠠᠯᠢᠭ ᠤᠨ	урлагийн	635
соёлоо	ᠬᠠᠮᠠᠭᠠᠯᠠᠬᠤ	хамгаалах	14
соёлоо	ᠬᠠᠳᠠᠭᠠᠯᠠᠵᠤ	хадгалж	13
соёлоо	ᠠᠪᠴᠤ	авч	9
соёлт	ᠶᠢᠷᠲᠢᠨᠴᠦ	ертөнц	15
соёлт	ᠬᠦᠮᠦᠨ	хүн	11
соёлт	ᠶᠢᠷᠲᠢᠨᠴᠦᠳ	ертөнцөд	7
соёлтой	ᠬᠣᠯᠪᠣᠭᠠᠲᠠᠢ	холбоотой	18
соёлтой	ᠠᠷᠠᠳ	ард	14
соёлтой	ᠤᠯᠤᠰ	улс	9
соёлыг	ᠪᠤᠢ	бий	17
соёлыг	ᠬᠥᠭᠵᠢᠭᠦᠯᠬᠦ	хөгжүүлэх	17
соёлыг	ᠨᠢ	нь	15
соёлын	ᠲᠥᠪ	төв	594
соёлын	ᠭᠠᠪᠢᠶᠠᠲᠤ	гавьяат	415
соёлын	ᠥᠪ	өв	136
соёмбо	ᠡᠷᠳᠡᠨᠢ	эрдэнэ	45
соёмбо	ᠵᠡᠭᠡᠷᠳᠡ	зээрд	15
соёмбо	ᠳᠠᠭᠠᠳᠬᠠᠯ	даатгал	11
соёолон	ᠨᠠᠰᠤᠨ ᠤ	насны	45
соёолон	ᠮᠣᠷᠢᠳ ᠤᠨ	морьдын	11
соёолон	ᠦᠷᠦᠭᠡ	үрээ	10
соёолонгийн	ᠲᠣᠭᠣᠰᠣᠨ ᠳᠤ	тоосонд	13
соёолонгийн	ᠲᠦᠷᠦᠭᠦᠦ	түрүү	6
соёолонгийн	ᠤᠷᠤᠯᠳᠤᠭᠠᠨ	уралдаан	5
соёрхол	ᠬᠦᠷᠲᠡᠭᠰᠡᠨ	хүртсэн	8
соёрхол	ᠬᠦᠷᠲᠡᠵᠦ	хүртэж	5
спирт	ᠪᠠᠯ	бал	20
спирт	ᠲᠠᠮᠠᠬᠢ	тамхи	17
спирт	ᠦ᠋	үү	16
спорт	ᠬᠣᠷᠤᠭ᠎ᠠ	хороо	1399
спорт	ᠠᠶᠠᠯᠠᠯ	аялал	855
спорт	ᠬᠣᠷᠢᠶᠠᠨ ᠤ	хорооны	544
стандарт	ᠪᠤᠰᠤ	бус	57
стандарт	ᠨᠢ	нь	47
стандарт	ᠪᠣᠯᠤᠨ	болон	35
станц	ᠪᠠᠷᠢᠬᠤ	барих	271
станц	ᠨᠢ	нь	104
станц	ᠪᠠᠷᠢᠵᠤ	барьж	79
статистик	ᠲᠣᠭ᠎ᠠ	тоо	57
статистик	ᠮᠡᠳᠡᠭᠡ	мэдээ	38
статистик	ᠮᠡᠳᠡᠭᠡᠯᠡᠯ	мэдээлэл	37
стиль	ᠢᠮᠢᠵᠤ	имиж	17
стиль	ᠪᠣᠯ	бол	6
стиль	ᠬᠡᠪ	хэв	6
стратеги	ᠪᠣᠳᠣᠯᠭ᠎ᠠ	бодлого	76
стратеги	ᠲᠥᠯᠥᠪᠯᠡᠭᠡ	төлөвлөгөө	35
стратеги	ᠪᠣᠯᠪᠠᠰᠤᠷᠠᠭᠤᠯᠬᠤ	боловсруулах	31
стресс	ᠲᠠᠶᠢᠯᠬᠤ	тайлах	10
стресс	ᠪᠤᠬᠢᠨᠢᠳᠤᠯ	бухимдал	8
стресс	ᠬᠡᠷᠡᠭ ᠦᠭᠡᠢ	хэрэггүй	8
студи	ᠳᠡᠭᠡᠷ᠎ᠡ	дээр	23
студи	ᠬᠠᠮᠲᠤᠷᠠᠨ	хамтран	21
студи	ᠨᠢ	нь	13
студид	ᠠᠵᠢᠯᠯᠠᠵᠤ	ажиллаж	6
студид	ᠪᠢᠴᠢᠭᠦᠯᠦᠭᠰᠡᠨ	бичүүлсэн	6
студийн	ᠵᠠᠬᠢᠷᠤᠯ	захирал	60
студийн	ᠬᠠᠮᠲᠤ	хамт	22
студийн	ᠳᠠᠭᠤᠨ ᠤ	дууны	19
суваг	ᠲᠧᠯᠧᠸᠢᠽ	телевиз	51
суваг	ᠨᠢ	нь	43
суваг	ᠲᠧᠯᠧᠸᠢᠰ ᠦᠨ	телевизийн	17
суварга	ᠬᠠᠶᠢᠷᠬᠠᠨ	хайрхан	8
суварга	ᠪᠣᠰᠬᠠᠵᠤ	босгож	5
суварга	ᠪᠣᠰᠬᠠᠬᠤ	босгох	5
сувгаар	ᠰᠢᠭᠤᠳ	шууд	38
сувгаар	ᠭᠠᠷᠴᠤ	гарч	10
сувгаар	ᠳᠠᠮᠵᠢᠭᠤᠯᠤᠨ	дамжуулан	6
сувд	ᠡᠷᠳᠡᠨᠢ	эрдэнэ	60
сувд	ᠨᠠᠷᠠ	нар	11
сувд	ᠭᠤᠸᠠᠢ	гуай	7
сувдан	ᠰᠤᠨᠳᠤᠷ	сондор	32
сувилагч	ᠨᠠᠷᠠ	нар	115
сувилагч	ᠨᠠᠷ ᠤᠨ	нарын	41
сувилагч	ᠨᠠᠷᠠᠲᠤ	нарт	39
сувилал	ᠨᠢ	нь	29
сувилал	ᠤᠯᠤᠰ	улс	15
сувилал	ᠪᠠᠶᠢᠭᠤᠯᠬᠤ	байгуулах	7
сувилгаа	ᠪᠣᠯᠤᠨ	болон	6
суга	ᠴᠠᠪᠢ	цавь	10
суга	ᠲᠠᠶᠠᠭ ᠲᠠᠢ	таягтай	6
суга	ᠥᠰᠴᠢ	өсч	5
сугалаа	ᠲᠠᠭᠠᠷᠠᠭᠰᠠᠨ	таарсан	54
сугалаа	ᠲᠠᠲᠠᠭᠰᠠᠨ	татсан	27
сугалаа	ᠶᠣᠰᠣᠭᠠᠷ	ёсоор	25
сугар	ᠭᠠᠷᠠᠭ	гариг	20
сугар	ᠭᠠᠷᠠᠭ ᠤᠨ	гаригийн	19
сугар	ᠭᠠᠷᠠᠭ	гараг	16
судал	ᠭᠠ	гаа	26
судал	ᠨᠢ	нь	5
судалгаа	ᠬᠢᠵᠦ	хийж	514
судалгаа	ᠰᠢᠨᠵᠢᠯᠡᠭᠡ	шинжилгээ	265
судалгаа	ᠬᠢᠬᠦ	хийх	232
судалж	ᠪᠠᠶᠢᠨ᠎ᠠ	байна	241
судалж	ᠪᠠᠶᠢᠭ᠎ᠠ	байгаа	232
судалж	ᠦᠵᠡᠭᠡᠳ	үзээд	81
судалсан	ᠪᠠᠶᠢᠨ᠎ᠠ	байна	38
судалсан	ᠶᠠᠭᠤᠮ᠎ᠠ	юм	27
судалсан	ᠤᠤ	уу	21
судар	ᠨᠢ	нь	10
судар	ᠪᠢᠴᠢᠭ	бичиг	7
судар	ᠨᠣᠮ ᠢ	номыг	6
судас	ᠨᠢ	нь	25
судас	ᠪᠣᠯᠤᠭᠰᠠᠨ	болсон	13
судас	ᠮᠡᠳᠡᠷᠡᠯ	мэдрэл	11
судлаач	ᠪᠠᠭᠰᠢ	багш	49
судлаач	ᠳ᠋ᠣᠺᠲ᠋ᠣᠷ	доктор	43
судлаач	ᠳ	д	41
судлаачид	ᠦᠵᠡᠳᠡᠭ	үздэг	58
судлаачид	ᠬᠡᠯᠡᠵᠦ	хэлж	49
судлаачид	ᠦᠵᠡᠵᠦ	үзэж	45
судлал	ᠰᠢᠭᠦᠮᠵᠢ	шүүмж	19
судлал	ᠮᠣᠩᠭᠣᠯ	монгол	11
судлал	ᠵᠡᠷᠭᠡ	зэрэг	10
судлах	ᠬᠡᠷᠡᠭᠲᠡᠢ	хэрэгтэй	81
судлах	ᠱᠠᠭᠠᠷᠳᠠᠯᠭ᠎ᠠ ᠲᠠᠢ	шаардлагатай	64
судлах	ᠠᠵᠢᠯ ᠤᠨ	ажлын	58
судсаар	ᠭᠦᠶᠦᠬᠦ	гүйх	6
судсаар	ᠨᠢ	нь	6
судсаар	ᠲᠠᠷᠢᠭᠰᠠᠨ	тарьсан	6
судсыг	ᠨᠢ	нь	10
сул	ᠲᠠᠯ᠎ᠠ	тал	214
сул	ᠳᠣᠷᠣᠢ	дорой	118
сул	ᠪᠠᠶᠢᠭ᠎ᠠ	байгаа	94
суллагдах	ᠪᠣᠯᠤᠮᠵᠢ ᠲᠠᠢ	боломжтой	11
суллагдах	ᠶᠠᠭᠤᠮ᠎ᠠ	юм	7
суллагдах	ᠨᠢ	нь	5
суллаж	ᠥᠭᠬᠦ ᠶᠢ	өгөхийг	5
сулласан	ᠪᠠᠶᠢᠨ᠎ᠠ	байна	12
сулласан	ᠶᠠᠭᠤᠮ᠎ᠠ	юм	10
сулласан	ᠭᠡᠬᠦ	гэх	6
суллах	ᠲᠤᠬᠠᠢ	тухай	8
суллах	ᠪᠣᠯᠤᠮᠵᠢ ᠲᠠᠢ	боломжтой	7
суллах	ᠰᠢᠢᠳᠪᠦᠷᠢ	шийдвэр	7
сулрах	ᠨᠢ	нь	28
сулрах	ᠳᠠᠷᠤᠮᠲᠠ	дарамт	10
сулрах	ᠦᠶ᠎ᠡ ᠳᠦ	үед	7
сулруулах	ᠵᠠᠮ ᠢᠶᠠᠷ	замаар	7
сулруулах	ᠪᠣᠳᠣᠯᠭ᠎ᠠ	бодлого	6
сульдах	ᠪᠤᠯᠴᠢᠩ ᠢᠶᠠᠷ	булчингаар	5
сульдах	ᠵᠡᠷᠭᠡ	зэрэг	5
сум	ᠳᠤᠮᠳᠠ ᠶᠢᠨ	дундын	357
сум	ᠬᠥᠭᠵᠢᠭᠦᠯᠬᠦ	хөгжүүлэх	149
сум	ᠣᠷᠣᠨ	орон	134
сумаа	ᠲᠠᠯᠪᠢᠵᠤ	тавьж	8
сумаа	ᠫᠤᠤᠳᠠᠵᠤ	буудаж	5
сумаа	ᠪᠤᠤᠳᠠᠨ᠎ᠠ	буудна	5
сумаар	ᠬᠣᠶᠠᠷ	хоёр	23
сумаар	ᠬᠠᠷᠪᠤᠵᠤ	харваж	8
сумаар	ᠳᠠᠮᠵᠢᠨ	дамжин	7
суман	ᠳᠠᠬᠢ	дахь	63
суман	ᠬᠦᠷᠢᠨ	хүрэн	12
суман	ᠳᠡᠭᠡᠷ᠎ᠡ	дээр	11
суманд	ᠲᠦᠷᠦᠭᠰᠡᠨ	төрсөн	65
суманд	ᠦᠢᠯᠡ	үйл	44
суманд	ᠠᠵᠢᠯᠯᠠᠵᠤ	ажиллаж	42
сумнаас	ᠣᠨᠣᠵᠤ	онож	41
сумо	ᠪᠥᠬᠡ ᠶᠢᠨ	бөхийн	251
сумо	ᠪᠥᠬᠡ	бөх	12
сумо	ᠭᠡᠶᠢᠨ	гийн	6
сумъяабазар	ᠨᠠᠷᠠ	нар	19
сумъяабазар	ᠠᠪᠤᠷᠭᠤ	аварга	18
сумъяабазар	ᠨᠠᠷ ᠤᠨ	нарын	16
сумыг	ᠡᠷᠴᠢᠮ	эрчим	11
сумыг	ᠵᠣᠷᠢᠭᠰᠠᠨ	зорьсон	9
сумыг	ᠬᠠᠮᠤᠷᠤᠭᠰᠠᠨ	хамарсан	8
сумын	ᠬᠠᠷᠢᠶᠠᠲᠤ	харьяат	1643
сумын	ᠠᠭᠤᠭᠤᠯ	уугуул	1335
сумын	ᠨᠤᠲᠤᠭ ᠲᠤ	нутагт	480
сумьяа	ᠨᠠᠷᠠ	нар	21
сумьяа	ᠮᠥᠩᠭᠥᠨ	мөнгөн	7
сумьяа	ᠨᠢᠭᠡᠳᠦᠭᠡᠷ	нэгдүгээр	5
сунгаж	ᠪᠣᠯᠤᠨ᠎ᠠ	болно	17
сунгаж	ᠪᠠᠶᠢᠨ᠎ᠠ	байна	10
сунгаж	ᠥᠭᠬᠦ	өгөх	7
сунган	ᠬᠤᠷᠠᠯᠳᠤᠵᠤ	хуралдаж	16
сунгасан	ᠪᠠᠶᠢᠨ᠎ᠠ	байна	31
сунгасан	ᠶᠠᠭᠤᠮ᠎ᠠ	юм	15
сунгасан	ᠨᠢ	нь	10
сунгах	ᠲᠤᠬᠠᠢ	тухай	44
сунгах	ᠪᠣᠯᠤᠮᠵᠢ ᠲᠠᠢ	боломжтой	20
сунгах	ᠡᠰᠡᠬᠦ ᠶᠢ	эсэхийг	13
супер	ᠯᠢᠭᠢ	лиг	233
супер	ᠣᠳᠣ	од	97
супер	ᠴᠣᠮᠣ	цом	63
сур	ᠭᠠᠤᠯᠢ	гууль	66
сур	ᠬᠠᠷᠪᠤᠭ᠎ᠠ	харваа	40
сур	ᠭᠤᠤ	гуу	38
сураагүй	ᠶᠠᠭᠤᠮ᠎ᠠ	юм	11
сураагүй	ᠬᠦᠮᠦᠨ	хүн	8
сураагүй	ᠦᠷᠭᠦᠯᠵᠢ	үргэлж	6
сураад	ᠯᠠ	л	13
сураад	ᠪᠠᠶᠢᠭ᠎ᠠ	байгаа	11
сураад	ᠶᠠᠪᠤᠨ᠎ᠠ	явна	7
сураг	ᠪᠠᠶᠢᠨ᠎ᠠ	байна	68
сураг	ᠴᠤ	ч	42
сураг	ᠠᠯᠳᠠᠷᠠᠭᠰᠠᠨ	алдарсан	29
сураггүй	ᠠᠯᠠᠭ᠎ᠠ	алга	117
сураггүй	ᠪᠣᠯᠤᠭᠰᠠᠨ	болсон	87
сураггүй	ᠪᠣᠯᠤᠭᠠᠳ	болоод	12
сурагтай	ᠪᠠᠶᠢᠨ᠎ᠠ	байна	18
сурагтай	ᠪᠠᠶᠢᠭᠰᠠᠨ	байсан	10
сурагтай	ᠪᠠᠶᠢᠭ᠎ᠠ	байгаа	7
сурагч	ᠪ	б	116
сурагч	ᠪᠠᠶᠢᠬᠤ ᠳᠤ ᠪᠠᠨ	байхдаа	44
сурагч	ᠪᠠᠭᠰᠢ	багш	42
суралцаж	ᠪᠠᠶᠢᠭ᠎ᠠ	байгаа	469
суралцаж	ᠪᠤᠢ	буй	295
суралцаж	ᠪᠠᠶᠢᠨ᠎ᠠ	байна	191
суралцана	ᠭᠡᠳᠡᠭ	гэдэг	13
суралцана	ᠭᠡᠵᠦ	гэж	11
суралцана	ᠭᠡᠰᠡᠨ	гэсэн	7
суралцах	ᠪᠣᠯᠤᠮᠵᠢ ᠲᠠᠢ	боломжтой	90
суралцах	ᠬᠦᠰᠡᠯ ᠲᠡᠢ	хүсэлтэй	82
суралцах	ᠪᠣᠯᠤᠮᠵᠢ	боломж	77
суралцдаг	ᠶᠠᠭᠤᠮ᠎ᠠ	юм	35
суралцдаг	ᠠᠵᠤ	аж	24
суралцдаг	ᠪᠥᠭᠡᠳ	бөгөөд	24
суралцсан	ᠪᠠᠶᠢᠨ᠎ᠠ	байна	20
суралцсан	ᠶᠠᠭᠤᠮ᠎ᠠ	юм	10
суралцсан	ᠨᠢ	нь	9
суралцуулах	ᠲᠤᠬᠠᠢ	тухай	15
суралцуулах	ᠰᠣᠩᠭᠣᠨ	сонгон	13
суралцуулах	ᠵᠢᠷᠤᠮ	журам	12
сурах	ᠪᠢᠴᠢᠭ	бичиг	378
сурах	ᠬᠡᠷᠡᠭᠲᠡᠢ	хэрэгтэй	134
сурах	ᠨᠢ	нь	64
сурахаар	ᠶᠠᠪᠤᠭᠰᠠᠨ	явсан	18
сурахаар	ᠶᠠᠪᠤᠵᠤ	явж	9
сурахаар	ᠪᠣᠯᠤᠭᠰᠠᠨ	болсон	7
сурахын	ᠲᠤᠯᠠᠳᠠ	тулд	27
сурахын	ᠬᠠᠵᠠᠭᠤ ᠪᠠᠷ	хажуугаар	14
сурахын	ᠲᠥᠯᠥᠭᠡ	төлөө	8
сурвалж	ᠮᠡᠳᠡᠭᠡᠯᠡᠯ᠎ᠡ	мэдээллээ	241
сурвалж	ᠬᠡᠯᠡᠯ᠎ᠡ	хэллээ	80
сурвалж	ᠬᠡᠯᠡᠵᠦ	хэлж	58
сурвалжлагч	ᠪᠠᠶᠢᠨ᠎ᠠ	байна	20
сурвалжлагч	ᠨᠠᠷᠠ	нар	18
сурвалжлагч	ᠳ	д	10
сурвалжлах	ᠬᠡᠰᠡᠭ	хэсэг	44
сурвалжлах	ᠪᠠᠭ	баг	30
сурвалжлах	ᠠᠵᠢᠯᠯᠠᠭ᠎ᠠ	ажиллагаа	29
сургаал	ᠨᠢ	нь	16
сургаал	ᠶᠠᠭᠤᠮ᠎ᠠ	юм	9
сургаал	ᠨᠣᠮᠯᠠᠯ	номлол	5
сургааль	ᠪᠤᠢ	бий	5
сургаар	ᠨᠢ	нь	15
сургаар	ᠯᠠ	л	10
сургаар	ᠵᠠᠷᠢᠮ	зарим	5
сургагч	ᠪᠠᠭᠰᠢ	багш	230
сургагч	ᠪᠠᠭᠰᠢ ᠪᠠᠷ	багшаар	16
сургагч	ᠪᠠᠭᠰᠢ ᠶᠢ	багшийг	9
сургадаг	ᠪᠠᠶᠢᠭᠰᠠᠨ	байсан	18
сургадаг	ᠶᠠᠭᠤᠮ᠎ᠠ	юм	11
сургадаг	ᠴᠤ	ч	5
сургаж	ᠪᠠᠶᠢᠭ᠎ᠠ	байгаа	50
сургаж	ᠪᠠᠶᠢᠨ᠎ᠠ	байна	38
сургаж	ᠪᠡᠯᠡᠳᠬᠡᠬᠦ	бэлтгэх	30
сургалт	ᠵᠣᠬᠢᠶᠠᠨ	зохион	443
сургалт	ᠶᠠᠪᠤᠭᠤᠯᠵᠤ	явуулж	187
сургалт	ᠶᠠᠪᠤᠭᠤᠯᠬᠤ	явуулах	155
сургалтын	ᠲᠥᠯᠥᠪᠦᠷᠢ	төлбөр	463
сургалтын	ᠲᠥᠪ	төв	231
сургалтын	ᠲᠥᠷᠥ ᠶᠢᠨ	төрийн	173
сургамж	ᠠᠪᠴᠤ	авч	51
сургамж	ᠠᠪᠤᠭᠰᠠᠨ	авсан	33
сургамж	ᠠᠪᠬᠤ	авах	31
сургасан	ᠪᠠᠶᠢᠨ᠎ᠠ	байна	13
сургасан	ᠪᠠᠶᠢᠳᠠᠭ	байдаг	11
сургасан	ᠶᠠᠭᠤᠮ᠎ᠠ	юм	10
сургах	ᠲᠣᠭᠣᠷᠢᠭ ᠤᠨ	тойргийн	39
сургах	ᠬᠡᠷᠡᠭᠲᠡᠢ	хэрэгтэй	36
сургах	ᠨᠢ	нь	32
сургуулиа	ᠲᠡᠭᠦᠰ ᠢᠶᠡᠨ ᠳᠦ	төгсөөд	197
сургуулиа	ᠲᠡᠭᠦᠰᠦᠭᠰᠡᠨ	төгссөн	49
сургуулиа	ᠲᠡᠭᠦᠰᠬᠦ	төгсөх	27
сургуулийн	ᠪᠠᠭᠰᠢ	багш	668
сургуулийн	ᠵᠠᠬᠢᠷᠤᠯ	захирал	511
сургуулийн	ᠡᠮᠦᠨᠡᠬᠢ	өмнөх	487
сургуулилалт	ᠬᠢᠬᠦ	хийх	18
сургуулилалт	ᠬᠢᠵᠦ	хийж	11
сургуулилалт	ᠭᠡᠳ	гээд	7
сургууль	ᠴᠡᠴᠡᠷᠯᠢᠭ ᠦᠨ	цэцэрлэгийн	628
сургууль	ᠴᠡᠴᠡᠷᠯᠢᠭ	цэцэрлэг	540
сургууль	ᠳᠡᠭᠡᠷ᠎ᠡ	дээр	519
сургуульд	ᠰᠤᠷᠤᠯᠴᠠᠵᠤ	суралцаж	176
сургуульд	ᠰᠤᠷᠴᠤ	сурч	158
сургуульд	ᠰᠤᠷᠤᠯᠴᠠᠬᠤ	суралцах	136
сургуульдаа	ᠶᠠᠪᠤᠬᠤ	явах	17
сургуульдаа	ᠶᠠᠪᠤᠵᠤ	явж	15
сургуульдаа	ᠪᠠᠭᠰᠢ ᠪᠠᠷ	багшаар	11
сурдаг	ᠪᠠᠶᠢᠭᠰᠠᠨ	байсан	27
сурдаг	ᠶᠠᠭᠤᠮ᠎ᠠ	юм	27
сурдаг	ᠣᠶᠤᠲᠠᠨ	оюутан	14
сурлага	ᠰᠠᠶᠢᠲᠠᠢ	сайтай	26
сурлага	ᠮᠠᠭᠤ ᠲᠠᠢ	муутай	16
сурлага	ᠤᠷᠠᠯᠢᠭ	урлаг	10
сурлагатан	ᠪᠠᠶᠢᠭᠰᠠᠨ	байсан	8
сурна	ᠭᠡᠳᠡᠭ	гэдэг	37
сурна	ᠭᠡᠵᠦ	гэж	22
сурна	ᠭᠡᠰᠡᠨ	гэсэн	11
сурсан	ᠶᠠᠭᠤᠮ᠎ᠠ	юм	34
сурсан	ᠵᠦᠢᠯ ᠢᠶᠡᠨ	зүйлээ	22
сурсан	ᠮᠡᠳᠡᠭᠰᠡᠨ	мэдсэн	22
суртал	ᠠᠪᠤᠯᠠ	авлига	16
суртал	ᠤᠬᠠᠭᠤᠯᠭ᠎ᠠ	ухуулга	14
суртал	ᠭᠠᠷᠭᠠᠵᠤ	гаргаж	13
сурталчилгаа	ᠬᠢᠬᠦ	хийх	47
сурталчилгаа	ᠶᠠᠪᠤᠭᠤᠯᠬᠤ	явуулах	33
сурталчилгаа	ᠬᠢᠵᠦ	хийж	30
сурталчилж	ᠪᠠᠶᠢᠭ᠎ᠠ	байгаа	37
сурталчилж	ᠪᠠᠶᠢᠨ᠎ᠠ	байна	31
сурталчилж	ᠶᠠᠪᠤᠭ᠎ᠠ	яваа	11
сурталчлах	ᠵᠣᠷᠢᠯᠭ᠎ᠠ ᠲᠠᠢ	зорилготой	35
сурталчлах	ᠠᠵᠢᠯ ᠢ	ажлыг	30
сурталчлах	ᠨᠢ	нь	24
суртахуун	ᠪᠣᠯᠤᠨ	болон	7
суртахуун	ᠭᠡᠵᠦ	гэж	6
сурч	ᠪᠠᠶᠢᠭ᠎ᠠ	байгаа	315
сурч	ᠪᠠᠶᠢᠭᠰᠠᠨ	байсан	164
сурч	ᠪᠣᠯᠪᠠᠰᠤᠷᠠᠬᠤ	боловсрох	138
суу	ᠭᠠ	гаа	12
суу	ᠪᠢᠯᠢᠭᠲᠦ	билэгт	11
суу	ᠳᠠᠯᠳᠠ	далд	9
суугаа	ᠣᠨᠴᠠ	онц	607
суугаа	ᠡᠯᠴᠢᠨ	элчин	421
суугаа	ᠮᠣᠩᠭᠣᠯ	монгол	85
суугаагүй	ᠪᠠᠶᠢᠨ᠎ᠠ	байна	8
суугаагүй	ᠤᠴᠢᠷ ᠠᠴᠠ	учраас	6
суугаагүй	ᠯᠠ	л	5
суугаад	ᠪᠠᠶᠢᠵᠤ	байж	55
суугаад	ᠪᠠᠶᠢᠬᠤ	байх	36
суугаад	ᠪᠠᠶᠢᠨ᠎ᠠ	байна	35
суудаг	ᠪᠠᠶᠢᠭᠰᠠᠨ	байсан	42
суудаг	ᠶᠠᠭᠤᠮ᠎ᠠ	юм	38
суудаг	ᠪᠠᠶᠢᠯ᠎ᠠ	байлаа	18
суудал	ᠠᠪᠤᠭᠰᠠᠨ	авсан	170
суудал	ᠠᠪᠴᠤ	авч	58
суудал	ᠪᠦᠬᠦᠢ	бүхий	56
суудалд	ᠰᠠᠭᠤᠬᠤ	суух	27
суудалд	ᠰᠠᠭᠤᠭᠰᠠᠨ	суусан	20
суудалд	ᠰᠠᠭᠤᠵᠤ	сууж	15
суудалтай	ᠪᠦᠬᠦ	бүх	84
суудалтай	ᠨᠠᠮ ᠤᠳ	намууд	65
суудалтай	ᠤᠯᠤᠰ	улс	54
суудлаа	ᠣᠯᠬᠤ ᠦᠭᠡᠢ	олохгүй	18
суудлаа	ᠡᠵᠡᠯᠡᠭᠰᠡᠨ	эзэлсэн	12
суудлаа	ᠲᠠᠯᠪᠢᠵᠤ	тавьж	11
суудлаасаа	ᠬᠠᠮᠢᠶᠠᠷᠤᠨ	хамааран	19
суудлаасаа	ᠪᠣᠰᠴᠢ	босч	11
суудлаасаа	ᠪᠠᠭᠤᠭᠰᠠᠨ	буусан	10
суудлын	ᠬᠤᠷᠠᠯᠳᠤᠭᠠᠨ	хуралдаан	96
суудлын	ᠠᠦ᠋ᠲ᠋ᠣᠮᠠᠰᠢᠨ	автомашин	72
суудлын	ᠬᠤᠪᠢᠶᠠᠷᠢ	хуваарь	62
сууж	ᠪᠠᠶᠢᠭ᠎ᠠ	байгаа	594
сууж	ᠪᠠᠶᠢᠨ᠎ᠠ	байна	524
сууж	ᠪᠠᠶᠢᠭᠰᠠᠨ	байсан	263
суулга	ᠬᠠᠯᠪᠠᠭ᠎ᠠ	халбага	11
суулга	ᠠᠶᠠᠭ᠎ᠠ	аяга	6
суулга	ᠡᠪᠡᠳᠴᠢᠨ	өвчин	5
суулгаад	ᠪᠠᠶᠢᠭ᠎ᠠ	байгаа	10
суулгаад	ᠯᠠ	л	7
суулгаж	ᠥᠭᠭᠦᠭᠰᠡᠨ	өгсөн	59
суулгаж	ᠥᠭᠬᠦ	өгөх	47
суулгаж	ᠪᠠᠶᠢᠭᠠᠳ	байгаад	22
суулгасан	ᠪᠠᠶᠢᠨ᠎ᠠ	байна	32
суулгасан	ᠶᠠᠭᠤᠮ᠎ᠠ	юм	14
суулгасан	ᠪᠠᠶᠢᠭ᠎ᠠ	байгаа	11
суулгах	ᠮᠡᠰᠡ	мэс	250
суулгах	ᠬᠡᠷᠡᠭᠲᠡᠢ	хэрэгтэй	29
суулгах	ᠨᠢ	нь	28
суулт	ᠬᠢᠵᠦ	хийж	36
суулт	ᠵᠠᠷᠯᠠᠵᠤ	зарлаж	24
суулт	ᠵᠠᠷᠯᠠᠭᠠᠳ	зарлаад	17
сууна	ᠳ᠋ᠠ	даа	44
сууна	ᠭᠡᠵᠦ	гэж	25
сууна	ᠤᠤ	уу	23
сууриа	ᠢᠯᠡᠷᠬᠡᠶᠢᠯᠡᠭᠰᠡᠨ	илэрхийлсэн	221
сууриа	ᠢᠯᠡᠷᠬᠡᠶᠢᠯᠡᠵᠦ	илэрхийлж	197
сууриа	ᠢᠯᠡᠷᠬᠡᠶᠢᠯᠡᠬᠦ	илэрхийлэх	81
суурилсан	ᠦᠨᠳᠦᠰᠦᠨ ᠦ	үндэсний	55
суурилсан	ᠡᠷᠡᠭᠦᠯ	эрүүл	23
суурилсан	ᠬᠢᠨᠠᠯᠲᠠ	хяналт	20
суурилуулах	ᠠᠵᠢᠯ	ажил	8
суурилуулах	ᠠᠵᠢᠯ ᠢ	ажлыг	7
суурилуулах	ᠶᠠᠭᠤᠮ᠎ᠠ	юм	7
суурилуулсан	ᠪᠠᠶᠢᠨ᠎ᠠ	байна	27
суурилуулсан	ᠪᠥᠭᠡᠳ	бөгөөд	13
суурилуулсан	ᠨᠢ	нь	13
суурин	ᠲᠥᠯᠥᠭᠡᠯᠡᠭᠴᠢ	төлөөлөгч	363
суурин	ᠳᠡᠭᠡᠷ᠎ᠡ	дээр	171
суурин	ᠭᠠᠵᠠᠷ ᠤᠨ	газрын	165
суурь	ᠨᠢ	нь	285
суурь	ᠪᠦᠲᠦᠴᠡ	бүтэц	150
суурь	ᠡᠵᠡᠯᠡᠳᠡᠭ	эзэлдэг	83
суурьтай	ᠪᠠᠶᠢᠭ᠎ᠠ	байгаа	500
суурьтай	ᠪᠠᠶᠢᠨ᠎ᠠ	байна	325
суурьтай	ᠪᠠᠶᠢᠭᠰᠠᠨ	байсан	115
суурьших	ᠪᠣᠯᠤᠭᠰᠠᠨ	болсон	9
суусаар	ᠪᠠᠶᠢᠭᠠᠳ	байгаад	13
суусан	ᠢᠯᠠᠭ᠎ᠠ	ялаа	48
суусан	ᠶᠠᠭᠤᠮ᠎ᠠ	юм	40
суусан	ᠴᠤ	ч	28
суут	ᠬᠥᠭᠵᠢᠮ ᠦᠨ	хөгжмийн	58
суут	ᠢᠷᠠᠭᠤ	яруу	13
суут	ᠬᠦᠮᠦᠰ ᠦᠨ	хүмүүсийн	8
суух	ᠣᠨᠴᠠ	онц	244
суух	ᠨᠢ	нь	145
суух	ᠨᠠᠰᠤᠲᠠᠢ	настай	81
суухаар	ᠰᠢᠢᠳᠪᠡ	шийдвээ	8
суухаар	ᠨᠢᠭᠡ	нэг	6
суухаас	ᠥᠭᠡᠷ᠎ᠡ	өөр	16
суухаас	ᠢᠯᠡᠭᠦᠦ	илүү	7
суухад	ᠮᠢᠨᠢ	минь	12
суухад	ᠨᠢ	нь	10
суухад	ᠯᠠ	л	5
суухгүй	ᠪᠠᠶᠢᠭ᠎ᠠ	байгаа	12
суухгүй	ᠨᠢ	нь	12
суухгүй	ᠪᠠᠶᠢᠬᠤ	байх	11
суухдаа	ᠯᠠ	л	8
суухдаа	ᠪᠢ	би	5
суухыг	ᠬᠦᠰᠡᠭᠰᠡᠨ ᠦᠭᠡᠢ	хүссэнгүй	6
суухыг	ᠬᠦᠰᠡᠬᠦ ᠦᠭᠡᠢ	хүсэхгүй	5
суухыг	ᠬᠦᠰᠡᠭᠡ ᠦᠭᠡᠢ	хүсээгүй	5
суухын	ᠣᠷᠣᠨ ᠳᠤ	оронд	39
суухын	ᠲᠤᠯᠠᠳᠠ	тулд	9
суухын	ᠠᠷᠭ᠎ᠠ ᠦᠭᠡᠢ	аргагүй	5
сууц	ᠬᠤᠳᠠᠯᠳᠤᠨ	худалдан	195
сууц	ᠪᠠᠷᠢᠬᠤ	барих	158
сууц	ᠪᠠᠷᠢᠵᠤ	барьж	74
сууцны	ᠦᠨ᠎ᠡ	үнэ	433
сууцны	ᠵᠡᠭᠡᠯᠢ	зээл	248
сууцны	ᠪᠠᠷᠢᠯᠭ᠎ᠠ	барилга	183
сууя	ᠳ᠋ᠠ	даа	18
схд	ᠡᠶᠢᠨ	ийн	255
схд	ᠷ	р	76
схд	ᠲ	т	14
сэв	ᠰᠠᠭᠤᠯᠭᠠᠬᠤ	суулгах	11
сэв	ᠰᠠᠭᠤᠯᠭᠠᠵᠤ	суулгаж	8
сэв	ᠰᠠᠭᠤᠯᠭᠠᠭᠰᠠᠨ	суулгасан	8
сэвтэй	ᠭᠠᠵᠠᠷ	газар	36
сэдвийг	ᠬᠥᠨᠳᠡᠭᠰᠡᠨ	хөндсөн	25
сэдвийг	ᠬᠥᠨᠳᠡᠵᠦ	хөндөж	23
сэдвийг	ᠰᠣᠩᠭᠣᠨ	сонгон	6
сэдвээр	ᠢᠯᠡᠳᠬᠡᠯ	илтгэл	163
сэдвээр	ᠯᠧᠺᠼ	лекц	44
сэдвээр	ᠲᠤᠰ	тус	39
сэдвүүд	ᠨᠢ	нь	6
сэдвүүд	ᠳᠡᠭᠡᠷ᠎ᠡ	дээр	5
сэдвүүд	ᠴᠤ	ч	5
сэдэв	ᠨᠢ	нь	195
сэдэв	ᠪᠣᠯ	бол	79
сэдэв	ᠪᠣᠯᠤᠭᠠᠳ	болоод	64
сэжиг	ᠪᠦᠬᠦᠢ	бүхий	65
сэжиг	ᠲᠠᠭᠠᠮᠠᠭ	таамаг	12
сэжиг	ᠢᠯᠡᠷᠡᠭᠰᠡᠨ	илэрсэн	10
сэлбэг	ᠬᠡᠷᠡᠭᠰᠡᠯ	хэрэгсэл	48
сэлбэг	ᠡᠳ᠋	эд	15
сэлбэг	ᠪᠣᠯᠤᠨ	болон	14
сэлбэх	ᠡᠮᠴᠢᠯᠡᠭᠡ	эмчилгээ	9
сэлж	ᠠᠮᠢ	амь	14
сэлж	ᠺᠮ	км	11
сэлж	ᠪᠠᠶᠢᠭ᠎ᠠ	байгаа	6
сэлт	ᠨᠢ	нь	6
сэлэлт	ᠮ	м	8
сэлэлт	ᠭᠦᠶᠦᠯᠲᠡ	гүйлт	7
сэлэлт	ᠬᠥᠩᠭᠡᠨ	хөнгөн	6
сэлэнгийн	ᠰᠠᠪᠠ	сав	110
сэлэнгийн	ᠰᠠᠪᠠ ᠪᠠᠷ	саваар	24
сэлэнгийн	ᠳᠣᠯᠭᠢᠶ᠎ᠠ	долгио	23
сэлэнгэ	ᠠᠶᠢᠮᠠᠭ ᠤᠨ	аймгийн	1105
сэлэнгэ	ᠬᠠᠷ᠎ᠠ	хараа	444
сэлэнгэ	ᠠᠶᠢᠮᠠᠭ	аймаг	226
сэм	ᠰᠡᠮᠬᠡᠨ	сэмхэн	52
сэм	ᠠᠪᠠᠭ᠎ᠠ	авга	5
сэм	ᠰᠡᠮ	сэм	5
сэн	ᠶᠠᠭᠤᠮ᠎ᠠ	юм	63
сэн	ᠨᠢ	нь	46
сэн	ᠪᠠᠶᠢᠨ᠎ᠠ	байна	41
сэнтийд	ᠵᠠᠯᠠᠷᠠᠭᠰᠠᠨ	заларсан	9
сэнтийд	ᠵᠠᠯᠠᠷᠠᠬᠤ	залрах	7
сэр	ᠣᠳᠣ	од	329
сэр	ᠣᠳᠣ ᠶᠢ	одыг	13
сэр	ᠣᠳᠣᠲᠠᠢ	одтой	12
сэргийлж	ᠴᠢᠳᠠᠨ᠎ᠠ	чадна	67
сэргийлж	ᠪᠣᠯᠬᠤ	болох	38
сэргийлж	ᠴᠢᠳᠠᠬᠤ	чадах	21
сэргийлэх	ᠠᠷᠭ᠎ᠠ	арга	443
сэргийлэх	ᠲᠤᠬᠠᠢ	тухай	372
сэргийлэх	ᠲᠠᠯ᠎ᠠ ᠪᠠᠷ	талаар	151
сэргэдэг	ᠶᠠᠭᠤᠮ᠎ᠠ	юм	7
сэргэж	ᠪᠠᠶᠢᠨ᠎ᠠ	байна	57
сэргэж	ᠪᠠᠶᠢᠭ᠎ᠠ	байгаа	55
сэргэж	ᠪᠤᠢ	буй	34
сэргэлэн	ᠰᠤᠮᠤ ᠶᠢᠨ	сумын	122
сэргэлэн	ᠴᠣᠪᠣᠭᠣ	цовоо	41
сэргэлэн	ᠰᠤᠮᠤᠨ ᠳᠤ	суманд	23
сэргэн	ᠮᠠᠨᠳᠤᠵᠤ	мандаж	10
сэргэн	ᠮᠠᠨᠳᠤᠬᠤ	мандах	6
сэргэн	ᠬᠥᠭᠵᠢᠬᠦ	хөгжих	5
сэргэнэ	ᠭᠡᠵᠦ	гэж	23
сэргэнэ	ᠭᠡᠰᠡᠨ	гэсэн	9
сэргэнэ	ᠭᠡᠳᠡᠭ	гэдэг	5
сэргэсэн	ᠴᠤ	ч	11
сэргэсэн	ᠪᠠᠶᠢᠨ᠎ᠠ	байна	10
сэргэсэн	ᠶᠠᠭᠤᠮ᠎ᠠ	юм	8
сэргэх	ᠨᠢ	нь	19
сэргэх	ᠬᠠᠨᠳᠤᠯᠭ᠎ᠠ	хандлага	19
сэргэх	ᠶᠠᠭᠤᠮ᠎ᠠ	юм	14
сэргээгдэх	ᠡᠷᠴᠢᠮ	эрчим	851
сэргээгдэх	ᠡᠬᠡ	эх	16
сэргээгдэх	ᠪᠣᠯᠤᠨ	болон	6
сэргээд	ᠢᠷᠡᠳᠡᠭ	ирдэг	9
сэргээд	ᠢᠷᠡᠨ᠎ᠡ	ирнэ	6
сэргээж	ᠪᠠᠶᠢᠭ᠎ᠠ	байгаа	21
сэргээж	ᠨᠢᠭᠡ	нэг	17
сэргээж	ᠪᠠᠶᠢᠨ᠎ᠠ	байна	16
сэргээн	ᠵᠠᠰᠠᠬᠤ	засах	131
сэргээн	ᠵᠠᠰᠠᠪᠤᠷᠢᠯᠠᠬᠤ	засварлах	115
сэргээн	ᠵᠠᠰᠠᠯᠲᠠ	засалт	34
сэргээнэ	ᠭᠡᠵᠦ	гэж	18
сэргээнэ	ᠭᠡᠳᠡᠭ ᠲᠦ	гэдэгт	7
сэргээнэ	ᠭᠡᠳᠡᠭ	гэдэг	6
сэргээсэн	ᠪᠠᠶᠢᠨ᠎ᠠ	байна	21
сэргээсэн	ᠬᠡᠷᠡᠭ ᠲᠦ	хэрэгт	14
сэргээсэн	ᠶᠠᠭᠤᠮ᠎ᠠ	юм	12
сэргээх	ᠮᠡᠰᠡ	мэс	47
сэргээх	ᠡᠮᠴᠢᠯᠡᠭᠡ	эмчилгээ	39
сэргээх	ᠠᠷᠭ᠎ᠠ	арга	36
сэрж	ᠪᠠᠶᠢᠨ᠎ᠠ	байна	9
сэрлээ	ᠪᠢ	би	6
сэрсэн	ᠲᠠᠯ᠎ᠠ	тал	51
сэрэмжлэх	ᠬᠡᠷᠡᠭᠲᠡᠢ	хэрэгтэй	5
сэрэмжлүүлэх	ᠮᠡᠳᠡᠭᠡ	мэдээ	16
сэрэмжлүүлэх	ᠨᠢ	нь	7
сэрэмжтэй	ᠪᠠᠶᠢᠬᠤ ᠶᠢ	байхыг	129
сэрэмжтэй	ᠪᠠᠶᠢᠵᠤ	байж	36
сэрэмжтэй	ᠪᠠᠶᠢᠬᠤ	байх	21
сэрэх	ᠴᠠᠭ	цаг	12
сэрэхэд	ᠯᠠ	л	6
сэрээ	ᠬᠢᠲᠤᠭ᠎ᠠ	хутга	14
сэрүүлэг	ᠳᠡᠭᠡᠳᠦ	дээд	15
сэрүүлэг	ᠳᠤᠤᠭᠠᠷᠬᠤ	дуугарах	7
сэрүүн	ᠬᠠᠰ ᠤᠨ	хасын	117
сэрүүн	ᠪᠠᠶᠢᠭᠰᠠᠨ	байсан	24
сэрүүн	ᠪᠠᠶᠢᠭ᠎ᠠ	байгаа	22
сэрүүхэн	ᠪᠠᠶᠢᠨ᠎ᠠ	байна	24
сэрүүхэн	ᠪᠠᠶᠢᠭ᠎ᠠ	байгаа	6
сэрүүхэн	ᠪᠠᠶᠢᠭᠰᠠᠨ	байсан	6
сэт	ᠭᠡᠯ	гэл	44
сэт	ᠭᠡᠯ᠎ᠡ	гэлээ	8
сэт	ᠲᠣᠫ	топ	5
сэтгэгдлээ	ᠬᠤᠪᠢᠶᠠᠯᠴᠠᠭᠠᠴᠢ	хуваалцаач	17
сэтгэгдлээ	ᠬᠤᠪᠢᠶᠠᠯᠴᠠᠬᠤ ᠦᠭᠡᠢ	хуваалцахгүй	12
сэтгэгдлээ	ᠬᠤᠪᠢᠶᠠᠯᠴᠠᠵᠤ	хуваалцаж	11
сэтгэгдэл	ᠲᠥᠷᠦᠵᠢ	төрж	64
сэтгэгдэл	ᠲᠥᠷᠦᠭᠦᠯᠵᠦ	төрүүлж	62
сэтгэгдэл	ᠲᠦᠷᠦᠭᠰᠡᠨ	төрсөн	47
сэтгэж	ᠪᠣᠳᠣᠵᠤ	бодож	10
сэтгэж	ᠪᠠᠶᠢᠭ᠎ᠠ	байгаа	9
сэтгэж	ᠪᠠᠶᠢᠨ᠎ᠠ	байна	7
сэтгэл	ᠬᠠᠩᠭᠠᠯᠤᠭᠤᠨ	хангалуун	746
сэтгэл	ᠵᠦᠢ ᠶᠢᠨ	зүйн	379
сэтгэл	ᠮᠢᠨᠢ	минь	378
сэтгэлгээ	ᠨᠢ	нь	52
сэтгэлгээ	ᠠᠷᠭ᠎ᠠ	арга	9
сэтгэлгээ	ᠤᠷ᠎ᠠ	ур	8
сэтгэлгүй	ᠡᠮᠴᠢ	эмч	6
сэтгэлд	ᠮᠢᠨᠢ	минь	133
сэтгэлд	ᠬᠣᠨᠣᠭᠰᠢᠭᠰᠠᠨ	хоногшсон	90
сэтгэлд	ᠨᠢ	нь	62
сэтгэлдээ	ᠪᠢ	би	38
сэтгэлдээ	ᠲᠡᠭᠡᠭᠡᠵᠦ	тээж	23
сэтгэлдээ	ᠲᠡᠭᠡᠭᠡᠭᠰᠡᠭᠡᠷ	тээсээр	7
сэтгэлийг	ᠮᠢᠨᠢ	минь	122
сэтгэлийг	ᠨᠢ	нь	92
сэтгэлийг	ᠴᠢᠨᠢ	чинь	33
сэтгэлийн	ᠳᠡᠮ	дэм	74
сэтгэлийн	ᠮᠢᠨᠢ	минь	47
сэтгэлийн	ᠲᠠᠯᠠᠷᠬᠠᠯ	талархал	43
сэтгэлийнхээ	ᠦᠭᠡ ᠶᠢ	үгийг	7
сэтгэлийнхээ	ᠳᠠᠭᠤᠳᠠᠯᠭ᠎ᠠ ᠪᠠᠷ	дуудлагаар	6
сэтгэлийнхээ	ᠭᠦᠨ ᠡᠴᠡ	гүнээс	5
сэтгэлт	ᠠᠷᠠᠳ	ард	22
сэтгэлт	ᠬᠦᠮᠦᠰ ᠦᠨ	хүмүүсийн	18
сэтгэлт	ᠮᠣᠩᠭᠣᠯᠴᠤᠳ	монголчууд	10
сэтгэлтэй	ᠬᠦᠮᠦᠨ	хүн	50
сэтгэлтэй	ᠬᠦᠮᠦᠰ	хүмүүс	31
сэтгэлтэй	ᠪᠠᠶᠢᠬᠤ	байх	15
сэтгэлээ	ᠵᠣᠷᠢᠭᠤᠯᠵᠤ	зориулж	30
сэтгэлээ	ᠪᠢ	би	21
сэтгэлээ	ᠥᠭᠭᠦᠭᠰᠡᠨ	өгсөн	21
сэтгэлээр	ᠬᠠᠨᠳᠤᠵᠤ	хандаж	34
сэтгэлээр	ᠤᠨᠠᠬᠤ	унах	26
сэтгэлээр	ᠵᠢᠳᠬᠦᠵᠦ	зүтгэж	25
сэтгэлээрээ	ᠮᠡᠳᠡᠷᠡᠴᠢ	мэдэрч	11
сэтгэлээрээ	ᠳᠡᠮᠵᠢᠵᠦ	дэмжиж	5
сэтгэлээс	ᠮᠢᠨᠢ	минь	12
сэтгэлээс	ᠭᠠᠷᠳᠠᠭ ᠦᠭᠡᠢ	гардаггүй	11
сэтгэлээс	ᠨᠢ	нь	10
сэтгэлээсээ	ᠲᠠᠯᠠᠷᠬᠠᠵᠤ	талархаж	24
сэтгэлээсээ	ᠬᠠᠨᠳᠤᠳᠠᠭ	ханддаг	19
сэтгэлээсээ	ᠬᠦᠰᠴᠢ	хүсч	19
сэтгэн	ᠪᠣᠳᠣᠬᠤ	бодох	73
сэтгэн	ᠪᠣᠳᠣᠵᠤ	бодож	9
сэтгэх	ᠴᠢᠳᠠᠪᠤᠷᠢ	чадвар	13
сэтгэх	ᠬᠡᠷᠡᠭᠲᠡᠢ	хэрэгтэй	8
сэтгэх	ᠪᠣᠳᠣᠬᠤ	бодох	7
сэтгэхүй	ᠨᠢ	нь	9
сэтгэхүйд	ᠨᠢ	нь	9
сэтгэхүйд	ᠲᠣᠬᠢᠷᠠᠭᠰᠠᠨ	тохирсон	6
сэтгүүл	ᠵᠦᠢ ᠶᠢᠨ	зүйн	179
сэтгүүл	ᠵᠦᠢ	зүй	93
сэтгүүл	ᠨᠢ	нь	25
сэтгүүлд	ᠥᠭᠭᠦᠭᠰᠡᠨ	өгсөн	39
сэтгүүлд	ᠭᠠᠷᠤᠭᠰᠠᠨ	гарсан	8
сэтгүүлд	ᠮᠡᠳᠡᠭᠡᠯᠡᠵᠡᠢ	мэдээлжээ	5
сэтгүүлч	ᠪ	б	95
сэтгүүлч	ᠳ	д	88
сэтгүүлч	ᠰ	с	53
сэхээ	ᠪᠣᠭᠣᠮᠲᠠ	боомт	5
сэхээ	ᠣᠷᠣᠵᠤ	орж	5
сэхээтэн	ᠬᠦᠮᠦᠨ	хүн	6
сэцэн	ᠬᠠᠲᠤᠨ	хатан	24
сэцэн	ᠬᠠᠨ ᠤ	ханы	18
сэцэн	ᠬᠠᠨ	хан	13
сээр	ᠪᠠᠶᠢᠭ᠎ᠠ	байгаа	6
сээр	ᠢᠷᠡᠭᠰᠡᠨ	ирсэн	6
сээр	ᠨᠢᠷᠤᠭᠤᠨ ᠳᠤ	нуруунд	5
сүг	ᠵᠢᠷᠤᠭ	зураг	20
сүй	ᠲᠠᠯᠪᠢᠭᠰᠠᠨ	тавьсан	15
сүй	ᠲᠠᠯᠪᠢᠵᠤ	тавьж	6
сүй	ᠲᠠᠯᠪᠢᠬᠤ	тавих	5
сүйд	ᠪᠣᠯᠵᠤ	болж	16
сүйд	ᠪᠣᠯᠤᠭᠰᠠᠨ	болсон	16
сүйд	ᠪᠣᠯᠤᠭᠠᠳ	болоод	13
сүйрэл	ᠨᠢ	нь	9
сүйрэл	ᠪᠣᠯᠤᠨ᠎ᠠ	болно	7
сүйрэл	ᠬᠠᠶᠢᠷ᠎ᠠ ᠶᠢᠨ	хайрын	5
сүйт	ᠪᠦᠰᠡᠭᠦᠢ	бүсгүй	39
сүйт	ᠵᠠᠯᠠᠭᠤ	залуу	7
сүйт	ᠬᠠᠷᠠᠬᠦᠦ	хархүү	7
сүйтгэж	ᠪᠠᠶᠢᠭ᠎ᠠ	байгаа	26
сүйтгэж	ᠪᠠᠶᠢᠨ᠎ᠠ	байна	14
сүйтгэж	ᠪᠠᠶᠢᠭ᠎ᠠ ᠶᠢ	байгааг	7
сүйтгэх	ᠠᠵᠢᠯᠯᠠᠭ᠎ᠠ	ажиллагаа	11
сүлд	ᠳᠠᠭᠤᠤ	дуу	74
сүлд	ᠮᠣᠳᠣᠨ ᠤ	модны	32
сүлд	ᠰᠫᠣᠷᠲ	спорт	26
сүлжмэл	ᠪᠦᠲᠦᠭᠡᠭᠳᠡᠬᠦᠨ	бүтээгдэхүүн	15
сүлжмэл	ᠬᠤᠪᠴᠠᠰᠤ	хувцас	10
сүлжмэл	ᠡᠳ᠋ᠯᠡᠯ	эдлэл	9
сүлжээ	ᠳᠡᠯᠭᠡᠭᠦᠷ	дэлгүүр	73
сүлжээ	ᠨᠢ	нь	65
сүлжээ	ᠪᠤᠢ	бий	58
сүм	ᠬᠡᠶᠢᠳ ᠦᠨ	хийдийн	33
сүм	ᠬᠡᠶᠢᠳ	хийд	28
сүм	ᠮᠦᠽᠧᠢ	музей	16
сүмбэр	ᠰᠤᠮᠤ ᠶᠢᠨ	сумын	18
сүмбэр	ᠠᠶᠢᠮᠠᠭ ᠤᠨ	аймгийн	16
сүмбэр	ᠠᠭᠤᠯᠠᠨ ᠳᠤ	ууланд	13
сүмийн	ᠨᠠᠶᠢᠷᠠᠯ	найрал	8
сүмийн	ᠳᠣᠲᠣᠷ᠎ᠠ	дотор	5
сүмийн	ᠲᠡᠷᠢᠭᠦᠨ	тэргүүн	5
сүндэрлэж	ᠪᠠᠶᠢᠨ᠎ᠠ	байна	17
сүндэрлэж	ᠪᠤᠢ	буй	7
сүндэрлэх	ᠨᠢ	нь	6
сүнжидмаа	ᠮᠢᠨᠢ	минь	11
сүнс	ᠨᠢ	нь	78
сүнс	ᠪᠣᠯᠤᠭᠰᠠᠨ	болсон	35
сүнс	ᠪᠣᠯ	бол	8
сүр	ᠳᠤᠤᠯᠢᠶᠠᠨ ᠲᠠᠢ	дуулиантай	55
сүр	ᠬᠦᠴᠢ ᠶᠢ	хүчийг	45
сүр	ᠳᠤᠤᠯᠢᠶᠠᠨ	дуулиан	29
сүргийн	ᠲᠣᠭ᠎ᠠ	тоо	51
сүргийн	ᠮᠠᠩᠯᠠᠢ	манлай	14
сүргийн	ᠪᠦᠲᠦᠴᠡ	бүтэц	9
сүргээ	ᠲᠠᠪᠤᠨ	таван	6
сүрдүүлж	ᠪᠠᠶᠢᠭᠰᠠᠨ	байсан	12
сүрдүүлж	ᠪᠠᠶᠢᠭ᠎ᠠ	байгаа	9
сүрдүүлж	ᠮᠥᠩᠭᠥ	мөнгө	8
сүрдүүлэх	ᠭᠡᠮᠲᠦ	гэмт	7
сүрдүүлэх	ᠳᠠᠷᠤᠮᠲᠠᠯᠠᠬᠤ	дарамтлах	6
сүрдүүлэх	ᠵᠠᠮ ᠢᠶᠠᠷ	замаар	5
сүржин	ᠨᠡᠷᠡᠲᠡᠢ	нэртэй	19
сүрлэг	ᠰᠠᠶᠢᠬᠠᠨ	сайхан	15
сүрлэг	ᠠᠤᠯᠠᠯᠠᠰ	уулс	9
сүрлэг	ᠠᠤᠯᠠᠯᠠᠰ ᠤᠨ	уулсын	9
сүртэй	ᠶᠠᠭᠤᠮ᠎ᠠ	юм	48
сүртэй	ᠵᠦᠢᠯ	зүйл	10
сүртэй	ᠨᠢ	нь	5
сүрхий	ᠶᠠᠭᠤᠮ᠎ᠠ	юм	12
сүрхий	ᠬᠦᠮᠦᠨ	хүн	5
сүрьеэ	ᠡᠪᠡᠳᠴᠢᠨ	өвчин	36
сүрьеэ	ᠵᠡᠷᠭᠡ	зэрэг	11
сүрьеэ	ᠡᠪᠡᠳᠴᠢᠲᠡᠢ	өвчтэй	10
сүрэг	ᠨᠢ	нь	12
сүрэг	ᠮᠠᠨᠢ	маань	9
сүрэг	ᠴᠢᠨᠣ᠎ᠠ	чоно	7
сүрэн	ᠮ	м	8
сүрэн	ᠨᠠᠷ ᠤᠨ	нарын	5
сүсэг	ᠪᠢᠰᠢᠷᠡᠯ	бишрэл	7
сүсэгтэн	ᠣᠯᠠᠨ	олон	18
сүсэгтэн	ᠣᠯᠠᠨ ᠤ	олны	13
сүсэгтэн	ᠣᠯᠣᠩ ᠳᠤ	олонд	7
сүх	ᠪᠠᠭᠠᠲᠤᠷ	баатар	21
сүх	ᠣᠴᠢᠷ	очир	13
сүх	ᠡᠷᠳᠡᠨᠢ	эрдэнэ	11
сүхбаатар	ᠠᠶᠢᠮᠠᠭ ᠤᠨ	аймгийн	844
сүхбаатар	ᠳᠡᠭᠦᠷᠭᠡ	дүүрэг	210
сүхбаатар	ᠠᠶᠢᠮᠠᠭ	аймаг	135
сүхбаатарын	ᠲᠠᠯᠠᠪᠠᠢ ᠳᠤ	талбайд	188
сүхбаатарын	ᠲᠠᠯᠠᠪᠠᠢ	талбай	70
сүхбаатарын	ᠲᠠᠯᠠᠪᠠᠢ ᠶᠢᠨ	талбайн	19
сүү	ᠰᠦᠨ	сүүн	275
сүү	ᠴᠠᠭᠠᠨ	цагаан	62
сүү	ᠲᠠᠷᠠᠭ	тараг	36
сүүдрийн	ᠵᠠᠰᠠᠭ ᠤᠨ	засгийн	54
сүүдэр	ᠮᠡᠲᠦ	мэт	15
сүүдэр	ᠰᠢᠭ	шиг	10
сүүдэр	ᠨᠢ	нь	9
сүүдэрт	ᠪᠠᠶᠢᠭᠰᠠᠨ	байсан	5
сүүдэрт	ᠤᠷᠤᠬᠤ	орох	5
сүүж	ᠤᠤᠯ	уул	20
сүүж	ᠤᠤᠯ ᠤᠨ	уулын	8
сүүж	ᠠᠭᠤᠯᠠᠨ ᠳᠤ	ууланд	6
сүүл	ᠭᠡᠬᠦ ᠳᠦ	гэхэд	56
сүүл	ᠬᠦᠷᠲᠡᠯ᠎ᠡ	хүртэл	20
сүүл	ᠨᠢ	нь	18
сүүлд	ᠨᠢ	нь	293
сүүлд	ᠣᠨ ᠳᠤ	онд	124
сүүлд	ᠭᠠᠷᠭᠠᠭᠰᠠᠨ	гаргасан	68
сүүлдээ	ᠪᠦᠷ	бүр	49
сүүлдээ	ᠡᠨᠡ	энэ	33
сүүлдээ	ᠴᠤ	ч	11
сүүлийн	ᠦᠶ᠎ᠡ ᠳᠦ	үед	3827
сүүлийн	ᠵᠢᠯ ᠦᠳ ᠲᠦ	жилүүдэд	2188
сүүлийн	ᠦᠶ᠎ᠡ ᠶᠢᠨ	үеийн	1053
сүүлийнх	ᠨᠢ	нь	52
сүүлт	ᠣᠳᠣ	од	25
сүүлт	ᠣᠳᠣᠨ ᠤ	одны	6
сүүлч	ᠭᠡᠬᠦ ᠳᠦ	гэхэд	41
сүүлч	ᠬᠦᠷᠲᠡᠯ᠎ᠡ	хүртэл	21
сүүлч	ᠣᠨ ᠤ	оны	9
сүүлчийн	ᠡᠳᠦᠷ	өдөр	53
сүүлчийн	ᠤᠳᠠᠭ᠎ᠠ	удаа	41
сүүлчийн	ᠰᠥᠨᠢ	шөнө	33
сүүлээр	ᠤᠡᠬ	уих	14
сүүлээр	ᠪᠣᠯᠤᠭᠰᠠᠨ	болсон	11
сүүлээр	ᠰᠠᠶ᠋ᠢ	сая	10
сүүн	ᠪᠦᠲᠦᠭᠡᠭᠳᠡᠬᠦᠨ	бүтээгдэхүүн	155
сүүн	ᠰᠢᠳᠦ	шүд	38
сүүн	ᠴᠠᠭᠠᠨ	цагаан	18
сүүнд	ᠤᠷᠮᠠᠰᠢᠭᠤᠯᠤᠯ	урамшуулал	10
сүүнд	ᠰᠠᠷᠮᠢᠰ	сармис	6
сүүний	ᠦᠨ᠎ᠡ	үнэ	42
сүүний	ᠦᠢᠯᠡᠳᠪᠦᠷᠢ	үйлдвэр	16
сүүний	ᠨᠢᠭᠡᠳᠦᠭᠰᠡᠨ	нэгдсэн	13
сөн	ᠣᠨ ᠳᠤ	онд	20
сөн	ᠵᠢᠯ	жил	18
сөн	ᠶᠠᠭᠤᠮ᠎ᠠ	юм	14
сөнөөгч	ᠣᠩᠭᠣᠴᠠ	онгоц	25
сөнөөгч	ᠪᠥᠮᠪᠥᠭᠡᠳᠡᠭᠴᠢ	бөмбөгдөгч	23
сөрж	ᠵᠣᠭᠰᠣᠬᠤ	зогсох	6
сөрж	ᠶᠠᠪᠤᠭᠰᠠᠨ	явсан	5
сөрж	ᠶᠠᠪᠤᠭᠰᠠᠨ ᠠᠴᠠ	явснаас	5
сөрсөн	ᠪᠣᠳᠣᠯᠭ᠎ᠠ	бодлого	8
сөрөг	ᠬᠦᠴᠦᠨ	хүчин	545
сөрөг	ᠦᠷ᠎ᠡ	үр	529
сөрөг	ᠨᠥᠯᠥᠭᠡ	нөлөө	505
сөрөн	ᠵᠣᠭᠰᠣᠵᠤ	зогсож	5
сөрөн	ᠵᠣᠭᠰᠣᠬᠤ	зогсох	5
сөх	ᠨ ᠤ	ны	75
сөх	ᠡᠶᠢᠨ	ийн	17
сөх	ᠳ	д	8
сөхөж	ᠪᠠᠶᠢᠨ᠎ᠠ	байна	6
сөхөж	ᠲᠠᠯᠪᠢᠭᠰᠠᠨ	тавьсан	5
сөхөрч	ᠰᠠᠭᠤᠨ	суун	5
сөхөрч	ᠶᠠᠪᠤᠭ᠎ᠠ	яваа	5
сөүл	ᠬᠣᠲᠠ ᠶᠢᠨ	хотын	98
сөүл	ᠬᠣᠲᠠᠳ	хотод	25
сөүл	ᠤᠯᠠᠭᠠᠨᠪᠠᠭᠠᠲᠤᠷ	улаанбаатар	15
сөөг	ᠲᠠᠷᠢᠵᠤ	тарьж	12
сөөг	ᠴᠡᠴᠡᠭ	цэцэг	10
сөөг	ᠲᠠᠷᠢᠬᠤ	тарих	9
т	ᠥ	ө	404
т	ᠵᠢᠭᠠᠭᠰᠠᠨ	заасан	367
т	ᠰᠢᠯᠭᠠᠵᠤ	шалгаж	116
та	ᠪᠦᠬᠦᠨ	бүхэн	2051
та	ᠨᠠᠷᠠ	нар	1463
та	ᠪᠦᠬᠦᠨ ᠳᠦ	бүхэнд	1098
таа	ᠲᠠᠢ	тай	15
таа	ᠭᠦᠢ	гүй	8
таа	ᠷᠠᠬᠤ	рах	6
таавар	ᠡᠪᠳᠡᠭᠰᠡᠨ	эвдсэн	8
таавар	ᠰᠢᠭ	шиг	7
таавар	ᠮᠡᠲᠦ	мэт	5
таагүй	ᠮᠡᠳᠡᠭᠡᠯᠡᠯ	мэдээлэл	71
таагүй	ᠮᠡᠳᠡᠭᠡ	мэдээ	38
таагүй	ᠪᠠᠶᠢᠳᠠᠯ	байдал	36
тааж	ᠮᠡᠳᠡᠬᠦ ᠦᠭᠡᠢ	мэдэхгүй	13
тааж	ᠮᠡᠳᠡᠬᠦ	мэдэх	8
тааж	ᠶᠠᠳᠠᠬᠤ	ядах	6
тааз	ᠨᠢ	нь	16
тааз	ᠨᠤᠷᠠᠵᠤ	нурж	12
тааз	ᠭᠡᠳᠡᠭ	гэдэг	5
таалагдаж	ᠪᠠᠶᠢᠪᠠᠯ	байвал	20013
таалагдаж	ᠪᠠᠶᠢᠭ᠎ᠠ	байгаа	57
таалагдаж	ᠪᠠᠶᠢᠨ᠎ᠠ	байна	50
таалагдана	ᠭᠡᠳᠡᠭ ᠲᠦ	гэдэгт	15
таалагдана	ᠭᠡᠵᠦ	гэж	14
таалагдах	ᠭᠡᠵᠦ	гэж	45
таалагдах	ᠨᠢ	нь	15
таалагдах	ᠭᠡᠰᠡᠨ	гэсэн	11
таалагдахгүй	ᠪᠠᠶᠢᠭ᠎ᠠ	байгаа	53
таалагдахгүй	ᠪᠠᠶᠢᠨ᠎ᠠ	байна	47
таалагдахгүй	ᠪᠣᠯ	бол	22
таалагддаг	ᠪᠤᠢ	вэ	12
таалагддаг	ᠤᠤ	уу	10
таалагддаг	ᠶᠠᠭᠤᠮ᠎ᠠ	юм	5
таалагдсан	ᠪᠣᠯ	бол	24
таалагдсан	ᠶᠠᠭᠤᠮ᠎ᠠ	юм	13
таалагдсан	ᠪᠠᠶᠢᠨ᠎ᠠ	байна	9
таалал	ᠲᠡᠭᠦᠰᠦᠭᠰᠡᠨ	төгссөн	43
таалал	ᠲᠡᠭᠦᠰᠦᠯ ᠢᠶᠡᠨ	төгслөө	17
тааламжтай	ᠨᠥᠬᠥᠴᠡᠯ	нөхцөл	32
тааламжтай	ᠴᠠᠭ ᠲᠤ ᠪᠠᠨ	цагтаа	20
тааламжтай	ᠣᠷᠴᠢᠨ	орчин	13
таамаг	ᠪᠤᠢ	бий	36
таамаг	ᠪᠠᠶᠢᠨ᠎ᠠ	байна	30
таамаг	ᠳᠡᠪᠰᠢᠭᠦᠯᠵᠦ	дэвшүүлж	26
таамаглал	ᠪᠠᠶᠢᠭ᠎ᠠ	байгаа	26
таамаглал	ᠪᠤᠢ	бий	26
таамаглал	ᠪᠠᠶᠢᠨ᠎ᠠ	байна	17
таамаглах	ᠠᠷᠭ᠎ᠠ ᠦᠭᠡᠢ	аргагүй	8
таамаглах	ᠪᠣᠯᠤᠮᠵᠢ ᠦᠭᠡᠢ	боломжгүй	8
таамаглах	ᠨᠢ	нь	5
таар	ᠰᠠᠩ	сан	12
таараа	ᠰᠢᠦ	шүү	6
таараад	ᠪᠠᠶᠢᠨ᠎ᠠ	байна	62
таараад	ᠪᠠᠶᠢᠭ᠎ᠠ	байгаа	42
таараад	ᠪᠠᠶᠢᠭᠰᠠᠨ	байсан	12
тааралдсан	ᠭᠠᠵᠠᠷ ᠢᠶᠠᠨ	газраа	7
тааралдсан	ᠶᠠᠭᠤᠮ᠎ᠠ	юм	7
таарах	ᠨᠢ	нь	122
таарах	ᠪᠠᠶᠢᠬᠤ	байх	37
таарах	ᠪᠤᠢ	вэ	28
таарахгүй	ᠭᠡᠵᠦ	гэж	10
таарахгүй	ᠯᠠ	л	10
таарахгүй	ᠪᠠᠶᠢᠭ᠎ᠠ	байгаа	9
таардаг	ᠶᠠᠭᠤᠮ᠎ᠠ	юм	11
таардаг	ᠪᠠᠶᠢᠭᠰᠠᠨ	байсан	6
таарна	ᠰᠢᠦ	шүү	20
таарна	ᠭᠡᠵᠦ	гэж	17
таарна	ᠳ᠋ᠠ	даа	14
таарсан	ᠶᠠᠭᠤᠮ᠎ᠠ	юм	110
таарсан	ᠪᠠᠶᠢᠨ᠎ᠠ	байна	60
таарсан	ᠴᠤ	ч	37
тааруу	ᠪᠠᠶᠢᠭ᠎ᠠ	байгаа	91
тааруу	ᠪᠠᠶᠢᠭᠰᠠᠨ	байсан	52
тааруу	ᠪᠠᠶᠢᠨ᠎ᠠ	байна	45
тааруулаад	ᠯᠠ	л	8
тааруулах	ᠨᠢ	нь	7
тааруулах	ᠭᠡᠵᠦ	гэж	5
тааруулж	ᠪᠠᠶᠢᠭ᠎ᠠ	байгаа	5
тааруухан	ᠪᠠᠶᠢᠭ᠎ᠠ	байгаа	32
тааруухан	ᠪᠠᠶᠢᠭᠰᠠᠨ	байсан	17
тааруухан	ᠪᠠᠶᠢᠨ᠎ᠠ	байна	15
таарч	ᠪᠠᠶᠢᠨ᠎ᠠ	байна	125
таарч	ᠪᠠᠶᠢᠭ᠎ᠠ	байгаа	90
таарч	ᠪᠠᠶᠢᠭᠰᠠᠨ	байсан	46
таатай	ᠪᠠᠶᠢᠨ᠎ᠠ	байна	372
таатай	ᠣᠷᠴᠢᠨ	орчин	273
таатай	ᠨᠥᠬᠥᠴᠡᠯ	нөхцөл	184
таах	ᠠᠷᠭ᠎ᠠ ᠦᠭᠡᠢ	аргагүй	18
таашаал	ᠠᠪᠬᠤ	авах	32
таашаал	ᠠᠪᠳᠠᠭ	авдаг	29
таашаал	ᠠᠪᠴᠤ	авч	24
таблет	ᠨᠢ	нь	104
таблет	ᠪᠣᠯᠤᠨ	болон	25
таблет	ᠺᠣᠮᠫᠢᠶᠦ᠋ᠲ᠋ᠧᠷ	компьютер	20
тав	ᠳᠠᠬᠢ	дахь	715
тав	ᠬᠣᠨᠣᠭ ᠤᠨ	хоногийн	240
тав	ᠲᠤᠬᠠᠲᠠᠢ	тухтай	226
таваар	ᠨᠢ	нь	8
таваар	ᠳᠠᠪᠬᠢᠵᠤ	давхиж	5
таваар	ᠬᠤᠷᠳᠤᠯᠠᠵᠤ	хурдалж	5
таваг	ᠳᠡᠭᠡᠷ᠎ᠡ	дээр	7
таваг	ᠨᠢ	нь	5
таван	ᠲᠣᠯᠣᠭᠠᠢ	толгой	1408
таван	ᠵᠢᠯ ᠦᠨ	жилийн	1065
таван	ᠲᠣᠯᠣᠭᠠᠢ ᠶᠢᠨ	толгойн	934
тавантолгой	ᠲᠥᠰᠥᠯ	төсөл	69
тавантолгой	ᠴᠠᠬᠢᠯᠭᠠᠨ	цахилгаан	56
тавантолгой	ᠳᠡᠭᠡᠷ᠎ᠡ	дээр	43
тавдугаар	ᠰᠠᠷ᠎ᠠ ᠶᠢᠨ	сарын	2553
тавдугаар	ᠰᠠᠷ᠎ᠠ ᠳᠤ	сард	873
тавдугаар	ᠴᠠᠬᠢᠯᠭᠠᠨ	цахилгаан	113
тавиад	ᠪᠠᠶᠢᠭ᠎ᠠ	байгаа	216
тавиад	ᠪᠠᠶᠢᠨ᠎ᠠ	байна	93
тавиад	ᠯᠠ	л	50
тавигдах	ᠱᠠᠭᠠᠷᠳᠠᠯᠭ᠎ᠠ	шаардлага	171
тавигдах	ᠶᠠᠭᠤᠮ᠎ᠠ	юм	38
тавигдах	ᠨᠡᠶᠢᠲᠡᠯᠢᠭ	нийтлэг	34
тавилаа	ᠭᠡᠵᠦ	гэж	19
тавилаа	ᠭᠡᠳ	гээд	11
тавилаа	ᠭᠡᠰᠡᠨ	гэсэн	8
тавилан	ᠭᠡᠵᠦ	гэж	14
тавилан	ᠮᠢᠨᠢ	минь	14
тавилан	ᠶᠠᠭᠤᠮ᠎ᠠ	юм	13
тавилантай	ᠬᠦᠮᠦᠰ	хүмүүс	5
тавилантай	ᠬᠦᠮᠦᠨ	хүн	5
тавилга	ᠲᠣᠨᠣᠭ	тоног	26
тавилга	ᠨᠢ	нь	13
тавилга	ᠡᠳ᠋	эд	13
тавин	ᠠᠵᠢᠯᠯᠠᠵᠤ	ажиллаж	303
тавин	ᠨᠢᠭᠡ ᠡᠴᠡ	нэгээс	88
тавин	ᠬᠤᠪ ᠤᠨ	хувийн	37
тавина	ᠭᠡᠵᠦ	гэж	58
тавина	ᠭᠡᠰᠡᠨ	гэсэн	39
тавина	ᠭᠡᠳᠡᠭ	гэдэг	32
тавиулах	ᠤᠭᠢᠶᠠᠯ	угаал	20
тавиулах	ᠨᠢ	нь	7
тавиулах	ᠲᠣᠬᠢᠶᠠᠯᠳᠤᠯ	тохиолдол	6
тавих	ᠶᠣᠰᠣᠲᠠᠢ	ёстой	274
тавих	ᠨᠢ	нь	243
тавих	ᠶᠠᠭᠤᠮ᠎ᠠ	юм	167
тавихад	ᠨᠢ	нь	20
тавихад	ᠰᠠᠶᠢᠨ	сайн	18
тавихад	ᠬᠦᠷᠭᠡᠵᠦ	хүргэж	16
тавихгүй	ᠪᠣᠯ	бол	40
тавихгүй	ᠪᠠᠶᠢᠭ᠎ᠠ	байгаа	21
тавихгүй	ᠪᠠᠶᠢᠬᠤ	байх	14
тавихыг	ᠬᠦᠰᠴᠢ	хүсч	8
тавихыг	ᠬᠦᠰᠡᠭᠰᠡᠨ	хүссэн	7
тавны	ᠨᠢᠭᠡ	нэг	15
тавны	ᠨᠢᠭᠡ ᠶᠢ	нэгийг	10
тавны	ᠰᠠᠷ᠎ᠠ	сар	6
тавтай	ᠮᠣᠷᠢᠯᠠ	морил	75
тавтай	ᠨᠣᠶᠢᠷᠰᠤᠭᠠᠷᠠᠢ	нойрсоорой	17
тавтай	ᠰᠠᠶᠢᠬᠠᠨ	сайхан	17
тавхан	ᠨᠠᠰᠤᠲᠠᠢ	настай	12
тавхан	ᠵᠢᠯ ᠦᠨ	жилийн	11
тавхан	ᠰᠠᠷᠠ ᠲᠠᠢ	сартай	11
тавцан	ᠳᠡᠭᠡᠷ᠎ᠡ	дээр	64
тавцан	ᠳᠠᠬᠢ	дахь	53
тавцан	ᠨᠢ	нь	9
тавцанд	ᠭᠠᠷᠤᠭᠰᠠᠨ	гарсан	36
тавцанд	ᠵᠣᠭᠰᠣᠭᠰᠠᠨ	зогссон	32
тавцанд	ᠭᠠᠷᠴᠤ	гарч	31
тавь	ᠳᠠᠬᠢᠨ	дахин	64
тавь	ᠰᠠᠩ	сан	45
тавь	ᠭᠠᠷᠤᠢ	гаруй	14
тавьдаг	ᠶᠠᠭᠤᠮ᠎ᠠ	юм	54
тавьдаг	ᠪᠠᠶᠢᠭᠰᠠᠨ	байсан	50
тавьдаг	ᠪᠤᠢ	вэ	38
тавьж	ᠪᠠᠶᠢᠭ᠎ᠠ	байгаа	973
тавьж	ᠪᠠᠶᠢᠨ᠎ᠠ	байна	518
тавьж	ᠪᠠᠶᠢᠭᠰᠠᠨ	байсан	438
тавьжээ	ᠭᠡᠵᠦ	гэж	5
тавьсан	ᠶᠠᠭᠤᠮ᠎ᠠ	юм	408
тавьсан	ᠪᠠᠶᠢᠨ᠎ᠠ	байна	290
тавьсан	ᠨᠢ	нь	196
тавья	ᠭᠡᠵᠦ	гэж	16
тавья	ᠭᠡᠰᠡᠨ	гэсэн	6
таг	ᠴᠢᠭᠢ	чиг	109
таг	ᠳᠠᠭᠤ ᠦᠭᠡᠢ	дуугүй	30
таг	ᠴᠢᠮᠡᠭᠡ ᠦᠭᠡᠢ	чимээгүй	25
тагнуул	ᠴᠠᠭᠳᠠᠭ᠎ᠠ	цагдаа	17
тагнуул	ᠭᠡᠳ	гээд	7
тагнуул	ᠵᠡᠷᠭᠡ	зэрэг	7
тагнуулч	ᠠᠪᠤ	аав	17
тагтаа	ᠰᠢᠪᠠᠭᠤ	шувуу	6
тагтаа	ᠰᠢᠭ	шиг	5
таж	ᠪᠠᠶᠢᠭ᠎ᠠ	байгаа	8
тай	ᠬᠠᠮᠲᠤᠷᠠᠨ	хамтран	625
тай	ᠬᠣᠯᠪᠣᠭᠠᠲᠠᠢ	холбоотой	111
тай	ᠬᠠᠮᠲᠤᠷᠠᠵᠤ	хамтарч	90
тайван	ᠠᠶᠤᠯ ᠦᠭᠡᠢ	аюулгүй	92
тайван	ᠵᠠᠮ ᠢᠶᠠᠷ	замаар	73
тайван	ᠵᠢᠭᠰᠠᠭᠠᠯ	жагсаал	55
тайваны	ᠪᠠᠭ ᠲᠠᠢ	багтай	11
тайваны	ᠪᠥᠬᠡ	бөх	7
тайваны	ᠣᠯᠠᠨ	олон	6
тайвань	ᠤᠯᠤᠰ ᠤᠨ	улсын	37
тайвань	ᠤᠯᠤᠰ ᠲᠤ	улсад	26
тайвань	ᠶᠠᠫᠣᠨ	япон	21
тайвнаар	ᠵᠡᠷᠭᠡᠴᠡᠨ	зэрэгцэн	30
тайвны	ᠲᠥᠯᠥᠭᠡ	төлөө	7
тайвны	ᠥᠷᠭᠡᠨ	өргөн	7
тайвны	ᠱᠠᠩᠨᠠᠯᠲᠤ	шагналт	6
тайвширч	ᠪᠣᠯᠬᠤ ᠦᠭᠡᠢ	болохгүй	14
тайз	ᠵᠠᠰᠠᠯ	засал	22
тайз	ᠵᠠᠰᠠᠯᠲᠠ	засалт	17
тайз	ᠳᠡᠯᠭᠡᠴᠡ	дэлгэц	13
тайзан	ᠳᠡᠭᠡᠷ᠎ᠡ	дээр	609
тайзан	ᠳᠡᠭᠡᠷ᠎ᠡ ᠡᠴᠡ	дээрээс	43
тайзан	ᠳᠡᠭᠡᠷ᠎ᠡ ᠪᠡᠨ	дээрээ	19
тайзнаа	ᠭᠠᠷᠴᠤ	гарч	65
тайзнаа	ᠳᠠᠬᠢᠨ	дахин	55
тайзнаа	ᠠᠩᠬ᠎ᠠ	анх	45
тайзнаас	ᠪᠦᠲᠦᠬᠦ	бүтэх	7
тайзнаас	ᠪᠠᠭᠤᠯᠭᠠᠬᠤ	буулгах	6
тайзыг	ᠡᠵᠡᠩᠨᠡᠵᠦ	эзэгнэж	5
тайл	ᠪᠠᠷᠰ	бар	25
тайлаад	ᠰᠢᠳᠢ	шид	14
тайлагнах	ᠶᠣᠰᠣᠲᠠᠢ	ёстой	24
тайлагнах	ᠶᠠᠭᠤᠮ᠎ᠠ	юм	21
тайлагнах	ᠬᠢᠨᠠᠯᠲᠠ	хяналт	12
тайлан	ᠭᠠᠷᠭᠠᠬᠤ	гаргах	69
тайлан	ᠭᠠᠷᠭᠠᠵᠤ	гаргаж	52
тайлан	ᠨᠢ	нь	42
тайланг	ᠰᠤᠨᠤᠰᠬᠤ	сонсох	34
тайланг	ᠨᠢ	нь	30
тайланг	ᠬᠡᠯᠡᠯᠴᠡᠵᠦ	хэлэлцэж	24
тайлах	ᠬᠠᠤᠯᠢ ᠶᠢᠨ	хуулийн	35
тайлах	ᠲᠤᠬᠠᠢ	тухай	31
тайлах	ᠭᠡᠵᠦ	гэж	21
тайлбар	ᠥᠭᠬᠦ	өгөх	130
тайлбар	ᠬᠢᠬᠦ	хийх	101
тайлбар	ᠬᠢᠵᠦ	хийж	90
тайлбарлагч	ᠡ	э	7
тайлбарлагч	ᠨᠠᠷᠠ	нар	5
тайлбарлаж	ᠪᠠᠶᠢᠨ᠎ᠠ	байна	349
тайлбарлаж	ᠪᠠᠶᠢᠭ᠎ᠠ	байгаа	284
тайлбарлаж	ᠪᠠᠶᠢᠭᠰᠠᠨ	байсан	110
тайлбарлах	ᠨᠢ	нь	60
тайлбарлах	ᠪᠤᠢ	вэ	50
тайлбарлах	ᠶᠠᠭᠤᠮ᠎ᠠ	юм	22
тайлдаг	ᠪᠠᠶᠢᠭᠰᠠᠨ	байсан	5
тайлдаг	ᠪᠥᠭᠡᠳ	бөгөөд	5
тайлж	ᠪᠤᠢ ᠶᠢ ᠪᠠᠨ	буйгаа	24
тайлж	ᠪᠠᠶᠢᠭ᠎ᠠ	байгаа	21
тайлж	ᠪᠠᠶᠢᠨ᠎ᠠ	байна	11
тайлна	ᠭᠡᠳᠡᠭ ᠢᠶᠡᠨ	гэдгээ	10
тайлна	ᠭᠡᠵᠦ	гэж	9
тайлна	ᠭᠡᠳᠡᠭ	гэдэг	6
тайлсан	ᠶᠠᠭᠤᠮ᠎ᠠ	юм	14
тайлсан	ᠴᠤ	ч	10
тайлсан	ᠪᠢᠯᠡ	билээ	8
тайх	ᠲᠥᠷᠥ ᠶᠢᠨ	төрийн	29
тайх	ᠶᠣᠰᠣᠯᠠᠯ	ёслол	10
тайх	ᠲᠠᠬᠢᠯᠭ᠎ᠠ	тахилга	6
такси	ᠦᠢᠯᠡᠴᠢᠯᠡᠭᠡ	үйлчилгээ	10
такси	ᠪᠠᠷᠢ ᠳᠤ	бариад	6
такси	ᠪᠠᠷᠢᠬᠤ	барих	5
тактик	ᠪᠣᠯᠪᠠᠰᠤᠷᠠᠭᠤᠯᠵᠤ	боловсруулж	11
тактик	ᠨᠢ	нь	11
тактик	ᠪᠠᠷᠢᠵᠤ	барьж	7
тал	ᠳᠡᠭᠡᠷ᠎ᠡ	дээр	2661
тал	ᠨᠢ	нь	1470
тал	ᠪᠤᠢ	бий	410
талаа	ᠠᠰᠢᠭᠯᠠᠨ	ашиглан	30
талаа	ᠠᠰᠢᠭᠯᠠᠵᠤ	ашиглаж	16
талаа	ᠠᠰᠢᠭᠯᠠᠬᠤ	ашиглах	9
талаар	ᠮᠡᠳᠡᠭᠡᠯᠡᠯ	мэдээлэл	1492
талаар	ᠪᠠᠷᠢᠮᠲᠠᠯᠠᠬᠤ	баримтлах	974
талаар	ᠰᠠᠨᠠᠯ	санал	919
талаараа	ᠥᠨᠥᠳᠥᠷ	өнөөдөр	30
талаараа	ᠮᠡᠳᠡᠭᠡᠯᠡᠯ	мэдээлэл	29
талаараа	ᠡᠨᠡ	энэ	16
талаарх	ᠮᠡᠳᠡᠭᠡᠯᠡᠯ	мэдээлэл	415
талаарх	ᠳᠡᠯᠭᠡᠷᠡᠩᠭᠦᠢ	дэлгэрэнгүй	211
талаарх	ᠬᠠᠤᠯᠢ	хууль	101
талаас	ᠨᠢ	нь	1373
талаас	ᠢᠯᠡᠭᠦᠦ	илүү	153
талаас	ᠮᠣᠩᠭᠣᠯ	монгол	69
талаасаа	ᠴᠤ	ч	66
талаасаа	ᠪᠣᠯ	бол	32
талаасаа	ᠡᠨᠡ	энэ	23
талархаж	ᠪᠠᠶᠢᠨ᠎ᠠ	байна	339
талархаж	ᠪᠠᠶᠢᠭ᠎ᠠ ᠪᠠᠨ	байгаагаа	152
талархаж	ᠪᠤᠢ ᠶᠢ ᠪᠠᠨ	буйгаа	97
талархал	ᠢᠯᠡᠷᠬᠡᠶᠢᠯᠡᠶ᠎ᠡ	илэрхийлье	312
талархал	ᠢᠯᠡᠷᠬᠡᠶᠢᠯᠡᠭᠡᠳ	илэрхийлээд	187
талархал	ᠢᠯᠡᠷᠬᠡᠶᠢᠯᠡᠵᠦ	илэрхийлж	163
талархан	ᠬᠦᠯᠢᠶᠡᠨ	хүлээн	71
талархан	ᠬᠦᠯᠢᠶᠡᠵᠦ	хүлээж	35
талархан	ᠳᠡᠮᠵᠢᠵᠦ	дэмжиж	27
талархах	ᠶᠣᠰᠣᠲᠠᠢ	ёстой	15
талархах	ᠬᠡᠷᠡᠭᠲᠡᠢ	хэрэгтэй	13
талархах	ᠤᠴᠢᠷᠲᠠᠢ	учиртай	7
талбай	ᠳᠡᠭᠡᠷ᠎ᠡ	дээр	669
талбай	ᠳᠡᠭᠡᠷ᠎ᠡ ᠪᠡᠨ	дээрээ	199
талбай	ᠪᠦᠬᠦᠢ	бүхий	152
талбайг	ᠨᠢ	нь	23
талбайг	ᠬᠠᠮᠤᠷᠤᠭᠰᠠᠨ	хамарсан	19
талбайг	ᠨᠥᠬᠥᠨ	нөхөн	16
талбайд	ᠵᠣᠴᠢᠯᠠᠨ	зочлон	94
талбайд	ᠵᠣᠬᠢᠶᠠᠨ	зохион	88
талбайд	ᠪᠣᠯᠬᠤ	болох	85
талбайн	ᠡᠵᠡᠨ	эзэн	137
талбайн	ᠡᠵᠡᠳ	эзэд	113
талбайн	ᠬᠡᠮᠵᠢᠶ᠎ᠡ	хэмжээ	95
талбар	ᠪᠦᠬᠦᠢ	бүхий	189
талбар	ᠪᠣᠯᠤᠭᠰᠠᠨ	болсон	23
талбар	ᠳᠡᠭᠡᠷ᠎ᠡ	дээр	22
талбарт	ᠴᠤ	ч	9
талбарт	ᠰᠣᠶᠢᠬᠤ	сойх	6
талбарт	ᠬᠦᠴᠦ	хүч	6
талд	ᠨᠢ	нь	396
талд	ᠪᠠᠶᠢᠷᠢᠯᠠᠬᠤ	байрлах	87
талд	ᠨᠢᠭᠡᠴᠡ	нэгж	60
талдаа	ᠵᠢᠯᠣᠭᠣ ᠲᠠᠢ	жолоотой	30
талдаа	ᠠᠰᠢᠭᠲᠠᠢ	ашигтай	25
талдаа	ᠴᠤ	ч	22
талийгаач	ᠥᠬᠢᠨ ᠤ	охины	79
талийгаач	ᠪ	б	36
талийгаач	ᠳ	д	36
талон	ᠣᠯᠭᠣᠬᠤ	олгох	9
талст	ᠮᠠᠷᠭᠠᠳ	маргад	11
талст	ᠵᠢᠯ	жил	9
талст	ᠬᠠᠮᠲᠤᠯᠢᠭ	хамтлаг	6
талтай	ᠶᠠᠭᠤᠮ᠎ᠠ	юм	179
талтай	ᠠᠵᠤ	аж	84
талтай	ᠭᠡᠵᠦ	гэж	49
талууд	ᠬᠣᠶᠠᠷ	хоёр	70
талууд	ᠬᠠᠷᠢᠯᠴᠠᠨ	харилцан	48
талууд	ᠮᠣᠩᠭᠣᠯ	монгол	43
талх	ᠰᠢᠬᠢᠷ	чихэр	111
талх	ᠨᠠᠷᠢᠨ	нарийн	38
талх	ᠲᠠᠷᠢᠶ᠎ᠠ	тариа	12
талхны	ᠦᠨ᠎ᠡ	үнэ	49
талхны	ᠼᠧᠬᠡ	цех	10
талхны	ᠮᠥᠩᠭᠥ	мөнгө	7
талыг	ᠨᠢ	нь	180
талыг	ᠪᠠᠷᠢᠭᠰᠠᠨ	барьсан	63
талыг	ᠪᠠᠷᠢᠵᠤ	барьж	38
талын	ᠨᠤᠲᠤᠭ ᠢᠶᠠᠷ	нутгаар	227
талын	ᠬᠠᠮᠲᠤ ᠶᠢᠨ	хамтын	175
талын	ᠵᠠᠮ	зам	146
там	ᠬᠢ	хи	13
там	ᠪᠣᠯᠭᠠᠵᠤ	болгож	5
там	ᠪᠣᠯᠭᠠᠭᠰᠠᠨ	болгосон	5
тамга	ᠲᠡᠮᠳᠡᠭ	тэмдэг	114
тамга	ᠳᠠᠷᠤᠵᠤ	дарж	14
тамга	ᠨᠢ	нь	12
тамир	ᠰᠫᠣᠷᠲ	спорт	64
тамир	ᠴᠢᠨ	чин	59
тамир	ᠲᠡᠩᠬᠡᠭᠡ	тэнхээ	24
тамирч	ᠨ ᠤ	ны	6
тамирын	ᠳᠡᠭᠡᠳᠦ	дээд	181
тамирын	ᠪᠠᠭᠰᠢ	багш	56
тамирын	ᠬᠢᠴᠢᠶᠡᠯ	хичээл	20
тамсаг	ᠮᠣᠩᠭᠣᠯ	монгол	16
тамсаг	ᠬᠬᠺ	ххк	5
тамхи	ᠲᠠᠲᠠᠬᠤ	татах	219
тамхи	ᠲᠠᠲᠠᠳᠠᠭ	татдаг	121
тамхи	ᠲᠠᠲᠠᠵᠤ	татаж	79
тамхиа	ᠲᠠᠲᠠᠭᠠᠳ	татаад	5
тамхийг	ᠨᠢ	нь	7
тамхинаас	ᠭᠠᠷᠬᠤ	гарах	12
тамхинаас	ᠭᠠᠷᠭᠠᠬᠤ	гаргах	8
тамхинаас	ᠢᠯᠡᠭᠦᠦ	илүү	8
тамхинд	ᠳᠣᠩᠲᠣᠬᠤ	донтох	7
тамхинд	ᠤᠷᠤᠬᠤ	орох	5
тамхинд	ᠣᠷᠣᠬᠤ ᠠᠴᠠ	орохоос	5
тамхины	ᠬᠡᠷᠡᠭ ᠲᠦ	хэрэгт	127
тамхины	ᠬᠡᠷᠡᠭᠯᠡᠭᠡ	хэрэглээ	90
тамхины	ᠬᠡᠷᠡᠭ ᠢᠶᠡᠷ	хэргээр	73
тамхичин	ᠪᠡᠶ᠎ᠡ ᠪᠡᠨ	биеэ	9
тамын	ᠲᠣᠭᠣᠭ᠎ᠠ	тогоо	7
тан	ᠬᠢᠮ᠎ᠠ	хим	15
тан	ᠳᠡᠭᠡᠷ᠎ᠡ	дээр	12
тан	ᠷᠤ	руу	11
танай	ᠨᠠᠮ ᠤᠨ	намын	174
танай	ᠺᠣᠮᠫᠠᠨᠢ	компани	117
танай	ᠨᠠᠮ	нам	114
танайд	ᠪᠠᠶᠢᠨ᠎ᠠ	байна	8
танайд	ᠬᠠᠨᠳᠤᠵᠤ	хандаж	8
танайд	ᠬᠣᠨᠣᠶ᠎ᠠ	хоноё	8
танайх	ᠡᠨᠡ	энэ	14
танайх	ᠶᠠᠮᠠᠷ	ямар	14
танайх	ᠷᠤ	руу	12
танан	ᠥᠬᠢᠨ ᠤ	охины	17
танан	ᠥᠬᠢᠨ ᠳᠦ	охинд	10
танах	ᠶᠣᠰᠣᠲᠠᠢ	ёстой	16
танах	ᠨᠢ	нь	13
танах	ᠬᠡᠷᠡᠭᠲᠡᠢ	хэрэгтэй	11
тангараг	ᠡᠷᠭᠦᠬᠦ	өргөх	254
тангараг	ᠡᠷᠭᠦᠭᠰᠡᠨ	өргөсөн	185
тангараг	ᠥᠷᠭᠥᠭᠦᠯᠬᠦ	өргүүлэх	76
тангаргаа	ᠡᠷᠭᠦᠭᠰᠡᠨ	өргөсөн	17
тангаргаа	ᠡᠷᠭᠦᠬᠦ	өргөх	16
тангаргаа	ᠡᠷᠭᠦᠵᠦ	өргөж	13
танго	ᠪᠦᠵᠢᠭ ᠦᠨ	бүжгийн	7
танд	ᠪᠠᠶᠠᠷᠯᠠᠯ᠎ᠠ	баярлалаа	20135
танд	ᠲᠠᠭᠠᠯᠠᠭᠳᠠᠵᠤ	таалагдаж	20011
танд	ᠶᠠᠮᠠᠷ	ямар	174
тандалт	ᠰᠤᠳᠤᠯᠭ᠎ᠠ	судалгаа	63
тандалт	ᠬᠢᠵᠦ	хийж	12
тандалт	ᠰᠢᠨᠵᠢᠯᠡᠭᠡ	шинжилгээ	10
таниас	ᠥᠭᠡᠷ᠎ᠡ	өөр	8
танигдаж	ᠪᠠᠶᠢᠭᠰᠠᠨ	байсан	7
танигдаж	ᠡᠬᠢᠯᠡᠭᠰᠡᠨ	эхэлсэн	6
танил	ᠪᠣᠯᠤᠭᠰᠠᠨ	болсон	236
танил	ᠲᠠᠯ᠎ᠠ	тал	164
танил	ᠮᠠᠨᠢ	маань	41
танилцаагүй	ᠭᠡᠰᠡᠨ	гэсэн	6
танилцаагүй	ᠪᠠᠶᠢᠭ᠎ᠠ	байгаа	5
танилцаад	ᠤᠳᠠᠭ᠎ᠠ ᠦᠭᠡᠢ	удаагүй	10
танилцаад	ᠢᠷᠡᠭᠰᠡᠨ	ирсэн	9
танилцаад	ᠢᠷᠡᠯ᠎ᠡ	ирлээ	8
танилцаж	ᠠᠮᠵᠢᠭ᠎ᠠ ᠦᠭᠡᠢ	амжаагүй	56
танилцаж	ᠪᠠᠶᠢᠭ᠎ᠠ	байгаа	46
танилцаж	ᠪᠠᠶᠢᠨ᠎ᠠ	байна	43
танилцана	ᠤᠤ	уу	54
танилцана	ᠭᠡᠵᠦ	гэж	5
танилцах	ᠶᠠᠭᠤᠮ᠎ᠠ	юм	80
танилцах	ᠪᠣᠯᠤᠮᠵᠢ ᠲᠠᠢ	боломжтой	75
танилцах	ᠦᠶ᠎ᠡ ᠪᠡᠷ	үеэр	43
танилцлаа	ᠤᠡᠬ	уих	6
танилцсан	ᠶᠠᠭᠤᠮ᠎ᠠ	юм	160
танилцсан	ᠪᠠᠶᠢᠨ᠎ᠠ	байна	71
танилцсан	ᠪᠥᠭᠡᠳ	бөгөөд	21
танилцуулав	ᠬᠡᠮᠡᠨ	хэмээн	12
танилцуулав	ᠭᠡᠵᠦ	гэж	7
танилцуулах	ᠶᠠᠭᠤᠮ᠎ᠠ	юм	208
танилцуулах	ᠠᠵᠤ	аж	57
танилцуулах	ᠭᠡᠵᠦ	гэж	45
танилцуулдаг	ᠪᠢᠯᠡ	билээ	15
танилцуулдаг	ᠶᠠᠭᠤᠮ᠎ᠠ	юм	12
танилцуулдаг	ᠪᠠᠶᠢᠭᠰᠠᠨ	байсан	6
танилцуулж	ᠪᠠᠶᠢᠨ᠎ᠠ	байна	618
танилцуулж	ᠪᠠᠶᠢᠭᠰᠠᠨ	байсан	107
танилцуулж	ᠪᠠᠶᠢᠭ᠎ᠠ	байгаа	86
танилцууллаа	ᠭᠡᠵᠦ	гэж	17
танилцууллаа	ᠬᠡᠮᠡᠨ	хэмээн	9
танилцуулсан	ᠶᠠᠭᠤᠮ᠎ᠠ	юм	621
танилцуулсан	ᠪᠠᠶᠢᠨ᠎ᠠ	байна	195
танилцуулсан	ᠪᠥᠭᠡᠳ	бөгөөд	94
танилцуулъя	ᠭᠡᠵᠦ	гэж	7
танилын	ᠮᠠᠨᠢ	маань	9
танилын	ᠨᠢᠭᠤᠷ	нүүр	8
танилын	ᠬᠦᠷ᠎ᠡ	хүрээ	8
танин	ᠮᠡᠳᠡᠬᠦ	мэдэх	61
танин	ᠮᠡᠳᠡᠵᠦ	мэдэж	26
танин	ᠮᠡᠳᠡᠭᠦᠯᠬᠦ	мэдүүлэх	12
таниулах	ᠵᠣᠷᠢᠯᠭ᠎ᠠ ᠲᠠᠢ	зорилготой	47
таниулах	ᠨᠢ	нь	23
таниулах	ᠬᠡᠷᠡᠭᠲᠡᠢ	хэрэгтэй	22
таниулж	ᠪᠠᠶᠢᠭ᠎ᠠ	байгаа	14
таниулж	ᠴᠢᠳᠠᠭᠰᠠᠨ	чадсан	11
таниулж	ᠶᠠᠪᠤᠭ᠎ᠠ	яваа	10
таниулсан	ᠶᠠᠭᠤᠮ᠎ᠠ	юм	7
таниулсан	ᠠᠯᠳᠠᠷᠲᠤ	алдарт	5
таниулсан	ᠨᠢ	нь	5
таних	ᠲᠡᠮᠳᠡᠭ	тэмдэг	43
таних	ᠡᠮᠡᠭᠲᠡᠢ	эмэгтэй	26
таних	ᠬᠦᠮᠦᠨ	хүн	14
танихгүй	ᠬᠦᠮᠦᠨ	хүн	46
танихгүй	ᠴᠤ	ч	16
танихгүй	ᠮᠡᠳᠡᠬᠦ ᠦᠭᠡᠢ	мэдэхгүй	14
танк	ᠨᠢ	нь	7
тансаг	ᠬᠡᠷᠡᠭᠯᠡᠭᠡ	хэрэглээ	45
тансаг	ᠴᠠᠮᠢᠩ	чамин	19
тансаг	ᠰᠠᠶᠢᠬᠠᠨ	сайхан	13
тантай	ᠠᠭᠤᠯᠵᠠᠵᠤ	уулзаж	39
тантай	ᠬᠠᠮᠲᠤ	хамт	35
тантай	ᠬᠣᠯᠪᠣᠭᠠᠲᠠᠢ	холбоотой	25
танхай	ᠲᠡᠭᠡᠭᠡᠭᠴᠢ	тээгч	19
танхай	ᠡᠮᠡᠭᠡ	эмээ	11
танхай	ᠡᠲᠡᠭᠡᠳ	этгээд	7
танхим	ᠳᠦᠭᠦᠷᠡᠩ	дүүрэн	70
танхим	ᠨᠢ	нь	67
танхим	ᠳᠠᠬᠢ	дахь	45
танхимаас	ᠭᠠᠷᠴᠤ	гарч	18
танхимаас	ᠣᠯᠵᠤ	олж	10
танхимаас	ᠭᠠᠷᠭᠠᠭᠰᠠᠨ	гаргасан	6
танхимд	ᠪᠣᠯᠬᠤ	болох	191
танхимд	ᠪᠣᠯᠤᠨ᠎ᠠ	болно	182
танхимд	ᠵᠣᠬᠢᠶᠠᠨ	зохион	113
таны	ᠬᠤᠪᠢ ᠳᠤ	хувьд	562
таны	ᠪᠣᠳᠣᠯ ᠢᠶᠠᠷ	бодлоор	172
таны	ᠡᠨᠡ	энэ	115
таныг	ᠡᠨᠡ	энэ	37
таныг	ᠶᠡᠬᠡ	их	26
таныг	ᠮᠣᠩᠭᠣᠯ	монгол	26
таныгаа	ᠯᠠ	л	10
тань	ᠶᠠᠭᠤ	юу	57
тань	ᠶᠠᠮᠠᠷ	ямар	40
тань	ᠬᠤᠪᠢ ᠳᠤ	хувьд	37
таньд	ᠪᠠᠶᠠᠷᠯᠠᠯ᠎ᠠ	баярлалаа	14
таньд	ᠶᠠᠮᠠᠷ	ямар	14
таньд	ᠡᠨᠡ	энэ	9
таньдаа	ᠬᠠᠶᠢᠷᠠᠲᠠᠢ	хайртай	11
таньдаа	ᠬᠡᠦ	хүү	6
таньдаа	ᠪᠢ	би	5
таньдаг	ᠬᠦᠮᠦᠨ	хүн	24
таньдаг	ᠪᠣᠯᠤᠭᠰᠠᠨ	болсон	18
таньдаг	ᠪᠠᠶᠢᠭᠰᠠᠨ	байсан	16
таньж	ᠮᠡᠳᠡᠬᠦ	мэдэх	57
таньж	ᠮᠡᠳᠡᠬᠦ ᠦᠭᠡᠢ	мэдэхгүй	23
таньж	ᠮᠡᠳᠡᠳᠡᠭ	мэддэг	21
таньсан	ᠶᠠᠭᠤᠮ᠎ᠠ ᠪᠠᠨ	юмаа	6
таньтай	ᠣᠶᠢᠷ᠎ᠠ	ойр	5
тар	ᠰᠠᠩ	сан	9
тар	ᠨᠢ	нь	5
тараад	ᠪᠠᠶᠢᠭ᠎ᠠ	байгаа	25
тараад	ᠪᠠᠶᠢᠨ᠎ᠠ	байна	15
тараад	ᠭᠡᠷ ᠲᠦ ᠪᠡᠨ	гэртээ	12
тарааж	ᠪᠠᠶᠢᠭ᠎ᠠ	байгаа	84
тарааж	ᠪᠠᠶᠢᠨ᠎ᠠ	байна	47
тарааж	ᠪᠠᠶᠢᠭᠰᠠᠨ	байсан	28
тараана	ᠭᠡᠵᠦ	гэж	22
тараана	ᠭᠡᠰᠡᠨ	гэсэн	9
тараасан	ᠨᠢ	нь	69
тараасан	ᠪᠠᠶᠢᠨ᠎ᠠ	байна	42
тараасан	ᠭᠡᠬᠦ	гэх	31
тараах	ᠶᠠᠭᠤᠮ᠎ᠠ	юм	42
тараах	ᠨᠢ	нь	40
тараах	ᠠᠵᠢᠯ ᠢ	ажлыг	34
тараг	ᠨᠢ	нь	9
тараг	ᠰᠦ᠋	сүү	5
таран	ᠬᠢᠵᠦ	хийж	23
таран	ᠬᠢᠭᠰᠡᠨ	хийсэн	16
таран	ᠬᠢᠳᠡᠭ	хийдэг	12
тарах	ᠴᠠᠭ ᠢ	цагийг	15
тарах	ᠪᠣᠯᠤᠭᠰᠠᠨ	болсон	8
тарах	ᠶᠣᠰᠣᠲᠠᠢ	ёстой	8
тарга	ᠲᠡᠪᠡᠭᠡᠷᠡᠭ	тэвээрэг	15
тарга	ᠬᠦᠴᠦ	хүч	12
тарга	ᠬᠦᠴᠦᠨ ᠦ	хүчний	6
тарган	ᠲᠠᠪᠠᠲᠠᠢ	тавтай	10
тарган	ᠰᠠᠶᠢᠬᠠᠨ	сайхан	9
тарган	ᠲᠤᠷᠠᠩᠬᠠᠢ	туранхай	6
тарж	ᠪᠠᠶᠢᠭ᠎ᠠ	байгаа	20
тарж	ᠪᠠᠶᠢᠨ᠎ᠠ	байна	17
тарж	ᠪᠤᠲᠠᠷᠠᠭᠰᠠᠨ	бутарсан	13
тариа	ᠡᠭᠦᠨ ᠡᠴᠡ	үүнээс	81
тариа	ᠮᠢᠩᠭᠠᠨ	мянган	29
тариа	ᠨᠣᠭᠣᠭ᠎ᠠ	ногоо	27
тариагаа	ᠲᠠᠷᠢᠵᠤ	тарьж	5
тариагаа	ᠡᠺᠰᠫᠣᠷᠲᠯᠠᠬᠤ	экспортлох	5
тариад	ᠪᠠᠶᠢᠨ᠎ᠠ	байна	54
тариад	ᠪᠠᠶᠢᠭ᠎ᠠ	байгаа	49
тариад	ᠪᠠᠶᠢᠭᠰᠠᠨ	байсан	18
тариалан	ᠰᠤᠮᠤ ᠶᠢᠨ	сумын	74
тариалан	ᠮᠠᠯ	мал	46
тариалан	ᠡᠷᠬᠢᠯᠡᠬᠦ	эрхлэх	40
тариалах	ᠠᠵᠤ	аж	8
тариалах	ᠶᠠᠭᠤᠮ᠎ᠠ	юм	7
тариалах	ᠲᠠᠯᠠᠪᠠᠢ	талбай	6
тариан	ᠲᠠᠯᠠᠪᠠᠢ	талбай	20
тариан	ᠲᠠᠯᠠᠪᠠᠢ ᠳᠤ	талбайд	12
тариан	ᠲᠠᠯᠠᠪᠠᠢ ᠶᠢᠨ	талбайн	8
тарианы	ᠬᠤᠷᠢᠶᠠᠯᠲᠠ	хураалт	12
тарианы	ᠦᠢᠯᠡᠳᠪᠦᠷᠢᠯᠡᠯ	үйлдвэрлэл	11
тарианы	ᠦᠨ᠎ᠡ	үнэ	10
тарилга	ᠬᠢᠯᠭᠡᠭᠰᠡᠨ	хийлгэсэн	8
тарилга	ᠬᠢᠯᠭᠡᠬᠦ	хийлгэх	7
тарилга	ᠬᠠᠩᠭᠠᠯᠲᠠᠲᠠᠢ	хангалттай	5
таримал	ᠣᠢ	ой	22
таримал	ᠣᠢ ᠶᠢᠨ	ойн	22
таримал	ᠤᠷᠭᠤᠮᠠᠯ ᠤᠨ	ургамлын	9
тарина	ᠭᠡᠵᠦ	гэж	8
тарина	ᠭᠡᠳᠡᠭ	гэдэг	6
тарих	ᠦᠨᠳᠦᠰᠦᠨ ᠦ	үндэсний	148
тарих	ᠠᠵᠢᠯ ᠢ	ажлыг	34
тарих	ᠶᠠᠭᠤᠮ᠎ᠠ	юм	34
тархаад	ᠪᠠᠶᠢᠭ᠎ᠠ	байгаа	41
тархаад	ᠪᠠᠶᠢᠨ᠎ᠠ	байна	25
тархаад	ᠪᠤᠢ	буй	16
тархаж	ᠪᠠᠶᠢᠭ᠎ᠠ	байгаа	38
тархаж	ᠪᠠᠶᠢᠨ᠎ᠠ	байна	12
тархаж	ᠪᠤᠢ	буй	11
тархалт	ᠥᠨᠳᠥᠷ	өндөр	26
тархалт	ᠨᠢ	нь	17
тархалт	ᠶᠡᠬᠡ	их	14
тархах	ᠮᠠᠭᠠᠳᠯᠠᠯ ᠲᠠᠢ	магадлалтай	14
тархах	ᠨᠥᠬᠥᠴᠡᠯ	нөхцөл	6
тархах	ᠡᠷᠦᠰᠳᠡᠯ	эрсдэл	6
тархвар	ᠰᠤᠳᠤᠯᠤᠭᠴᠢ	судлагч	8
тархвар	ᠰᠤᠳᠤᠯᠤᠯ	судлал	8
тархвар	ᠵᠦᠢ ᠶᠢᠨ	зүйн	5
тархи	ᠨᠢ	нь	64
тархи	ᠨᠢᠷᠤᠭᠤ	нуруу	24
тархи	ᠲᠣᠯᠣᠭᠠᠢ	толгой	19
тархиа	ᠴᠡᠨᠡᠭᠯᠡᠬᠦ	цэнэглэх	5
тархийг	ᠨᠢ	нь	19
тархийг	ᠤᠭᠢᠶᠠᠵᠤ	угааж	14
тархийг	ᠤᠬᠢᠶᠠᠬᠤ	угаах	9
тархинд	ᠨᠢ	нь	34
тархинд	ᠴᠢᠰᠤ	цус	34
тархинд	ᠪᠠᠶᠢᠭ᠎ᠠ	байгаа	7
тархиндаа	ᠬᠦᠨᠳᠦ	хүнд	19
тархиндаа	ᠭᠡᠮᠲᠦᠯ	гэмтэл	12
тархины	ᠴᠢᠰᠤ	цус	51
тархины	ᠦᠢᠯᠡ	үйл	41
тархины	ᠬᠣᠣᠷᠲᠤ	хорт	21
тархсан	ᠪᠠᠶᠢᠨ᠎ᠠ	байна	17
тархсан	ᠪᠠᠶᠢᠳᠠᠭ	байдаг	16
тархсан	ᠨᠢ	нь	13
тарчиг	ᠴᠠᠭ ᠢᠶᠠᠷ	цагаар	6
тарчиг	ᠴᠠᠭ ᠲᠤ	цагт	5
тарьж	ᠤᠷᠭᠤᠭᠤᠯᠤᠭᠰᠠᠨ	ургуулсан	97
тарьж	ᠪᠠᠶᠢᠭᠰᠠᠨ	байсан	77
тарьж	ᠪᠠᠶᠢᠨ᠎ᠠ	байна	59
тарьсан	ᠮᠣᠳᠣ	мод	46
тарьсан	ᠪᠠᠶᠢᠨ᠎ᠠ	байна	37
тарьсан	ᠶᠠᠭᠤᠮ᠎ᠠ	юм	33
тас	ᠬᠠᠷ᠎ᠠ	хар	23
тас	ᠲᠠᠰ	тас	18
тас	ᠬᠢᠲᠡᠯ᠎ᠡ	хийтэл	13
тасаг	ᠨᠢ	нь	48
тасаг	ᠷᠤ	руу	43
тасаг	ᠴᠠᠭ ᠢᠶᠠᠷ	цагаар	12
тасалбар	ᠮᠢᠩᠭᠠᠨ	мянган	176
тасалбар	ᠨᠢ	нь	63
тасалбар	ᠬᠤᠳᠠᠯᠳᠤᠨ	худалдан	36
тасалгаа	ᠨᠢ	нь	8
тасалгаа	ᠪᠦᠬᠦᠢ	бүхий	6
тасалгаа	ᠪᠣᠯᠤᠨ	болон	5
тасалдал	ᠪᠤᠢ	бий	10
тасалдал	ᠨᠢ	нь	7
тасалдал	ᠲᠡᠷᠪᠤᠮ	тэрбум	5
тасалж	ᠠᠪᠤᠭᠠᠳ	аваад	6
тасалж	ᠪᠠᠶᠢᠭ᠎ᠠ	байгаа	5
тасалж	ᠪᠣᠯᠬᠤ ᠦᠭᠡᠢ	болохгүй	5
тасалсан	ᠪᠠᠶᠢᠨ᠎ᠠ	байна	5
тасарсан	ᠪᠠᠶᠢᠨ᠎ᠠ	байна	23
тасарсан	ᠨᠢ	нь	18
тасарсан	ᠴᠤ	ч	11
тасархай	ᠲᠦᠷᠦᠭᠦᠯᠡᠵᠦ	түрүүлж	23
тасархай	ᠲᠦᠷᠦᠭᠦᠯᠡᠭᠰᠡᠨ	түрүүлсэн	9
тасархай	ᠶᠠᠭᠤᠮ᠎ᠠ	юм	5
тасарч	ᠪᠠᠶᠢᠭ᠎ᠠ	байгаа	19
тасарч	ᠪᠠᠶᠢᠨ᠎ᠠ	байна	12
тасарч	ᠡᠬᠢᠯᠡᠭᠰᠡᠨ	эхэлсэн	8
таслан	ᠵᠣᠭᠰᠣᠬᠤ	зогсоох	353
таслан	ᠰᠡᠷᠭᠡᠶᠢᠯᠡᠬᠦ	сэргийлэх	181
таслан	ᠵᠣᠭᠰᠣᠭᠠᠵᠤ	зогсоож	126
таслах	ᠦᠢᠯᠡ	үйл	48
таслах	ᠠᠵᠢᠯ ᠤᠨ	ажлын	43
таслах	ᠠᠵᠢᠯᠯᠠᠭ᠎ᠠ	ажиллагаа	40
тасраагүй	ᠪᠠᠶᠢᠨ᠎ᠠ	байна	15
тасраад	ᠪᠠᠶᠢᠭᠰᠠᠨ	байсан	40
тасраад	ᠪᠠᠶᠢᠨ᠎ᠠ	байна	22
тасраад	ᠪᠠᠶᠢᠭ᠎ᠠ	байгаа	8
тасрах	ᠨᠢ	нь	15
тасрах	ᠭᠡᠳ	гээд	6
тасрах	ᠲᠥᠯᠥᠪᠲᠡᠢ	төлөвтэй	6
тасрахгүй	ᠪᠠᠶᠢᠭ᠎ᠠ	байгаа	35
тасрахгүй	ᠪᠠᠶᠢᠨ᠎ᠠ	байна	34
тасрахгүй	ᠨᠢ	нь	14
тат	ᠸᠠᠷ	вар	47
тат	ᠭᠠᠯ	гал	9
тат	ᠰᠠᠩ	сан	6
татаад	ᠪᠠᠶᠢᠭ᠎ᠠ	байгаа	117
татаад	ᠪᠠᠶᠢᠨ᠎ᠠ	байна	88
татаад	ᠪᠠᠶᠢᠭᠰᠠᠨ	байсан	28
татаас	ᠥᠭᠴᠦ	өгч	15
татаас	ᠠᠪᠳᠠᠭ	авдаг	13
татаас	ᠠᠪᠴᠤ	авч	12
татагдаад	ᠪᠠᠶᠢᠭ᠎ᠠ	байгаа	63
татагдаад	ᠪᠤᠢ	буй	15
татагдаад	ᠪᠠᠶᠢᠭᠰᠠᠨ	байсан	5
татагдаж	ᠪᠠᠶᠢᠨ᠎ᠠ	байна	11
татагдаж	ᠪᠠᠶᠢᠭ᠎ᠠ	байгаа	8
татагдаж	ᠪᠠᠶᠢᠭᠰᠠᠨ	байсан	5
татагдан	ᠣᠷᠣᠵᠤ	орж	11
татагдан	ᠣᠷᠣᠭᠰᠠᠨ	орсон	8
татагдан	ᠤᠷᠤᠬᠤ	орох	5
татагдах	ᠪᠣᠯᠤᠭᠰᠠᠨ	болсон	6
татагдах	ᠨᠢ	нь	5
татагдсан	ᠶᠠᠭᠤᠮ᠎ᠠ	юм	16
татагдсан	ᠪᠠᠶᠢᠨ᠎ᠠ	байна	8
татагдсан	ᠨ	н	7
татаж	ᠪᠠᠶᠢᠨ᠎ᠠ	байна	358
татаж	ᠪᠠᠶᠢᠭ᠎ᠠ	байгаа	333
татаж	ᠠᠪᠬᠤ	авах	238
таталт	ᠥᠭᠬᠦ	өгөх	9
татам	ᠳᠠᠭᠠᠤ	дагуу	9
татан	ᠪᠠᠭᠤᠯᠭᠠᠬᠤ	буулгах	254
татан	ᠪᠠᠭᠤᠯᠭᠠᠵᠤ	буулгаж	177
татан	ᠣᠷᠤᠯᠴᠠᠭᠤᠯᠬᠤ	оролцуулах	133
татар	ᠠᠵᠢᠯᠯᠠᠭ᠎ᠠ	ажиллагаа	17
татарсан	ᠡᠨᠡ	энэ	7
татарч	ᠪᠠᠶᠢᠭ᠎ᠠ	байгаа	10
татах	ᠨᠢ	нь	121
татах	ᠪᠣᠯᠤᠭᠰᠠᠨ	болсон	70
татах	ᠭᠡᠵᠦ	гэж	60
татахад	ᠨᠢ	нь	11
татахад	ᠬᠦᠷᠭᠡᠵᠦ	хүргэж	8
татахад	ᠬᠦᠷᠭᠡᠭᠰᠡᠨ	хүргэсэн	8
татахгүй	ᠪᠣᠯ	бол	20
татахгүй	ᠪᠠᠶᠢᠬᠤ	байх	18
татахгүй	ᠪᠠᠶᠢᠭ᠎ᠠ	байгаа	6
татвар	ᠲᠥᠯᠭᠡᠴᠢ	төлөгч	322
татвар	ᠤᠯᠭᠤᠬᠤ	төлөх	175
татвар	ᠲᠥᠯᠦᠳᠡᠭ	төлдөг	158
татгалзах	ᠬᠡᠷᠡᠭᠲᠡᠢ	хэрэгтэй	57
татгалзах	ᠨᠢ	нь	46
татгалзах	ᠬᠦᠰᠡᠯᠲᠡ	хүсэлт	33
татгалзахгүй	ᠪᠠᠶᠢᠬᠤ	байх	5
татдаг	ᠪᠠᠶᠢᠭᠰᠠᠨ	байсан	23
татдаг	ᠶᠠᠭᠤᠮ᠎ᠠ	юм	19
татдаг	ᠪᠥᠭᠡᠳ	бөгөөд	14
татна	ᠭᠡᠵᠦ	гэж	20
татна	ᠭᠡᠳᠡᠭ	гэдэг	18
татна	ᠭᠡᠰᠡᠨ	гэсэн	9
татсаар	ᠪᠠᠶᠢᠨ᠎ᠠ	байна	21
татсаар	ᠪᠠᠶᠢᠭ᠎ᠠ	байгаа	17
татсаар	ᠢᠷᠡᠭᠰᠡᠨ	ирсэн	11
татсан	ᠶᠠᠭᠤᠮ᠎ᠠ	юм	138
татсан	ᠪᠠᠶᠢᠨ᠎ᠠ	байна	69
татсан	ᠠᠰᠠᠭᠤᠳᠠᠯ	асуудал	65
татуулан	ᠳᠠᠪᠬᠢᠬᠤ	давхих	9
татуулсан	ᠨᠢ	нь	7
татъя	ᠯᠠ	л	11
татъя	ᠭᠡᠵᠦ	гэж	5
тахал	ᠨᠢ	нь	13
тахал	ᠡᠪᠡᠳᠴᠢᠨ	өвчин	9
тахал	ᠭᠠᠯᠵᠠᠭᠤ	галзуу	5
тахиа	ᠭᠠᠬᠠᠢ	гахай	23
тахиа	ᠡᠳᠦᠷ	өдөр	13
тахиа	ᠰᠢᠪᠠᠭᠤᠨ ᠤ	шувууны	11
тахийн	ᠲᠠᠯ᠎ᠠ ᠳᠤ	талд	18
тахийн	ᠲᠠᠯ᠎ᠠ	тал	8
тахийн	ᠲᠣᠭ᠎ᠠ	тоо	8
тахилга	ᠲᠠᠶᠢᠯᠭ᠎ᠠ	тайлга	7
тахилга	ᠨᠢ	нь	6
тахилга	ᠦᠢᠯᠡᠳᠴᠦ	үйлдэж	6
тахилгатай	ᠤᠤᠯ	уул	14
тахилгатай	ᠪᠣᠯᠭᠠᠬᠤ	болгох	11
тахин	ᠰᠢᠲᠦᠵᠦ	шүтэж	19
тахин	ᠰᠢᠲᠦᠬᠦ	шүтэх	13
тахин	ᠰᠢᠲᠦᠭᠰᠡᠨ	шүтсэн	5
тахир	ᠳᠤᠲᠠᠭᠤ	дутуу	124
тахих	ᠮᠠᠯ	мал	10
тахих	ᠬᠠᠭᠠᠯᠭ᠎ᠠ	хагалгаа	9
тахих	ᠬᠡᠦᠬᠡᠳ	хүүхэд	9
тахь	ᠨᠢ	нь	8
ташаа	ᠮᠡᠳᠡᠭᠡᠯᠡᠯ	мэдээлэл	253
ташаа	ᠣᠶᠢᠯᠠᠭᠠᠯᠲᠠ	ойлголт	94
ташаа	ᠣᠶᠢᠯᠠᠭᠠᠭᠰᠠᠨ	ойлгосон	15
ташуур	ᠥᠭᠴᠦ	өгч	10
ташуур	ᠱᠦᠭᠦᠷᠡᠬᠦ	шүүрэх	7
ташуур	ᠥᠭᠭᠦᠭᠰᠡᠨ	өгсөн	7
тв	ᠲᠧᠯᠧᠸᠢᠰ ᠦᠨ	телевизийн	63
тв	ᠡᠶᠢᠨ	ийн	37
тв	ᠲᠧᠯᠧᠸᠢᠽ	телевиз	29
твиттер	ᠹᠡᠢᠰᠪᠥᠺ	фэйсбүүк	15
твиттер	ᠬᠠᠭᠤᠳᠠᠰᠤ ᠪᠠᠷ	хуудсаар	15
твиттер	ᠵᠡᠷᠭᠡ	зэрэг	13
театр	ᠤᠷᠠᠯᠢᠭ ᠤᠨ	урлагийн	67
театр	ᠨᠢ	нь	29
театр	ᠪᠣᠯ	бол	28
театрт	ᠪᠣᠯᠬᠤ	болох	37
театрт	ᠠᠵᠢᠯᠯᠠᠵᠤ	ажиллаж	17
театрт	ᠪᠣᠯᠤᠭᠰᠠᠨ	болсон	17
театрчилсан	ᠲᠣᠭᠯᠠᠯᠲᠠ	тоглолт	9
театрчилсан	ᠠᠮᠢᠳᠤ	амьд	7
театрчилсан	ᠼᠢᠷᠺ	цирк	5
теле	ᠬᠢᠴᠢᠶᠡᠯ	хичээл	37
теле	ᠸᠢᠰᠠ	виз	6
теле	ᠺᠢᠨᠣ᠋	кино	5
телевиз	ᠪᠣᠯᠤᠨ	болон	60
телевиз	ᠷᠠᠳᠢᠣ᠋	радио	50
телевиз	ᠨᠢ	нь	39
телевизийн	ᠦᠨᠳᠦᠰᠦᠨ ᠦ	үндэсний	61
телевизийн	ᠵᠠᠬᠢᠷᠤᠯ	захирал	60
телевизийн	ᠰᠡᠳᠬᠦᠯᠴᠢ	сэтгүүлч	53
телевизор	ᠨᠢ	нь	11
телевизор	ᠬᠥᠷᠥᠭᠡᠭᠴᠢ	хөргөгч	10
телевизор	ᠲᠠᠨ ᠤ	таны	6
телефон	ᠪᠠᠩᠬᠢ	банк	7
телефон	ᠤᠲᠠᠰᠤᠨ ᠤ	утасны	6
температур	ᠨᠢ	нь	12
температур	ᠬᠡᠮ ᠢᠶᠡᠷ	хэмээр	7
температур	ᠣᠯᠠᠨ	олон	5
теннис	ᠭᠡᠰᠡᠨ	гэсэн	18
теннис	ᠤᠰᠤᠨ ᠳᠤ	усанд	10
теннис	ᠰᠠᠭᠰᠤᠨ	сагсан	9
тест	ᠬᠢᠵᠦ	хийж	7
тест	ᠪᠣᠯᠤᠨ	болон	6
тест	ᠨᠢ	нь	5
техник	ᠲᠧᠭᠨᠣᠯᠣᠭᠢ	технологи	528
техник	ᠲᠣᠨᠣᠭ	тоног	340
техник	ᠬᠡᠷᠡᠭᠰᠡᠯ	хэрэгсэл	198
техникийн	ᠬᠠᠮᠲᠤ ᠶᠢᠨ	хамтын	111
техникийн	ᠪᠣᠯᠤᠨ	болон	89
техникийн	ᠰᠢᠨᠡᠴᠢᠯᠡᠯ	шинэчлэл	52
техникч	ᠭᠠᠷᠤᠢ	гаруй	7
технологи	ᠨᠢ	нь	208
технологи	ᠰᠢᠤᠳᠠᠨ	шуудан	134
технологи	ᠨᠡᠪᠲᠡᠷᠡᠭᠦᠯᠬᠦ	нэвтрүүлэх	129
тив	ᠳᠡᠯᠡᠬᠡᠢ ᠶᠢᠨ	дэлхийн	321
тив	ᠳᠡᠯᠡᠬᠡᠢ ᠳᠦ	дэлхийд	100
тив	ᠳᠡᠯᠡᠬᠡᠢ	дэлхий	85
тивийг	ᠲᠥᠯᠥᠭᠡᠯᠡᠨ	төлөөлөн	14
тивийг	ᠬᠣᠯᠪᠣᠵᠤ	холбож	8
тивийг	ᠲᠥᠯᠦᠭᠡᠯᠡᠵᠦ	төлөөлж	7
тивийн	ᠠᠪᠤᠷᠭᠤ	аварга	795
тивийн	ᠨᠣᠶᠠᠨ	ноён	48
тивийн	ᠣᠷᠣᠨ ᠤ	орны	46
тивээс	ᠠᠩᠬ᠎ᠠ	анх	6
тивээс	ᠮᠣᠩᠭᠣᠯ	монгол	5
тивээс	ᠥᠭᠡᠷ᠎ᠡ	өөр	5
тий	ᠰᠢᠭᠡ	шээ	8
тийм	ᠴᠤ	ч	2408
тийм	ᠤᠴᠢᠷ ᠠᠴᠠ	учраас	2163
тийм	ᠡ	ээ	1566
тиймдээ	ᠴᠤ	ч	610
тиймэрхүү	ᠯᠠ	л	11
тиймэрхүү	ᠪᠠᠶᠢᠳᠠᠯ ᠢᠶᠠᠷ	байдлаар	7
тиймэрхүү	ᠵᠦᠢᠯ	зүйл	7
тиймээ	ᠪᠢ	би	43
тиймээ	ᠪᠢᠳᠡ	бид	19
тиймээ	ᠡᠨᠡ	энэ	13
тиймээс	ᠡᠨᠡ	энэ	1558
тиймээс	ᠴᠤ	ч	978
тиймээс	ᠪᠢᠳᠡ	бид	913
тийн	ᠢᠯᠠᠭᠤᠭᠰᠠᠨ	ялгуусан	51
тийн	ᠢᠯᠭᠠᠯ	ялгал	12
тийн	ᠢᠯᠠᠭᠰᠠᠨ	ялсан	8
тийш	ᠨᠢ	нь	164
тийш	ᠺᠮ	км	27
тийш	ᠪᠣᠯᠭᠠᠬᠤ	болгох	22
тийшээ	ᠶᠠᠪᠤᠵᠤ	явж	27
тийшээ	ᠬᠠᠷᠠᠭᠠᠳ	хараад	20
тийшээ	ᠬᠠᠨᠳᠤᠵᠤ	хандаж	18
титэм	ᠰᠤᠳᠠᠰᠤ	судас	11
титэм	ᠪᠠᠭ ᠤᠨ	багийн	5
титэм	ᠵᠡᠭᠦᠭᠰᠡᠨ	зүүсэн	5
тов	ᠲᠣᠳᠣᠷᠬᠠᠢ	тодорхой	92
тов	ᠭᠠᠷᠴᠠᠢ	гарчээ	88
тов	ᠭᠠᠷᠤᠭᠰᠠᠨ	гарсан	45
товлогдсон	ᠴᠤ	ч	72
товлогдсон	ᠪᠠᠶᠢᠭᠰᠠᠨ	байсан	26
товлогдсон	ᠪᠠᠶᠢᠨ᠎ᠠ	байна	22
товлон	ᠵᠠᠷᠯᠠᠬᠤ	зарлах	36
товлон	ᠵᠠᠷᠯᠠᠭᠰᠠᠨ	зарласан	11
товлон	ᠵᠠᠷᠯᠠᠵᠤ	зарлаж	5
товлосон	ᠬᠤᠭᠤᠴᠠᠭᠠᠨ ᠳᠤ ᠪᠠᠨ	хугацаандаа	34
товлосон	ᠴᠠᠭ ᠠᠴᠠ ᠪᠠᠨ	цагаасаа	32
товлосон	ᠴᠤ	ч	27
товхимол	ᠪᠣᠯᠭᠠᠨ	болгон	6
товч	ᠮᠡᠳᠡᠭᠡᠯᠡᠯ	мэдээлэл	112
товч	ᠮᠡᠳᠡᠭᠡ	мэдээ	67
товч	ᠨᠠᠮᠲᠠᠷ	намтар	40
товчийг	ᠳᠠᠷᠤᠨ᠎ᠠ	дарна	6
товчийг	ᠳᠠᠷᠤᠬᠤ ᠳᠤ	дарахад	5
товчлон	ᠬᠦᠷᠭᠡᠶ᠎ᠡ	хүргэе	30
товчлон	ᠬᠦᠷᠭᠡᠵᠦ	хүргэж	22
товчлуур	ᠳᠡᠭᠡᠷ᠎ᠡ	дээр	13
товчлуур	ᠨᠢ	нь	11
товчлуур	ᠳᠠᠷᠤᠵᠤ	дарж	9
товчоо	ᠬᠦᠷᠲᠡᠯᠡᠬᠢ	хүртэлх	14
товчоо	ᠬᠦᠷᠲᠡᠯ᠎ᠡ	хүртэл	8
товчоо	ᠨᠢ	нь	7
товчхон	ᠬᠡᠯᠡᠬᠦ ᠳᠦ	хэлэхэд	36
товчхон	ᠮᠡᠳᠡᠭᠡᠯᠡᠯ	мэдээлэл	33
товчхон	ᠬᠡᠯᠡᠪᠡᠯ	хэлбэл	18
тог	ᠯᠣᠯᠠ	лол	34
тог	ᠲᠣᠭ᠎ᠠ	тоо	21
тог	ᠲᠣᠭᠣᠬᠤ	тоох	19
тоглогдох	ᠶᠠᠭᠤᠮ᠎ᠠ	юм	58
тоглогдох	ᠭᠡᠵᠦ	гэж	35
тоглогдох	ᠠᠵᠤ	аж	12
тоглогч	ᠨᠢ	нь	76
тоглогч	ᠪᠣᠯᠵᠤ	болж	49
тоглогч	ᠪᠣᠯᠤᠭᠰᠠᠨ	болсон	48
тоглодог	ᠪᠠᠶᠢᠭᠰᠠᠨ	байсан	130
тоглодог	ᠶᠠᠭᠤᠮ᠎ᠠ	юм	43
тоглодог	ᠪᠠᠶᠢᠯ᠎ᠠ	байлаа	30
тоглож	ᠪᠠᠶᠢᠭᠰᠠᠨ	байсан	580
тоглож	ᠪᠠᠶᠢᠭ᠎ᠠ	байгаа	525
тоглож	ᠪᠤᠢ	буй	263
тоглолт	ᠬᠢᠵᠦ	хийж	282
тоглолт	ᠬᠢᠬᠦ	хийх	268
тоглолт	ᠡᠨᠡ	энэ	243
тоглолтыг	ᠵᠣᠬᠢᠶᠠᠨ	зохион	132
тоглолтыг	ᠦᠵᠡᠵᠦ	үзэж	80
тоглолтыг	ᠦᠵᠡᠭᠦᠯᠵᠦ	үзүүлж	73
тоглон	ᠨᠠᠭᠠᠳᠴᠤ	наадаж	7
тоглоно	ᠭᠡᠳᠡᠭ	гэдэг	69
тоглоно	ᠭᠡᠵᠦ	гэж	51
тоглоно	ᠭᠡᠰᠡᠨ	гэсэн	22
тоглоогүй	ᠪᠥᠭᠡᠳ	бөгөөд	8
тоглоогүй	ᠴᠤ	ч	8
тоглоогүй	ᠪᠠᠶᠢᠭᠰᠠᠨ	байсан	6
тоглоод	ᠯᠠ	л	23
тоглоод	ᠪᠠᠶᠢᠭ᠎ᠠ	байгаа	21
тоглоод	ᠪᠠᠶᠢᠨ᠎ᠠ	байна	21
тоглоом	ᠨᠢ	нь	96
тоглоом	ᠲᠣᠭᠯᠠᠵᠤ	тоглож	51
тоглоом	ᠲᠣᠭᠯᠠᠬᠤ	тоглох	45
тоглоомд	ᠳᠣᠩᠲᠣᠬᠤ	донтох	6
тоглоомонд	ᠳᠣᠩᠲᠣᠬᠤ	донтох	9
тоглоомоор	ᠲᠣᠭᠯᠠᠵᠤ	тоглож	10
тоглоомыг	ᠨᠢ	нь	9
тоглоомыг	ᠲᠣᠭᠯᠠᠬᠤ	тоглох	6
тоглоомыг	ᠡᠨᠡ	энэ	6
тоглоомын	ᠲᠠᠯᠠᠪᠠᠢ	талбай	73
тоглоомын	ᠳᠦᠷᠢᠮ	дүрэм	54
тоглоомын	ᠭᠠᠵᠠᠷ	газар	31
тоглосон	ᠶᠠᠭᠤᠮ᠎ᠠ	юм	202
тоглосон	ᠪᠠᠶᠢᠨ᠎ᠠ	байна	149
тоглосон	ᠪᠥᠭᠡᠳ	бөгөөд	94
тоглосоор	ᠯᠠ	л	7
тоглосоор	ᠪᠠᠶᠢᠨ᠎ᠠ	байна	6
тоглосоор	ᠢᠷᠡᠭᠰᠡᠨ	ирсэн	5
тоглох	ᠶᠠᠭᠤᠮ᠎ᠠ	юм	500
тоглох	ᠨᠢ	нь	205
тоглох	ᠭᠡᠵᠦ	гэж	203
тоглохгүй	ᠭᠡᠵᠦ	гэж	7
тоглохгүй	ᠪᠠᠶᠢᠬᠤ	байх	6
тоглохгүй	ᠪᠣᠯ	бол	5
тоглохыг	ᠬᠦᠰᠡᠳᠡᠭ	хүсдэг	22
тоглохыг	ᠬᠦᠰᠴᠢ	хүсч	20
тоглохыг	ᠨᠢ	нь	11
тоглуулах	ᠪᠣᠯᠤᠮᠵᠢ ᠲᠠᠢ	боломжтой	13
тоглуулах	ᠶᠠᠭᠤᠮ᠎ᠠ	юм	12
тоглуулах	ᠨᠢ	нь	9
тоглуулж	ᠪᠠᠶᠢᠭ᠎ᠠ	байгаа	12
тоглуулж	ᠪᠠᠶᠢᠭᠰᠠᠨ	байсан	11
тоглуулж	ᠪᠠᠶᠢᠨ᠎ᠠ	байна	9
тогоо	ᠷᠤ	руу	14
тогоо	ᠨᠢ	нь	12
тогоо	ᠤᠰᠤ	ус	12
тогоон	ᠳᠣᠲᠣᠷ᠎ᠠ ᠪᠠᠨ	дотроо	27
тогоон	ᠳᠣᠲᠣᠷ᠎ᠠ	дотор	14
тогоон	ᠳᠣᠲᠣᠷᠠᠬᠢ	доторх	8
тогоонд	ᠨᠢ	нь	13
тогоонд	ᠪᠤᠴᠠᠯᠵᠤ	буцалж	5
тогоонд	ᠣᠯᠠᠨ	олон	5
тогооч	ᠨᠠᠷ ᠤᠨ	нарын	10
тогооч	ᠨᠠᠷᠠ	нар	6
тогооч	ᠵᠡᠷᠭᠡ	зэрэг	5
тогоруу	ᠰᠢᠭ	шиг	5
тогтвор	ᠮᠠᠭᠤ ᠲᠠᠢ	муутай	6
тогтвор	ᠲᠣᠢ	той	6
тогтворгүй	ᠪᠠᠶᠢᠳᠠᠯ	байдал	235
тогтворгүй	ᠪᠠᠶᠢᠳᠠᠯ ᠢ	байдлыг	54
тогтворгүй	ᠪᠠᠶᠢᠭ᠎ᠠ	байгаа	31
тогтворжих	ᠪᠣᠯᠤᠮᠵᠢ ᠲᠠᠢ	боломжтой	11
тогтворжих	ᠪᠠᠶᠢᠬᠤ	байх	8
тогтворжих	ᠬᠠᠨᠳᠤᠯᠭ᠎ᠠ	хандлага	6
тогтворжуулах	ᠬᠥᠲᠥᠯᠪᠦᠷᠢ	хөтөлбөр	279
тогтворжуулах	ᠳᠡᠳ᠋	дэд	85
тогтворжуулах	ᠠᠷᠭ᠎ᠠ	арга	26
тогтвортой	ᠪᠠᠶᠢᠳᠠᠯ ᠤᠨ	байдлын	888
тогтвортой	ᠪᠠᠶᠢᠳᠠᠯ ᠢ	байдлыг	737
тогтвортой	ᠪᠠᠶᠢᠯᠭᠠᠬᠤ	байлгах	342
тогтдог	ᠶᠠᠭᠤᠮ᠎ᠠ	юм	8
тогтдог	ᠠᠵᠤ	аж	5
тогтдог	ᠪᠤᠢ	вэ	5
тогтлоо	ᠭᠡᠵᠦ	гэж	28
тогтлоо	ᠬᠡᠮᠡᠨ	хэмээн	22
тогтмол	ᠵᠣᠬᠢᠶᠠᠨ	зохион	116
тогтмол	ᠬᠦᠦᠲᠡᠢ	хүүтэй	58
тогтмол	ᠬᠢᠵᠦ	хийж	55
тогтнол	ᠪᠦᠷᠢᠨ	бүрэн	89
тогтнол	ᠦᠨᠳᠦᠰᠦᠨ ᠦ	үндэсний	46
тогтнол	ᠠᠶᠤᠯ ᠦᠭᠡᠢ	аюулгүй	26
тогтнох	ᠪᠣᠯᠤᠮᠵᠢ ᠦᠭᠡᠢ	боломжгүй	10
тогтнох	ᠦᠨᠳᠦᠰᠦ	үндэс	8
тогтнох	ᠤᠤ	уу	7
тогтож	ᠪᠠᠶᠢᠨ᠎ᠠ	байна	43
тогтож	ᠪᠠᠶᠢᠭ᠎ᠠ	байгаа	27
тогтож	ᠪᠠᠶᠢᠬᠤ	байх	13
тогтолцоо	ᠨᠢ	нь	169
тогтолцоо	ᠪᠤᠢ	бий	122
тогтолцоо	ᠷᠤ	руу	110
тогтоно	ᠭᠡᠵᠦ	гэж	8
тогтоогдох	ᠪᠣᠳᠠᠲᠤ	бодит	7
тогтоогдох	ᠪᠢᠵᠡ	биз	5
тогтоогүй	ᠪᠠᠶᠢᠭ᠎ᠠ	байгаа	16
тогтоогүй	ᠪᠠᠶᠢᠬᠤ ᠳᠤ	байхад	6
тогтоод	ᠪᠠᠶᠢᠨ᠎ᠠ	байна	29
тогтоод	ᠪᠠᠶᠢᠭ᠎ᠠ	байгаа	19
тогтоод	ᠤᠳᠤᠵᠤ	удаж	10
тогтоодог	ᠶᠠᠭᠤᠮ᠎ᠠ	юм	26
тогтоодог	ᠪᠠᠶᠢᠨ᠎ᠠ	байна	25
тогтоодог	ᠪᠠᠶᠢᠭᠰᠠᠨ	байсан	14
тогтоож	ᠪᠠᠶᠢᠭ᠎ᠠ	байгаа	103
тогтоож	ᠪᠠᠶᠢᠭᠰᠠᠨ	байсан	84
тогтоож	ᠥᠭᠭᠦᠭᠰᠡᠨ	өгсөн	82
тогтоол	ᠭᠠᠷᠭᠠᠵᠤ	гаргаж	122
тогтоол	ᠭᠠᠷᠭᠠᠭᠰᠠᠨ	гаргасан	115
тогтоол	ᠭᠠᠷᠤᠭᠰᠠᠨ	гарсан	103
тогтоолгох	ᠡᠷᠬᠡ	эрх	19
тогтоолгох	ᠪᠣᠯᠤᠮᠵᠢ ᠲᠠᠢ	боломжтой	12
тогтоолгох	ᠨᠠᠰᠤᠨ ᠳᠤ	насанд	9
тогтоомж	ᠵᠥᠷᠢᠴᠡᠭᠰᠡᠨ	зөрчсөн	95
тогтоомж	ᠨᠢ	нь	25
тогтоомж	ᠳᠦᠷᠢᠮ	дүрэм	23
тогтоон	ᠪᠠᠷᠢᠬᠤ	барих	47
тогтоон	ᠪᠠᠷᠢᠵᠤ	барьж	29
тогтоон	ᠠᠵᠢᠯᠯᠠᠵᠤ	ажиллаж	11
тогтооно	ᠭᠡᠵᠦ	гэж	42
тогтооно	ᠭᠡᠰᠡᠨ	гэсэн	40
тогтооно	ᠭᠡᠳᠡᠭ	гэдэг	23
тогтоосон	ᠪᠠᠶᠢᠨ᠎ᠠ	байна	483
тогтоосон	ᠪᠠᠶᠢᠳᠠᠭ	байдаг	150
тогтоосон	ᠶᠠᠭᠤᠮ᠎ᠠ	юм	127
тогтоох	ᠲᠤᠬᠠᠢ	тухай	536
тогтоох	ᠨᠢ	нь	128
тогтоох	ᠳᠡᠭᠡᠳᠦ	дээд	126
тогтох	ᠪᠣᠯᠤᠮᠵᠢ ᠶᠢ	боломжийг	20
тогтох	ᠶᠠᠭᠤᠮ᠎ᠠ	юм	20
тогтох	ᠨᠢ	нь	18
тогтохгүй	ᠪᠠᠶᠢᠨ᠎ᠠ	байна	5
тогтохгүй	ᠪᠠᠶᠢᠬᠤ	байх	5
тогтсон	ᠪᠠᠶᠢᠨ᠎ᠠ	байна	94
тогтсон	ᠶᠠᠭᠤᠮ᠎ᠠ	юм	49
тогтсон	ᠨᠢᠭᠡ	нэг	19
тогтуун	ᠪᠠᠶᠢᠨ᠎ᠠ	байна	12
тогтуун	ᠪᠠᠶᠢᠬᠤ	байх	9
тод	ᠪᠠᠶᠢᠳᠠᠯ ᠢ	байдлыг	669
тод	ᠪᠠᠶᠢᠳᠠᠯ ᠤᠨ	байдлын	405
тод	ᠨᠡᠭᠡᠭᠡᠯᠲᠡᠲᠡᠢ	нээлттэй	359
тодоос	ᠲᠣᠳᠣ	тод	62
тодоос	ᠲᠣᠳᠣᠬᠠᠨ	тодхон	6
тодорно	ᠭᠡᠵᠦ	гэж	7
тодорсон	ᠪᠠᠶᠢᠨ᠎ᠠ	байна	142
тодорсон	ᠶᠠᠭᠤᠮ᠎ᠠ	юм	108
тодорсон	ᠪᠣᠯ	бол	66
тодорхой	ᠬᠡᠮᠵᠢᠶ᠎ᠡ ᠪᠡᠷ	хэмжээгээр	683
тодорхой	ᠪᠣᠯᠤᠭᠰᠠᠨ	болсон	500
тодорхой	ᠪᠤᠰᠤ	бус	403
тодорхойгүй	ᠪᠠᠶᠢᠨ᠎ᠠ	байна	463
тодорхойгүй	ᠪᠠᠶᠢᠭ᠎ᠠ	байгаа	355
тодорхойгүй	ᠬᠤᠭᠤᠴᠠᠭ᠎ᠠ ᠪᠠᠷ	хугацаагаар	155
тодорхойлж	ᠪᠠᠶᠢᠭ᠎ᠠ	байгаа	102
тодорхойлж	ᠪᠠᠶᠢᠨ᠎ᠠ	байна	93
тодорхойлж	ᠪᠣᠯᠤᠨ᠎ᠠ	болно	61
тодорхойлно	ᠭᠡᠵᠦ	гэж	13
тодорхойлно	ᠭᠡᠳᠡᠭ	гэдэг	7
тодорхойлно	ᠭᠡᠰᠡᠨ	гэсэн	5
тодорхойлогдох	ᠶᠠᠭᠤᠮ᠎ᠠ	юм	7
тодорхойлогч	ᠭᠣᠣᠯ	гол	7
тодорхойлогч	ᠨᠢ	нь	6
тодорхойлогч	ᠬᠦᠴᠦᠨ	хүчин	5
тодорхойлолт	ᠨᠢ	нь	17
тодорхойлолт	ᠲᠠᠨ ᠤ	таны	11
тодорхойлолт	ᠦᠯᠦ	үл	11
тодорхойлох	ᠨᠢ	нь	66
тодорхойлох	ᠶᠠᠭᠤᠮ᠎ᠠ	юм	60
тодорхойлох	ᠶᠣᠰᠣᠲᠠᠢ	ёстой	58
тодорч	ᠪᠠᠶᠢᠭᠰᠠᠨ	байсан	67
тодорч	ᠪᠠᠶᠢᠨ᠎ᠠ	байна	52
тодорч	ᠪᠠᠶᠢᠭ᠎ᠠ	байгаа	16
тодотгож	ᠪᠠᠶᠢᠭ᠎ᠠ	байгаа	29
тодотгож	ᠪᠠᠶᠢᠨ᠎ᠠ	байна	27
тодотгож	ᠪᠠᠶᠢᠯ᠎ᠠ	байлаа	23
тодотгол	ᠬᠢᠬᠦ	хийх	247
тодотгол	ᠬᠢᠵᠦ	хийж	53
тодотгол	ᠬᠢᠨ᠎ᠡ	хийнэ	32
тодотгох	ᠨᠢ	нь	21
тодотгох	ᠬᠡᠷᠡᠭᠲᠡᠢ	хэрэгтэй	13
тодотгох	ᠱᠠᠭᠠᠷᠳᠠᠯᠭ᠎ᠠ ᠲᠠᠢ	шаардлагатай	9
тодрон	ᠭᠠᠷᠴᠤ	гарч	18
тодроод	ᠪᠠᠶᠢᠨ᠎ᠠ	байна	107
тодроод	ᠪᠠᠶᠢᠭ᠎ᠠ	байгаа	55
тодроод	ᠪᠤᠢ	буй	19
тодрох	ᠶᠠᠭᠤᠮ᠎ᠠ	юм	214
тодрох	ᠤᠴᠢᠷᠲᠠᠢ	учиртай	39
тодрох	ᠪᠥᠭᠡᠳ	бөгөөд	31
тодруулах	ᠶᠠᠭᠤᠮ᠎ᠠ	юм	135
тодруулах	ᠵᠦᠢᠯ	зүйл	70
тодруулах	ᠭᠡᠰᠡᠨ	гэсэн	67
тодруулбал	ᠡᠨᠡ	энэ	167
тодруулбал	ᠲᠤᠰ	тус	140
тодруулбал	ᠤᠡᠬ	уих	123
тодруулсан	ᠶᠠᠭᠤᠮ᠎ᠠ	юм	308
тодруулсан	ᠪᠠᠶᠢᠨ᠎ᠠ	байна	71
тодруулсан	ᠪᠥᠭᠡᠳ	бөгөөд	25
тодхон	ᠰᠠᠨᠠᠵᠤ	санаж	18
тодхон	ᠰᠠᠨᠠᠭᠳᠠᠵᠤ	санагдаж	10
тодхон	ᠬᠠᠷᠠᠭᠳᠠᠵᠤ	харагдаж	8
той	ᠬᠠᠮᠲᠤᠷᠠᠨ	хамтран	84
той	ᠬᠢᠭᠰᠡᠨ	хийсэн	35
той	ᠲᠡᠮᠡᠴᠡᠬᠦ	тэмцэх	32
тойм	ᠰᠡᠳᠬᠦᠯ	сэтгүүл	14
тойм	ᠰᠣᠨᠢᠨ	сонин	11
тойм	ᠲᠡᠳᠦᠢ	төдий	8
тоймч	ᠪ	б	9
тоймч	ᠯᠠ	л	7
тоймч	ᠴ	ц	5
тойргийг	ᠰᠢᠨᠡᠴᠢᠯᠡᠨ	шинэчлэн	12
тойргийг	ᠨᠢᠭᠡ	нэг	7
тойргийн	ᠲᠣᠭᠯᠠᠯᠲᠠ	тоглолт	110
тойргийн	ᠬᠣᠷᠤᠭ᠎ᠠ	хороо	102
тойргийн	ᠵᠢᠷᠤᠮ ᠢᠶᠠᠷ	журмаар	71
тойрноо	ᠴᠡᠪᠡᠷᠯᠡᠵᠦ	цэвэрлэж	10
тойрны	ᠬᠦᠮᠦᠰ	хүмүүс	11
тойрны	ᠪᠦᠬᠦ	бүх	9
тойрны	ᠬᠦᠮᠦᠰ ᠢ	хүмүүсийг	6
тойрог	ᠵᠠᠮ ᠳᠤ	замд	100
тойрог	ᠪᠤᠶᠤ	буюу	72
тойрог	ᠳᠡᠭᠡᠷ᠎ᠡ	дээр	48
тойрогт	ᠨᠡᠷᠡ	нэр	116
тойрогт	ᠭᠣᠴᠣ	гоц	75
тойрогт	ᠠᠨᠤ	ану	32
тойрогтоо	ᠭᠣᠴᠣ	гоц	52
тойрогтоо	ᠠᠵᠢᠯᠯᠠᠵᠤ	ажиллаж	37
тойрогтоо	ᠠᠵᠢᠯᠯᠠᠬᠤ	ажиллах	26
тойрон	ᠳᠠᠬᠢ	дахь	85
тойрон	ᠬᠦᠷᠢᠶᠡᠯᠡᠵᠦ	хүрээлж	15
тойрон	ᠠᠶᠠᠯᠬᠤ	аялах	12
тойронд	ᠨᠢ	нь	35
тойронд	ᠪᠠᠶᠢᠭ᠎ᠠ	байгаа	27
тойронд	ᠪᠣᠯᠵᠤ	болж	17
тойроод	ᠯᠠ	л	19
тойроод	ᠭᠠᠷᠬᠤ	гарах	5
тойрох	ᠠᠶᠠᠯᠠᠨ	аялан	6
тойрсон	ᠣᠯᠠᠨ	олон	50
тойрсон	ᠠᠰᠠᠭᠤᠳᠠᠯ	асуудал	31
тойрсон	ᠮᠠᠷᠭᠤᠭᠠᠨ	маргаан	23
тойруу	ᠵᠠᠮ ᠢᠶᠠᠷ	замаар	11
тойруу	ᠤᠲᠠᠰᠤ	утас	5
тойруу	ᠬᠤᠳᠠᠯᠳᠤᠭ᠎ᠠ	худалдаа	5
тойруулан	ᠬᠠᠷᠠᠵᠤ	харж	7
тойруулж	ᠮᠣᠳᠣ	мод	7
тойруулж	ᠬᠠᠶᠢᠯᠠᠰᠤ	хайлаас	5
тойрч	ᠰᠠᠭᠤᠭᠠᠳ	суугаад	28
тойрч	ᠭᠠᠷᠬᠤ	гарах	11
тойрч	ᠪᠢᠰᠢ	биш	8
токио	ᠬᠣᠲᠠ ᠶᠢᠨ	хотын	91
токио	ᠬᠣᠲᠠᠳ	хотод	48
токио	ᠬᠣᠲᠠ	хот	44
толбо	ᠭᠦᠪᠳᠦᠷᠦᠦ	гүвдрүү	7
толбо	ᠨᠢ	нь	6
толбо	ᠡᠭᠦᠰᠬᠦ	үүсэх	6
толбот	ᠬᠦᠮᠦᠰ	хүмүүс	16
толбот	ᠮᠣᠩᠭᠣᠯ	монгол	6
толбот	ᠬᠡᠪᠢᠰ	хивс	5
толгод	ᠨᠢ	нь	8
толгой	ᠨᠢ	нь	206
толгой	ᠺᠣᠮᠫᠠᠨᠢ	компани	165
толгой	ᠮᠠᠯ	мал	138
толгойг	ᠨᠢ	нь	157
толгойг	ᠢᠯᠡᠵᠦ	илж	15
толгойг	ᠢᠯᠡᠭᠡ ᠳᠦ	илээд	15
толгойгоо	ᠭᠠᠰᠢᠯᠭᠠᠬᠤ	гашилгах	8
толгойгоо	ᠪᠠᠷᠠᠭᠤᠨ	баруун	6
толгойгоо	ᠴᠤ	ч	5
толгойгоороо	ᠬᠠᠳᠠ	хад	5
толгойгоороо	ᠶᠠᠭᠤᠮ᠎ᠠ	юм	5
толгойгүй	ᠬᠦᠮᠦᠨ	хүн	9
толгойд	ᠨᠢ	нь	34
толгойд	ᠣᠷᠣᠵᠤ	орж	20
толгойд	ᠬᠥᠷᠥᠩᠭᠡ	хөрөнгө	18
толгойдоо	ᠬᠦᠨᠳᠦ	хүнд	16
толгойдоо	ᠭᠡᠮᠲᠦᠯ	гэмтэл	7
толгойлж	ᠪᠠᠶᠢᠭ᠎ᠠ	байгаа	42
толгойлж	ᠪᠤᠢ	буй	27
толгойлж	ᠪᠠᠶᠢᠭᠰᠠᠨ	байсан	26
толгойлсон	ᠡᠮᠡᠭᠲᠡᠶᠢᠴᠦᠳ	эмэгтэйчүүд	20
толгойлсон	ᠡᠮᠡᠭᠲᠡᠢ	эмэгтэй	16
толгойлсон	ᠵᠠᠰᠠᠭ ᠤᠨ	засгийн	10
толгойн	ᠳᠠᠯᠳᠠ	далд	111
толгойн	ᠬᠥᠷᠥᠩᠭᠡ	хөрөнгө	82
толгойн	ᠣᠷᠳᠣ	орд	49
толгойтой	ᠬᠣᠯᠪᠣᠭᠠᠲᠠᠢ	холбоотой	19
толгойтой	ᠪᠦᠬᠦᠨ	бүхэн	17
толгойтой	ᠪᠣᠯᠭᠠᠨ	болгон	6
толилуулах	ᠶᠠᠭᠤᠮ᠎ᠠ	юм	98
толилуулах	ᠭᠡᠵᠦ	гэж	69
толилуулах	ᠨᠢ	нь	42
толин	ᠬᠤᠯᠠ	хул	28
толинд	ᠬᠠᠷᠠᠭᠠᠳ	хараад	9
толинд	ᠬᠠᠷᠠᠬᠤ	харах	6
толь	ᠪᠢᠴᠢᠭ	бичиг	177
толь	ᠨᠢ	нь	13
толь	ᠪᠣᠯᠤᠭᠰᠠᠨ	болсон	12
тольдон	ᠬᠠᠷᠠᠬᠤ	харах	9
тольдон	ᠬᠠᠷᠠᠵᠤ	харж	5
тольдон	ᠬᠢᠲᠦ	хит	5
том	ᠲᠣᠮᠣ	том	377
том	ᠠᠰᠠᠭᠤᠳᠠᠯ	асуудал	328
том	ᠲᠥᠰᠥᠯ	төсөл	267
томилно	ᠭᠡᠵᠦ	гэж	18
томилно	ᠭᠡᠰᠡᠨ	гэсэн	7
томилно	ᠭᠡᠬᠦ	гэх	6
томилогдох	ᠰᠠᠶᠢᠳ	сайд	23
томилогдох	ᠨᠢ	нь	16
томилогдох	ᠶᠡᠷᠦᠩᠬᠡᠢ	ерөнхий	15
томилолт	ᠠᠪᠤᠭᠠᠳ	аваад	6
томилолт	ᠨᠢ	нь	5
томилолт	ᠦᠷᠭᠦᠯᠵᠢᠯᠡᠵᠦ	үргэлжилж	5
томилох	ᠲᠤᠬᠠᠢ	тухай	364
томилох	ᠠᠰᠠᠭᠤᠳᠠᠯ ᠢ	асуудлыг	208
томилох	ᠠᠰᠠᠭᠤᠳᠠᠯ	асуудал	62
томилуулах	ᠲᠤᠬᠠᠢ	тухай	56
томилуулах	ᠰᠠᠨᠠᠯ ᠢ	саналыг	31
томилуулах	ᠠᠰᠠᠭᠤᠳᠠᠯ ᠢ	асуудлыг	20
томоо	ᠬᠣᠩ	хон	34
томоо	ᠭᠡᠭᠴᠢ ᠶᠢᠨ	гэгчийн	5
томоохон	ᠲᠥᠰᠥᠯ	төсөл	261
томоохон	ᠬᠥᠷᠥᠩᠭᠡ	хөрөнгө	224
томоохон	ᠪᠦᠲᠦᠭᠡᠨ	бүтээн	209
томорсон	ᠪᠠᠶᠢᠨ᠎ᠠ	байна	5
томорч	ᠪᠠᠶᠢᠭ᠎ᠠ	байгаа	14
томорч	ᠪᠠᠶᠢᠨ᠎ᠠ	байна	10
томорч	ᠴᠢᠳᠠᠬᠤ ᠦᠭᠡᠢ	чадахгүй	7
томрох	ᠲᠤᠰᠤᠮ	тусам	20
томрох	ᠪᠣᠯᠤᠮᠵᠢ	боломж	12
томрох	ᠨᠢ	нь	9
томруун	ᠵᠢᠱᠢᠶ᠎ᠡ	жишээ	8
томуу	ᠲᠣᠮᠣᠭᠣ	томуу	313
томуу	ᠡᠪᠡᠳᠴᠢᠨ	өвчин	17
томуу	ᠪᠣᠯᠤᠨ	болон	11
томчууд	ᠴᠤ	ч	24
томчууд	ᠪᠢᠳᠡ	бид	13
томчууд	ᠨᠢ	нь	11
томьёо	ᠨᠢ	нь	9
тонн	ᠠᠯᠲᠠ	алт	320
тонн	ᠮᠢᠬ᠎ᠠ	мах	209
тонн	ᠨᠢ	нь	192
тоног	ᠲᠥᠬᠥᠭᠡᠷᠦᠮᠵᠢ	төхөөрөмж	1847
тоног	ᠲᠥᠬᠥᠭᠡ	төхөө	17
тоног	ᠬᠡᠷᠡᠭᠰᠡᠯ	хэрэгсэл	14
тоноглогдсон	ᠪᠠᠶᠢᠨ᠎ᠠ	байна	24
тоноглогдсон	ᠪᠥᠭᠡᠳ	бөгөөд	9
тоноглогдсон	ᠠᠦ᠋ᠲ᠋ᠣᠮᠠᠰᠢᠨ	автомашин	8
тоноглол	ᠪᠦᠬᠦᠢ	бүхий	11
тоо	ᠲᠣᠯᠣᠭᠠᠢ	толгой	258
тоо	ᠪᠠᠷᠢᠮᠲᠠ	баримт	255
тоо	ᠨᠢ	нь	231
тоог	ᠨᠡᠮᠡᠭᠳᠡᠭᠦᠯᠬᠦ	нэмэгдүүлэх	190
тоог	ᠨᠡᠮᠡᠬᠦ	нэмэх	112
тоог	ᠨᠢ	нь	102
тоогоо	ᠠᠯᠠᠳᠠᠭᠰᠠᠨ	алдсан	10
тоогоо	ᠨᠡᠮᠡᠵᠦ	нэмж	10
тоогоо	ᠨᠡᠮᠡᠬᠦ	нэмэх	6
тоогоогүй	ᠶᠠᠭᠤᠮ᠎ᠠ	юм	5
тоогоор	ᠭᠠᠷᠤᠢ	гаруй	42
тоогоор	ᠳᠡᠯᠡᠬᠡᠢ ᠳᠦ	дэлхийд	38
тоогоор	ᠤᠳᠠᠭ᠎ᠠ	удаа	24
тоодог	ᠰᠢᠪᠠᠭᠤ ᠶᠢ	шувууг	6
тоодоггүй	ᠶᠠᠭᠤᠮ᠎ᠠ	юм	14
тоодоггүй	ᠪᠠᠶᠢᠭᠰᠠᠨ	байсан	11
тоож	ᠪᠠᠶᠢᠭ᠎ᠠ	байгаа	19
тоож	ᠠᠪᠴᠤ	авч	7
тоож	ᠴᠤ	ч	7
тоолж	ᠪᠠᠶᠢᠭ᠎ᠠ	байгаа	15
тоолж	ᠪᠠᠶᠢᠨ᠎ᠠ	байна	9
тоолж	ᠪᠠᠷᠠᠰᠢ ᠦᠭᠡᠢ	баршгүй	8
тооллого	ᠶᠠᠪᠤᠭᠤᠯᠬᠤ	явуулах	22
тооллого	ᠬᠢᠬᠦ	хийх	19
тооллого	ᠬᠢᠵᠦ	хийж	13
тоолно	ᠭᠡᠵᠦ	гэж	8
тоологдох	ᠶᠡᠬᠡ	их	7
тоологдох	ᠬᠥᠷᠥᠩᠭᠡ	хөрөнгө	6
тоологдох	ᠬᠥᠷᠥᠩᠭᠡ ᠲᠡᠢ	хөрөнгөтэй	5
тоолол	ᠮᠢᠨᠦ᠋ᠲ	минут	5
тоолон	ᠬᠦᠯᠢᠶᠡᠵᠦ	хүлээж	16
тоолон	ᠬᠦᠯᠢᠶᠡᠳᠡᠭ	хүлээдэг	9
тоолон	ᠬᠦᠯᠢᠶᠡᠬᠦ	хүлээх	7
тоолонд	ᠨᠢ	нь	5
тоолох	ᠨᠢ	нь	16
тоолох	ᠮᠠᠰᠢᠨ	машин	12
тоолох	ᠮᠠᠰᠢᠨ ᠢ	машиныг	9
тоолуур	ᠭᠦᠶᠦᠵᠦ	гүйж	8
тоолуур	ᠨᠢ	нь	6
тоон	ᠳᠡᠭᠡᠷ᠎ᠡ	дээр	85
тоон	ᠦᠵᠡᠭᠦᠯᠦᠯᠲᠡ	үзүүлэлт	85
тоон	ᠭᠠᠷ ᠤᠨ	гарын	39
тоонд	ᠵᠦᠢ	зүй	81
тоонд	ᠣᠷᠣᠳᠠᠭ	ордог	78
тоонд	ᠪᠠᠭᠠᠳᠴᠤ	багтаж	53
тооно	ᠨᠢ	нь	7
тооноос	ᠢᠯᠡᠭᠦᠦ	илүү	18
тооноос	ᠨᠢ	нь	10
тооноос	ᠴᠢᠨᠠᠷ ᠲᠤ	чанарт	8
тооны	ᠬᠠᠷᠢᠴᠠᠭ᠎ᠠ ᠶᠢ	харьцааг	250
тооны	ᠪᠤᠰᠤ	бус	147
тооны	ᠬᠤᠪᠢ ᠳᠤ	хувьд	52
тоос	ᠰᠣᠷᠣᠭᠴᠢ	сорогч	89
тоос	ᠰᠢᠷᠣᠢ	шороо	53
тоос	ᠨᠢ	нь	28
тоосго	ᠴᠤ	ч	6
тоосны	ᠬᠠᠴᠢᠭ	хачиг	75
тоосны	ᠬᠠᠷᠰᠢᠯ	харшил	9
тоосон	ᠰᠢᠨᠵᠢ ᠦᠭᠡᠢ	шинжгүй	15
тоосон	ᠳᠤᠮᠳᠠ	дунд	10
тоосон	ᠴᠤ	ч	7
тоосонд	ᠳᠠᠷᠤᠭᠳᠠᠵᠤ	дарагдаж	13
тоосонд	ᠳᠠᠷᠤᠭᠳᠠᠨ	дарагдан	7
тоосонд	ᠨᠢ	нь	5
тоот	ᠥᠷᠥᠭᠡᠨ ᠳᠦ	өрөөнд	291
тоот	ᠲᠣᠭᠲᠠᠭᠠᠯ	тогтоол	54
тоот	ᠲᠤᠰᠢᠶᠠᠯ	тушаал	53
тоотой	ᠬᠡᠳᠦᠨ	хэдэн	25
тоотой	ᠬᠡᠳᠦᠬᠡᠨ	хэдхэн	20
тоотой	ᠵᠢᠯ ᠳᠦ	жилд	14
тоох	ᠬᠦᠮᠦᠨ	хүн	8
тоохгүй	ᠪᠠᠶᠢᠨ᠎ᠠ	байна	23
тоохгүй	ᠪᠠᠶᠢᠭ᠎ᠠ	байгаа	17
тоохгүй	ᠪᠠᠶᠢᠭᠰᠠᠨ	байсан	16
тоохоо	ᠪᠣᠯᠢᠭᠰᠠᠨ	больсон	12
тоохоо	ᠪᠣᠯᠢᠵᠤ	больж	5
тоохоо	ᠪᠣᠯᠢᠵᠠᠢ	больжээ	5
тооцно	ᠭᠡᠵᠦ	гэж	40
тооцно	ᠭᠡᠰᠡᠨ	гэсэн	26
тооцно	ᠬᠡᠮᠡᠨ	хэмээн	9
тооцогдох	ᠪᠣᠯᠤᠭᠰᠠᠨ	болсон	20
тооцогдох	ᠶᠠᠭᠤᠮ᠎ᠠ	юм	12
тооцогдох	ᠡᠨᠡᠬᠦ	энэхүү	10
тооцож	ᠪᠠᠶᠢᠭ᠎ᠠ	байгаа	193
тооцож	ᠪᠠᠶᠢᠨ᠎ᠠ	байна	85
тооцож	ᠪᠠᠶᠢᠭᠰᠠᠨ	байсан	57
тооцон	ᠰᠢᠯᠭᠠᠵᠤ	шалгаж	28
тооцон	ᠭᠠᠷᠭᠠᠵᠤ	гаргаж	14
тооцон	ᠠᠪᠴᠤ	авч	9
тооцоо	ᠰᠤᠳᠤᠯᠭ᠎ᠠ	судалгаа	207
тооцоо	ᠭᠠᠷᠤᠭᠰᠠᠨ	гарсан	159
тооцоо	ᠪᠤᠢ	бий	139
тооцоолж	ᠪᠠᠶᠢᠭ᠎ᠠ	байгаа	125
тооцоолж	ᠪᠠᠶᠢᠨ᠎ᠠ	байна	86
тооцоолж	ᠪᠠᠶᠢᠭᠰᠠᠨ	байсан	70
тоочоод	ᠪᠠᠶᠢᠪᠠᠯ	байвал	58
тоочоод	ᠪᠠᠷᠠᠰᠢ ᠦᠭᠡᠢ	баршгүй	9
тоочоод	ᠪᠠᠷᠠᠬᠤ ᠦᠭᠡᠢ	барахгүй	5
топ	ᠢᠨᠳᠧᠺᠰ	индекс	171
топ	ᠮᠣᠳᠧᠯ	модель	109
топ	ᠠᠵᠤ	аж	54
тор	ᠮᠡᠲᠦ	мэт	16
тор	ᠢᠨᠳᠧᠺᠰ	индекс	11
тор	ᠰᠢᠭ	шиг	6
торгон	ᠵᠢᠯᠣᠭᠣ	жолоо	37
торгон	ᠵᠢᠯᠣᠭᠣ ᠶᠢ ᠪᠠᠨ	жолоогоо	26
торгон	ᠨᠣᠭᠣᠭᠠᠨ	ногоон	24
торгоны	ᠵᠠᠮ	зам	88
торгоны	ᠵᠠᠮ ᠤᠨ	замын	64
торгоны	ᠬᠡ	хээ	10
торгох	ᠡᠰᠡᠬᠦᠯ᠎ᠡ	эсхүл	127
торгох	ᠢᠯᠠ	ял	51
торгох	ᠰᠢᠳᠬᠡᠯ	шийтгэл	49
торгууль	ᠤᠯᠭᠤᠬᠤ	төлөх	35
торгууль	ᠨᠢ	нь	15
торгууль	ᠣᠨᠣᠭᠳᠠᠭᠤᠯᠤᠭᠰᠠᠨ	оногдуулсан	13
торны	ᠴᠠᠭᠠᠨ᠎ᠠ	цаана	49
торон	ᠬᠠᠰᠢᠶ᠎ᠠ	хашаа	11
торон	ᠳᠣᠲᠣᠷ᠎ᠠ	дотор	9
тос	ᠪᠣᠯᠪᠠᠰᠤᠷᠠᠭᠤᠯᠬᠤ	боловсруулах	204
тос	ᠪᠠᠶᠢᠭᠠᠯ ᠤᠨ	байгалийн	77
тос	ᠪᠣᠯᠤᠨ	болон	56
тосгон	ᠨᠢ	нь	17
тосгон	ᠪᠠᠭ ᠤᠨ	багийн	12
тосгон	ᠰᠠᠭᠤᠷᠢᠨ	суурин	10
тослог	ᠪᠠᠭᠠᠲᠠᠢ	багатай	20
тослог	ᠶᠡᠬᠡ ᠲᠡᠢ	ихтэй	15
тослог	ᠤᠷᠭᠤᠮᠠᠯ ᠤᠨ	ургамлын	10
тосон	ᠤᠤᠯ	уул	48
тосон	ᠠᠪᠴᠤ	авч	23
тосон	ᠪᠤᠳᠤᠭ	будаг	18
тосоор	ᠪᠠᠶᠠᠯᠢᠭ	баялаг	8
тостой	ᠬᠣᠯᠪᠣᠭᠳᠠᠭᠰᠠᠨ	холбогдсон	21
тостой	ᠬᠣᠭᠣᠯᠠ	хоол	19
тосч	ᠠᠪᠤᠭᠰᠠᠨ	авсан	12
тосч	ᠠᠪᠬᠤ	авах	9
тосч	ᠠᠪᠤᠯ᠎ᠠ	авлаа	7
тосыг	ᠨᠢ	нь	12
тосыг	ᠬᠡᠯᠡ ᠪᠡᠷ ᠢᠶᠡᠨ	хэлээрээ	12
тосыг	ᠬᠥᠬᠡ	хөх	7
тотгор	ᠪᠣᠯᠵᠤ	болж	12
тотгор	ᠤᠴᠠᠷᠠᠭᠤᠯᠵᠤ	учруулж	12
тохилог	ᠣᠷᠣᠨ	орон	33
тохилог	ᠤᠷᠴᠢᠨ ᠳᠤ	орчинд	17
тохилог	ᠣᠷᠴᠢᠨ	орчин	10
тохиож	ᠪᠠᠶᠢᠨ᠎ᠠ	байна	405
тохиож	ᠪᠠᠶᠢᠭ᠎ᠠ	байгаа	400
тохиож	ᠪᠤᠢ	буй	204
тохиол	ᠳᠣᠯᠣ	дол	16
тохиол	ᠪᠠᠶᠢᠯ᠎ᠠ	байлаа	7
тохиолдож	ᠪᠠᠶᠢᠭ᠎ᠠ	байгаа	74
тохиолдож	ᠪᠠᠶᠢᠭᠰᠠᠨ	байсан	60
тохиолдож	ᠪᠠᠶᠢᠨ᠎ᠠ	байна	42
тохиолдол	ᠪᠤᠢ	бий	246
тохиолдол	ᠴᠤ	ч	211
тохиолдол	ᠪᠠᠶᠢᠳᠠᠭ	байдаг	158
тохиолдолд	ᠲᠤᠬᠠᠢ ᠶᠢᠨ	тухайн	155
тохиолдолд	ᠡᠨᠡ	энэ	73
тохиолдолд	ᠯᠠ	л	71
тохиолдох	ᠨᠢ	нь	12
тохиолдох	ᠪᠣᠯᠤᠭᠰᠠᠨ	болсон	6
тохиолдсон	ᠦᠶ᠎ᠡ ᠳᠦ	үед	36
тохиолдсон	ᠶᠠᠪᠤᠳᠠᠯ	явдал	21
тохиолдсон	ᠬᠠᠮᠤᠭ ᠤᠨ	хамгийн	17
тохионо	ᠭᠡᠵᠦ	гэж	6
тохиосон	ᠶᠠᠭᠤᠮ᠎ᠠ	юм	40
тохиосон	ᠨᠢ	нь	13
тохиосон	ᠪᠥᠭᠡᠳ	бөгөөд	9
тохиох	ᠭᠡᠵᠦ	гэж	37
тохиох	ᠶᠠᠭᠤᠮ᠎ᠠ	юм	25
тохиох	ᠨᠢ	нь	23
тохиргоо	ᠬᠢᠬᠦ	хийх	14
тохиргоо	ᠨᠢ	нь	10
тохиргоо	ᠬᠢᠵᠦ	хийж	8
тохиролцсон	ᠪᠠᠶᠢᠨ᠎ᠠ	байна	76
тохиролцсон	ᠶᠠᠭᠤᠮ᠎ᠠ	юм	35
тохиролцсон	ᠪᠥᠭᠡᠳ	бөгөөд	21
тохиромжтой	ᠶᠠᠭᠤᠮ᠎ᠠ	юм	42
тохиромжтой	ᠪᠠᠶᠢᠳᠠᠭ	байдаг	39
тохиромжтой	ᠭᠡᠵᠦ	гэж	30
тохирох	ᠶᠠᠭᠤᠮ᠎ᠠ	юм	17
тохирох	ᠬᠡᠷᠡᠭᠲᠡᠢ	хэрэгтэй	12
тохирох	ᠬᠦᠮᠦᠨ	хүн	11
тохирохгүй	ᠪᠠᠶᠢᠨ᠎ᠠ	байна	11
тохирохгүй	ᠪᠠᠶᠢᠭ᠎ᠠ	байгаа	9
тохирохгүй	ᠭᠡᠵᠦ	гэж	7
тохирсон	ᠪᠠᠶᠢᠨ᠎ᠠ	байна	34
тохирсон	ᠪᠠᠶᠢᠬᠤ	байх	20
тохирсон	ᠶᠠᠭᠤᠮ᠎ᠠ	юм	20
тохируулах	ᠪᠣᠯᠤᠮᠵᠢ ᠲᠠᠢ	боломжтой	13
тохируулах	ᠬᠡᠷᠡᠭᠲᠡᠢ	хэрэгтэй	9
тохируулах	ᠨᠢ	нь	8
тохируулж	ᠪᠣᠯᠤᠨ᠎ᠠ	болно	10
тохируулж	ᠯᠠ	л	6
тохирч	ᠪᠠᠶᠢᠭ᠎ᠠ	байгаа	36
тохирч	ᠪᠠᠶᠢᠨ᠎ᠠ	байна	13
тохирч	ᠴᠢᠳᠠᠯ ᠢᠶᠠᠨ	чадлаа	10
тохож	ᠪᠠᠶᠢᠨ᠎ᠠ	байна	7
тохож	ᠡᠷᠡᠭᠦᠦ ᠶᠢᠨ	эрүүгийн	5
тохой	ᠵᠠᠯᠭᠠᠨ	залган	8
тохой	ᠨᠡᠶᠢᠯᠡᠭᠦᠯᠦᠨ	нийлүүлэн	8
тохой	ᠨᠢ	нь	8
трактор	ᠺᠣᠮᠪᠠᠶᠢᠨ	комбайн	18
трактор	ᠠᠪᠬᠤ	авах	8
трактор	ᠦᠷ᠎ᠡ	үр	7
туваан	ᠪᠣᠯᠤᠨ	болон	6
туваан	ᠨᠠᠷᠠ	нар	5
туг	ᠳᠠᠯᠪᠠᠭ᠎ᠠ	далбаа	17
туг	ᠨᠢ	нь	14
туг	ᠳᠠᠯᠪᠠᠭ᠎ᠠ ᠶᠢ	далбааг	9
тугаа	ᠪᠠᠷᠢ ᠳᠤ	бариад	6
тугаа	ᠮᠠᠨᠳᠤᠭᠤᠯᠵᠤ	мандуулж	6
тугаа	ᠮᠠᠨᠳᠤᠭᠤᠯᠬᠤ	мандуулах	5
тугал	ᠦᠬᠦᠭᠰᠡᠨ	үхсэн	14
тугал	ᠬᠠᠷᠢᠭᠤᠯᠵᠤ	хариулж	5
тугал	ᠴᠤ	ч	5
тугалга	ᠴᠠᠶᠢᠷ	цайр	9
тугалга	ᠪᠣᠯᠤᠨ	болон	7
тугалга	ᠨᠢ	нь	7
тугийн	ᠣᠳᠣᠨ	одон	36
тугийн	ᠳᠣᠣᠷ᠎ᠠ	дор	19
туйл	ᠷᠤ	руу	12
туйл	ᠳᠡᠯᠡᠬᠡᠢ ᠶᠢᠨ	дэлхийн	8
туйлын	ᠪᠠᠶᠠᠷᠲᠠᠢ	баяртай	72
туйлын	ᠶᠡᠬᠡ	их	68
туйлын	ᠵᠣᠷᠢᠯᠭ᠎ᠠ	зорилго	51
тул	ᠡᠨᠡ	энэ	368
тул	ᠡᠶᠢᠨᠬᠦᠦ	ийнхүү	134
тул	ᠲᠠ	та	128
тулаад	ᠪᠠᠶᠢᠭ᠎ᠠ	байгаа	39
тулаад	ᠪᠠᠶᠢᠨ᠎ᠠ	байна	34
тулаад	ᠪᠠᠶᠢᠭᠰᠠᠨ	байсан	13
тулаан	ᠬᠢᠵᠦ	хийж	33
тулаан	ᠪᠣᠯᠬᠤ	болох	14
тулаан	ᠬᠢᠬᠦ	хийх	14
тулаанд	ᠢᠯᠠᠯᠲᠠ	ялалт	9
тулаанд	ᠮᠠᠨ ᠤ	манай	8
тулаанд	ᠣᠷᠣᠵᠤ	орж	8
тулалдаж	ᠪᠠᠶᠢᠭᠰᠠᠨ	байсан	16
тулалдаж	ᠪᠤᠢ	буй	15
тулалдаж	ᠪᠠᠶᠢᠨ᠎ᠠ	байна	9
тулалдах	ᠶᠠᠭᠤᠮ᠎ᠠ	юм	29
тулалдах	ᠪᠣᠯᠤᠭᠰᠠᠨ	болсон	7
тулалдах	ᠨᠢ	нь	5
тулан	ᠠᠭᠤᠯᠵᠠᠵᠤ	уулзаж	21
тулан	ᠠᠭᠤᠯᠵᠠᠬᠤ	уулзах	5
тулах	ᠴᠡᠭ	цэг	35
тулах	ᠨᠢ	нь	15
тулах	ᠶᠠᠭᠤᠮ᠎ᠠ	юм	13
тулга	ᠲᠣᠭᠣᠷᠢᠭᠰᠠᠨ	тойрсон	37
тулга	ᠨᠠᠷᠠ	нар	20
тулга	ᠡ	э	13
тулгаад	ᠪᠠᠶᠢᠭ᠎ᠠ	байгаа	8
тулгаж	ᠪᠠᠶᠢᠭ᠎ᠠ	байгаа	23
тулгаж	ᠪᠠᠶᠢᠨ᠎ᠠ	байна	20
тулгаж	ᠪᠤᠢ	буй	10
тулгамдсан	ᠠᠰᠠᠭᠤᠳᠠᠯ	асуудал	421
тулгамдсан	ᠠᠰᠠᠭᠤᠳᠠᠯ ᠢ	асуудлыг	184
тулгамдсан	ᠠᠰᠠᠭᠤᠳᠠᠯ ᠤᠳ	асуудлууд	92
тулган	ᠱᠠᠭᠠᠷᠳᠠᠬᠤ	шаардах	13
тулган	ᠬᠦᠯᠢᠶᠡᠯᠭᠡᠬᠦ	хүлээлгэх	10
тулган	ᠱᠠᠭᠠᠷᠳᠠᠵᠤ	шаардаж	9
тулгар	ᠲᠥᠷᠥ ᠶᠢᠨ	төрийн	228
тулгар	ᠲᠥᠷᠥ	төр	55
тулгар	ᠪᠡᠶ᠎ᠡ ᠲᠡᠢ	биетэй	6
тулгараад	ᠪᠠᠶᠢᠭ᠎ᠠ	байгаа	180
тулгараад	ᠪᠠᠶᠢᠨ᠎ᠠ	байна	97
тулгараад	ᠪᠤᠢ	буй	50
тулгарах	ᠨᠢ	нь	28
тулгарах	ᠪᠣᠯᠤᠨ᠎ᠠ	болно	14
тулгарах	ᠪᠣᠯᠤᠭᠰᠠᠨ	болсон	12
тулгарна	ᠭᠡᠵᠦ	гэж	9
тулгарсан	ᠶᠠᠭᠤᠮ᠎ᠠ	юм	20
тулгарсан	ᠪᠠᠶᠢᠨ᠎ᠠ	байна	18
тулгарсан	ᠠᠰᠠᠭᠤᠳᠠᠯ ᠢ	асуудлыг	14
тулгарч	ᠪᠠᠶᠢᠭ᠎ᠠ	байгаа	337
тулгарч	ᠪᠤᠢ	буй	337
тулгарч	ᠪᠠᠶᠢᠨ᠎ᠠ	байна	221
тулгасан	ᠭᠡᠬᠦ	гэх	10
тулгах	ᠡᠰᠡᠪᠡᠯ	эсвэл	22
тулгах	ᠨᠢ	нь	7
тулгах	ᠪᠢᠰᠢ	биш	5
тулгуур	ᠨᠢ	нь	52
тулгуур	ᠪᠣᠯᠤᠭᠰᠠᠨ	болсон	27
тулгуур	ᠲᠥᠪ	төв	27
тулгуурлан	ᠦᠢᠯᠡ	үйл	22
тулгуурлан	ᠴᠢᠨᠠᠭᠰᠢᠳᠠ	цаашид	13
тулгуурлан	ᠬᠥᠭᠵᠢᠵᠦ	хөгжиж	12
тулгуурласан	ᠪᠠᠶᠢᠬᠤ	байх	11
тулгуурласан	ᠵᠠᠬ᠎ᠠ	зах	7
тулгуурласан	ᠵᠥᠪ	зөв	6
тулгуурлах	ᠶᠣᠰᠣᠲᠠᠢ	ёстой	14
тулгуурлах	ᠪᠥᠭᠡᠳ	бөгөөд	6
тулгын	ᠭᠤᠷᠪᠠᠨ	гурван	31
тулгын	ᠴᠢᠯᠠᠭᠤ ᠶᠢ	чулууг	21
тулгын	ᠴᠢᠯᠠᠭᠤ	чулуу	15
тулд	ᠪᠢᠳᠡ	бид	222
тулд	ᠶᠠᠮᠠᠷ	ямар	213
тулд	ᠣᠯᠠᠨ	олон	194
тулдаа	ᠯᠠ	л	17
тулж	ᠪᠠᠶᠢᠨ᠎ᠠ	байна	32
тулж	ᠢᠷᠡᠭᠡᠳ	ирээд	31
тулж	ᠠᠵᠢᠯᠯᠠᠬᠤ	ажиллах	24
тулсан	ᠨᠢ	нь	12
тулсан	ᠶᠠᠭᠤᠮ᠎ᠠ	юм	11
тулсан	ᠦᠶ᠎ᠡ ᠳᠦ	үед	11
тултал	ᠨᠢ	нь	32
тултал	ᠬᠡᠢ	хий	5
тун	ᠤᠳᠤᠬᠤ ᠦᠭᠡᠢ	удахгүй	1316
тун	ᠴᠤ	ч	327
тун	ᠰᠠᠶᠢᠨ	сайн	228
тунгаан	ᠪᠣᠳᠣᠵᠤ	бодож	16
тунгаан	ᠪᠣᠳᠣᠬᠤ	бодох	9
тунгаах	ᠬᠡᠷᠡᠭᠲᠡᠢ	хэрэгтэй	10
тунгаах	ᠶᠣᠰᠣᠲᠠᠢ	ёстой	6
тунгаах	ᠨᠢ	нь	5
тунгалаг	ᠲᠠᠮᠢᠷ	тамир	51
тунгалаг	ᠪᠤᠶᠠᠨᠲᠤ	буянт	18
тунгалаг	ᠨᠠᠷᠠ	нар	13
тунхаг	ᠪᠢᠴᠢᠭ	бичиг	19
тунхаг	ᠲᠡᠳᠦᠢ	төдий	5
тунхаглал	ᠪᠣᠯᠤᠨ	болон	12
тунхаглал	ᠭᠠᠷᠭᠠᠵᠤ	гаргаж	6
тунхаглал	ᠦᠢᠯᠡ	үйл	6
тур	ᠣᠫᠧᠷᠠᠲ᠋ᠣᠷ	оператор	10
тур	ᠰᠢᠳᠢ	шид	8
турбин	ᠭᠧᠨᠧᠷᠠᠲ᠋ᠣᠷ	генератор	6
турбин	ᠪᠣᠯᠤᠨ	болон	5
турж	ᠦᠬᠦᠬᠦ	үхэх	12
турж	ᠦᠬᠦᠨ᠎ᠡ	үхнэ	8
турж	ᠡᠴᠡᠬᠦ	эцэх	7
турш	ᠦᠷᠭᠦᠯᠵᠢᠯᠡᠬᠦ	үргэлжлэх	91
турш	ᠦᠷᠭᠦᠯᠵᠢᠯᠡᠭᠰᠡᠨ	үргэлжилсэн	76
турш	ᠦᠷᠭᠦᠯᠵᠢᠯᠡᠵᠦ	үргэлжилж	53
туршаад	ᠦᠵᠡᠭᠡᠷᠡᠢ	үзээрэй	24
туршдаа	ᠰᠤᠷᠤᠯᠴᠠᠬᠤ	суралцах	11
туршдаа	ᠲᠠᠬᠢᠷ	тахир	11
туршдаа	ᠬᠠᠮᠲᠤ	хамт	6
туршид	ᠨᠢ	нь	53
туршид	ᠦᠷᠭᠦᠯᠵᠢᠯᠡᠬᠦ	үргэлжлэх	13
туршид	ᠮᠣᠩᠭᠣᠯ ᠤᠨ	монголын	9
туршиж	ᠪᠠᠶᠢᠭ᠎ᠠ	байгаа	49
туршиж	ᠪᠠᠶᠢᠨ᠎ᠠ	байна	32
туршиж	ᠦᠵᠡᠭᠰᠡᠨ	үзсэн	29
туршийн	ᠪᠣᠯᠪᠠᠰᠤᠷᠠᠯ ᠤᠨ	боловсролын	42
туршийн	ᠪᠣᠯᠪᠠᠰᠤᠷᠠᠯ	боловсрол	10
туршийн	ᠳᠠᠷᠬᠠᠯᠠᠭ᠎ᠠ	дархлаа	6
туршилт	ᠬᠢᠵᠦ	хийж	68
туршилт	ᠬᠢᠬᠦ	хийх	43
туршилт	ᠬᠢᠭᠰᠡᠨ	хийсэн	38
турших	ᠭᠡᠵᠦ	гэж	6
турших	ᠠᠵᠢᠯ ᠢ	ажлыг	5
туршлага	ᠰᠤᠯᠢᠯᠴᠠᠬᠤ	солилцох	224
туршлага	ᠰᠤᠳᠤᠯᠬᠤ	судлах	171
туршлага	ᠪᠤᠢ	бий	98
туршлагатай	ᠨᠢᠭᠡᠨ	нэгэн	64
туршлагатай	ᠬᠦᠮᠦᠨ	хүн	54
туршлагатай	ᠪᠥᠭᠡᠳ	бөгөөд	29
тус	ᠲᠤᠰ	тус	6530
тус	ᠪᠦᠷ	бүр	2145
тус	ᠤᠯᠤᠰ ᠤᠨ	улсын	1945
тусаж	ᠪᠠᠶᠢᠭ᠎ᠠ	байгаа	8
тусаж	ᠪᠠᠶᠢᠨ᠎ᠠ	байна	7
тусалдаг	ᠪᠠᠶᠢᠭᠰᠠᠨ	байсан	13
тусалдаг	ᠶᠠᠭᠤᠮ᠎ᠠ	юм	13
тусалдаг	ᠪᠠᠶᠢᠨ᠎ᠠ	байна	10
тусалж	ᠳᠡᠮᠵᠢᠵᠦ	дэмжиж	72
тусалж	ᠪᠠᠶᠢᠭ᠎ᠠ	байгаа	46
тусалж	ᠪᠠᠶᠢᠭᠰᠠᠨ	байсан	31
тусалсан	ᠶᠠᠭᠤᠮ᠎ᠠ	юм	12
тусалсан	ᠪᠠᠶᠢᠨ᠎ᠠ	байна	10
тусалсан	ᠪᠦᠬᠦ	бүх	10
тусам	ᠨᠡᠮᠡᠭᠳᠡᠵᠦ	нэмэгдэж	54
тусам	ᠤᠯᠠᠮ	улам	51
тусам	ᠡᠨᠡ	энэ	25
тусах	ᠨᠢ	нь	40
тусах	ᠪᠤᠢ	вэ	12
тусах	ᠶᠠᠭᠤᠮ᠎ᠠ	юм	11
тусахгүй	ᠪᠠᠶᠢᠵᠤ	байж	7
тусахгүй	ᠪᠠᠶᠢᠬᠤ	байх	5
тусгаар	ᠲᠣᠭᠲᠠᠨᠢᠯ	тогтнол	470
тусгаар	ᠤᠯᠤᠰ	улс	59
тусгаар	ᠮᠣᠩᠭᠣᠯ	монгол	24
тусгаарлагдсан	ᠪᠠᠶᠢᠨ᠎ᠠ	байна	7
тусгаарлаж	ᠮᠥᠷᠳᠡᠨ	мөрдөн	9
тусгаарлаж	ᠬᠡᠷᠡᠭ ᠢ	хэргийг	7
тусгаарласан	ᠶᠠᠭᠤᠮ᠎ᠠ	юм	9
тусгаарлах	ᠥᠷᠥᠭᠡᠨ ᠳᠦ	өрөөнд	23
тусгаарлах	ᠥᠷᠥᠭᠡ	өрөө	12
тусгаарлах	ᠱᠠᠭᠠᠷᠳᠠᠯᠭ᠎ᠠ ᠲᠠᠢ	шаардлагатай	10
тусгаж	ᠥᠭᠭᠦᠭᠰᠡᠨ	өгсөн	150
тусгаж	ᠥᠭᠬᠦ	өгөх	61
тусгаж	ᠪᠠᠶᠢᠭ᠎ᠠ	байгаа	38
тусгай	ᠵᠥᠪᠰᠢᠶᠡᠷᠡᠯ	зөвшөөрөл	1763
тусгай	ᠠᠩᠭᠢ ᠶᠢᠨ	ангийн	608
тусгай	ᠠᠯᠪᠠᠨ	албан	181
тусгайлан	ᠪᠡᠯᠡᠳᠬᠡᠭᠰᠡᠨ	бэлтгэсэн	46
тусгайлан	ᠠᠪᠴᠤ	авч	29
тусгайлан	ᠵᠠᠰᠠᠭᠰᠠᠨ	зассан	29
тусгайлсан	ᠴᠢᠭᠢ	чиг	22
тусгайлсан	ᠬᠠᠤᠯᠢ	хууль	11
тусгайлсан	ᠬᠥᠲᠥᠯᠪᠦᠷᠢ	хөтөлбөр	11
тусгал	ᠨᠢ	нь	18
тусгал	ᠪᠣᠯᠵᠤ	болж	5
тусгах	ᠨᠢ	нь	82
тусгах	ᠶᠣᠰᠣᠲᠠᠢ	ёстой	54
тусгах	ᠱᠠᠭᠠᠷᠳᠠᠯᠭ᠎ᠠ ᠲᠠᠢ	шаардлагатай	41
тусдаа	ᠠᠰᠠᠭᠤᠳᠠᠯ	асуудал	46
тусдаа	ᠪᠠᠶᠢᠬᠤ	байх	39
тусдаа	ᠥᠭᠡᠷ᠎ᠡ	өөр	26
тусдаг	ᠶᠠᠭᠤᠮ᠎ᠠ	юм	8
тусдаг	ᠠᠵᠤ	аж	7
тусдаг	ᠭᠡᠰᠡᠨ	гэсэн	6
туслаад	ᠶᠠᠪᠤᠵᠤ	явж	6
туслаад	ᠥᠭᠪᠡᠯ	өгвөл	5
туслаач	ᠭᠡᠵᠦ	гэж	13
туслаач	ᠡ	ээ	5
туслагч	ᠨᠢ	нь	13
тусламж	ᠦᠢᠯᠡᠴᠢᠯᠡᠭᠡ	үйлчилгээ	549
тусламж	ᠦᠵᠡᠭᠦᠯᠬᠦ	үзүүлэх	268
тусламж	ᠳᠡᠮᠵᠢᠯᠭᠡ	дэмжлэг	134
туслан	ᠭᠦᠢᠴᠡᠳᠬᠡᠭᠴᠢ	гүйцэтгэгч	127
туслан	ᠭᠦᠢᠴᠡᠳᠭᠡᠬᠦ	гүйцэтгэх	11
туслах	ᠳᠦᠷᠦ	дүр	109
туслах	ᠪ	б	82
туслах	ᠨᠢ	нь	68
тусмаа	ᠰᠠᠶᠢᠨ	сайн	36
тусмаа	ᠡᠨᠡ	энэ	32
тусмаа	ᠮᠠᠨ ᠤ	манай	21
тусна	ᠭᠡᠵᠦ	гэж	14
тусна	ᠭᠡᠳᠡᠭ ᠢ	гэдгийг	9
тусна	ᠭᠡᠰᠡᠨ	гэсэн	8
туссан	ᠨᠢ	нь	20
туссан	ᠶᠠᠭᠤᠮ᠎ᠠ	юм	15
туссан	ᠬᠦᠮᠦᠨ	хүн	14
тустай	ᠠᠵᠢᠯ	ажил	36
тустай	ᠶᠠᠭᠤᠮ᠎ᠠ	юм	36
тустай	ᠭᠡᠳᠡᠭ ᠢ	гэдгийг	20
тусч	ᠪᠠᠶᠢᠭ᠎ᠠ	байгаа	81
тусч	ᠪᠠᠶᠢᠨ᠎ᠠ	байна	71
тусч	ᠪᠤᠢ	буй	15
тусыг	ᠡᠰᠡ	эс	53
тусыг	ᠨᠢ	нь	18
тусыг	ᠣᠶᠢᠯᠠᠭᠠᠭᠤᠯᠬᠤ	ойлгуулах	10
тусын	ᠲᠤᠯᠠᠳᠠ	тулд	53
тусын	ᠰᠣᠩᠭᠣᠭᠰᠠᠨ	сонгосон	8
тусын	ᠬᠠᠤᠯᠢ ᠪᠠᠷ	хуулиар	8
тутам	ᠵᠣᠬᠢᠶᠠᠨ	зохион	30
тутам	ᠨᠢᠭᠡ	нэг	19
тутам	ᠭᠠᠷᠭᠠᠳᠠᠭ	гаргадаг	18
тутамд	ᠨᠢᠭᠡ	нэг	126
тутамд	ᠨᠢ	нь	68
тутамд	ᠮᠢᠩᠭᠠᠨ	мянган	62
тутамдаа	ᠠᠮᠠ	ам	32
тутамдаа	ᠲᠥᠭᠥᠷᠢᠭ	төгрөг	10
тутамдаа	ᠮᠢᠩᠭᠠᠨ	мянган	9
тутмыг	ᠨᠢ	нь	34
туу	ᠯᠠᠬ᠎ᠠ	лах	5
тууж	ᠥᠭᠦᠯᠡᠯᠭᠡ	өгүүллэг	8
тууз	ᠬᠠᠶᠢᠴᠢᠯᠠᠬᠤ	хайчлах	15
тууз	ᠬᠠᠶᠢᠴᠢᠯᠠᠵᠤ	хайчилж	14
тууз	ᠬᠠᠶᠢᠴᠢᠯᠠᠨ	хайчлан	8
туул	ᠭᠣᠣᠯ ᠤᠨ	голын	685
туул	ᠭᠣᠣᠯ	гол	290
туул	ᠭᠣᠣᠯ ᠳᠤ	голд	103
туулаад	ᠪᠠᠶᠢᠨ᠎ᠠ	байна	12
туулаад	ᠯᠠ	л	6
туулаад	ᠪᠠᠶᠢᠭ᠎ᠠ	байгаа	5
туулай	ᠮᠣᠷᠢ	морь	40
туулай	ᠮᠣᠭᠠᠢ	могой	24
туулай	ᠡᠳᠦᠷ	өдөр	10
туулан	ᠪᠠᠶᠢᠵᠤ	байж	10
туулан	ᠢᠷᠡᠵᠦ	ирж	6
туулан	ᠲᠦᠷᠦᠭᠦᠯᠡᠭᠰᠡᠨ	түрүүлсэн	5
туулах	ᠠᠷᠭ᠎ᠠ	арга	118
туулах	ᠴᠢᠳᠠᠪᠤᠷᠢ	чадвар	36
туулах	ᠶᠣᠰᠣᠲᠠᠢ	ёстой	33
туулж	ᠢᠷᠡᠭᠰᠡᠨ	ирсэн	44
туулж	ᠥᠩᠭᠡᠷᠡᠭᠦᠯᠦᠭᠰᠡᠨ	өнгөрүүлсэн	38
туулж	ᠪᠠᠶᠢᠨ᠎ᠠ	байна	30
туулна	ᠭᠡᠳᠡᠭ	гэдэг	11
туулна	ᠭᠡᠵᠦ	гэж	10
туулна	ᠭᠡᠰᠡᠨ	гэсэн	9
туулсан	ᠪᠠᠶᠢᠨ᠎ᠠ	байна	22
туулсан	ᠵᠠᠮ	зам	19
туулсан	ᠶᠠᠭᠤᠮ᠎ᠠ	юм	15
туулын	ᠬᠤᠷᠳᠤᠨ ᠤ	хурдны	12
туулын	ᠬᠥᠪᠡᠭᠡᠨ ᠳᠦ	хөвөөнд	12
туулын	ᠡᠷᠭᠢ	эрэг	9
тууль	ᠬᠠᠶᠢᠯᠠᠬᠤ	хайлах	8
тууль	ᠬᠠᠶᠢᠯᠠᠵᠤ	хайлж	6
туульс	ᠨᠢ	нь	8
туульс	ᠡᠨᠡ	энэ	7
туульс	ᠬᠡᠯᠪᠡᠷᠢ ᠪᠡᠷ	хэлбэрээр	5
туурвил	ᠡᠬᠢᠯᠡᠬᠦ	эхлэх	9
туурвил	ᠵᠦᠢ ᠶᠢᠨ	зүйн	6
туурвил	ᠨᠢ	нь	5
туурвих	ᠤᠷᠠᠨ	уран	9
туурвих	ᠠᠷᠭ᠎ᠠ	арга	8
туурвих	ᠪᠣᠯᠤᠭᠰᠠᠨ	болсон	7
туурга	ᠲᠤᠰᠠᠭᠠᠷ	тусгаар	28
туургатан	ᠠᠶᠢᠯ	айл	5
туургатан	ᠬᠡᠦᠬᠡᠳ ᠦᠨ	хүүхдийн	5
туушин	ᠵᠣᠴᠢᠳ	зочид	29
туушин	ᠬᠬᠺ	ххк	5
тууштай	ᠳᠡᠮᠵᠢᠵᠦ	дэмжиж	46
тууштай	ᠪᠠᠷᠢᠮᠲᠠᠯᠠᠵᠤ	баримталж	26
тууштай	ᠪᠠᠶᠢᠵᠤ	байж	25
тух	ᠠᠶᠤᠯ ᠦᠭᠡᠢ	аюулгүй	9
тухай	ᠬᠠᠤᠯᠢ ᠶᠢᠨ	хуулийн	12856
тухай	ᠬᠠᠤᠯᠢ	хууль	4400
тухай	ᠬᠠᠤᠯᠢ ᠶᠢ	хуулийг	2587
тухайлбал	ᠤᠡᠬ	уих	245
тухайлбал	ᠣᠨ ᠳᠤ	онд	171
тухайлбал	ᠡᠨᠡ	энэ	139
тухайн	ᠦᠶ᠎ᠡ ᠳᠦ	үед	3692
тухайн	ᠦᠶ᠎ᠡ ᠶᠢᠨ	үеийн	1133
тухайн	ᠦᠶᠡᠳᠡᠭᠡ	үедээ	555
тухлан	ᠰᠠᠭᠤᠵᠤ	сууж	23
тухлан	ᠦᠵᠡᠬᠦ ᠶᠢ	үзэхийг	14
тухлан	ᠦᠵᠡᠭᠡᠷᠡᠢ	үзээрэй	12
тухтай	ᠤᠷᠴᠢᠨ ᠳᠤ	орчинд	64
тухтай	ᠣᠷᠴᠢᠨ	орчин	56
тухтай	ᠠᠮᠢᠳᠤᠷᠠᠬᠤ	амьдрах	32
тушаа	ᠪᠣᠯᠵᠤ	болж	41
тушаа	ᠪᠣᠯᠬᠤ	болох	9
тушаа	ᠪᠣᠯᠤᠭᠰᠠᠨ	болсон	9
тушаал	ᠡᠷᠬᠢᠯᠡᠬᠦ	эрхлэх	166
тушаал	ᠡᠷᠬᠡ	эрх	121
тушаал	ᠭᠠᠷᠭᠠᠵᠤ	гаргаж	104
тушаалаа	ᠤᠷᠪᠠᠭᠤᠯᠤᠨ	урвуулан	350
тушаалаа	ᠠᠰᠢᠭᠯᠠᠨ	ашиглан	91
тушаалаа	ᠠᠰᠢᠭᠯᠠᠵᠤ	ашиглаж	43
тушаалд	ᠲᠣᠮᠢᠯᠠᠭᠳᠠᠬᠤ	томилогдох	53
тушаалд	ᠨᠡᠷᠡ	нэр	38
тушаалд	ᠨᠢ	нь	32
тушаалтан	ᠡᠷᠬᠡ	эрх	59
тушаалтан	ᠨᠢ	нь	49
тушаалтан	ᠲᠥᠷᠥ ᠶᠢᠨ	төрийн	22
тушаасан	ᠠᠯᠲᠠᠨ ᠤ	алтны	35
тушаасан	ᠠᠵᠤ	аж	18
тушаасан	ᠲᠣᠬᠢᠶᠠᠯᠳᠤᠯ ᠳᠤ	тохиолдолд	17
тушаах	ᠠᠯᠲᠠᠨ ᠤ	алтны	49
тушаах	ᠨᠢ	нь	15
тушаах	ᠪᠥᠭᠡᠳ	бөгөөд	8
туяа	ᠨᠢ	нь	52
туяа	ᠡᠮᠴᠢᠯᠡᠭᠡ	эмчилгээ	23
туяа	ᠪᠣᠯᠤᠨ	болон	19
туяанд	ᠥᠷᠢᠲᠥᠬᠦ	өртөх	5
тэ	ᠭᠡᠳ	гээд	30
тэ	ᠶᠦ	ю	22
тэ	ᠭᠡᠬᠦ ᠪᠡᠷ	гэхээр	18
тэврээд	ᠶᠠᠪᠤᠵᠤ	явж	6
тэвчиж	ᠪᠣᠯᠬᠤ	болох	85
тэвчих	ᠬᠡᠷᠡᠭᠲᠡᠢ	хэрэгтэй	7
тэвчих	ᠠᠷᠭ᠎ᠠ	арга	5
тэвчих	ᠦ᠋	үү	5
тэвчихгүй	ᠨᠢ	нь	5
тэвчээр	ᠬᠠᠲᠠᠭᠤᠵᠢᠯ	хатуужил	28
тэвчээр	ᠱᠠᠭᠠᠷᠳᠠᠭᠰᠠᠨ	шаардсан	24
тэвчээр	ᠵᠢᠭᠠᠨ	заан	12
тэвчээрийг	ᠪᠠᠷᠠᠭᠰᠠᠨ	барсан	5
тэвчээртэй	ᠪᠠᠶᠢᠬᠤ	байх	12
тэвчээртэй	ᠪᠠᠶᠢᠵᠤ	байж	10
тэвчээртэй	ᠬᠦᠯᠢᠶᠡᠵᠦ	хүлээж	9
тэвэрсэн	ᠡᠵᠢ	ээж	10
тэвэрсэн	ᠵᠠᠯᠠᠭᠤ	залуу	7
тэвэрсэн	ᠡᠴᠢᠭᠡ	эцэг	7
тэвэрч	ᠠᠪᠤᠭᠠᠳ	аваад	14
тэвэрч	ᠪᠠᠶᠢᠭ᠎ᠠ	байгаа	7
тэг	ᠵᠣᠭᠰᠣᠯᠲᠠ	зогсолт	44
тэг	ᠭᠡᠵᠦ	гэж	11
тэг	ᠢᠩᠭᠡ	ингэ	10
тэгвэл	ᠡᠨᠡ	энэ	1070
тэгвэл	ᠥᠨᠥᠳᠥᠷ	өнөөдөр	271
тэгвэл	ᠲᠤᠰ	тус	190
тэгдэг	ᠶᠠᠭᠤᠮ᠎ᠠ	юм	23
тэгдэг	ᠪᠠᠶᠢᠭᠰᠠᠨ	байсан	12
тэгдэг	ᠪᠠᠶᠢᠬᠤ	байх	11
тэгж	ᠪᠠᠶᠢᠵᠤ	байж	285
тэгж	ᠯᠠ	л	134
тэгж	ᠬᠡᠯᠡᠵᠦ	хэлж	60
тэглэсэн	ᠴᠤ	ч	5
тэглэсэн	ᠰᠢᠭ	шиг	5
тэглээ	ᠭᠡᠳ	гээд	193
тэглээ	ᠴᠤ	ч	36
тэглээ	ᠢᠩᠭᠢᠯ᠎ᠡ	ингэлээ	5
тэгнэ	ᠭᠡᠵᠦ	гэж	19
тэгнэ	ᠢᠩᠭᠢᠨ᠎ᠡ	ингэнэ	12
тэгнэ	ᠭᠡᠰᠡᠨ	гэсэн	6
тэгсэн	ᠬᠡᠷᠡᠨ ᠢᠶᠡᠨ	хэрнээ	195
тэгсэн	ᠠᠲᠠᠯ᠎ᠠ ᠪᠠᠨ	атлаа	110
тэгсэн	ᠴᠢᠨᠢ	чинь	81
тэгтлээ	ᠶᠡᠬᠡ	их	37
тэгтэл	ᠲᠡᠷᠡ	тэр	17
тэгтэл	ᠨᠢᠭᠡ	нэг	13
тэгтэл	ᠡᠨᠡ	энэ	13
тэгш	ᠪᠤᠰᠤ	бус	208
тэгш	ᠡᠷᠬᠡ ᠲᠡᠢ	эрхтэй	99
тэгш	ᠪᠠᠶᠢᠳᠠᠯ ᠢ	байдлыг	98
тэгье	ᠭᠡᠳ	гээд	5
тэгэж	ᠪᠠᠶᠢᠵᠤ	байж	20
тэгэж	ᠪᠣᠳᠣᠬᠤ ᠦᠭᠡᠢ	бодохгүй	7
тэгэж	ᠯᠠ	л	5
тэгэлгүй	ᠶᠠᠬᠤᠪ	яахав	287
тэгэлгүй	ᠶᠠᠬᠤ	яах	146
тэгэх	ᠶᠠᠭᠤᠮ᠎ᠠ	юм	32
тэгэх	ᠴᠤ	ч	24
тэгэх	ᠶᠣᠰᠣᠲᠠᠢ	ёстой	24
тэгэхдээ	ᠡᠨᠡ	энэ	20
тэгэхдээ	ᠪᠦᠷ	бүр	14
тэгэхдээ	ᠨᠢᠭᠡ	нэг	11
тэгэхлээр	ᠡᠨᠡ	энэ	14
тэгэхлээр	ᠲᠠ	та	7
тэгэхлээр	ᠨᠢ	нь	5
тэгэхэд	ᠪᠢ	би	71
тэгэхэд	ᠨᠢ	нь	58
тэгэхэд	ᠯᠠ	л	44
тэгэхээр	ᠡᠨᠡ	энэ	739
тэгэхээр	ᠪᠢᠳᠡ	бид	265
тэгэхээр	ᠨᠢ	нь	256
тэгээд	ᠴᠤ	ч	1261
тэгээд	ᠯᠠ	л	697
тэгээд	ᠪᠢ	би	144
тэд	ᠡᠨᠡ	энэ	599
тэд	ᠪᠣᠯ	бол	163
тэд	ᠴᠤ	ч	157
тэдгээр	ᠨᠢ	нь	182
тэдгээр	ᠬᠦᠮᠦᠰ	хүмүүс	76
тэдгээр	ᠬᠦᠮᠦᠰ ᠦᠨ	хүмүүсийн	44
тэдний	ᠬᠤᠪᠢ ᠳᠤ	хувьд	404
тэдний	ᠨᠢᠭᠡ	нэг	345
тэдний	ᠳᠤᠮᠳᠠ	дунд	202
тэднийг	ᠡᠷᠡᠭᠦᠦ ᠶᠢᠨ	эрүүгийн	94
тэднийг	ᠰᠢᠭᠦᠬᠦ	шүүх	38
тэднийг	ᠳᠡᠮᠵᠢᠬᠦ	дэмжих	33
тэднийгээ	ᠳᠡᠮᠵᠢᠬᠦ	дэмжих	6
тэднийгээ	ᠥᠮᠦᠭᠡᠯᠡᠵᠦ	өмгөөлж	5
тэднийхээ	ᠲᠥᠯᠥᠭᠡ	төлөө	7
тэднийхээ	ᠲᠤᠬᠠᠢ	тухай	5
тэднийхээ	ᠦᠭᠡ ᠶᠢ	үгийг	5
тэднээр	ᠪᠠᠬᠠᠷᠬᠠᠵᠤ	бахархаж	9
тэднээр	ᠳᠠᠮᠵᠢᠭᠤᠯᠤᠨ	дамжуулан	8
тэднээр	ᠪᠠᠬᠠᠷᠬᠠᠬᠤ	бахархах	5
тэднээс	ᠭᠠᠳᠠᠨ᠎ᠠ	гадна	31
тэднээс	ᠨᠢ	нь	22
тэднээс	ᠢᠯᠡᠭᠦᠦ	илүү	20
тэдэн	ᠰᠢᠭ	шиг	71
тэдэн	ᠳᠡᠭᠡᠷ᠎ᠡ	дээр	41
тэдэн	ᠳᠤᠮᠳᠠ ᠠᠴᠠ	дундаас	33
тэдэнд	ᠬᠣᠯᠪᠣᠭᠣᠳᠠᠬᠤ	холбогдох	97
тэдэнд	ᠡᠷᠡᠭᠦᠦ ᠶᠢᠨ	эрүүгийн	65
тэдэнд	ᠵᠣᠷᠢᠭᠤᠯᠤᠭᠰᠠᠨ	зориулсан	52
тэдэнтэй	ᠬᠠᠮᠲᠤ	хамт	63
тэдэнтэй	ᠬᠠᠮᠲᠤᠷᠠᠨ	хамтран	33
тэдэнтэй	ᠬᠠᠮᠲᠤᠷᠠᠵᠤ	хамтарч	16
тэжээвэр	ᠠᠮᠢᠲᠠᠨ	амьтан	12
тэжээвэр	ᠠᠮᠢᠲᠠᠨ ᠤ	амьтны	10
тэжээвэр	ᠪᠣᠯᠤᠨ	болон	8
тэжээж	ᠪᠠᠶᠢᠭ᠎ᠠ	байгаа	32
тэжээж	ᠪᠠᠶᠢᠭᠰᠠᠨ	байсан	11
тэжээж	ᠪᠤᠢ	буй	10
тэжээл	ᠪᠡᠯᠡᠳᠬᠡᠬᠦ	бэлтгэх	44
тэжээл	ᠨᠢ	нь	18
тэжээл	ᠪᠣᠯᠳᠠᠭ	болдог	15
тэжээх	ᠭᠡᠵᠦ	гэж	13
тэжээх	ᠨᠢ	нь	9
тэжээх	ᠪᠤᠢ	вэ	5
тэзү	ᠡᠶᠢᠭ	ийг	164
тэзү	ᠭ	г	83
тэзү	ᠳ	д	79
тэй	ᠬᠠᠮᠲᠤᠷᠠᠨ	хамтран	157
тэй	ᠬᠣᠯᠪᠣᠭᠠᠲᠠᠢ	холбоотой	75
тэй	ᠪᠠᠶᠢᠬᠤ	байх	27
тэлж	ᠪᠠᠶᠢᠭ᠎ᠠ	байгаа	53
тэлж	ᠪᠠᠶᠢᠨ᠎ᠠ	байна	45
тэлж	ᠪᠤᠢ	буй	45
тэлмэн	ᠡᠬᠡ	эх	27
тэлмэн	ᠰᠤᠮᠤ ᠶᠢᠨ	сумын	10
тэлмэн	ᠰᠤᠮᠤᠨ ᠳᠤ	суманд	7
тэлнэ	ᠭᠡᠳᠡᠭ ᠲᠦ	гэдэгт	9
тэлсэн	ᠪᠠᠶᠢᠨ᠎ᠠ	байна	8
тэлсэн	ᠪᠣᠳᠣᠯᠭ᠎ᠠ	бодлого	7
тэлсээр	ᠪᠠᠶᠢᠨ᠎ᠠ	байна	22
тэлсээр	ᠪᠠᠶᠢᠭ᠎ᠠ	байгаа	21
тэлэх	ᠪᠣᠳᠣᠯᠭ᠎ᠠ	бодлого	70
тэлэх	ᠪᠣᠯᠤᠮᠵᠢ	боломж	19
тэлэх	ᠨᠢ	нь	18
тэмбүү	ᠡᠪᠡᠳᠴᠢᠨ	өвчин	12
тэмбүү	ᠵᠠᠭ	заг	9
тэмдэг	ᠨᠢ	нь	122
тэмдэг	ᠢᠯᠡᠷᠡᠭᠰᠡᠨ	илэрсэн	96
тэмдэг	ᠢᠯᠡᠷᠡᠪᠡᠯ	илэрвэл	94
тэмдэглэгээ	ᠬᠢᠬᠦ	хийх	11
тэмдэглэгээ	ᠬᠢᠵᠦ	хийж	9
тэмдэглэгээ	ᠬᠢᠭᠡ ᠦᠭᠡᠢ	хийгээгүй	7
тэмдэглэл	ᠬᠥᠲᠥᠯᠬᠦ	хөтлөх	23
тэмдэглэл	ᠬᠥᠲᠥᠯᠵᠢ	хөтөлж	13
тэмдэглэл	ᠪᠠ	ба	7
тэмдэглэнэ	ᠭᠡᠵᠦ	гэж	6
тэмдэглэсэн	ᠪᠠᠶᠢᠨ᠎ᠠ	байна	119
тэмдэглэсэн	ᠶᠠᠭᠤᠮ᠎ᠠ	юм	90
тэмдэглэсэн	ᠪᠠᠶᠢᠳᠠᠭ	байдаг	49
тэмдэглэх	ᠪᠠᠶᠠᠷ ᠤᠨ	баярын	139
тэмдэглэх	ᠭᠡᠵᠦ	гэж	86
тэмдэглэх	ᠨᠢ	нь	75
тэмдэглээд	ᠡᠨᠡ	энэ	24
тэмдэглээд	ᠴᠢᠨᠠᠭᠰᠢᠳᠠ	цаашид	22
тэмдэглээд	ᠮᠣᠩᠭᠣᠯ	монгол	18
тэмдэгт	ᠰᠤᠯᠢᠯᠴᠠᠬᠤ	солилцох	18
тэмдэгт	ᠪᠣᠯᠬᠤ	болох	16
тэмдэгт	ᠦᠨᠡᠲᠦ	үнэт	15
тэмцдэг	ᠶᠠᠭᠤᠮ᠎ᠠ	юм	8
тэмцдэг	ᠪᠠᠶᠢᠭᠰᠠᠨ	байсан	7
тэмцлийн	ᠦᠷ᠎ᠡ	үр	19
тэмцлийн	ᠬᠤᠷᠴᠠ	хурц	14
тэмцлийн	ᠠᠷᠭ᠎ᠠ	арга	13
тэмцсэн	ᠶᠠᠭᠤᠮ᠎ᠠ	юм	9
тэмцсэн	ᠴᠤ	ч	6
тэмцсэн	ᠭᠡᠵᠦ	гэж	5
тэмцсээр	ᠢᠷᠡᠭᠰᠡᠨ	ирсэн	13
тэмцсээр	ᠪᠠᠶᠢᠭᠠᠳ	байгаад	6
тэмцсээр	ᠪᠠᠶᠢᠬᠤ	байх	6
тэмцэж	ᠪᠠᠶᠢᠭ᠎ᠠ	байгаа	126
тэмцэж	ᠪᠠᠶᠢᠨ᠎ᠠ	байна	64
тэмцэж	ᠪᠤᠢ	буй	51
тэмцэл	ᠨᠢ	нь	25
тэмцэл	ᠬᠢᠵᠦ	хийж	22
тэмцэл	ᠬᠢᠬᠦ	хийх	21
тэмцэлд	ᠨᠢᠭᠡᠳᠴᠦ	нэгдэж	5
тэмцэнэ	ᠭᠡᠳᠡᠭ	гэдэг	29
тэмцэнэ	ᠭᠡᠵᠦ	гэж	16
тэмцэнэ	ᠭᠡᠳᠡᠭ ᠢᠶᠡᠨ	гэдгээ	14
тэмцэх	ᠭᠠᠵᠠᠷ ᠤᠨ	газрын	506
тэмцэх	ᠲᠤᠬᠠᠢ	тухай	394
тэмцэх	ᠭᠠᠵᠠᠷ	газар	323
тэмцээд	ᠪᠠᠶᠢᠭ᠎ᠠ	байгаа	7
тэмцээд	ᠦᠷ᠎ᠡ	үр	7
тэмцээн	ᠡᠨᠡ	энэ	427
тэмцээн	ᠵᠣᠬᠢᠶᠠᠨ	зохион	312
тэмцээн	ᠨᠢ	нь	297
тэмцээнд	ᠤᠷᠤᠯᠴᠠᠬᠤ	оролцох	830
тэмцээнд	ᠣᠷᠣᠯᠴᠠᠵᠤ	оролцож	496
тэмцээнд	ᠮᠠᠨ ᠤ	манай	482
тэмээ	ᠢᠮᠠᠭ᠎ᠠ	ямаа	12
тэмээ	ᠨᠢ	нь	11
тэмээ	ᠬᠣᠨᠢ	хонь	8
тэмээн	ᠰᠦᠷᠦᠭ ᠦᠨ	сүргийн	16
тэмээн	ᠳᠡᠭᠡᠷ᠎ᠡ	дээр	10
тэмээн	ᠳᠡᠭᠡᠷ᠎ᠡ ᠡᠴᠡ	дээрээс	8
тэмээний	ᠪᠠᠶᠠᠷ	баяр	12
тэмээний	ᠵᠠᠪᠤᠳ᠋	завод	9
тэмээний	ᠮᠢᠬ᠎ᠠ	мах	8
тэмүүжин	ᠰᠠᠶᠢᠳ	сайд	100
тэмүүжин	ᠰᠠᠶᠢᠳ ᠤᠨ	сайдын	65
тэмүүжин	ᠨᠠᠷᠠ	нар	35
тэмүүлж	ᠪᠠᠶᠢᠨ᠎ᠠ	байна	20
тэмүүлж	ᠪᠠᠶᠢᠭ᠎ᠠ	байгаа	11
тэмүүлж	ᠪᠤᠢ	буй	11
тэмүүлнэ	ᠡ	ээ	10
тэмүүлнэ	ᠪᠤᠢ	вэ	5
тэмүүлнэ	ᠳ᠋ᠡ	дээ	5
тэмүүлсэн	ᠮᠣᠷᠢᠳ	морьд	6
тэмүүлсэн	ᠬᠦᠮᠦᠨ	хүн	5
тэмүүлэл	ᠨᠢ	нь	11
тэмүүлэл	ᠰᠠᠶᠢᠬᠠᠨ	сайхан	6
тэмүүлэл	ᠳᠦᠭᠦᠷᠡᠩ	дүүрэн	5
тэмүүлэлтэй	ᠪᠠᠶᠢᠬᠤ	байх	6
тэмүүлэн	ᠨᠠᠷᠠ	нар	29
тэмүүлэн	ᠡᠮᠡᠭᠲᠡᠢ	эмэгтэй	13
тэмүүлэн	ᠡ	э	11
тэмүүлэх	ᠶᠣᠰᠣᠲᠠᠢ	ёстой	12
тэмүүлэх	ᠶᠠᠭᠤᠮ᠎ᠠ	юм	11
тэмүүлэх	ᠮᠢᠨᠦ	миний	7
тэн	ᠬᠠᠭᠠᠰ	хагас	79
тэн	ᠬᠠᠭᠠᠰ ᠢ	хагасыг	31
тэн	ᠴᠡᠬᠡ	цэх	8
тэнгис	ᠺᠢᠨᠣ᠋	кино	38
тэнгис	ᠳ᠋ᠡᠬᠢ	дэх	16
тэнгис	ᠳᠠᠯᠠᠢ	далай	13
тэнгисийн	ᠴᠡᠷᠢᠭ ᠦᠨ	цэргийн	36
тэнгисийн	ᠡᠷᠭᠢ	эрэг	20
тэнгисийн	ᠮᠠᠷᠺ ᠤᠨ	маркийн	11
тэнгэр	ᠰᠢᠭ	шиг	84
тэнгэр	ᠭᠠᠵᠠᠷ	газар	69
тэнгэр	ᠮᠢᠨᠢ	минь	47
тэнгэрийг	ᠲᠠᠶᠢᠬᠤ	тайх	57
тэнгэрийг	ᠡᠵᠡᠩᠨᠡᠩᠬᠡᠨ	эзэгнэнхэн	5
тэнгэрийн	ᠬᠡᠦ	хүү	105
тэнгэрийн	ᠳᠣᠣᠷ᠎ᠠ	дор	43
тэнгэрийн	ᠣᠷᠣᠨ ᠢᠶᠠᠷ	орноор	39
тэнгэрлэг	ᠠᠨᠳᠠ ᠨᠤᠭᠤᠳ	андууд	33
тэнгэрлэг	ᠠᠶᠠᠯᠭᠤ	аялгуу	7
тэнгэрлэг	ᠦᠰᠦᠭ	үсэг	7
тэнгэрт	ᠬᠠᠳᠤᠵᠤ	хадаж	54
тэнгэрт	ᠬᠠᠳᠤᠭᠰᠠᠨ	хадсан	48
тэнгэрт	ᠮᠣᠩᠭᠣᠯ	монгол	15
тэнгэрээс	ᠵᠠᠶᠠᠭ᠎ᠠ ᠲᠠᠢ	заяатай	9
тэнгэрээс	ᠪᠠᠭᠤᠭᠰᠠᠨ	буусан	8
тэнгэрээс	ᠥᠭᠡᠷ᠎ᠡ	өөр	8
тэнд	ᠠᠵᠢᠯᠯᠠᠵᠤ	ажиллаж	118
тэнд	ᠪᠠᠶᠢᠭᠰᠠᠨ	байсан	92
тэнд	ᠨᠢ	нь	88
тэндгүй	ᠯᠠ	л	6
тэндхийн	ᠣᠷᠣᠰᠢᠨ	оршин	9
тэндээ	ᠠᠵᠢᠯᠯᠠᠵᠤ	ажиллаж	14
тэндээ	ᠠᠮᠢᠳᠤᠷᠠᠵᠤ	амьдарч	11
тэндээ	ᠯᠠ	л	10
тэндээс	ᠯᠠ	л	29
тэндээс	ᠭᠠᠷᠤᠭᠰᠠᠨ	гарсан	20
тэндээс	ᠨᠢ	нь	16
тэнхлэг	ᠵᠠᠭᠤᠴᠢ	зууч	37
тэнхлэг	ᠨᠢ	нь	5
тэнхээ	ᠨᠢ	нь	5
тэнхээтэй	ᠪᠠᠶᠢᠬᠤ	байх	9
тэнхээтэй	ᠬᠦᠮᠦᠨ	хүн	8
тэнцвэр	ᠲᠣᠭᠲᠠᠬᠤ	тогтох	22
тэнцвэр	ᠠᠯᠳᠠᠭᠳᠠᠵᠤ	алдагдаж	10
тэнцвэр	ᠠᠯᠳᠠᠭᠳᠠᠭᠰᠠᠨ	алдагдсан	8
тэнцвэргүй	ᠪᠠᠶᠢᠳᠠᠯ	байдал	17
тэнцвэргүй	ᠪᠠᠶᠢᠳᠠᠯ ᠢ	байдлыг	13
тэнцвэртэй	ᠪᠠᠶᠢᠳᠠᠯ	байдал	32
тэнцвэртэй	ᠪᠠᠶᠢᠳᠠᠯ ᠢ	байдлыг	28
тэнцвэртэй	ᠪᠠᠶᠢᠬᠤ	байх	21
тэнцсэн	ᠪᠠᠶᠢᠨ᠎ᠠ	байна	70
тэнцсэн	ᠲᠣᠬᠢᠶᠠᠯᠳᠤᠯ ᠳᠤ	тохиолдолд	43
тэнцсэн	ᠴᠤ	ч	31
тэнцэж	ᠪᠠᠶᠢᠭ᠎ᠠ	байгаа	144
тэнцэж	ᠪᠠᠶᠢᠨ᠎ᠠ	байна	113
тэнцэж	ᠪᠠᠶᠢᠭᠰᠠᠨ	байсан	87
тэнцэх	ᠮᠥᠩᠭᠥᠨ	мөнгөн	44
тэнцэх	ᠬᠡᠮᠵᠢᠶᠡᠨ ᠳᠦ	хэмжээнд	37
тэнцэх	ᠪᠤᠶᠤ	буюу	29
тэнцүү	ᠪᠠᠶᠢᠬᠤ	байх	24
тэнцүү	ᠬᠡᠮᠵᠢᠶ᠎ᠡ ᠪᠡᠷ	хэмжээгээр	22
тэнцүү	ᠪᠠᠶᠢᠬᠤ ᠪᠠᠷ	байхаар	15
тэнцүүлж	ᠴᠢᠳᠠᠭᠰᠠᠨ	чадсан	14
тэнцүүлж	ᠤᠯᠠᠮ ᠢᠶᠠᠷ	улмаар	8
тэнцүүлж	ᠴᠢᠳᠠᠯ ᠢᠶᠠᠨ	чадлаа	5
тэнцүүлсэн	ᠶᠠᠭᠤᠮ᠎ᠠ	юм	23
тэнцүүлсэн	ᠪᠠᠶᠢᠨ᠎ᠠ	байна	10
тэнцүүлсэн	ᠪᠣᠯ	бол	8
тэнцүүлэх	ᠭᠡᠵᠦ	гэж	6
тэнцүүлэх	ᠪᠣᠯᠤᠮᠵᠢ	боломж	5
тэнцүүхэн	ᠲᠣᠭᠯᠠᠯᠲᠠ	тоглолт	6
тэнцүүхэн	ᠥᠷᠨᠢᠭᠰᠡᠨ	өрнөсөн	5
тэнэг	ᠬᠦᠮᠦᠨ	хүн	44
тэнэг	ᠪᠢᠰᠢ	биш	21
тэнэг	ᠶᠠᠭᠤᠮ᠎ᠠ	юм	17
тэнэж	ᠶᠠᠪᠤᠨ᠎ᠠ	явна	9
тэнэж	ᠶᠠᠪᠤᠭᠠᠳ	яваад	6
тэнэмэл	ᠠᠮᠢᠳᠤᠷᠠᠯ ᠲᠠᠢ	амьдралтай	6
тэнэмэл	ᠢᠷᠭᠡᠳ	иргэд	5
тэнүүн	ᠫ	п	7
тэр	ᠦᠶ᠎ᠡ ᠳᠦ	үед	2557
тэр	ᠨᠢ	нь	2500
тэр	ᠳᠤᠮᠳᠠ ᠪᠠᠨ	дундаа	2334
тэрбум	ᠠᠮᠠ	ам	3930
тэрбум	ᠲᠥᠭᠥᠷᠢᠭ	төгрөг	3765
тэрбум	ᠰᠠᠶ᠋ᠢ	сая	683
тэрбумтан	ᠪᠣᠯᠤᠭᠰᠠᠨ	болсон	10
тэрбумтан	ᠪᠢᠰᠢ	биш	5
тэрбумтан	ᠷᠣᠮᠠᠨ	роман	5
тэрбумын	ᠬᠥᠷᠥᠩᠭᠡ	хөрөнгө	67
тэрбумын	ᠵᠡᠭᠡᠯᠢ	зээл	20
тэрбумын	ᠦᠨᠡᠲᠡᠢ	үнэтэй	19
тэрбээр	ᠡᠨᠡ	энэ	445
тэрбээр	ᠣᠨ ᠳᠤ	онд	225
тэрбээр	ᠥᠩᠭᠡᠷᠡᠭᠰᠡᠨ	өнгөрсөн	199
тэргэл	ᠰᠠᠷᠠᠨ	саран	32
тэргэл	ᠰᠠᠷᠠᠨ ᠤ	сарны	24
тэргэл	ᠰᠠᠷᠠ ᠲᠠᠢ	сартай	16
тэргэнд	ᠰᠠᠭᠤᠯᠭᠠᠵᠤ	суулгаж	8
тэргэнд	ᠠᠮᠵᠢᠵᠤ	амжиж	5
тэргэнд	ᠰᠠᠭᠤᠭᠠᠳ	суугаад	5
тэргээр	ᠲᠠᠤᠯᠠᠢ	туулай	11
тэргээр	ᠵᠣᠷᠴᠢᠵᠤ	зорчиж	5
тэргээр	ᠶᠠᠪᠤᠵᠤ	явж	5
тэргүй	ᠤᠡᠬ	уих	6
тэргүй	ᠯᠠ	л	5
тэргүй	ᠡᠨᠡ	энэ	5
тэргүүлдэг	ᠪᠠᠶᠢᠨ᠎ᠠ	байна	12
тэргүүлдэг	ᠶᠠᠭᠤᠮ᠎ᠠ	юм	11
тэргүүлдэг	ᠪᠠᠶᠢᠭᠰᠠᠨ	байсан	10
тэргүүлэгч	ᠺᠣᠮᠫᠠᠨᠢ	компани	48
тэргүүлэгч	ᠭᠡᠰᠢᠭᠦᠨ	гишүүн	41
тэргүүлэгч	ᠪᠠᠶᠢᠷᠢ	байр	31
тэргүүлэгчид	ᠥᠴᠥᠭᠡᠳᠦᠷ	өчигдөр	6
тэргүүлэн	ᠲᠣᠭᠯᠠᠵᠤ	тоглож	48
тэргүүлэн	ᠲᠣᠭᠯᠠᠭᠰᠠᠨ	тоглосон	40
тэргүүлэн	ᠪᠠᠷᠢᠯᠳᠤᠬᠤ	барилдах	9
тэргүүлэх	ᠴᠢᠭᠯᠡᠯ	чиглэл	109
тэргүүлэх	ᠵᠡᠷᠭᠡ ᠶᠢᠨ	зэргийн	66
тэргүүлэх	ᠪᠠᠶᠢᠷᠢ	байр	63
тэргүүн	ᠳᠡᠳ᠋	дэд	474
тэргүүн	ᠪᠠᠶᠢᠷᠢ	байр	289
тэргүүн	ᠴ	ц	181
тэргүүнд	ᠲᠠᠯᠪᠢᠵᠤ	тавьж	35
тэргүүнд	ᠲᠠᠯᠪᠢᠬᠤ	тавих	25
тэргүүнд	ᠱᠠᠭᠠᠷᠳᠠᠯᠭ᠎ᠠ ᠲᠠᠢ	шаардлагатай	17
тэргүүтэй	ᠤᠯᠤᠰ	улс	101
тэргүүтэй	ᠬᠦᠮᠦᠰ	хүмүүс	68
тэргүүтэй	ᠭᠠᠷᠤᠢ	гаруй	38
тэрийг	ᠨᠢ	нь	149
тэрийг	ᠪᠢ	би	31
тэрийг	ᠯᠠ	л	23
тэрийгээ	ᠯᠠ	л	12
тэрийгээ	ᠴᠤ	ч	7
тэрийгээ	ᠵᠦᠭᠡᠷ	зүгээр	5
тэрний	ᠳᠠᠷᠠᠭ᠎ᠠ	дараа	22
тэрний	ᠣᠷᠣᠨ ᠳᠤ	оронд	22
тэрний	ᠨᠢᠭᠡ	нэг	16
тэрнийг	ᠨᠢ	нь	15
тэрнээс	ᠪᠢᠰᠢ	биш	114
тэрнээс	ᠬᠣᠶᠢᠰᠢ	хойш	88
тэрнээс	ᠭᠠᠳᠠᠨ᠎ᠠ	гадна	18
тэртэй	ᠲᠡᠷᠡ ᠭᠦᠢ	тэргүй	170
тэртээ	ᠲᠡᠷᠡ ᠭᠦᠢ	тэргүй	161
тэртээ	ᠣᠨ ᠳᠤ	онд	68
тэртээ	ᠣᠨ ᠤ	оны	37
тэртээд	ᠦᠯᠡᠳᠡᠭᠰᠡᠨ	үлдсэн	6
тэртээд	ᠠᠨᠢᠪᠴᠢᠬᠤ	анивчих	5
тэртээх	ᠶᠢᠷᠲᠢᠨᠴᠦ ᠶᠢᠨ	ертөнцийн	18
тэртээх	ᠣᠨ ᠳᠤ	онд	14
тэртээх	ᠣᠨ	он	10
тэрхэн	ᠵᠠᠭᠤᠷ᠎ᠠ	зуур	16
тэрхэн	ᠮᠥᠴᠢᠳ	мөчид	14
тэрхэн	ᠭᠱᠠᠨ ᠳᠤ	агшинд	12
тэрхүү	ᠰᠢᠨ᠎ᠡ	шинэ	14
тэрхүү	ᠭᠠᠶᠢᠬᠠᠯᠲᠠᠢ	гайхалтай	9
тэрхүү	ᠮᠥᠩᠭᠥ ᠶᠢ	мөнгийг	9
тэрэг	ᠨᠢ	нь	26
тэрэг	ᠶᠠᠪᠤᠬᠤ ᠳᠤ	явахад	22
тэрэг	ᠪᠣᠯᠤᠨ	болон	12
тэрэгний	ᠪᠠᠭᠤᠳᠠᠯ	буудал	15
тэрэгний	ᠵᠢᠯᠣᠭᠣᠴᠢ	жолооч	8
тэрэгний	ᠵᠢᠳᠬᠦᠭᠦᠷ	зүтгүүр	7
тэрэн	ᠰᠢᠭ	шиг	41
тэрэн	ᠳᠡᠭᠡᠷ᠎ᠡ	дээр	14
тэрэн	ᠳᠡᠭᠡᠷ᠎ᠡ ᠪᠡᠨ	дээрээ	6
тэрэнд	ᠨᠢ	нь	33
тэрээр	ᠡᠨᠡ	энэ	406
тэрээр	ᠣᠨ ᠳᠤ	онд	298
тэрээр	ᠥᠩᠭᠡᠷᠡᠭᠰᠡᠨ	өнгөрсөн	163
тэрүү	ᠶᠡᠬᠡ	их	5
тэс	ᠭᠣᠣᠯ ᠤᠨ	голын	289
тэс	ᠥᠭᠡᠷ᠎ᠡ	өөр	259
тэс	ᠠᠭᠤᠷ	уур	82
тэсвэр	ᠲᠡᠪᠴᠢᠶᠡᠷᠢ	тэвчээр	111
тэсвэр	ᠬᠠᠲᠠᠭᠤᠵᠢᠯ	хатуужил	40
тэсвэр	ᠲᠡᠪᠴᠢᠶᠡᠷᠢ ᠶᠢ	тэвчээрийг	28
тэсвэртэй	ᠰᠦᠷᠢᠶ᠎ᠡ	сүрьеэ	9
тэсийн	ᠭᠣᠣᠯ ᠤᠨ	голын	23
тэсийн	ᠭᠣᠣᠯ	гол	11
тэсрэг	ᠪᠠᠶᠢᠷᠢ	байр	44
тэсрэх	ᠪᠥᠮᠪᠥᠭᠡ	бөмбөг	54
тэсрэх	ᠪᠣᠳᠠᠰ	бодис	20
тэсрэх	ᠳᠡᠯᠪᠡᠷᠡᠬᠦ	дэлбэрэх	6
тэсч	ᠶᠠᠳᠠᠨ	ядан	34
тэсч	ᠦᠯᠡᠳᠡᠬᠦ	үлдэх	19
тэсч	ᠴᠢᠳᠠᠯ ᠦᠭᠡᠢ	чадалгүй	7
тэсэж	ᠦᠯᠡᠳᠡᠬᠦ	үлдэх	10
тэсэж	ᠶᠠᠳᠠᠨ	ядан	5
тэсэн	ᠶᠠᠳᠠᠨ	ядан	197
тэсэрч	ᠳᠡᠯᠪᠡᠷᠡᠬᠦ	дэлбэрэх	134
тэсэхгүй	ᠨᠢ	нь	9
тэтгэвэр	ᠲᠡᠳᠬᠦᠮᠵᠢ	тэтгэмж	193
тэтгэвэр	ᠠᠪᠬᠤ	авах	79
тэтгэвэр	ᠲᠣᠭᠲᠠᠭᠠᠯᠭᠠᠬᠤ	тогтоолгох	72
тэтгэвэрт	ᠭᠠᠷᠬᠤ	гарах	103
тэтгэвэрт	ᠭᠠᠷᠤᠭᠰᠠᠨ	гарсан	83
тэтгэвэрт	ᠭᠠᠷᠬᠤ ᠳᠤ	гарахад	49
тэтгэгч	ᠪᠠᠶᠢᠭᠤᠯᠤᠯᠭ᠎ᠠ	байгууллага	16
тэтгэгч	ᠨᠠᠷᠠ	нар	8
тэтгэгч	ᠬᠦᠴᠦ	хүч	8
тэтгэж	ᠪᠠᠶᠢᠭ᠎ᠠ	байгаа	44
тэтгэж	ᠪᠤᠢ	буй	20
тэтгэж	ᠪᠠᠶᠢᠨ᠎ᠠ	байна	16
тэтгэлэг	ᠣᠯᠭᠣᠬᠤ	олгох	140
тэтгэлэг	ᠠᠪᠬᠤ	авах	100
тэтгэлэг	ᠣᠯᠭᠤᠳᠠᠭ	олгодог	67
тэтгэмж	ᠣᠯᠭᠣᠬᠤ	олгох	74
тэтгэмж	ᠠᠪᠬᠤ	авах	44
тэтгэмж	ᠠᠪᠴᠤ	авч	24
тэтгэн	ᠬᠠᠮᠲᠤᠷᠠᠨ	хамтран	10
тэтгэн	ᠵᠣᠬᠢᠶᠠᠨ	зохион	9
тэтгэн	ᠶᠠᠪᠤᠭᠤᠯᠵᠤ	явуулж	6
тэтгэсэн	ᠷ	р	63
тэтгэсэн	ᠪᠥᠭᠡᠳ	бөгөөд	9
тэтгэсэн	ᠪᠠᠶᠢᠨ᠎ᠠ	байна	7
тэтгэх	ᠭᠣᠣᠯ	гол	6
тэтгэх	ᠦᠢᠯᠡ	үйл	6
тэх	ᠬᠠᠯᠢᠭᠤᠨ	халиун	14
тэх	ᠬᠠᠷᠴᠠᠭ᠎ᠠ	харцага	9
тэшүүр	ᠵᠡᠷᠭᠡ	зэрэг	6
тэшүүр	ᠸᠣᠯᠧᠢᠪᠣᠯ	волейбол	5
тээврийн	ᠬᠡᠷᠡᠭᠰᠡᠯ	хэрэгсэл	601
тээврийн	ᠰᠠᠶᠢᠳ	сайд	540
тээврийн	ᠶᠠᠮᠤ	яам	247
тээвэр	ᠪᠠᠷᠢᠯᠭ᠎ᠠ	барилга	237
тээвэр	ᠳᠡᠳ᠋	дэд	57
тээвэр	ᠬᠢᠬᠦ	хийх	56
тээвэрлэж	ᠪᠠᠶᠢᠭ᠎ᠠ	байгаа	45
тээвэрлэж	ᠶᠠᠪᠤᠭᠰᠠᠨ	явсан	31
тээвэрлэж	ᠪᠤᠢ	буй	23
тээвэрлэлт	ᠬᠢᠬᠦ	хийх	51
тээвэрлэлт	ᠬᠢᠵᠦ	хийж	22
тээвэрлэлт	ᠪᠣᠯᠤᠨ	болон	16
тээвэрлэх	ᠬᠦᠴᠦᠨ	хүчин	29
тээвэрлэх	ᠪᠣᠯᠤᠮᠵᠢ ᠲᠠᠢ	боломжтой	27
тээвэрлэх	ᠨᠢ	нь	26
тээг	ᠪᠣᠯᠵᠤ	болж	22
тээг	ᠰᠠᠳᠠᠭ᠎ᠠ	садаа	10
тээг	ᠨᠢ	нь	9
тээгч	ᠨᠢ	нь	7
тээгч	ᠪᠣᠯᠵᠤ	болж	5
тээгч	ᠬᠣᠶᠠᠷ	хоёр	5
тээж	ᠶᠠᠪᠤᠳᠠᠭ	явдаг	34
тээж	ᠶᠠᠪᠤᠭ᠎ᠠ	яваа	33
тээж	ᠪᠠᠶᠢᠭ᠎ᠠ	байгаа	28
тээл	ᠳ	д	6
тээн	ᠪᠠᠶᠢᠭᠤᠯᠤᠯᠲᠠ	байгуулалт	10
тээн	ᠠᠮᠢᠳᠤᠷᠠᠵᠤ	амьдарч	6
тээн	ᠬᠠᠳᠠᠭᠠᠯᠠᠵᠤ	хадгалж	5
тээр	ᠵᠢᠯ	жил	10
тээр	ᠬᠣᠶᠢᠨ᠎ᠠ	хойно	5
тээсэн	ᠠᠴᠢᠶ᠎ᠠ	ачаа	16
тээсэн	ᠬᠦᠮᠦᠰ	хүмүүс	5
тээсээр	ᠶᠠᠪᠤᠭ᠎ᠠ	яваа	6
тээх	ᠨᠡᠪᠲᠡᠷᠡᠭᠦᠯᠬᠦ	нэвтрүүлэх	20
тээх	ᠨᠢ	нь	5
тээх	ᠬᠡᠷᠡᠭᠲᠡᠢ	хэрэгтэй	5
түвшин	ᠲᠣᠭᠲᠠᠭᠠᠬᠤ	тогтоох	65
түвшин	ᠡᠮᠦᠨᠡᠬᠢ	өмнөх	50
түвшин	ᠳᠣᠣᠭᠤᠷ	доогуур	48
түвшинд	ᠬᠦᠷᠦᠭᠰᠡᠨ	хүрсэн	117
түвшинд	ᠪᠠᠶᠢᠭ᠎ᠠ	байгаа	106
түвшинд	ᠬᠦᠷᠭᠡᠬᠦ	хүргэх	96
түвэгтэй	ᠪᠠᠶᠢᠳᠠᠯ	байдал	5
түвэгтэй	ᠪᠣᠯᠵᠤ	болж	5
түвэгтэй	ᠪᠣᠯᠤᠭᠰᠠᠨ	болсон	5
түгшүүр	ᠲᠥᠷᠦᠭᠦᠯᠵᠦ	төрүүлж	13
түгшүүртэй	ᠪᠠᠶᠢᠨ᠎ᠠ	байна	5
түгэн	ᠳᠡᠯᠭᠡᠷᠴᠢ	дэлгэрч	13
түгэн	ᠳᠡᠯᠭᠡᠷᠡᠭᠰᠡᠨ	дэлгэрсэн	7
түгэн	ᠲᠠᠷᠬᠠᠵᠤ	тархаж	5
түгээж	ᠪᠠᠶᠢᠭ᠎ᠠ	байгаа	37
түгээж	ᠪᠠᠶᠢᠨ᠎ᠠ	байна	28
түгээж	ᠪᠤᠢ	буй	14
түгээмэл	ᠪᠠᠶᠢᠳᠠᠭ	байдаг	86
түгээмэл	ᠪᠠᠶᠢᠭ᠎ᠠ	байгаа	32
түгээмэл	ᠪᠣᠯᠤᠭᠰᠠᠨ	болсон	27
түгээн	ᠳᠡᠯᠭᠡᠷᠡᠭᠦᠯᠬᠦ	дэлгэрүүлэх	206
түгээн	ᠳᠡᠯᠭᠡᠷᠡᠭᠦᠯᠵᠦ	дэлгэрүүлж	42
түгээн	ᠰᠤᠷᠲᠠᠯᠴᠢᠯᠠᠬᠤ	сурталчлах	9
түгээсэн	ᠪᠠᠶᠢᠨ᠎ᠠ	байна	8
түгээсэн	ᠶᠠᠭᠤᠮ᠎ᠠ	юм	8
түгээсэн	ᠴᠤ	ч	5
түгээх	ᠰᠦᠯᠵᠢᠶ᠎ᠡ	сүлжээ	111
түгээх	ᠰᠲ᠋ᠠᠨᠼ	станц	35
түгээх	ᠨᠢ	нь	23
түдгэлзүүлэх	ᠠᠰᠠᠭᠤᠳᠠᠯ ᠢ	асуудлыг	34
түдгэлзүүлэх	ᠲᠤᠬᠠᠢ	тухай	29
түдгэлзүүлэх	ᠡᠰᠡᠬᠦ ᠶᠢ	эсэхийг	18
түймэр	ᠭᠠᠷᠴᠤ	гарч	92
түймэр	ᠭᠠᠷᠤᠭᠰᠠᠨ	гарсан	85
түймэр	ᠭᠠᠷᠬᠤ	гарах	41
түймэрт	ᠥᠷᠲᠦᠭᠰᠡᠨ	өртсөн	37
түймэрт	ᠥᠷᠲᠥᠵᠦ	өртөж	20
түймэрт	ᠰᠢᠲᠠᠭᠰᠠᠨ	шатсан	5
түлсэн	ᠬᠡᠷᠡᠭ	хэрэг	13
түлсэн	ᠭᠠᠯ	гал	10
түлхэж	ᠪᠠᠶᠢᠨ᠎ᠠ	байна	24
түлхэж	ᠪᠠᠶᠢᠭ᠎ᠠ	байгаа	13
түлхэх	ᠬᠦᠴᠦ	хүч	10
түлхэх	ᠨᠢ	нь	9
түлхэц	ᠪᠣᠯᠤᠨ᠎ᠠ	болно	89
түлхэц	ᠪᠣᠯᠬᠤ	болох	75
түлхэц	ᠪᠣᠯᠵᠤ	болж	45
түлхүүр	ᠨᠢ	нь	50
түлхүүр	ᠭᠠᠷᠳᠠᠭᠤᠯᠬᠤ	гардуулах	33
түлхүүр	ᠪᠣᠯᠬᠤ	болох	17
түлхүүрийг	ᠨᠢ	нь	16
түлш	ᠡᠷᠴᠢᠮ	эрчим	85
түлш	ᠦᠢᠯᠡᠳᠪᠦᠷᠢᠯᠡᠬᠦ	үйлдвэрлэх	83
түлш	ᠭᠠᠷᠭᠠᠬᠤ	гаргах	33
түлэх	ᠨᠢ	нь	7
түлээ	ᠪᠡᠯᠡᠳᠬᠡᠵᠦ	бэлтгэж	17
түм	ᠪᠤᠮᠤᠨ	буман	25
түм	ᠨᠢᠭᠢ	ний	25
түм	ᠲᠦᠮᠡᠨ	түмэн	8
түмний	ᠠᠮᠢᠳᠤᠷᠠᠯ	амьдрал	136
түмний	ᠡᠷᠬᠡ	эрх	128
түмний	ᠳᠤᠮᠳᠠ	дунд	85
түмнийг	ᠲᠥᠯᠦᠭᠡᠯᠡᠵᠦ	төлөөлж	26
түмнийг	ᠮᠢᠨᠢ	минь	9
түмнийхээ	ᠲᠥᠯᠥᠭᠡ	төлөө	79
түмнийхээ	ᠢᠲᠡᠭᠡᠯ ᠢ	итгэлийг	49
түмнийхээ	ᠡᠮᠦᠨ᠎ᠡ	өмнө	38
түмнээ	ᠪᠠᠶᠠᠷᠯᠠᠭᠤᠯᠤᠭᠰᠠᠨ	баярлуулсан	13
түмнээ	ᠬᠠᠶᠢᠷᠠᠯᠠᠶ᠎ᠠ	хайрлая	12
түмнээ	ᠪᠠᠶᠠᠷᠯᠠᠭᠤᠯᠵᠤ	баярлуулж	10
түмнээс	ᠰᠠᠨᠠᠯ	санал	17
түмнээс	ᠮᠠᠨᠳᠠᠲ	мандат	6
түмнээс	ᠠᠰᠠᠭᠤᠬᠤ	асуух	5
түмэн	ᠡᠬᠡ	эх	127
түмэн	ᠴᠤ	ч	73
түмэн	ᠣᠯᠠᠨ	олон	72
түмэнд	ᠬᠡᠷᠡᠭᠲᠡᠢ	хэрэгтэй	27
түмэнд	ᠠᠰᠢᠭᠲᠠᠢ	ашигтай	20
түмэнд	ᠨᠡᠭᠡᠭᠡᠯᠲᠡᠲᠡᠢ	нээлттэй	19
түмэндээ	ᠬᠠᠨᠳᠤᠵᠤ	хандаж	35
түмэндээ	ᠬᠠᠨᠳᠤᠨ	хандан	25
түмэндээ	ᠪᠠᠶᠠᠷᠯᠠᠯ᠎ᠠ	баярлалаа	18
түнш	ᠣᠷᠣᠨ	орон	46
түнш	ᠣᠷᠣᠨ ᠢᠶᠠᠷ	орноор	42
түнш	ᠪᠣᠯᠬᠤ	болох	40
түр	ᠵᠠᠭᠤᠷ᠎ᠠ	зуур	1020
түр	ᠵᠠᠭᠤᠷ᠎ᠠ ᠶᠢᠨ	зуурын	537
түр	ᠣᠷᠣᠯᠠᠨ	орлон	323
түргэвчилсэн	ᠠᠷᠭ᠎ᠠ ᠪᠠᠷ	аргаар	7
түргэвчилсэн	ᠰᠤᠷᠭᠠᠯᠲᠠ	сургалт	7
түргэн	ᠰᠢᠭᠤᠷᠬᠠᠢ	шуурхай	285
түргэн	ᠲᠤᠰᠠᠯᠠᠮᠵᠢ	тусламж	135
түргэн	ᠬᠤᠭᠤᠴᠠᠭᠠᠨ ᠳᠤ	хугацаанд	69
түрж	ᠣᠷᠣᠵᠤ	орж	13
түрж	ᠬᠥᠭᠡᠭᠡᠭᠡᠳ	хөөгөөд	6
түрж	ᠬᠥᠭᠡᠭᠡᠵᠦ	хөөж	6
түрий	ᠪᠠᠷᠢᠵᠤ	барьж	28
түрий	ᠪᠠᠷᠢᠨ	барин	7
түрий	ᠪᠠᠷᠢᠭᠰᠠᠨ	барьсан	5
түрлэг	ᠳᠣᠣᠷ᠎ᠠ	дор	6
түрэг	ᠭᠠᠷᠤᠯ ᠲᠠᠢ	гаралтай	5
түрэмгий	ᠵᠠᠩ	зан	9
түрэн	ᠣᠷᠣᠵᠤ	орж	124
түрэн	ᠭᠠᠷᠴᠤ	гарч	19
түрэн	ᠳᠠᠭᠤᠯᠠᠵᠤ	дуулж	5
түрээд	ᠳᠠᠪᠤᠰᠤᠨ	давсан	10
түрээс	ᠨᠢ	нь	8
түрээс	ᠲᠥᠯᠦᠳᠡᠭ	төлдөг	7
түрээс	ᠲᠥᠯᠦᠵᠦ	төлж	7
түрээслэгч	ᠲᠦᠷᠢᠶᠡᠰᠦᠯᠡᠭᠦᠯᠦᠭᠴᠢ	түрээслүүлэгч	6
түрээслэх	ᠨᠡᠷ᠎ᠡ ᠪᠡᠷ	нэрээр	7
түрээслэх	ᠵᠠᠮ ᠢᠶᠠᠷ	замаар	5
түрүү	ᠪᠥᠬᠡ	бөх	115
түрүү	ᠮᠠᠩᠨᠠᠢ	магнай	45
түрүү	ᠦᠵᠦᠭᠦᠷ	үзүүр	45
түрүүлж	ᠪᠠᠶᠢᠭᠰᠠᠨ	байсан	282
түрүүлж	ᠤᠯᠤᠰ ᠤᠨ	улсын	110
түрүүлж	ᠠᠶᠢᠮᠠᠭ ᠤᠨ	аймгийн	96
түрүүлнэ	ᠭᠡᠵᠦ	гэж	40
түрүүлнэ	ᠭᠡᠳᠡᠭ ᠲᠦ ᠪᠡᠨ	гэдэгтээ	16
түрүүлнэ	ᠭᠡᠳᠡᠭ ᠲᠦ	гэдэгт	14
түрүүлсэн	ᠶᠠᠭᠤᠮ᠎ᠠ	юм	139
түрүүлсэн	ᠪᠣᠯ	бол	107
түрүүлсэн	ᠪᠠᠶᠢᠨ᠎ᠠ	байна	82
түрүүлэх	ᠨᠢ	нь	47
түрүүлэх	ᠮᠠᠭᠠᠳᠯᠠᠯ ᠲᠠᠢ	магадлалтай	46
түрүүлэх	ᠪᠣᠯᠤᠮᠵᠢ	боломж	19
түрүүлээд	ᠪᠠᠶᠢᠨ᠎ᠠ	байна	61
түрүүлээд	ᠪᠠᠶᠢᠭ᠎ᠠ	байгаа	59
түрүүлээд	ᠪᠠᠶᠢᠭᠰᠠᠨ	байсан	37
түрүүн	ᠬᠡᠯᠡᠭᠰᠡᠨ	хэлсэн	75
түрүүн	ᠬᠡᠯᠡᠭᠰᠡᠨᠴᠢᠯᠡᠨ	хэлсэнчлэн	15
түрүүн	ᠪᠢ	би	14
түрүүнд	ᠬᠡᠯᠡᠭᠰᠡᠨ	хэлсэн	37
түрүүнд	ᠶᠠᠭᠤ	юу	23
түрүүнд	ᠬᠢᠬᠦ	хийх	22
түрүүч	ᠨᠢ	нь	21
түрүүч	ᠪᠣᠯᠬᠤ	болох	11
түрүүчийн	ᠵᠠᠰᠠᠭ ᠤᠨ	засгийн	22
түрүүчийн	ᠳᠣᠯᠣᠭ᠎ᠠ	долоо	6
түрүүчийн	ᠤᠡᠬ	уих	6
түшиг	ᠲᠤᠯᠭᠠᠭᠤᠷᠢ	тулгуур	42
түшиг	ᠪᠣᠯᠵᠤ	болж	16
түшиг	ᠪᠣᠯᠬᠤ	болох	11
түшиглэн	ᠴᠠᠬᠢᠯᠭᠠᠨ	цахилгаан	22
түшиглэн	ᠪᠠᠷᠢᠬᠤ	барих	21
түшиглэн	ᠪᠠᠶᠢᠭᠤᠯᠬᠤ	байгуулах	20
түшигтэй	ᠡᠷ᠎ᠡ	эр	6
түшиж	ᠡᠯᠳᠡᠪ	элдэв	7
түшиж	ᠶᠠᠪᠤᠳᠠᠭ	явдаг	7
түшиж	ᠪᠠᠶᠢᠭ᠎ᠠ	байгаа	6
түшээ	ᠮᠥᠷᠡᠨ	мөрөн	5
түшээд	ᠨᠢ	нь	10
түшээд	ᠮᠢᠨᠢ	минь	6
түшээд	ᠡ	ээ	6
түү	ᠨᠢᠭᠢ	ний	62
түү	ᠬᠡᠢ	хий	15
түү	ᠬᠡᠢ ᠶᠢᠨ	хийн	11
түүвэр	ᠰᠤᠳᠤᠯᠭ᠎ᠠ	судалгаа	13
түүвэр	ᠨᠢ	нь	6
түүвэр	ᠪᠣᠯᠬᠤ	болох	5
түүгээр	ᠴᠤ	ч	226
түүгээр	ᠨᠢ	нь	73
түүгээр	ᠵᠣᠭᠰᠣᠬᠤ ᠦᠭᠡᠢ	зогсохгүй	70
түүгээрээ	ᠳᠠᠮᠵᠢᠭᠤᠯᠤᠨ	дамжуулан	25
түүгээрээ	ᠯᠠ	л	18
түүгээрээ	ᠴᠤ	ч	7
түүж	ᠪᠡᠯᠡᠳᠬᠡᠬᠦ	бэлтгэх	12
түүж	ᠤᠳᠠᠭ᠎ᠠ	удаа	7
түүж	ᠢᠰᠡᠭᠡᠢ	эсгий	7
түүн	ᠰᠢᠭ	шиг	250
түүн	ᠳᠡᠭᠡᠷ᠎ᠡ	дээр	211
түүн	ᠷᠦᠦ	рүү	76
түүнд	ᠨᠢ	нь	187
түүнд	ᠬᠣᠯᠪᠣᠭᠣᠳᠠᠬᠤ	холбогдох	179
түүнд	ᠡᠷᠡᠭᠦᠦ ᠶᠢᠨ	эрүүгийн	115
түүндээ	ᠬᠦᠷᠬᠦ	хүрэх	21
түүндээ	ᠬᠦᠷᠡᠬᠦ ᠶᠢᠨ	хүрэхийн	21
түүндээ	ᠴᠤ	ч	19
түүний	ᠬᠤᠪᠢ ᠳᠤ	хувьд	643
түүний	ᠳᠣᠲᠣᠷ᠎ᠠ	дотор	450
түүний	ᠳᠠᠷᠠᠭ᠎ᠠ	дараа	419
түүнийг	ᠨᠢ	нь	761
түүнийг	ᠳᠠᠭᠠᠭᠠᠳ	дагаад	126
түүнийг	ᠡᠷᠡᠭᠦᠦ ᠶᠢᠨ	эрүүгийн	110
түүнийгээ	ᠳᠠᠭᠠᠭᠠᠳ	дагаад	63
түүнийгээ	ᠯᠠ	л	46
түүнийгээ	ᠴᠤ	ч	40
түүнийх	ᠨᠢ	нь	57
түүнийхээ	ᠲᠥᠯᠥᠭᠡ	төлөө	77
түүнийхээ	ᠳᠠᠭᠠᠤ	дагуу	43
түүнийхээ	ᠳᠠᠷᠠᠭ᠎ᠠ	дараа	33
түүнтэй	ᠬᠠᠮᠲᠤ	хамт	204
түүнтэй	ᠬᠣᠯᠪᠣᠭᠠᠲᠠᠢ	холбоотой	164
түүнтэй	ᠠᠳᠠᠯᠢᠳᠬᠠᠬᠤ	адилтгах	119
түүнчлэн	ᠡᠨᠡ	энэ	317
түүнчлэн	ᠮᠣᠩᠭᠣᠯ	монгол	201
түүнчлэн	ᠲᠤᠰ	тус	167
түүнээс	ᠬᠣᠶᠢᠰᠢ	хойш	943
түүнээс	ᠪᠢᠰᠢ	биш	919
түүнээс	ᠭᠠᠳᠠᠨ᠎ᠠ	гадна	851
түүнээсээ	ᠪᠣᠯᠤᠭᠠᠳ	болоод	28
түүнээсээ	ᠪᠣᠯᠵᠤ	болж	20
түүнээсээ	ᠠᠰᠢᠭ	ашиг	9
түүх	ᠰᠣᠶᠣᠯ ᠤᠨ	соёлын	259
түүх	ᠰᠤᠶᠤᠯ	соёл	198
түүх	ᠪᠤᠢ	бий	142
түүхий	ᠡᠳ᠋	эд	1071
түүхий	ᠲᠣᠰ	тос	80
түүхий	ᠨᠧᠹᠲ᠋ᠢ	нефть	66
түүхийг	ᠥᠭᠭᠦᠭᠦᠯᠬᠦ	өгүүлэх	67
түүхийг	ᠨᠢ	нь	36
түүхийг	ᠦᠭᠦᠯᠡᠭᠰᠡᠨ	өгүүлсэн	26
түүхийн	ᠤᠬᠠᠭᠠᠨ ᠤ	ухааны	41
түүхийн	ᠮᠦᠽᠧᠢ	музей	38
түүхийн	ᠳᠤᠷᠠᠰᠬᠠᠯᠲᠤ	дурсгалт	37
түүхт	ᠵᠢᠯ ᠦᠨ	жилийн	206
түүхт	ᠣᠢ ᠶᠢᠨ	ойн	44
түүхт	ᠣᠢ	ой	33
түүхтэй	ᠶᠠᠭᠤᠮ᠎ᠠ	юм	68
түүхтэй	ᠮᠣᠩᠭᠣᠯ ᠤᠨ	монголын	34
түүхтэй	ᠬᠣᠯᠪᠣᠭᠠᠲᠠᠢ	холбоотой	33
түүхч	ᠮᠡᠷᠭᠡᠵᠢᠯᠲᠡᠢ	мэргэжилтэй	10
түүхч	ᠬᠦᠮᠦᠨ	хүн	6
түүхч	ᠡᠷᠳᠡᠮᠲᠡᠨ	эрдэмтэн	6
түүхэн	ᠳ᠋ᠡᠬᠢ	дэх	366
түүхэн	ᠦᠢᠯᠡ	үйл	212
түүхэн	ᠠᠮᠵᠢᠯᠲᠠ	амжилт	91
түүхэнд	ᠬᠠᠮᠤᠭ ᠤᠨ	хамгийн	178
түүхэнд	ᠠᠩᠬ᠎ᠠ	анх	146
түүхэнд	ᠪᠠᠶᠢᠭ᠎ᠠ ᠦᠭᠡᠢ	байгаагүй	113
түүхэндээ	ᠠᠩᠬ᠎ᠠ	анх	162
түүхэндээ	ᠬᠠᠮᠤᠭ ᠤᠨ	хамгийн	41
түүхэндээ	ᠪᠠᠶᠢᠭ᠎ᠠ ᠦᠭᠡᠢ	байгаагүй	22
түүхээ	ᠮᠡᠳᠡᠳᠡᠭ	мэддэг	6
түүхээ	ᠡᠷᠭᠢᠭᠡᠳ	эргээд	6
түүхээ	ᠶᠠᠷᠢᠵᠤ	ярьж	6
түүхээр	ᠣᠷᠣᠭ᠎ᠠ	ороо	6
түүхээс	ᠬᠠᠷᠠᠬᠤ ᠳᠤ	харахад	22
түүхээс	ᠨᠢ	нь	11
түүхээс	ᠳᠤᠷᠠᠳᠪᠠᠯ	дурдвал	6
түүчээ	ᠪᠣᠯᠤᠭᠰᠠᠨ	болсон	21
түүчээ	ᠨᠢ	нь	18
түүчээ	ᠪᠣᠯᠵᠤ	болж	15
төв	ᠠᠶᠢᠮᠠᠭ ᠤᠨ	аймгийн	1708
төв	ᠪᠠᠩᠬᠢ	банк	684
төв	ᠣᠷᠳᠣᠨ ᠳᠤ	ордонд	476
төвд	ᠪᠠᠶᠢᠭ᠎ᠠ	байгаа	132
төвд	ᠪᠣᠯᠬᠤ	болох	86
төвд	ᠪᠠᠶᠢᠨ᠎ᠠ	байна	76
төвийн	ᠨᠤᠲᠤᠭ ᠤᠨ	нутгийн	393
төвийн	ᠵᠠᠬᠢᠷᠤᠯ	захирал	371
төвийн	ᠳᠠᠷᠤᠭ᠎ᠠ	дарга	182
төвлөрдөг	ᠪᠥᠭᠡᠳ	бөгөөд	10
төвлөрдөг	ᠪᠠᠶᠢᠭᠰᠠᠨ	байсан	7
төвлөрсөн	ᠲᠥᠯᠥᠪᠯᠡᠭᠡᠲᠦ	төлөвлөгөөт	46
төвлөрсөн	ᠳᠤᠯᠠᠭᠠᠨ	дулаан	31
төвлөрсөн	ᠬᠣᠭ ᠤᠨ	хогийн	22
төвлөрүүлэх	ᠶᠣᠰᠣᠲᠠᠢ	ёстой	32
төвлөрүүлэх	ᠪᠣᠯᠤᠮᠵᠢ ᠲᠠᠢ	боломжтой	23
төвлөрүүлэх	ᠡᠭᠦᠷᠭᠡ	үүрэг	23
төвтэй	ᠬᠠᠮᠲᠤᠷᠠᠨ	хамтран	130
төвтэй	ᠣᠯᠠᠨ	олон	24
төвтэй	ᠬᠠᠮᠲᠤᠷᠠᠵᠤ	хамтарч	14
төвшин	ᠲᠣᠭᠲᠠᠭᠠᠬᠤ	тогтоох	33
төвшин	ᠨᠢ	нь	25
төвшин	ᠶᠠᠮᠠᠷ	ямар	14
төвөг	ᠴᠢᠷᠦᠭᠳᠡᠯ	чирэгдэл	8
төвөг	ᠤᠳᠤᠵᠤ	удаж	7
төвөөр	ᠳᠠᠮᠵᠢᠭᠤᠯᠤᠨ	дамжуулан	26
төвөөр	ᠵᠣᠴᠢᠯᠠᠵᠤ	зочилж	9
төвөөр	ᠣᠷᠣᠵᠤ	орж	7
төвөөс	ᠵᠣᠬᠢᠶᠠᠨ	зохион	25
төвөөс	ᠪᠠᠷᠠᠭᠤᠨ	баруун	24
төвөөс	ᠮᠡᠳᠡᠭᠡᠯᠡᠯ᠎ᠡ	мэдээллээ	24
төгрөг	ᠪᠣᠯᠵᠤ	болж	510
төгрөг	ᠪᠤᠶᠤ	буюу	510
төгрөг	ᠪᠠᠶᠢᠭᠰᠠᠨ	байсан	330
төгрөгтэй	ᠲᠡᠩᠴᠡᠵᠦ	тэнцэж	162
төгрөгтэй	ᠲᠡᠩᠴᠡᠬᠦ	тэнцэх	128
төгрөгтэй	ᠬᠠᠷᠢᠯᠴᠠᠬᠤ	харилцах	52
төгс	ᠲᠡᠭᠦᠯᠳᠡᠷ	төгөлдөр	86
төгс	ᠪᠠᠶᠢᠨ᠎ᠠ	байна	48
төгс	ᠨᠡᠭᠦᠳᠡᠯ	нүүдэл	28
төгсгөл	ᠭᠡᠬᠦ ᠳᠦ	гэхэд	19
төгсгөл	ᠬᠦᠷᠲᠡᠯ᠎ᠡ	хүртэл	19
төгсгөл	ᠨᠢ	нь	17
төгсгөлгүй	ᠡᠬᠢᠯᠡᠯ	эхлэл	25
төгсгөлгүй	ᠦᠷᠭᠦᠯᠵᠢᠯᠡᠬᠦ	үргэлжлэх	7
төгсгөлгүй	ᠮᠡᠲᠦ	мэт	6
төгсгөлд	ᠨᠢ	нь	114
төгсгөлд	ᠮᠣᠩᠭᠣᠯ	монгол	34
төгсгөлд	ᠤᠡᠬ	уих	27
төгсгөлийг	ᠬᠤᠯᠪᠤᠬᠤ	холбох	11
төгсгөлийг	ᠨᠢ	нь	5
төгсдөг	ᠵᠢᠯ	жил	6
төгссөн	ᠶᠠᠭᠤᠮ᠎ᠠ	юм	59
төгссөн	ᠪᠥᠭᠡᠳ	бөгөөд	48
төгссөн	ᠪᠠᠶᠢᠨ᠎ᠠ	байна	41
төгсөнө	ᠭᠡᠰᠡᠨ	гэсэн	8
төгсөх	ᠠᠩᠭᠢ ᠶᠢᠨ	ангийн	93
төгсөх	ᠶᠠᠭᠤᠮ᠎ᠠ	юм	15
төгсөх	ᠨᠢ	нь	14
төгсөхдөө	ᠯᠠ	л	9
төгсөхдөө	ᠰᠢᠯᠢᠳᠡᠭ	шилдэг	5
төгсөөд	ᠯᠠ	л	29
төгсөөд	ᠢᠷᠡᠭᠰᠡᠨ	ирсэн	19
төгсөөд	ᠰᠢᠭᠤᠳ	шууд	12
төгөл	ᠪᠤᠢ	бий	12
төгөл	ᠣᠢ	ой	11
төгөл	ᠪᠠᠶᠢᠭᠤᠯᠬᠤ	байгуулах	7
төгөлдөр	ᠬᠤᠭᠤᠷᠴᠢ	хуурч	357
төгөлдөр	ᠦᠢᠯᠡᠴᠢᠯᠡᠵᠦ	үйлчилж	199
төгөлдөр	ᠬᠤᠭᠤᠷ	хуур	151
төд	ᠤᠳᠠᠯ ᠦᠭᠡᠢ	удалгүй	151
төд	ᠤᠳᠠᠭ᠎ᠠ ᠦᠭᠡᠢ	удаагүй	6
төдий	ᠯᠠ	л	160
төдий	ᠴᠢᠨᠡᠭᠡᠨ	чинээ	141
төдий	ᠵᠦᠢᠯ	зүйл	61
төдийд	ᠯᠠ	л	22
төдийлөн	ᠰᠠᠶᠢᠨ	сайн	104
төдийлөн	ᠦᠷ᠎ᠡ	үр	30
төдийлөн	ᠮᠡᠳᠡᠳᠡᠭ ᠦᠭᠡᠢ	мэддэггүй	24
төдийхөн	ᠪᠢᠰᠢ	биш	10
төдийхөн	ᠪᠠᠶᠢᠭ᠎ᠠ	байгаа	5
төл	ᠬᠦᠯᠢᠶᠡᠨ	хүлээн	28
төл	ᠪᠣᠶᠢᠵᠢᠯᠲᠠ	бойжилт	20
төл	ᠨᠢ	нь	20
төлбөл	ᠵᠣᠬᠢᠬᠤ	зохих	23
төлбөр	ᠲᠣᠭᠠᠴᠠᠭ᠎ᠠ	тооцоо	348
төлбөр	ᠨᠢ	нь	189
төлбөр	ᠤᠯᠭᠤᠬᠤ	төлөх	112
төлдөг	ᠪᠠᠶᠢᠭᠰᠠᠨ	байсан	43
төлдөг	ᠶᠠᠭᠤᠮ᠎ᠠ	юм	34
төлдөг	ᠪᠠᠶᠢᠨ᠎ᠠ	байна	29
төлж	ᠪᠠᠶᠢᠭ᠎ᠠ	байгаа	264
төлж	ᠴᠢᠳᠠᠬᠤ ᠦᠭᠡᠢ	чадахгүй	147
төлж	ᠪᠠᠶᠢᠨ᠎ᠠ	байна	134
төлийн	ᠳᠠᠭᠤᠤ	дуу	13
төлийн	ᠲᠥᠯ	төл	5
төлийн	ᠬᠣᠷᠣᠭᠳᠠᠯ	хорогдол	5
төлнө	ᠭᠡᠰᠡᠨ	гэсэн	70
төлнө	ᠭᠡᠵᠦ	гэж	45
төлнө	ᠭᠡᠳᠡᠭ	гэдэг	32
төлсөн	ᠪᠠᠶᠢᠬᠤ	байх	69
төлсөн	ᠪᠣᠯ	бол	56
төлсөн	ᠪᠠᠶᠢᠨ᠎ᠠ	байна	54
төлүүлэх	ᠲᠤᠬᠠᠢ	тухай	25
төлүүлэх	ᠰᠢᠢᠳᠪᠦᠷᠢ	шийдвэр	13
төлүүлэх	ᠠᠷᠭ᠎ᠠ	арга	10
төлөв	ᠪᠠᠶᠢᠳᠠᠯ	байдал	164
төлөв	ᠪᠠᠶᠢᠳᠠᠯ ᠤᠨ	байдлын	126
төлөв	ᠪᠠᠶᠢᠳᠠᠯ ᠢ	байдлыг	78
төлөвлөгөө	ᠪᠣᠯᠪᠠᠰᠤᠷᠠᠭᠤᠯᠬᠤ	боловсруулах	75
төлөвлөгөө	ᠭᠠᠷᠭᠠᠨ	гарган	73
төлөвлөгөө	ᠭᠠᠷᠭᠠᠵᠤ	гаргаж	60
төлөвлөгөөт	ᠪᠤᠰᠤ	бус	34
төлөвлөгөөт	ᠪᠣᠯᠤᠨ	болон	10
төлөвлөгөөт	ᠮᠡᠰᠡ	мэс	7
төлөвлөж	ᠪᠠᠶᠢᠭ᠎ᠠ	байгаа	931
төлөвлөж	ᠪᠠᠶᠢᠨ᠎ᠠ	байна	782
төлөвлөж	ᠪᠤᠢ	буй	249
төлөвлөжээ	ᠭᠡᠵᠦ	гэж	10
төлөвлөсөн	ᠪᠠᠶᠢᠨ᠎ᠠ	байна	337
төлөвлөсөн	ᠪᠥᠭᠡᠳ	бөгөөд	78
төлөвлөсөн	ᠪᠠᠶᠢᠭᠰᠠᠨ	байсан	65
төлөвлөх	ᠨᠢ	нь	23
төлөвлөх	ᠵᠣᠬᠢᠶᠠᠨ	зохион	17
төлөвлөх	ᠶᠣᠰᠣᠲᠠᠢ	ёстой	16
төлөвтэй	ᠪᠠᠶᠢᠨ᠎ᠠ	байна	372
төлөвтэй	ᠪᠠᠶᠢᠭ᠎ᠠ	байгаа	263
төлөвтэй	ᠪᠠᠶᠢᠭ᠎ᠠ ᠶᠢ	байгааг	41
төлөвшил	ᠬᠠᠨᠳᠤᠯᠭ᠎ᠠ	хандлага	5
төлөвшүүлж	ᠴᠢᠳᠠᠨ᠎ᠠ	чадна	5
төлөгдөх	ᠴᠡᠪᠡᠷ	цэвэр	24
төлөгдөх	ᠪᠣᠯᠤᠮᠵᠢ ᠲᠠᠢ	боломжтой	12
төлөгдөх	ᠶᠣᠰᠣᠲᠠᠢ	ёстой	10
төлөгч	ᠠᠵᠤ	аж	40
төлөгч	ᠨᠢ	нь	18
төлөгч	ᠢᠷᠭᠡᠨ	иргэн	13
төлөлт	ᠨᠢ	нь	17
төлөлт	ᠪᠣᠯᠤᠨ	болон	12
төлөлт	ᠬᠢᠬᠦ	хийх	7
төлөх	ᠶᠣᠰᠣᠲᠠᠢ	ёстой	369
төлөх	ᠶᠠᠭᠤᠮ᠎ᠠ	юм	128
төлөх	ᠨᠢ	нь	100
төлөө	ᠯᠠ	л	216
төлөө	ᠠᠵᠢᠯᠯᠠᠵᠤ	ажиллаж	201
төлөө	ᠭᠠᠵᠠᠷ	газар	180
төлөөд	ᠶᠠᠪᠤᠵᠤ	явж	45
төлөөд	ᠶᠠᠪᠤᠬᠤ	явах	37
төлөөд	ᠯᠠ	л	28
төлөөлж	ᠪᠤᠢ	буй	65
төлөөлж	ᠪᠠᠶᠢᠭ᠎ᠠ	байгаа	39
төлөөлж	ᠤᠡᠬ	уих	24
төлөөлөгч	ᠣᠷᠣᠯᠴᠠᠵᠤ	оролцож	112
төлөөлөгч	ᠮᠡᠳᠡᠭᠡᠯᠡᠪᠡ	мэдээлэв	76
төлөөлөгч	ᠨᠠᠷᠠ	нар	76
төлөөлөл	ᠪᠣᠯᠤᠭᠰᠠᠨ	болсон	271
төлөөлөл	ᠣᠷᠣᠯᠴᠠᠵᠤ	оролцож	149
төлөөлөл	ᠣᠷᠣᠯᠴᠠᠭᠰᠠᠨ	оролцсон	120
төлөөлөлтэй	ᠠᠭᠤᠯᠵᠠᠵᠤ	уулзаж	60
төлөөлөлтэй	ᠠᠭᠤᠯᠵᠠᠯ᠎ᠠ	уулзлаа	17
төлөөлөлтэй	ᠠᠭᠤᠯᠵᠠᠭᠰᠠᠨ	уулзсан	17
төлөөлөн	ᠤᠳᠤᠷᠢᠳᠬᠤ	удирдах	383
төлөөлөн	ᠣᠷᠣᠯᠴᠠᠵᠤ	оролцож	128
төлөөлөн	ᠤᠷᠤᠯᠴᠠᠬᠤ	оролцох	113
төлөөлөх	ᠡᠷᠬᠡ	эрх	17
төлөөлөх	ᠡᠷᠬᠡ ᠦᠭᠡᠢ	эрхгүй	7
төлөөлөх	ᠡᠷᠬᠡ ᠲᠡᠢ	эрхтэй	7
төлөөх	ᠲᠣᠭᠯᠠᠯᠲᠠ	тоглолт	74
төлөөх	ᠥᠷᠢᠰᠦᠯᠳᠦᠭᠡᠨ	өрсөлдөөн	51
төлөөх	ᠲᠡᠮᠡᠴᠡᠯ	тэмцэл	50
төмс	ᠬᠦᠨᠡᠰᠦᠨ ᠦ	хүнсний	308
төмс	ᠮᠢᠩᠭᠠᠨ	мянган	48
төмс	ᠭᠠ	га	16
төмөр	ᠵᠠᠮ ᠤᠨ	замын	4321
төмөр	ᠵᠠᠮ	зам	3434
төмөр	ᠵᠠᠮ ᠢ	замыг	770
төмөрлөг	ᠭᠠᠨ	ган	6
төмөрлөг	ᠮᠠᠰᠢᠨ	машин	6
төр	ᠵᠠᠰᠠᠭ ᠤᠨ	засгийн	1294
төр	ᠵᠠᠰᠠᠭ	засаг	1034
төр	ᠬᠤᠪ ᠤᠨ	хувийн	668
төрд	ᠰᠢᠨ᠎ᠡ	шинэ	123
төрд	ᠢᠲᠡᠭᠡᠬᠦ	итгэх	44
төрд	ᠣᠷᠣᠵᠤ	орж	43
төрдөг	ᠶᠠᠭᠤᠮ᠎ᠠ	юм	51
төрдөг	ᠪᠤᠢ	вэ	15
төрдөг	ᠭᠡᠵᠦ	гэж	14
төрдөө	ᠢᠲᠡᠭᠡᠬᠦ	итгэх	10
төрж	ᠪᠠᠶᠢᠨ᠎ᠠ	байна	240
төрж	ᠥᠰᠦᠭᠰᠡᠨ	өссөн	191
төрж	ᠪᠠᠶᠢᠭ᠎ᠠ	байгаа	124
төрийг	ᠨᠢ	нь	43
төрийг	ᠪᠤᠢ	бий	23
төрийг	ᠤᠳᠤᠷᠢᠳᠬᠤ	удирдах	19
төрийн	ᠠᠯᠪᠠᠨ	албан	2416
төрийн	ᠪᠤᠰᠤ	бус	1981
төрийн	ᠨᠠᠷᠢᠨ	нарийн	1656
төрийнхөө	ᠶᠡᠬᠡ	их	51
төрийнхөө	ᠳᠠᠯᠪᠠᠭ᠎ᠠ ᠶᠢ	далбааг	39
төрийнхөө	ᠨᠠᠭᠠᠳᠤᠮ ᠳᠤ	наадамд	28
төрлийн	ᠭᠡᠮᠲᠦ	гэмт	387
төрлийн	ᠪᠦᠲᠦᠭᠡᠭᠳᠡᠬᠦᠨ	бүтээгдэхүүн	116
төрлийн	ᠪᠣᠳᠠᠰ	бодис	104
төрлөө	ᠪᠢ	би	18
төрлөө	ᠭᠡᠵᠦ	гэж	12
төрлөө	ᠵᠥᠪ	зөв	9
төрнө	ᠭᠡᠵᠦ	гэж	23
төрнө	ᠭᠡᠳᠡᠭ	гэдэг	22
төрнө	ᠭᠡᠳᠡᠭ ᠲᠦ	гэдэгт	15
төрсний	ᠳᠠᠷᠠᠭ᠎ᠠ	дараа	80
төрсний	ᠳᠠᠷᠠᠭᠠᠬᠢ	дараах	70
төрсний	ᠭᠡᠷᠡᠴᠢᠯᠡᠭᠡ	гэрчилгээ	46
төрсөн	ᠳᠡᠭᠦᠦ	дүү	195
төрсөн	ᠡᠳᠦᠷ	өдөр	190
төрсөн	ᠡᠳᠦᠷ ᠦᠨ	өдрийн	163
төртэй	ᠪᠡᠶᠡᠯᠡᠭᠦᠯᠵᠦ	биелүүлж	31
төртэй	ᠬᠣᠯᠪᠣᠭᠠᠲᠠᠢ	холбоотой	22
төртэй	ᠪᠠᠶᠢᠬᠤ	байх	9
төрх	ᠨᠢ	нь	41
төрх	ᠰᠢᠨ᠎ᠡ	шинэ	18
төрх	ᠴᠢᠨᠢ	чинь	14
төрхийг	ᠨᠢ	нь	26
төрхийг	ᠪᠤᠢ	бий	16
төрхийг	ᠲᠣᠳᠣᠷᠬᠠᠶᠢᠯᠠᠵᠤ	тодорхойлж	15
төрхтэй	ᠪᠠᠶᠢᠬᠤ	байх	9
төрхтэй	ᠡᠨᠡ	энэ	7
төрхтэй	ᠨᠢ	нь	6
төрхөө	ᠬᠠᠳᠠᠭᠠᠯᠠᠭᠰᠠᠨ	хадгалсан	8
төрхөө	ᠣᠯᠤᠭᠰᠠᠨ	олсон	6
төрхөө	ᠣᠯᠵᠤ	олж	5
төрүүлж	ᠪᠠᠶᠢᠨ᠎ᠠ	байна	214
төрүүлж	ᠪᠠᠶᠢᠭ᠎ᠠ	байгаа	117
төрүүлж	ᠥᠰᠬᠡᠭᠰᠡᠨ	өсгөсөн	81
төрүүлнэ	ᠭᠡᠳᠡᠭ	гэдэг	10
төрүүлнэ	ᠭᠡᠵᠦ	гэж	9
төрүүлнэ	ᠭᠡᠰᠡᠨ	гэсэн	7
төрүүлсэн	ᠶᠠᠭᠤᠮ᠎ᠠ	юм	37
төрүүлсэн	ᠪᠠᠶᠢᠨ᠎ᠠ	байна	27
төрүүлсэн	ᠡᠵᠢ	ээж	15
төрүүлэх	ᠨᠢ	нь	34
төрүүлэх	ᠪᠣᠯᠤᠭᠰᠠᠨ	болсон	19
төрүүлэх	ᠭᠡᠵᠦ	гэж	17
төрөл	ᠪᠦᠷᠢ ᠶᠢᠨ	бүрийн	730
төрөл	ᠨᠢ	нь	134
төрөл	ᠵᠦᠢᠯ	зүйл	125
төрөлжсөн	ᠨᠠᠷᠢᠨ	нарийн	34
төрөлжсөн	ᠡᠮᠨᠡᠯᠭᠡ	эмнэлэг	11
төрөлжсөн	ᠵᠠᠬ᠎ᠠ	зах	8
төрөлжүүлэх	ᠨᠢ	нь	8
төрөлт	ᠨᠡᠮᠡᠭᠳᠡᠵᠦ	нэмэгдэж	29
төрөлт	ᠨᠡᠮᠡᠭᠳᠡᠭᠰᠡᠨ	нэмэгдсэн	11
төрөлт	ᠲᠤᠲᠤᠮ ᠳᠤ	тутамд	10
төрөлх	ᠨᠤᠲᠤᠭ	нутаг	29
төрөлх	ᠬᠡᠯᠡ	хэл	21
төрөлх	ᠬᠡᠯᠡ ᠪᠡᠷ ᠢᠶᠡᠨ	хэлээрээ	19
төрөлхтний	ᠡᠪ	эв	40
төрөлхтний	ᠲᠡᠦᠬᠡᠨ ᠳᠦ	түүхэнд	33
төрөлхтний	ᠰᠣᠶᠣᠯ ᠤᠨ	соёлын	25
төрөлхтөн	ᠡᠭᠦᠰᠦᠭᠰᠡᠨ	үүссэн	10
төрөлхтөн	ᠠᠩᠬ᠎ᠠ	анх	6
төрөлхтөн	ᠣᠷᠣᠰᠢᠨ	оршин	6
төрөх	ᠡᠮᠨᠡᠯᠭᠡ	эмнэлэг	125
төрөх	ᠡᠮᠨᠡᠯᠭᠡ ᠶᠢᠨ	эмнэлгийн	119
төрөх	ᠨᠢ	нь	69
төрөхгүй	ᠪᠠᠶᠢᠨ᠎ᠠ	байна	17
төрөхгүй	ᠪᠠᠶᠢᠭ᠎ᠠ	байгаа	6
төрөхийн	ᠡᠮᠦᠨᠡᠬᠢ	өмнөх	33
төрөхийн	ᠡᠮᠴᠢ	эмч	29
төрөхийн	ᠬᠦᠨᠳᠦᠷᠡᠯ	хүндрэл	13
төрөхөд	ᠨᠢ	нь	7
төрөө	ᠬᠣᠶᠢᠰᠢ	хойш	16
төрөө	ᠵᠠᠰᠠ	зас	12
төрөө	ᠴᠤ	ч	11
төрөөгүй	ᠪᠠᠶᠢᠭᠰᠠᠨ	байсан	5
төрөөгүй	ᠬᠡᠦᠬᠡᠳ ᠲᠦ	хүүхдэд	5
төрөөгүй	ᠶᠠᠭᠤᠮ᠎ᠠ	юм	5
төрөөд	ᠪᠠᠶᠢᠭ᠎ᠠ	байгаа	31
төрөөд	ᠪᠠᠶᠢᠨ᠎ᠠ	байна	19
төрөөд	ᠤᠳᠠᠭ᠎ᠠ ᠦᠭᠡᠢ	удаагүй	17
төрөөс	ᠪᠠᠷᠢᠮᠲᠠᠯᠠᠬᠤ	баримтлах	559
төрөөс	ᠡᠷᠦᠳᠡᠰᠦ	эрдэс	255
төрөөс	ᠲᠡᠮᠦᠷ	төмөр	236
төс	ᠯᠦᠦ	лүү	5
төстэй	ᠵᠦᠢᠯ	зүйл	31
төстэй	ᠶᠠᠭᠤᠮ᠎ᠠ	юм	27
төстэй	ᠣᠯᠠᠨ	олон	20
төсөв	ᠮᠥᠩᠭᠥᠨ ᠦ	мөнгөний	271
төсөв	ᠨᠢ	нь	160
төсөв	ᠮᠥᠩᠭᠥ	мөнгө	96
төсөл	ᠵᠠᠰᠠᠭ ᠤᠨ	засгийн	1107
төсөл	ᠨᠢ	нь	862
төсөл	ᠳᠡᠭᠡᠷ᠎ᠡ	дээр	555
төсөр	ᠦᠨᠡᠲᠡᠢ	үнэтэй	8
төсөөлдөг	ᠪᠤᠢ	вэ	8
төсөөлдөг	ᠴᠤ	ч	7
төсөөлдөг	ᠪᠠᠶᠢᠭᠰᠠᠨ	байсан	6
төсөөлж	ᠪᠠᠶᠢᠨ᠎ᠠ	байна	85
төсөөлж	ᠪᠠᠶᠢᠭᠰᠠᠨ	байсан	63
төсөөлж	ᠪᠠᠶᠢᠭᠰᠠᠨ ᠠᠴᠠ	байснаас	61
төсөөлсөн	ᠨᠢ	нь	5
төсөөлөл	ᠪᠤᠢ	бий	13
төсөөлөл	ᠪᠠᠶᠢᠨ᠎ᠠ	байна	11
төсөөлөл	ᠨᠢ	нь	10
төсөөлөн	ᠪᠣᠳᠣᠬᠤ	бодох	12
төсөөлөн	ᠪᠣᠳᠣᠵᠤ	бодож	6
төсөөлөх	ᠠᠷᠭ᠎ᠠ ᠦᠭᠡᠢ	аргагүй	37
төсөөлөх	ᠨᠢ	нь	18
төсөөлөх	ᠴᠤ	ч	15
төсөөлөөгүй	ᠪᠠᠶᠢᠭᠰᠠᠨ	байсан	8
төсөөлөөгүй	ᠪᠠᠶᠢᠬᠤ	байх	7
төхөөрөмж	ᠨᠢ	нь	243
төхөөрөмж	ᠰᠡᠯᠪᠢᠭ	сэлбэг	105
төхөөрөмж	ᠪᠦᠬᠦᠢ	бүхий	75
төчнөөн	ᠬᠥᠷᠥᠩᠭᠡ	хөрөнгө	7
төчнөөн	ᠮᠢᠩᠭᠠᠨ	мянган	5
төчнөөн	ᠬᠦᠮᠦᠨ	хүн	5
төөрсөн	ᠰᠠᠷᠮᠠᠭᠴᠢᠨ	сармагчин	5
төөрсөн	ᠬᠡᠦᠬᠡᠳ ᠦᠳ	хүүхдүүд	5
төөрч	ᠪᠤᠳᠤᠯᠢᠵᠤ	будилж	9
у	ᠨ	н	54
у	ᠮ	м	51
у	ᠭ	г	24
уб	ᠬᠣᠲᠠ	хот	95
уб	ᠬᠣᠲᠠ ᠶᠢᠨ	хотын	62
уб	᠍ ᠤᠨ	ын	13
убтз	᠍ ᠤᠨ	ын	222
убтз	᠍ ᠢ	ыг	49
убтз	ᠬᠤᠪᠢ	хувь	28
увайгүй	ᠦᠢᠯᠡᠳᠦᠯ	үйлдэл	24
увайгүй	ᠦᠢᠯᠡᠳᠦᠯ ᠢ	үйлдлийг	9
увайгүй	ᠤᠯᠤᠰ	улс	6
увс	ᠠᠶᠢᠮᠠᠭ ᠤᠨ	аймгийн	942
увс	ᠨᠠᠭᠤᠷ	нуур	383
увс	ᠨᠠᠭᠤᠷ ᠤᠨ	нуурын	194
уг	ᠨᠢ	нь	4455
уг	ᠬᠠᠤᠯᠢ ᠶᠢᠨ	хуулийн	731
уг	ᠠᠰᠠᠭᠤᠳᠠᠯ ᠢ	асуудлыг	430
угааж	ᠬᠡᠪᠰᠢᠬᠦ	хэвших	19
угааж	ᠪᠠᠶᠢᠭ᠎ᠠ	байгаа	17
угааж	ᠪᠠᠶᠢᠨ᠎ᠠ	байна	17
угаалга	ᠴᠡᠪᠡᠷᠯᠡᠭᠡ	цэвэрлэгээ	9
угаалга	ᠵᠡᠷᠭᠡ	зэрэг	5
угаас	ᠡᠨᠡ	энэ	5
угаасаа	ᠯᠠ	л	56
угаасаа	ᠴᠤ	ч	51
угаасаа	ᠡᠨᠡ	энэ	16
угаасан	ᠬᠡᠷᠡᠭ ᠲᠦ	хэрэгт	81
угаасан	ᠭᠡᠬᠦ	гэх	78
угаасан	ᠪᠠᠶᠢᠵᠤ	байж	69
угаах	ᠪᠣᠯᠤᠨ	болон	94
угаах	ᠭᠡᠮᠲᠦ	гэмт	84
угаах	ᠦᠢᠯᠡᠳᠪᠦᠷᠢ	үйлдвэр	52
угалз	ᠲᠡᠬᠡ	тэх	20
угз	ᠪ	б	21
угз	ᠴᠤ	ч	13
угз	ᠬᠥᠭᠵᠢᠮ ᠦᠨ	хөгжмийн	9
угийн	ᠪᠢᠴᠢᠭ	бичиг	25
угийн	ᠯᠠ	л	9
угсаа	ᠭᠠᠷᠤᠯ	гарал	18
угсаа	ᠭᠠᠷᠪᠠᠯ	гарвал	16
угсаа	ᠵᠠᠯᠭᠠᠮᠵᠢᠯᠠᠬᠤ	залгамжлах	9
угсралт	ᠵᠠᠰᠠᠪᠤᠷᠢ	засвар	13
угсралт	ᠶᠡᠬᠡ	их	7
угсралт	ᠬᠢᠬᠦ	хийх	6
угсрах	ᠦᠢᠯᠡᠳᠪᠦᠷᠢ	үйлдвэр	5
угтаа	ᠪᠣᠯ	бол	151
угтаа	ᠡᠨᠡ	энэ	20
угтаж	ᠪᠠᠶᠢᠨ᠎ᠠ	байна	43
угтаж	ᠠᠪᠤᠭᠰᠠᠨ	авсан	26
угтаж	ᠪᠤᠢ	буй	19
угтан	ᠠᠪᠴᠤ	авч	77
угтан	ᠠᠪᠤᠯ᠎ᠠ	авлаа	47
угтан	ᠠᠪᠤᠭᠰᠠᠨ	авсан	45
угтах	ᠶᠣᠰᠣᠯᠠᠯ	ёслол	27
угтах	ᠨᠢ	нь	15
угтах	ᠶᠠᠭᠤᠮ᠎ᠠ	юм	8
угтсан	ᠶᠠᠭᠤᠮ᠎ᠠ	юм	29
угтсан	ᠤᠯᠤᠰ	улс	7
угтсан	ᠪᠥᠭᠡᠳ	бөгөөд	6
угшил	ᠨᠢ	нь	7
угшил	ᠨᠢᠭᠡᠲᠡᠢ	нэгтэй	5
удаа	ᠳᠠᠷᠠᠭ᠎ᠠ	дараа	1101
удаа	ᠵᠣᠬᠢᠶᠠᠨ	зохион	331
удаа	ᠣᠷᠣᠯᠴᠠᠵᠤ	оролцож	226
удаагаа	ᠵᠣᠬᠢᠶᠠᠨ	зохион	222
удаагаа	ᠣᠷᠣᠯᠴᠠᠵᠤ	оролцож	113
удаагаа	ᠪᠣᠯᠵᠤ	болж	68
удаагүй	ᠪᠠᠶᠢᠭ᠎ᠠ	байгаа	307
удаагүй	ᠪᠠᠶᠢᠨ᠎ᠠ	байна	129
удаагүй	ᠪᠠᠶᠢᠬᠤ ᠳᠤ	байхад	60
удаад	ᠴᠤ	ч	156
удаад	ᠪᠢᠳᠡ	бид	55
удаад	ᠨᠢ	нь	54
удаан	ᠬᠤᠭᠤᠴᠠᠭᠠᠨ ᠳᠤ	хугацаанд	520
удаан	ᠬᠤᠭᠤᠴᠠᠭ᠎ᠠ ᠪᠠᠷ	хугацаагаар	304
удаан	ᠬᠤᠭᠤᠴᠠᠭᠠᠨ ᠤ	хугацааны	247
удаатай	ᠶᠠᠭᠤᠮ᠎ᠠ	юм	12
удаатай	ᠭᠡᠨ᠎ᠡ	гэнэ	6
удаатай	ᠠᠵᠤ	аж	5
удаах	ᠪᠠᠶᠢᠷᠢᠨ ᠳᠤ	байранд	52
удаах	ᠨᠢ	нь	25
удаах	ᠬᠣᠶᠠᠷ	хоёр	20
удаахь	ᠲᠣᠭᠣᠷᠢᠭ ᠲᠤ	тойрогт	8
удаахь	ᠡᠳᠦᠷ	өдөр	6
удаахь	ᠨᠢ	нь	5
удаашрах	ᠲᠥᠯᠥᠪᠲᠡᠢ	төлөвтэй	7
удаж	ᠪᠠᠶᠢᠨ᠎ᠠ	байна	295
удаж	ᠪᠠᠶᠢᠭ᠎ᠠ	байгаа	186
удаж	ᠪᠤᠢ	буй	42
удалгүй	ᠡᠨᠡ	энэ	18
удалгүй	ᠲᠡᠷᠡ ᠪᠡᠷ	тэрээр	10
удалгүй	ᠲᠡᠷᠡ	тэр	9
удам	ᠳᠠᠮᠵᠢᠭᠰᠠᠨ	дамжсан	28
удам	ᠤᠭᠰᠠᠭ᠎ᠠ	угсаа	18
удам	ᠵᠠᠯᠭᠠᠭᠰᠠᠨ	залгасан	13
удамтай	ᠭᠡᠵᠦ	гэж	10
удамтай	ᠬᠦᠮᠦᠨ	хүн	7
удамтай	ᠶᠠᠭᠤ	юу	5
удах	ᠭᠦᠢ	гүй	23
удах	ᠲᠤᠰᠤᠮ	тусам	23
удах	ᠲᠤᠰᠤᠮ ᠢᠶᠠᠨ	тусмаа	13
удахгүй	ᠪᠣᠯᠬᠤ	болох	230
удахгүй	ᠤᠡᠬ	уих	90
удахгүй	ᠡᠨᠡ	энэ	69
удвал	ᠰᠠᠶᠢᠳ	сайд	78
удвал	ᠥᠨᠥᠳᠥᠷ	өнөөдөр	31
удвал	ᠰᠠᠶᠢᠳ ᠤᠨ	сайдын	29
удирдаач	ᠨ	н	49
удирдаач	ᠵ	ж	30
удирдаач	ᠳ	д	25
удирдагч	ᠨᠠᠷᠠ	нар	24
удирдагч	ᠨᠢ	нь	21
удирдагч	ᠰ	с	16
удирдаж	ᠪᠠᠶᠢᠭ᠎ᠠ	байгаа	175
удирдаж	ᠪᠠᠶᠢᠭᠰᠠᠨ	байсан	165
удирдаж	ᠪᠤᠢ	буй	77
удирдамж	ᠨᠢ	нь	8
удирдамж	ᠭᠠᠷᠭᠠᠨ	гарган	7
удирдамж	ᠴᠢᠭᠯᠡᠯ	чиглэл	5
удирдах	ᠵᠥᠪᠯᠡᠯ	зөвлөл	588
удирдах	ᠠᠯᠪᠠᠨ	албан	314
удирдах	ᠵᠥᠪᠯᠡᠯᠳᠦ	зөвлөлд	164
удирдлага	ᠳᠣᠣᠷ᠎ᠠ	дор	434
удирдлага	ᠵᠣᠬᠢᠶᠠᠨ	зохион	144
удирдлага	ᠨᠢ	нь	121
удирдсан	ᠪᠠᠭᠰᠢ	багш	12
удирдсан	ᠶᠠᠭᠤᠮ᠎ᠠ	юм	12
удирдсан	ᠪᠣᠯ	бол	9
удлаа	ᠭᠡᠬᠦ ᠳᠦ	гэхэд	8
удмаа	ᠦᠯᠡᠳᠡᠭᠡᠬᠦ	үлдээх	17
удмын	ᠰᠠᠩ	сан	18
удмын	ᠰᠠᠩ ᠳᠤ	санд	11
удмын	ᠳᠠᠭ᠎ᠠ	даага	7
удсан	ᠴᠤ	ч	25
удсан	ᠶᠠᠭᠤᠮ᠎ᠠ	юм	16
удсан	ᠪᠠᠶᠢᠨ᠎ᠠ	байна	11
удтал	ᠬᠦᠯᠢᠶᠡᠯᠭᠡᠭᠰᠡᠨ	хүлээлгэсэн	26
удтал	ᠬᠦᠯᠢᠶᠡᠭᠰᠡᠨ	хүлээсэн	17
удтал	ᠵᠠᠪᠰᠠᠷᠯᠠᠭ᠎ᠠ	завсарлага	5
ужиг	ᠡᠪᠡᠳᠴᠢᠨ	өвчин	9
ужиг	ᠶᠡᠬᠡ ᠲᠡᠢ	ихтэй	7
уих	᠍ ᠤᠨ	ын	34884
уих	ᠳ	д	4244
уих	ᠳᠠᠬᠢ	дахь	4142
уй	ᠭᠠᠰᠢᠭᠤ	гашуу	16
уй	ᠭᠤᠨᠢᠭ	гуниг	7
уй	ᠭᠤᠨᠢᠭ ᠢ	гунигийг	6
уйл	ᠠᠵᠢᠯᠯᠠᠭ᠎ᠠ	ажиллагаа	11
уйлаад	ᠯᠠ	л	31
уйлаад	ᠪᠠᠶᠢᠬᠤ ᠪᠠᠷ	байхаар	6
уйлаад	ᠰᠠᠭᠤᠵᠤ	сууж	5
уйлан	ᠪᠠᠶᠢᠵᠤ	байж	5
уйлан	ᠬᠠᠶᠢᠯᠠᠨ	хайлан	5
уйлан	ᠬᠠᠶᠢᠯᠠᠵᠤ	хайлж	5
уйлах	ᠨᠢ	нь	15
уйлах	ᠡᠷᠬᠡ ᠦᠭᠡᠢ	эрхгүй	10
уйлах	ᠳᠠᠭᠤᠤ	дуу	8
уйлдаг	ᠪᠠᠶᠢᠭᠰᠠᠨ	байсан	7
уйлж	ᠪᠠᠶᠢᠭᠰᠠᠨ	байсан	51
уйлж	ᠪᠠᠶᠢᠨ᠎ᠠ	байна	28
уйлж	ᠪᠠᠶᠢᠭ᠎ᠠ	байгаа	16
уйлсан	ᠨᠢᠯᠪᠤᠰᠤ	нулимс	6
уйлсан	ᠤᠤ	уу	6
уйлсан	ᠶᠠᠭᠤᠮ᠎ᠠ	юм	5
уйтгар	ᠭᠤᠨᠢᠭ	гуниг	36
уйтгар	ᠭᠤᠨᠢᠭ ᠢ	гунигийг	19
уйтгар	ᠭᠤᠨᠢᠭᠲᠠᠢ	гунигтай	6
уйтгартай	ᠪᠢᠰᠢ	биш	7
уйтгартай	ᠴᠤ	ч	6
уйтгартай	ᠳᠦᠩᠰᠦᠭᠦᠷ	дүнсгэр	5
украин	ᠤᠯᠤᠰ ᠤᠨ	улсын	23
украин	ᠨᠢ	нь	13
украин	ᠪᠣᠯᠤᠨ	болон	11
ул	ᠰᠠᠭᠤᠷᠢ ᠲᠠᠢ	суурьтай	116
ул	ᠮᠥᠷ	мөр	99
ул	ᠮᠥᠷ ᠢ	мөрийг	51
улаан	ᠪᠤᠭᠤᠳᠠᠢ	буудай	379
улаан	ᠦᠳᠡ	үд	152
улаан	ᠲᠤᠭ ᠤᠨ	тугийн	121
улаанбаатар	ᠬᠣᠲᠠ ᠶᠢᠨ	хотын	3602
улаанбаатар	ᠬᠣᠲᠠ	хот	1636
улаанбаатар	ᠬᠣᠲᠠᠳ	хотод	1519
улаанбаатараас	ᠺᠮ	км	10
улаанбаатараас	ᠮᠣᠷᠳᠠᠯ᠎ᠠ	мордлоо	9
улаанбаатараас	ᠳᠠᠷᠬᠠᠨ	дархан	6
улаанбаатарт	ᠢᠷᠡᠵᠦ	ирж	42
улаанбаатарт	ᠵᠣᠬᠢᠶᠠᠨ	зохион	31
улаанбаатарт	ᠪᠠᠶᠢᠭ᠎ᠠ	байгаа	30
улаанбаатарыг	ᠵᠣᠷᠢᠨ	зорин	9
улаанбаатарыг	ᠬᠠᠩᠭᠠᠬᠤ	хангах	5
улаанбаатарын	ᠴᠠᠭ ᠢᠶᠠᠷ	цагаар	288
улаанбаатарын	ᠶᠠᠷᠢᠶ᠎ᠠ	яриа	124
улаанбаатарын	ᠦᠳᠡᠰᠢ	үдэш	66
улаанбуудай	ᠮᠢᠩᠭᠠᠨ	мянган	14
улаанбуудай	ᠢᠮᠫᠤᠷᠲᠯᠠᠬᠤ	импортлох	11
улаанбуудай	ᠣᠷᠣᠭᠤᠯᠵᠤ	оруулж	8
улаангом	ᠰᠤᠮᠤ ᠶᠢᠨ	сумын	42
улаангом	ᠬᠣᠲᠠᠳ	хотод	11
улаангом	ᠬᠣᠲᠠ ᠶᠢᠨ	хотын	11
улаанууд	ᠭᠠᠬᠠᠢ ᠶᠢᠨ	гахайн	6
улаанууд	ᠰᠠᠯᠬᠢᠨ	салхин	6
улааныг	ᠤᠡᠬ	уих	5
улайж	ᠲᠣᠯᠪᠣ	толбо	7
улайрч	ᠪᠠᠶᠢᠨ᠎ᠠ	байна	29
улайрч	ᠪᠠᠶᠢᠭ᠎ᠠ	байгаа	26
улайрч	ᠪᠤᠢ	буй	6
улайх	ᠵᠡᠷᠭᠡ	зэрэг	8
улайх	ᠨᠢᠰᠤ	нус	6
улам	ᠪᠦᠷ	бүр	1093
улам	ᠯᠠ	л	436
улам	ᠶᠡᠬᠡ	их	191
уламж	ᠯᠠᠯᠤ	лал	5
уламжилж	ᠢᠷᠡᠭᠰᠡᠨ	ирсэн	49
уламжилж	ᠪᠠᠶᠢᠨ᠎ᠠ	байна	21
уламжилж	ᠥᠭᠬᠦ ᠶᠢ	өгөхийг	18
уламжлал	ᠪᠣᠯᠭᠠᠨ	болгон	606
уламжлал	ᠶᠣᠰᠣᠭᠠᠷ	ёсоор	333
уламжлал	ᠪᠣᠯᠤᠨ	болон	146
уламжлах	ᠪᠣᠯᠤᠨ᠎ᠠ	болно	5
уламжлах	ᠨᠢ	нь	5
уландаа	ᠭᠢᠰᠬᠢᠵᠦ	гишгэж	64
уландаа	ᠭᠢᠰᠬᠢᠭᠰᠡᠨ	гишгэсэн	42
уландаа	ᠭᠢᠰᠬᠢᠭᠡᠳ	гишгээд	7
улбар	ᠰᠢᠷ᠎ᠠ	шар	80
улиас	ᠮᠣᠳᠣᠨ ᠤ	модны	11
улиас	ᠮᠣᠳᠣ	мод	9
улиас	ᠪᠤᠷᠭᠠᠰᠤ	бургас	8
улиастай	ᠰᠤᠮᠤ ᠶᠢᠨ	сумын	17
улиастай	ᠬᠣᠲᠠ	хот	15
улиастай	ᠭᠣᠣᠯ ᠤᠨ	голын	12
улиг	ᠪᠣᠯᠤᠭᠰᠠᠨ	болсон	55
улиг	ᠪᠣᠯᠲᠠᠯ᠎ᠠ	болтол	10
улиг	ᠪᠣᠯᠲᠠᠯ᠎ᠠ ᠪᠠᠨ	болтлоо	8
улирал	ᠪᠦᠷ	бүр	105
улирал	ᠡᠬᠢᠯᠡᠵᠦ	эхэлж	86
улирал	ᠲᠤᠲᠤᠮ	тутам	55
улиралд	ᠨᠢᠭᠡ	нэг	46
улиралд	ᠰᠠᠶ᠋ᠢ	сая	39
улиралд	ᠮᠢᠩᠭᠠᠨ	мянган	30
улиралын	ᠡᠬᠢᠨ ᠦ	эхний	6
улиран	ᠣᠳᠴᠤ	одож	41
улиран	ᠣᠳᠤᠭᠰᠠᠨ	одсон	16
улиран	ᠥᠩᠭᠡᠷᠡᠬᠦ	өнгөрөх	7
улирлыг	ᠲᠤᠩ	тун	16
улирлыг	ᠳᠠᠭᠤᠰᠬᠠᠭᠠᠳ	дуусгаад	13
улирлыг	ᠳᠠᠭᠤᠰᠲᠠᠯ᠎ᠠ	дуустал	13
улирлын	ᠪᠠᠶᠢᠳᠠᠯ ᠢᠶᠠᠷ	байдлаар	188
улирлын	ᠴᠢᠨᠠᠷᠲᠠᠢ	чанартай	113
улирлын	ᠲᠤᠷᠰᠢ	турш	70
улмаар	ᠡᠨᠡ	энэ	119
улмаар	ᠣᠨ ᠳᠤ	онд	112
улмаар	ᠣᠨ ᠤ	оны	95
улс	ᠲᠥᠷᠥ ᠶᠢᠨ	төрийн	8216
улс	ᠣᠷᠣᠨ ᠤ	орны	3228
улс	ᠲᠥᠷᠥ	төр	2269
улсаа	ᠲᠥᠯᠥᠭᠡᠯᠡᠨ	төлөөлөн	187
улсаа	ᠲᠥᠯᠦᠭᠡᠯᠡᠵᠦ	төлөөлж	45
улсаа	ᠬᠥᠭᠵᠢᠭᠦᠯᠬᠦ	хөгжүүлэх	28
улсаас	ᠮᠣᠩᠭᠣᠯ	монгол	369
улсаас	ᠪᠩᠬᠠᠤ	бнхау	102
улсаас	ᠪᠦᠭᠦᠳᠡ	бүгд	84
улсад	ᠰᠠᠭᠤᠭ᠎ᠠ	суугаа	893
улсад	ᠠᠯᠪᠠᠨ	албан	356
улсад	ᠬᠢᠭᠰᠡᠨ	хийсэн	286
улсдаа	ᠬᠠᠮᠤᠭ ᠤᠨ	хамгийн	14
улсдаа	ᠲᠠᠲᠠᠪᠤᠷᠢ	татвар	11
улсдаа	ᠲᠡᠷᠢᠭᠦᠯᠡᠳᠡᠭ	тэргүүлдэг	10
улстай	ᠳ᠋ᠢᠫᠯᠣᠮᠠᠲ	дипломат	150
улстай	ᠬᠠᠮᠲᠤᠷᠠᠨ	хамтран	138
улстай	ᠬᠠᠷᠢᠯᠴᠠᠬᠤ	харилцах	40
улсыг	ᠲᠥᠯᠥᠭᠡᠯᠡᠨ	төлөөлөн	115
улсыг	ᠲᠥᠯᠦᠭᠡᠯᠡᠵᠦ	төлөөлж	96
улсыг	ᠵᠣᠷᠢᠬᠤ	зорих	52
улсын	ᠶᠡᠬᠡ	их	11607
улсын	ᠶᠡᠷᠦᠩᠬᠡᠶᠢᠯᠡᠭᠴᠢ	ерөнхийлөгч	4509
улсын	ᠵᠠᠰᠠᠭ ᠤᠨ	засгийн	4301
улсынхаа	ᠨᠡᠷ᠎ᠡ ᠶᠢ	нэрийг	103
улсынхаа	ᠨᠡᠷᠡ	нэр	39
улсынхаа	ᠲᠥᠯᠥᠭᠡ	төлөө	34
ум	ᠰᠠᠶᠢᠨ	сайн	6
умард	ᠰᠣᠯᠣᠩᠭᠣᠰ	солонгос	25
умард	ᠪᠣᠯᠤᠨ	болон	10
умард	ᠬᠥᠷᠰᠢ	хөрш	10
унаа	ᠮᠠᠰᠢᠨ	машин	15
унаа	ᠲᠡᠷᠭᠡ	тэрэг	11
унаа	ᠨᠢ	нь	9
унаагүй	ᠪᠣᠯ	бол	7
унаагүй	ᠯᠠ	л	5
унаагүй	ᠡᠷᠭᠢ	эрэг	5
унаад	ᠪᠠᠶᠢᠭ᠎ᠠ	байгаа	63
унаад	ᠪᠠᠶᠢᠨ᠎ᠠ	байна	35
унаад	ᠪᠠᠶᠢᠭᠰᠠᠨ	байсан	26
унага	ᠨᠢ	нь	12
унага	ᠰᠢᠭ	шиг	7
унагаад	ᠪᠠᠶᠢᠭ᠎ᠠ	байгаа	6
унагаад	ᠪᠠᠶᠢᠬᠤ ᠳᠤ	байхад	6
унагааж	ᠪᠠᠶᠢᠭ᠎ᠠ	байгаа	11
унагааж	ᠪᠠᠶᠢᠨ᠎ᠠ	байна	10
унагааж	ᠪᠠᠶᠢᠭᠰᠠᠨ	байсан	5
унагаах	ᠨᠢ	нь	9
унагаах	ᠭᠡᠵᠦ	гэж	7
унагаах	ᠭᠡᠰᠡᠨ	гэсэн	7
унагаж	ᠪᠠᠶᠢᠭ᠎ᠠ	байгаа	44
унагаж	ᠪᠠᠶᠢᠨ᠎ᠠ	байна	27
унагаж	ᠪᠠᠶᠢᠭᠰᠠᠨ	байсан	27
унаган	ᠠᠳᠤᠭᠤ	адуу	73
унаган	ᠬᠡᠦᠬᠡᠳ	хүүхэд	21
унаган	ᠬᠡᠦ	хүү	20
унагасан	ᠶᠠᠭᠤᠮ᠎ᠠ	юм	12
унагасан	ᠪᠠᠶᠢᠨ᠎ᠠ	байна	11
унагасан	ᠨᠢ	нь	11
унагах	ᠭᠡᠵᠦ	гэж	20
унагах	ᠭᠡᠰᠡᠨ	гэсэн	17
унагах	ᠨᠢ	нь	14
унадаг	ᠳᠤᠭᠤᠢ	дугуй	79
унадаг	ᠳᠤᠭᠤᠢ ᠶᠢ	дугуйг	30
унадаг	ᠪᠠᠶᠢᠭᠰᠠᠨ	байсан	21
унаж	ᠪᠠᠶᠢᠭ᠎ᠠ	байгаа	175
унаж	ᠪᠠᠶᠢᠨ᠎ᠠ	байна	131
унаж	ᠪᠠᠶᠢᠭᠰᠠᠨ	байсан	98
уналаа	ᠭᠡᠵᠦ	гэж	9
уналаа	ᠴᠤ	ч	9
уналаа	ᠭᠡᠬᠦ ᠳᠦ	гэхэд	6
уналгүй	ᠲᠦᠷᠦᠭᠦᠯᠡᠭᠰᠡᠨ	түрүүлсэн	10
уналт	ᠨᠢ	нь	59
уналт	ᠦᠷᠭᠦᠯᠵᠢᠯᠡᠭᠰᠡᠭᠡᠷ	үргэлжилсээр	17
уналт	ᠦᠷᠭᠦᠯᠵᠢᠯᠡᠵᠦ	үргэлжилж	13
унан	ᠨᠢᠭᠡ	нэг	7
унан	ᠲᠤᠰᠤᠨ	тусан	7
унан	ᠲᠦᠷᠭᠡᠨ	түргэн	5
унана	ᠭᠡᠵᠦ	гэж	29
унана	ᠭᠡᠰᠡᠨ	гэсэн	19
унана	ᠰᠢᠦ	шүү	14
унанги	ᠭᠡᠰᠢᠭᠦᠦ	гишүү	16
унанги	ᠮᠣᠳᠣ ᠶᠢ	модыг	14
унанги	ᠮᠣᠳᠣᠳ ᠢ	моддыг	9
унасан	ᠨᠢ	нь	98
унасан	ᠪᠠᠶᠢᠨ᠎ᠠ	байна	80
унасан	ᠶᠠᠭᠤᠮ᠎ᠠ	юм	75
унах	ᠨᠢ	нь	82
унах	ᠡᠷᠬᠡ ᠦᠭᠡᠢ	эрхгүй	27
унах	ᠪᠣᠯᠤᠭᠰᠠᠨ	болсон	22
унахад	ᠪᠡᠯᠡᠨ	бэлэн	9
унахад	ᠨᠥᠯᠦᠭᠡᠯᠡᠭᠰᠡᠨ	нөлөөлсөн	9
унахад	ᠨᠢ	нь	8
унахгүй	ᠪᠠᠶᠢᠬᠤ	байх	11
унахгүй	ᠪᠣᠯ	бол	7
унд	ᠠᠬᠤᠢ ᠶᠢᠨ	ахуйн	20
унд	ᠢᠳᠡᠵᠦ	идэж	13
унд	ᠨᠢ	нь	10
ундаа	ᠬᠡᠲᠦᠷᠡᠭᠦᠯᠦᠨ	хэтрүүлэн	58
ундаа	ᠤᠰᠤᠨ ᠤ	усны	31
ундаа	ᠦᠢᠯᠡᠳᠪᠦᠷᠢᠯᠡᠬᠦ	үйлдвэрлэх	31
ундарга	ᠬᠣᠯᠪᠣᠭ᠎ᠠ	холбоо	11
ундарга	ᠨᠢ	нь	8
ундарга	ᠪᠣᠯᠤᠭᠰᠠᠨ	болсон	7
ундны	ᠤᠰᠤᠨ ᠤ	усны	272
ундны	ᠤᠰᠤ	ус	87
ундны	ᠤᠰᠤ ᠶᠢ	усыг	44
ундраа	ᠴᠣᠭᠴᠠᠯᠠᠪᠤᠷᠢ	цогцолбор	11
ундраа	ᠡᠬᠡ	эх	6
ундрал	ᠨᠢ	нь	19
ундрал	ᠪ	б	5
ундрал	ᠨᠠᠷ ᠤᠨ	нарын	5
ундрам	ᠨᠠᠷᠠ	нар	6
ундрам	ᠪ	б	5
ундрах	ᠭ	г	8
ундрах	ᠢᠷᠡᠭᠡᠳᠦᠢ	ирээдүй	7
ундрах	ᠨᠢ	нь	7
унтаа	ᠪᠠᠶᠢᠳᠠᠯ ᠲᠠᠢ	байдалтай	20
унтаа	ᠪᠠᠶᠢᠳᠠᠯ ᠳᠤ	байдалд	19
унтаад	ᠯᠠ	л	5
унтаад	ᠰᠡᠷᠢᠬᠦ ᠳᠦ	сэрэхэд	5
унтаж	ᠠᠮᠤᠷᠠᠬᠤ	амрах	43
унтаж	ᠪᠠᠶᠢᠭᠰᠠᠨ	байсан	36
унтаж	ᠪᠠᠶᠢᠬᠤ ᠳᠤ	байхад	32
унтах	ᠨᠢ	нь	14
унтах	ᠨᠣᠶᠢᠷᠠᠨ ᠳᠤ ᠪᠠᠨ	нойрондоо	7
унтах	ᠳᠤᠯᠠᠭᠠᠨ	дулаан	6
унтдаг	ᠪᠠᠶᠢᠭᠰᠠᠨ	байсан	13
унтлагын	ᠥᠷᠥᠭᠡ	өрөө	16
унтлагын	ᠥᠷᠥᠭᠡᠨ ᠳᠦ	өрөөнд	8
унтлагын	ᠥᠷᠦᠭᠡᠨ ᠳᠦ ᠪᠡᠨ	өрөөндөө	5
унтрааж	ᠭᠠᠯ	гал	6
унтрааж	ᠠᠰᠠᠭᠠᠬᠤ	асаах	5
унтрааж	ᠴᠢᠳᠠᠬᠤ ᠦᠭᠡᠢ	чадахгүй	5
унтраах	ᠳ᠋ᠤᠭᠠᠷ	дугаар	40
унтраах	ᠠᠪᠤᠷᠠᠬᠤ	аврах	25
унтраах	ᠠᠩᠭᠢ ᠶᠢᠨ	ангийн	13
унтсан	ᠴᠤ	ч	5
унц	ᠠᠯᠲᠠ	алт	34
унц	ᠠᠯᠲᠠᠨ ᠤ	алтны	14
унц	ᠨᠢ	нь	7
унш	ᠰᠠᠩ	сан	5
уншаад	ᠯᠠ	л	18
уншаад	ᠦᠵᠡᠭᠡᠷᠡᠢ	үзээрэй	9
уншаад	ᠶᠡᠬᠡ	их	7
уншдаг	ᠪᠠᠶᠢᠭᠰᠠᠨ	байсан	20
уншдаг	ᠪᠣᠯᠤᠭᠰᠠᠨ	болсон	14
уншдаг	ᠶᠠᠭᠤᠮ᠎ᠠ	юм	12
уншигч	ᠲᠠ	та	323
уншигч	ᠲᠠᠨ ᠳᠤ	танд	79
уншигч	ᠲᠠᠨ ᠤ	таны	31
уншиж	ᠪᠠᠶᠢᠭᠰᠠᠨ	байсан	63
уншиж	ᠪᠠᠶᠢᠭ᠎ᠠ	байгаа	59
уншиж	ᠪᠠᠶᠢᠨ᠎ᠠ	байна	38
уншина	ᠤᠤ	уу	200
уншина	ᠭᠡᠳᠡᠭ	гэдэг	12
уншина	ᠰᠢᠦ	шүү	6
унших	ᠳᠤᠷᠠᠲᠠᠢ	дуртай	70
унших	ᠪᠣᠯᠤᠮᠵᠢ ᠲᠠᠢ	боломжтой	53
унших	ᠨᠢ	нь	46
уншлага	ᠶᠡᠬᠡ	их	7
уншлага	ᠵᠣᠬᠢᠶᠠᠨ	зохион	6
уншлага	ᠨᠢ	нь	5
уншсан	ᠶᠠᠭᠤᠮ᠎ᠠ	юм	35
уншсан	ᠬᠦᠮᠦᠰ	хүмүүс	15
уншсан	ᠬᠦᠮᠦᠨ	хүн	14
уншуулж	ᠰᠤᠷᠭᠠᠭᠰᠠᠨ	сургасан	5
ур	ᠴᠢᠳᠠᠪᠤᠷᠢ	чадвар	1021
ур	ᠴᠢᠳᠠᠪᠤᠷᠢ ᠲᠠᠢ	чадвартай	184
ур	ᠤᠬᠠᠭᠠᠨ	ухаан	72
ураг	ᠲᠥᠷᠦᠯ ᠦᠨ	төрлийн	31
ураг	ᠨᠢ	нь	11
ураг	ᠱᠠ	шаа	10
урагш	ᠨᠢ	нь	59
урагш	ᠮᠥᠷ ᠢᠶᠡᠨ	мөрөө	43
урагш	ᠺᠮ	км	15
урагшаа	ᠶᠠᠪᠤᠬᠤ	явах	31
урагшаа	ᠬᠠᠷᠠᠵᠤ	харж	28
урагшаа	ᠶᠠᠪᠤᠵᠤ	явж	23
урагшлах	ᠶᠣᠰᠣᠲᠠᠢ	ёстой	20
урагшлах	ᠺᠯᠤᠶᠢᠪ	клуб	16
урагшлах	ᠨᠢ	нь	15
урагшлуулах	ᠨᠢ	нь	13
урагшлуулах	ᠬᠡᠷᠡᠭᠲᠡᠢ	хэрэгтэй	10
урагшлуулах	ᠲᠠᠯ᠎ᠠ ᠪᠠᠷ	талаар	8
урагштай	ᠶᠠᠪᠤᠵᠤ	явж	13
урагштай	ᠪᠠᠶᠢᠭ᠎ᠠ	байгаа	10
урагштай	ᠪᠠᠶᠢᠨ᠎ᠠ	байна	5
уралдаад	ᠯᠠ	л	9
уралдаан	ᠵᠣᠬᠢᠶᠠᠨ	зохион	142
уралдаан	ᠲᠡᠮᠡᠴᠡᠭᠡᠨ ᠳᠦ	тэмцээнд	130
уралдаан	ᠲᠡᠮᠡᠴᠡᠭᠡᠨ	тэмцээн	115
уралдаж	ᠪᠠᠶᠢᠭ᠎ᠠ	байгаа	55
уралдаж	ᠪᠠᠶᠢᠭᠰᠠᠨ	байсан	38
уралдаж	ᠪᠠᠶᠢᠨ᠎ᠠ	байна	30
уралдан	ᠶᠠᠷᠢᠵᠤ	ярьж	8
уралдан	ᠠᠵᠢᠯᠯᠠᠵᠤ	ажиллаж	6
уралдан	ᠶᠠᠷᠢᠬᠤ	ярих	6
уралдах	ᠶᠠᠭᠤᠮ᠎ᠠ	юм	53
уралдах	ᠵᠠᠮ	зам	24
уралдах	ᠪᠥᠭᠡᠳ	бөгөөд	14
уралдсан	ᠶᠠᠭᠤᠮ᠎ᠠ	юм	21
уралдсан	ᠴᠤ	ч	12
уралдсан	ᠪᠥᠭᠡᠳ	бөгөөд	10
уралдуулан	ᠬᠦᠴᠢ ᠶᠢ	хүчийг	6
уралдуулах	ᠨᠢ	нь	9
уралдуулах	ᠪᠣᠯᠤᠭᠰᠠᠨ	болсон	5
уралдуулах	ᠶᠠᠭᠤᠮ᠎ᠠ	юм	5
урам	ᠵᠣᠷᠢᠭ	зориг	271
урам	ᠥᠭᠴᠦ	өгч	71
урам	ᠵᠣᠷᠢᠭ ᠢ	зоригийг	65
урамтай	ᠰᠢᠲᠠᠷ᠎ᠠ	шатар	57
урамтай	ᠰᠠᠶᠢᠬᠠᠨ	сайхан	50
урамтай	ᠪᠠᠶᠢᠨ᠎ᠠ	байна	5
урамшуулал	ᠣᠯᠭᠣᠬᠤ	олгох	232
урамшуулал	ᠣᠯᠭᠤᠵᠤ	олгож	52
урамшуулал	ᠣᠯᠭᠤᠳᠠᠭ	олгодог	40
урамшуулах	ᠶᠠᠭᠤᠮ᠎ᠠ	юм	52
урамшуулах	ᠲᠤᠬᠠᠢ	тухай	41
урамшуулах	ᠠᠵᠤ	аж	17
урамшуулдаг	ᠪᠠᠶᠢᠬᠤ	байх	10
урамшуулдаг	ᠶᠠᠭᠤᠮ᠎ᠠ	юм	6
уран	ᠪᠦᠲᠦᠭᠡᠯ	бүтээл	1984
уран	ᠪᠦᠲᠦᠭᠡᠯᠴᠢ	бүтээлч	1597
уран	ᠪᠦᠲᠦᠭᠡᠯ ᠦᠨ	бүтээлийн	1382
уранцэцэг	ᠨᠠᠷᠠ	нар	33
уранцэцэг	ᠭ	г	20
уранцэцэг	ᠡᠬᠢᠨ ᠦ	эхний	19
урвал	ᠭᠡᠵᠦ	гэж	9
урвал	ᠪᠠᠭ᠎ᠠ	бага	5
урвасан	ᠬᠦᠮᠦᠨ	хүн	5
урвуулан	ᠠᠰᠢᠭᠯᠠᠵᠤ	ашиглаж	346
урвуулан	ᠠᠰᠢᠭᠯᠠᠭᠰᠠᠨ	ашигласан	192
урвуулан	ᠠᠰᠢᠭᠯᠠᠬᠤ	ашиглах	29
ургаа	ᠮᠣᠳᠣ	мод	18
ургаа	ᠮᠣᠳᠣ ᠶᠢ	модыг	9
ургаа	ᠶᠠᠭᠤ	юу	6
ургадаг	ᠪᠠᠶᠢᠨ᠎ᠠ	байна	16
ургадаг	ᠪᠥᠭᠡᠳ	бөгөөд	11
ургадаг	ᠡᠨᠡ	энэ	11
ургаж	ᠪᠠᠶᠢᠭ᠎ᠠ	байгаа	45
ургаж	ᠪᠤᠢ	буй	22
ургаж	ᠪᠠᠶᠢᠨ᠎ᠠ	байна	20
ургалт	ᠨᠢ	нь	8
ургамал	ᠨᠢ	нь	41
ургамал	ᠲᠤᠰ	тус	41
ургамал	ᠠᠮᠢᠲᠠᠨ ᠤ	амьтны	34
ургамлын	ᠲᠣᠰ	тос	75
ургамлын	ᠭᠠᠷᠤᠯ ᠲᠠᠢ	гаралтай	69
ургамлын	ᠦᠷ᠎ᠡ	үр	25
урган	ᠭᠠᠷᠴᠤ	гарч	107
урган	ᠭᠠᠷᠤᠭᠰᠠᠨ	гарсан	52
урган	ᠭᠠᠷᠤᠨ᠎ᠠ	гарна	21
ургасан	ᠬᠦᠨᠡᠰᠦᠨ ᠦ	хүнсний	13
ургасан	ᠤᠯᠠᠭᠠᠨ	улаан	10
ургасан	ᠪᠣᠯ	бол	9
ургах	ᠨᠠᠷᠠᠨ	наран	44
ургах	ᠨᠢ	нь	23
ургах	ᠰᠢᠩᠭᠡᠬᠦ	шингэх	12
ургац	ᠬᠤᠷᠢᠶᠠᠯᠲᠠ	хураалт	93
ургац	ᠠᠷᠪᠢᠨ	арвин	29
ургац	ᠠᠪᠬᠤ	авах	24
ургацын	ᠤᠷᠢᠳᠴᠢᠯᠠᠭᠰᠠᠨ	урьдчилсан	27
ургацын	ᠨᠣᠭᠣᠭ᠎ᠠ	ногоо	18
ургацын	ᠬᠡᠮᠵᠢᠶ᠎ᠡ	хэмжээ	17
ургийн	ᠭᠠᠵᠢᠭ	гажиг	26
ургийн	ᠭᠠᠵᠢ	гаж	19
ургийн	ᠵᠢᠷᠦᠬᠡᠨ ᠦ	зүрхний	16
ургуулан	ᠪᠣᠳᠣᠬᠤ	бодох	5
ургуулах	ᠬᠥᠳᠡᠯᠭᠡᠭᠡᠨ	хөдөлгөөн	77
ургуулах	ᠨᠢ	нь	14
ургуулах	ᠲᠠᠯ᠎ᠠ ᠪᠠᠷ	талаар	9
ургуулж	ᠪᠠᠶᠢᠭ᠎ᠠ	байгаа	19
ургуулж	ᠪᠠᠶᠢᠨ᠎ᠠ	байна	5
ургуулж	ᠡᠬᠡ	эх	5
ургуулсан	ᠣᠢ	ой	13
ургуулсан	ᠮᠣᠳᠣ	мод	9
ургуулсан	ᠲᠠᠷᠢᠮᠠᠯ	таримал	8
урд	ᠬᠥᠷᠰᠢ	хөрш	235
урд	ᠬᠥᠷᠰᠢ ᠶᠢᠨ	хөршийн	195
урд	ᠨᠢ	нь	137
урдаа	ᠪᠠᠷᠢᠳᠠᠭ	барьдаг	84
урдаа	ᠲᠠᠯᠪᠢᠭᠰᠠᠨ	тавьсан	10
урдаа	ᠪᠠᠶᠢᠭ᠎ᠠ	байгаа	8
урдах	ᠠᠵᠢᠯ ᠢᠶᠠᠨ	ажлаа	11
урдуур	ᠨᠢ	нь	28
урдуур	ᠬᠣᠶᠢᠭᠤᠷ	хойгуур	11
урдуур	ᠭᠦᠶᠦᠬᠦ	гүйх	6
уржигдар	ᠪᠤᠶᠤ	буюу	24
уржигдар	ᠪᠣᠯᠤᠭᠰᠠᠨ	болсон	16
уржигдар	ᠰᠥᠨᠢ	шөнө	15
уриа	ᠯᠣᠽᠦ᠋ᠩ	лоозон	63
уриа	ᠨᠢ	нь	33
уриа	ᠪᠦᠬᠦᠢ	бүхий	12
уриад	ᠪᠠᠶᠢᠭ᠎ᠠ	байгаа	11
уриалах	ᠪᠠᠶᠢᠨ᠎ᠠ	байна	10
уриалах	ᠶᠠᠭᠤᠮ᠎ᠠ	юм	9
уриалах	ᠪᠣᠯᠤᠨ᠎ᠠ	болно	7
уриалга	ᠭᠠᠷᠭᠠᠵᠤ	гаргаж	50
уриалга	ᠭᠠᠷᠭᠠᠭᠰᠠᠨ	гаргасан	47
уриалга	ᠭᠠᠷᠭᠠᠬᠤ	гаргах	22
уриалж	ᠪᠠᠶᠢᠨ᠎ᠠ	байна	401
уриалж	ᠪᠠᠶᠢᠭ᠎ᠠ	байгаа	95
уриалж	ᠪᠠᠶᠢᠭᠰᠠᠨ	байсан	27
уриан	ᠳᠣᠣᠷ᠎ᠠ	дор	513
уриан	ᠳᠣᠣᠷ᠎ᠠ	доор	12
урилаа	ᠭᠡᠵᠦ	гэж	5
урилга	ᠠᠪᠤᠭᠰᠠᠨ	авсан	30
урилга	ᠢᠷᠡᠭᠰᠡᠨ	ирсэн	29
урилга	ᠬᠦᠯᠢᠶᠡᠨ	хүлээн	24
урин	ᠳᠤᠯᠠᠭᠠᠨ	дулаан	91
урин	ᠴᠠᠭ	цаг	22
урин	ᠳᠠᠭᠤᠳᠠᠵᠤ	дуудаж	17
урих	ᠪᠣᠳᠣᠯ ᠲᠠᠢ	бодолтой	7
урих	ᠨᠢ	нь	7
урих	ᠦᠶ᠎ᠡ ᠳᠦ	үед	5
урлаг	ᠰᠣᠶᠣᠯ ᠤᠨ	соёлын	203
урлаг	ᠰᠤᠶᠤᠯ	соёл	80
урлаг	ᠭᠡᠳᠡᠭ	гэдэг	70
урлагаа	ᠰᠤᠷᠲᠠᠯᠴᠢᠯᠠᠬᠤ	сурталчлах	5
урлагаа	ᠬᠥᠭᠵᠢᠭᠦᠯᠬᠦ	хөгжүүлэх	5
урлагийн	ᠭᠠᠪᠢᠶᠠᠲᠤ	гавьяат	653
урлагийн	ᠶᠡᠬᠡ	их	185
урлагийн	ᠲᠣᠭᠯᠠᠯᠲᠠ	тоглолт	178
урлагт	ᠬᠥᠯ	хөл	58
урлагт	ᠬᠠᠶᠢᠷᠠᠲᠠᠢ	хайртай	54
урлагт	ᠬᠦᠴᠦ	хүч	38
урлал	ᠪᠡᠯᠡᠭ	бэлэг	10
урлал	ᠵᠠᠩ	зан	9
урлал	ᠬᠤᠪᠴᠠᠰᠤ	хувцас	7
урлан	ᠪᠦᠲᠦᠭᠡᠬᠦ	бүтээх	47
урлан	ᠪᠦᠲᠦᠭᠡᠵᠦ	бүтээж	7
урлан	ᠪᠦᠲᠦᠭᠡᠭᠰᠡᠨ	бүтээсэн	5
урласан	ᠪᠠᠶᠢᠨ᠎ᠠ	байна	14
урласан	ᠶᠠᠭᠤᠮ᠎ᠠ	юм	8
урласан	ᠪᠥᠭᠡᠳ	бөгөөд	7
урлах	ᠡᠷᠳᠡᠮ	эрдэм	14
урлах	ᠨᠢ	нь	8
урмыг	ᠨᠢ	нь	14
урмыг	ᠬᠤᠭᠤᠯᠬᠤ	хугалах	7
урмыг	ᠬᠤᠭᠤᠯᠤᠭᠰᠠᠨ	хугалсан	7
урмын	ᠦᠭᠡ	үг	43
урмын	ᠦᠭᠡ ᠪᠡᠷ	үгээр	15
урмын	ᠦᠭᠡᠰ	үгс	10
урнаа	ᠰᠣᠶᠣᠯ ᠤᠨ	соёлын	7
урнаа	ᠡᠭᠡᠴᠢ	эгч	6
урсаад	ᠯᠠ	л	17
урсаад	ᠪᠠᠶᠢᠨ᠎ᠠ	байна	13
урсаад	ᠣᠷᠣᠭᠠᠳ	ороод	5
урсаж	ᠪᠠᠶᠢᠭ᠎ᠠ	байгаа	37
урсаж	ᠪᠠᠶᠢᠨ᠎ᠠ	байна	27
урсаж	ᠪᠤᠢ	буй	21
урсан	ᠣᠷᠣᠵᠤ	орж	15
урсан	ᠭᠠᠷᠴᠤ	гарч	10
урсан	ᠥᠩᠭᠡᠷᠡᠬᠦ	өнгөрөх	9
урсах	ᠨᠢᠯᠪᠤᠰᠤ	нулимс	18
урсах	ᠨᠢ	нь	14
урсах	ᠭᠣᠣᠯ	гол	11
урсгаж	ᠪᠠᠶᠢᠭ᠎ᠠ	байгаа	16
урсгаж	ᠪᠠᠶᠢᠨ᠎ᠠ	байна	5
урсгал	ᠵᠠᠷᠤᠳᠠᠯ	зардал	186
урсгал	ᠨᠢ	нь	52
урсгал	ᠵᠠᠰᠠᠪᠤᠷᠢ	засвар	47
урсгалаа	ᠨᠡᠮᠡᠭᠳᠡᠭᠦᠯᠬᠦ	нэмэгдүүлэх	6
урсгалд	ᠨᠢ	нь	11
урсгалд	ᠥᠪᠡᠷ ᠦᠨ	өөрийн	6
урсгалд	ᠬᠥᠯ	хөл	5
урсгалтай	ᠵᠠᠮ	зам	10
урсгалтай	ᠶᠠᠪᠤᠵᠤ	явж	7
урсгалыг	ᠨᠡᠮᠡᠭᠳᠡᠭᠦᠯᠬᠦ	нэмэгдүүлэх	53
урсгалыг	ᠪᠤᠢ	бий	27
урсгалыг	ᠰᠠᠶᠢᠵᠢᠷᠠᠭᠤᠯᠬᠤ	сайжруулах	26
урсдаг	ᠪᠠᠶᠢᠭᠰᠠᠨ	байсан	7
урсдаг	ᠶᠠᠭᠤᠮ᠎ᠠ	юм	6
урт	ᠬᠤᠭᠤᠴᠠᠭᠠᠨ ᠤ	хугацааны	1191
урт	ᠨᠡᠷᠡᠲᠡᠢ	нэртэй	706
урт	ᠬᠤᠭᠤᠴᠠᠭᠠᠨ ᠳᠤ	хугацаанд	701
уртаас	ᠤᠷᠲᠤ	урт	65
уртасгах	ᠵᠡᠷᠭᠡ	зэрэг	5
уртын	ᠳᠠᠭᠤᠤ	дуу	180
уртын	ᠳᠠᠭᠤᠴᠢᠨ	дуучин	104
уртын	ᠳᠠᠭᠤᠨ ᠤ	дууны	92
уруу	ᠲᠠᠲᠠᠭᠰᠠᠨ	татсан	42
уруу	ᠲᠠᠲᠠᠵᠤ	татаж	27
уруу	ᠲᠠᠲᠠᠬᠤ	татах	27
уруудаж	ᠪᠠᠶᠢᠭ᠎ᠠ	байгаа	11
уруудаж	ᠪᠠᠶᠢᠨ᠎ᠠ	байна	10
уруудаж	ᠶᠠᠪᠤᠭ᠎ᠠ	яваа	8
уруудах	ᠣᠰᠤᠭᠤᠬᠤ	осгох	12
уруудах	ᠠᠷᠠᠳ	ард	7
уруудах	ᠨᠢ	нь	7
уруул	ᠳᠡᠭᠡᠷ᠎ᠡ	дээр	41
уруул	ᠴᠢᠨᠢ	чинь	26
уруул	ᠨᠢ	нь	12
уруулыг	ᠴᠢᠨᠢ	чинь	22
уруулыг	ᠨᠢ	нь	6
уруулын	ᠪᠤᠳᠤᠭ	будаг	16
уруулын	ᠬᠣᠩᠬᠣᠷ	хонхор	9
уруулын	ᠴᠢᠨᠢ	чинь	7
уршиг	ᠤᠴᠠᠷᠠᠭᠰᠠᠨ	учирсан	35
уршиг	ᠨᠢ	нь	30
уршиг	ᠤᠴᠠᠷᠠᠭᠤᠯᠤᠭᠰᠠᠨ	учруулсан	25
урьд	ᠨᠢ	нь	930
урьд	ᠡᠮᠦᠨ᠎ᠡ	өмнө	434
урьд	ᠡᠮᠦᠨᠡᠬᠢ	өмнөх	100
урьдаас	ᠲᠥᠯᠥᠪᠯᠡᠭᠰᠡᠨ	төлөвлөсөн	15
урьдаас	ᠢᠯᠡᠭᠦᠦ	илүү	6
урьдаас	ᠲᠥᠯᠥᠪᠯᠡᠵᠦ	төлөвлөж	6
урьдчилан	ᠰᠡᠷᠭᠡᠶᠢᠯᠡᠬᠦ	сэргийлэх	2671
урьдчилан	ᠰᠡᠷᠭᠡᠶᠢᠯᠡᠵᠦ	сэргийлж	258
урьдчилан	ᠬᠤᠷᠢᠬᠤ	хорих	172
урьдчилгаа	ᠲᠥᠯᠥᠪᠦᠷᠢ	төлбөр	159
урьдчилгаа	ᠬᠤᠪᠢ ᠪᠠᠨ	хувиа	38
урьдчилгаа	ᠮᠥᠩᠭᠥ	мөнгө	28
урьдчилсан	ᠪᠠᠶᠢᠳᠠᠯ ᠢᠶᠠᠷ	байдлаар	343
урьдчилсан	ᠮᠡᠳᠡᠭᠡ	мэдээ	213
урьдчилсан	ᠲᠥᠯᠥᠪ	төлөв	162
урьж	ᠪᠠᠶᠢᠨ᠎ᠠ	байна	367
урьж	ᠶᠠᠷᠢᠯᠴᠠᠯ᠎ᠠ	ярилцлаа	72
урьж	ᠪᠠᠶᠢᠭ᠎ᠠ	байгаа	33
урьсан	ᠶᠠᠭᠤᠮ᠎ᠠ	юм	95
урьсан	ᠪᠠᠶᠢᠨ᠎ᠠ	байна	46
урьсан	ᠨᠢ	нь	17
урьтаж	ᠤᠡᠬ	уих	17
урьтал	ᠪᠣᠯᠭᠠᠳᠠᠭ	болгодог	14
урьтал	ᠪᠣᠯᠭᠠᠭᠰᠠᠨ	болгосон	10
урьтал	ᠪᠣᠯᠭᠠᠵᠤ	болгож	8
ус	ᠴᠠᠭ	цаг	563
ус	ᠨᠢ	нь	197
ус	ᠠᠭᠠᠷ	агаар	118
усаа	ᠳᠠᠬᠢᠨ	дахин	22
усаа	ᠬᠠᠶᠢᠷᠠᠯᠠᠨ	хайрлан	11
усаа	ᠬᠠᠮᠠᠭᠠᠯᠠᠬᠤ	хамгаалах	9
усаар	ᠬᠠᠩᠭᠠᠬᠤ	хангах	36
усаар	ᠤᠭᠢᠶᠠᠵᠤ	угааж	30
усаар	ᠵᠠᠶᠢᠯᠠᠵᠤ	зайлж	19
усан	ᠴᠠᠬᠢᠯᠭᠠᠨ	цахилгаан	401
усан	ᠰᠠᠩ	сан	188
усан	ᠬᠠᠩᠭᠠᠮᠵᠢ	хангамж	109
усанд	ᠰᠡᠯᠢᠯᠲᠡ	сэлэлт	80
усанд	ᠤᠷᠤᠬᠤ	орох	40
усанд	ᠣᠷᠣᠵᠤ	орж	36
усархаг	ᠪᠣᠷᠣᠭ᠎ᠠ	бороо	23
усгүй	ᠪᠣᠯᠬᠤ	болох	11
усгүй	ᠪᠠᠶᠢᠬᠤ	байх	10
усгүй	ᠪᠣᠯ	бол	6
усжих	ᠬᠣᠪᠳᠣ	ховд	11
усжих	ᠪᠤᠶᠠᠨᠲᠤ	буянт	5
усжих	ᠬᠡᠷᠯᠡᠨ	хэрлэн	5
услах	ᠬᠡᠷᠡᠭᠲᠡᠢ	хэрэгтэй	10
услах	ᠵᠦᠯᠭᠡᠵᠢᠭᠦᠯᠬᠦ	зүлэгжүүлэх	6
услах	ᠨᠢ	нь	6
уснаас	ᠬᠠᠭᠤᠷᠠᠢ	хуурай	17
уснаас	ᠪᠣᠯᠵᠤ	болж	13
уснаас	ᠳᠡᠭᠡᠵᠢ	дээж	8
усны	ᠨᠥᠭᠡᠴᠡ	нөөц	341
усны	ᠰᠠᠩ	сан	310
усны	ᠡᠬᠡ	эх	185
уст	ᠴᠡᠭ	цэг	12
уст	ᠴᠡᠭ ᠲᠦ	цэгт	7
уст	ᠲᠤᠭᠤᠯ	туул	6
устаж	ᠦᠭᠡᠢ	үгүй	82
устаж	ᠪᠠᠶᠢᠭ᠎ᠠ	байгаа	15
устаж	ᠠᠯᠠᠭ᠎ᠠ	алга	13
устай	ᠨᠢ	нь	26
устай	ᠬᠣᠯᠪᠣᠭᠠᠲᠠᠢ	холбоотой	20
устай	ᠭᠠᠵᠠᠷ	газар	8
устах	ᠠᠶᠤᠯ	аюул	10
устах	ᠠᠶᠤᠯ ᠠᠴᠠ	аюулаас	8
устах	ᠠᠶᠤᠯᠲᠠᠢ	аюултай	7
устгаж	ᠪᠠᠶᠢᠭ᠎ᠠ	байгаа	21
устгаж	ᠪᠠᠶᠢᠨ᠎ᠠ	байна	16
устгаж	ᠴᠢᠳᠠᠬᠤ	чадах	12
устгасан	ᠪᠠᠶᠢᠨ᠎ᠠ	байна	25
устгасан	ᠭᠡᠬᠦ	гэх	12
устгасан	ᠪᠣᠯ	бол	8
устгах	ᠲᠤᠬᠠᠢ	тухай	22
устгах	ᠠᠵᠢᠯ ᠢ	ажлыг	14
устгах	ᠦᠢᠯᠡ	үйл	12
усыг	ᠨᠢ	нь	88
усыг	ᠠᠰᠢᠭᠯᠠᠬᠤ	ашиглах	43
усыг	ᠳᠠᠬᠢᠨ	дахин	38
утаа	ᠨᠢ	нь	37
утаа	ᠪᠠᠭ᠎ᠠ	бага	31
утаа	ᠤᠨᠢᠶᠠᠷ	униар	20
утааг	ᠪᠠᠭᠠᠰᠭᠠᠬᠤ	багасгах	38
утааг	ᠪᠠᠭᠤᠷᠠᠭᠤᠯᠬᠤ	бууруулах	37
утааг	ᠪᠠᠭᠤᠷᠠᠭᠤᠯᠵᠤ	бууруулж	5
утааны	ᠠᠰᠠᠭᠤᠳᠠᠯ ᠢ	асуудлыг	23
утааны	ᠠᠰᠠᠭᠤᠳᠠᠯ	асуудал	16
утааны	ᠡᠰᠡᠷᠡᠭ	эсрэг	11
утаат	ᠲᠠᠮᠠᠬᠢ	тамхи	59
утаат	ᠲᠠᠮᠠᠬᠢᠨ ᠠᠴᠠ	тамхинаас	5
утаат	ᠲᠠᠮᠠᠬᠢᠨ ᠤ	тамхины	5
утаатай	ᠲᠡᠮᠡᠴᠡᠬᠦ	тэмцэх	19
утаатай	ᠪᠠᠶᠢᠨ᠎ᠠ	байна	5
утас	ᠨᠢ	нь	320
утас	ᠪᠣᠯᠤᠨ	болон	208
утас	ᠲᠠᠪᠯᠧᠲ	таблет	106
утасны	ᠵᠠᠬ᠎ᠠ	зах	129
утасны	ᠳ᠋ᠤᠭᠠᠷ	дугаар	99
утасны	ᠳ᠋ᠤᠭᠠᠷ ᠢ	дугаарыг	73
утасныхаа	ᠳ᠋ᠤᠭᠠᠷ ᠢ	дугаарыг	10
утасныхаа	ᠳᠡᠯᠭᠡᠴᠡ	дэлгэц	6
утасныхаа	ᠰᠢᠨ᠎ᠡ	шинэ	6
утастай	ᠬᠡᠷᠡᠭᠯᠡᠭᠴᠢᠳ	хэрэглэгчид	13
утастай	ᠪᠣᠯ	бол	9
утастай	ᠬᠣᠯᠪᠣᠭᠳᠠᠨ	холбогдон	9
утга	ᠵᠣᠬᠢᠶᠠᠯ ᠤᠨ	зохиолын	529
утга	ᠤᠴᠢᠷ	учир	227
утга	ᠵᠣᠬᠢᠶᠠᠯ	зохиол	225
утгаа	ᠠᠯᠳᠠᠵᠤ	алдаж	20
утгаа	ᠠᠯᠠᠳᠠᠳᠠᠭ	алддаг	11
утгаа	ᠠᠯᠠᠳᠠᠭᠰᠠᠨ	алдсан	8
утгаар	ᠨᠢ	нь	590
утгаар	ᠠᠪᠴᠤ	авч	10
утгаар	ᠴᠤ	ч	9
утгаараа	ᠡᠨᠡ	энэ	68
утгаараа	ᠪᠢᠳᠡ	бид	50
утгаараа	ᠴᠤ	ч	38
утгагүй	ᠶᠠᠭᠤᠮ᠎ᠠ	юм	31
утгагүй	ᠵᠦᠢᠯ	зүйл	24
утгагүй	ᠬᠡᠷᠡᠭ	хэрэг	23
утгатай	ᠦᠭᠡ	үг	51
утгатай	ᠶᠠᠭᠤᠮ᠎ᠠ	юм	45
утгатай	ᠵᠦᠢᠯ	зүйл	39
утгыг	ᠨᠢ	нь	26
утгыг	ᠢᠯᠡᠷᠬᠡᠶᠢᠯᠡᠵᠦ	илэрхийлж	11
утгыг	ᠠᠭᠤᠯᠬᠤ	агуулах	8
утсаа	ᠲᠠᠨᠢᠯᠴᠠᠭᠤᠯᠤᠯ᠎ᠠ	танилцууллаа	20
утсаа	ᠴᠡᠨᠡᠭᠯᠡᠬᠦ	цэнэглэх	15
утсаа	ᠠᠰᠢᠭᠯᠠᠨ	ашиглан	14
утсаар	ᠶᠠᠷᠢᠵᠤ	ярьж	105
утсаар	ᠶᠠᠷᠢᠬᠤ	ярих	43
утсаар	ᠶᠠᠷᠢᠶ᠎ᠠ ᠳᠤ	яриад	34
утсан	ᠳᠡᠭᠡᠷ᠎ᠡ	дээр	55
утсан	ᠳᠡᠭᠡᠷ᠎ᠡ ᠪᠡᠨ	дээрээ	44
утсан	ᠬᠡᠦᠬᠡᠯᠳᠡᠢ	хүүхэлдэй	30
утсанд	ᠵᠣᠷᠢᠭᠤᠯᠤᠭᠰᠠᠨ	зориулсан	69
утсанд	ᠬᠠᠨᠳᠤᠨ	хандан	27
утсанд	ᠬᠠᠨᠳᠤᠵᠤ	хандаж	17
утсыг	ᠨᠢ	нь	40
утсыг	ᠢᠷᠡᠬᠦ	ирэх	14
утсыг	ᠠᠯᠪᠠᠨ	албан	12
уу	ᠭᠡᠵᠦ	гэж	1398
уу	ᠡᠰᠡᠪᠡᠯ	эсвэл	971
уу	ᠳ᠋ᠠ	даа	806
уугаад	ᠯᠠ	л	25
уугаад	ᠰᠠᠭᠤᠵᠤ	сууж	10
уугаад	ᠪᠠᠶᠢᠨ᠎ᠠ	байна	6
ууган	ᠬᠡᠦ	хүү	32
ууган	ᠬᠦᠴᠦᠨ	хүчин	26
ууган	ᠫ	п	24
уугуул	ᠠᠶᠢᠮᠠᠭ ᠤᠨ	аймгийн	229
уугуул	ᠮᠣᠩᠭᠣᠯ	монгол	97
уугуул	ᠤᠯᠤᠰ ᠤᠨ	улсын	59
ууд	ᠨᠢ	нь	25
ууд	ᠪᠣᠯᠤᠨ	болон	12
ууд	ᠬᠠᠮᠲᠤᠷᠠᠨ	хамтран	9
уудаг	ᠪᠠᠶᠢᠭᠰᠠᠨ	байсан	14
уудаг	ᠶᠠᠭᠤᠮ᠎ᠠ	юм	13
уудаг	ᠪᠣᠯ	бол	7
уудам	ᠭᠠᠵᠠᠷ	газар	56
уудам	ᠨᠤᠲᠤᠭ	нутаг	54
уудам	ᠲᠠᠯ᠎ᠠ	тал	36
ууж	ᠪᠠᠶᠢᠭ᠎ᠠ	байгаа	64
ууж	ᠪᠠᠶᠢᠬᠤ	байх	35
ууж	ᠪᠣᠯᠤᠨ᠎ᠠ	болно	35
уужим	ᠰᠠᠷᠠᠭᠤᠯ	саруул	5
уужим	ᠰᠡᠳᠬᠢᠯ	сэтгэл	5
уужуу	ᠲᠠᠶᠢᠪᠤᠩ	тайван	19
уужуу	ᠰᠡᠳᠬᠢᠯ	сэтгэл	6
уужуу	ᠲᠠᠶᠢᠪᠤᠤ	тайвуу	6
уул	ᠠᠭᠤᠷᠬᠠᠢ	уурхай	2061
уул	ᠠᠶᠢᠮᠠᠭ ᠤᠨ	аймгийн	614
уул	ᠠᠶᠢᠮᠠᠭ	аймаг	284
уулаа	ᠠᠪᠤᠷᠠᠬᠤ	аврах	5
уулаа	ᠪᠣᠯᠤᠭᠰᠠᠨ	болсон	5
уулаа	ᠭᠡᠳ	гээд	5
уулан	ᠳᠡᠭᠡᠷ᠎ᠡ	дээр	31
уулан	ᠳᠠᠬᠢ	дахь	20
уулан	ᠳᠡᠭᠡᠷ᠎ᠡ ᠡᠴᠡ	дээрээс	8
ууланд	ᠨᠢ	нь	24
ууланд	ᠠᠪᠠᠷᠢᠵᠤ	авирч	22
ууланд	ᠠᠪᠠᠷᠢᠬᠤ	авирах	18
уулархаг	ᠨᠤᠲᠤᠭ ᠢᠶᠠᠷ	нутгаар	896
уулархаг	ᠨᠤᠲᠤᠭ	нутаг	281
уулархаг	ᠭᠠᠵᠠᠷ ᠢᠶᠠᠷ	газраар	10
уулга	ᠠᠯᠳᠠᠵᠤ	алдаж	19
уулга	ᠠᠯᠠᠳᠠᠭᠰᠠᠨ	алдсан	16
уулга	ᠠᠯᠠᠳᠠᠨ	алдан	10
уулгах	ᠬᠡᠷᠡᠭᠲᠡᠢ	хэрэгтэй	6
уулгах	ᠬᠦᠢᠲᠡᠨ	хүйтэн	6
уулзаагүй	ᠪᠠᠶᠢᠨ᠎ᠠ	байна	5
уулзаагүй	ᠤᠳᠤᠭᠰᠠᠨ	удсан	5
уулзаагүй	ᠶᠠᠭᠤᠮ᠎ᠠ	юм	5
уулзаад	ᠪᠠᠶᠢᠭ᠎ᠠ	байгаа	12
уулзаад	ᠶᠠᠪᠤᠵᠤ	явж	7
уулзаад	ᠶᠠᠪᠤᠭᠰᠠᠨ	явсан	7
уулзаж	ᠶᠠᠷᠢᠯᠴᠠᠯ᠎ᠠ	ярилцлаа	195
уулзаж	ᠰᠠᠨᠠᠯ	санал	142
уулзаж	ᠬᠣᠶᠠᠷ	хоёр	130
уулзалт	ᠵᠣᠬᠢᠶᠠᠨ	зохион	280
уулзалт	ᠬᠢᠵᠦ	хийж	236
уулзалт	ᠨᠢ	нь	133
уулзан	ᠬᠣᠶᠠᠷ	хоёр	32
уулзан	ᠰᠠᠨᠠᠯ	санал	31
уулзан	ᠬᠦᠨᠳᠦᠳᠬᠡᠯ	хүндэтгэл	20
уулзана	ᠭᠡᠵᠦ	гэж	14
уулзана	ᠳ᠋ᠠ	даа	11
уулзана	ᠭᠡᠰᠡᠨ	гэсэн	9
уулзах	ᠦᠶ᠎ᠡ ᠪᠡᠷ	үеэр	80
уулзах	ᠶᠠᠭᠤᠮ᠎ᠠ	юм	68
уулзах	ᠭᠡᠵᠦ	гэж	61
уулзахаар	ᠪᠣᠯᠵᠠᠢ	болжээ	21
уулзахаар	ᠪᠣᠯᠤᠭᠰᠠᠨ	болсон	20
уулзахаар	ᠲᠥᠯᠥᠪᠯᠡᠵᠡᠢ	төлөвлөжээ	12
уулзахад	ᠰᠠᠶᠢᠨ	сайн	15
уулзахад	ᠪᠡᠯᠡᠨ	бэлэн	6
уулзахад	ᠰᠡᠳᠬᠢᠯ	сэтгэл	5
уулзахгүй	ᠶᠠᠭᠤᠮ᠎ᠠ	юм	6
уулзахдаа	ᠮᠣᠩᠭᠣᠯ	монгол	11
уулзахдаа	ᠴᠤ	ч	8
уулзахдаа	ᠬᠡᠯᠡᠭᠰᠡᠨ	хэлсэн	7
уулзахыг	ᠬᠦᠰᠡᠭᠰᠡᠨ	хүссэн	18
уулзахыг	ᠲᠡᠰᠦᠨ	тэсэн	6
уулзвар	ᠳᠡᠭᠡᠷ᠎ᠡ	дээр	45
уулзвар	ᠬᠦᠷᠲᠡᠯᠡᠬᠢ	хүртэлх	20
уулзвар	ᠬᠦᠷᠲᠡᠯ᠎ᠡ	хүртэл	18
уулздаг	ᠪᠠᠶᠢᠭᠰᠠᠨ	байсан	14
уулздаг	ᠶᠠᠭᠤᠮ᠎ᠠ	юм	7
уулздаг	ᠪᠣᠯᠤᠭᠰᠠᠨ	болсон	5
уулзлаа	ᠮᠣᠩᠭᠣᠯ	монгол	13
уулзлаа	ᠤᠡᠬ	уих	7
уулзсан	ᠶᠠᠭᠤᠮ᠎ᠠ	юм	181
уулзсан	ᠪᠠᠶᠢᠨ᠎ᠠ	байна	102
уулзсан	ᠤᠤ	уу	61
уулзуулах	ᠪᠣᠯᠤᠮᠵᠢ ᠦᠭᠡᠢ	боломжгүй	7
уулзуулах	ᠨᠢ	нь	7
уулзуулж	ᠪᠠᠶᠢᠭ᠎ᠠ	байгаа	8
уулзуулж	ᠪᠠᠶᠢᠨ᠎ᠠ	байна	6
уулзъя	ᠭᠡᠵᠦ	гэж	20
уулзъя	ᠭᠡᠰᠡᠨ	гэсэн	6
уулнаас	ᠪᠠᠭᠤᠵᠤ	бууж	10
уулс	ᠪᠣᠯᠤᠨ	болон	60
уулс	ᠨᠢ	нь	22
уулс	ᠮᠢᠨᠢ	минь	15
уулсаар	ᠲᠦᠷᠢ	түр	38
уулсаар	ᠪᠠᠭ᠎ᠠ	бага	31
уулсаар	ᠨᠳ	нд	30
уулсаас	ᠡᠬᠢ ᠲᠡᠢ	эхтэй	31
уулсаас	ᠤᠰᠤᠵᠢᠬᠤ	усжих	5
уулсын	ᠨᠣᠶᠠᠨ	ноён	14
уулсын	ᠳᠤᠮᠳᠠ	дунд	13
уулсын	ᠳᠡᠭᠡᠭᠦᠷ	дээгүүр	6
уулыг	ᠲᠣᠭᠣᠷᠢᠭᠰᠠᠨ	тойрсон	9
уулыг	ᠲᠥᠷᠥ ᠶᠢᠨ	төрийн	9
уулыг	ᠨᠤᠷᠠᠭᠠᠵᠤ	нурааж	7
уулын	ᠪᠠᠶᠠᠵᠢᠭᠤᠯᠬᠤ	баяжуулах	199
уулын	ᠬᠡᠰᠢᠭ	хишиг	78
уулын	ᠣᠷᠣᠢ	орой	63
ууна	ᠭᠡᠳᠡᠭ	гэдэг	9
ууна	ᠭᠡᠵᠦ	гэж	6
уур	ᠠᠮᠢᠰᠬᠤᠯ ᠤᠨ	амьсгалын	695
уур	ᠠᠮᠢᠰᠬᠤᠯ	амьсгал	485
уур	ᠠᠮᠢᠰᠬᠤᠯ ᠢ	амьсгалыг	164
уураг	ᠲᠠᠷᠢᠬᠢ	тархи	32
уураг	ᠨᠢ	нь	23
уураг	ᠲᠠᠷᠢᠬᠢ ᠪᠠᠨ	тархиа	12
уургач	ᠪᠤᠭᠤᠶᠢᠯᠢᠴᠢ	бугуйлч	20
уургач	ᠤᠷᠠᠨ	уран	6
уурлаж	ᠪᠠᠶᠢᠨ᠎ᠠ	байна	7
уурлаж	ᠪᠤᠬᠢᠨᠢᠳᠤᠬᠤ	бухимдах	6
уурлаж	ᠪᠠᠶᠢᠭᠰᠠᠨ	байсан	5
уурлах	ᠨᠢ	нь	9
ууртай	ᠰᠢᠪᠠᠭᠤᠳ	шувууд	23
ууртай	ᠪᠠᠶᠢᠨ᠎ᠠ	байна	11
ууртай	ᠰᠢᠪᠠᠭᠤᠳ ᠤᠨ	шувуудын	9
уурхай	ᠡᠷᠴᠢᠮ	эрчим	208
уурхай	ᠳᠡᠭᠡᠷ᠎ᠡ	дээр	108
уурхай	ᠳᠡᠳ᠋	дэд	89
уурхайчин	ᠡᠮ	эм	12
уурхайчин	ᠺᠯᠤᠶᠢᠪ	клуб	5
уурын	ᠡᠷᠳᠡᠮ	эрдэм	59
уурын	ᠵᠤᠤᠬ᠎ᠠ	зуух	34
уурын	ᠥᠭᠡᠷᠡᠴᠢᠯᠡᠯᠲᠡ	өөрчлөлт	34
уусан	ᠦᠶᠡᠳᠡᠭᠡ	үедээ	18
уусан	ᠶᠠᠭᠤᠮ᠎ᠠ	юм	16
уусан	ᠭᠡᠳ	гээд	11
уусган	ᠪᠠᠶᠠᠵᠢᠭᠤᠯᠬᠤ	баяжуулах	20
уусган	ᠣᠯᠪᠤᠷᠢᠯᠠᠬᠤ	олборлох	20
уусмал	ᠵᠡᠷᠭᠡ	зэрэг	11
уусмал	ᠰᠢᠬᠠᠮᠠᠯ	шахмал	9
уусмал	ᠶᠡ	е	7
уут	ᠨᠢ	нь	19
уут	ᠲᠠᠷᠠᠭᠠᠬᠤ	тараах	15
уут	ᠦᠢᠯᠡᠳᠪᠦᠷᠢᠯᠡᠬᠦ	үйлдвэрлэх	11
уутыг	ᠠᠶᠢᠯ	айл	8
уутыг	ᠳᠠᠬᠢᠨ	дахин	8
уутыг	ᠨᠢ	нь	7
уух	ᠨᠢ	нь	85
уух	ᠬᠡᠷᠡᠭᠲᠡᠢ	хэрэгтэй	42
уух	ᠶᠠᠭᠤᠮ᠎ᠠ	юм	27
уухгүй	ᠪᠠᠶᠢᠬᠤ	байх	15
уухгүй	ᠪᠣᠯ	бол	10
уухгүй	ᠪᠠᠶᠢᠬᠤ ᠶᠢ	байхыг	7
ууц	ᠨᠢᠷᠤᠭᠤ	нуруу	7
ууц	ᠪᠣᠯᠤᠨ	болон	5
уучлаарай	ᠲᠠ	та	62
уучлаарай	ᠪᠢ	би	18
уучлаарай	ᠭᠡᠵᠦ	гэж	12
уучлал	ᠭᠤᠶᠤᠭᠰᠠᠨ	гуйсан	56
уучлал	ᠭᠤᠶᠤᠵᠤ	гуйж	52
уучлал	ᠦᠵᠡᠭᠦᠯᠬᠦ	үзүүлэх	52
уучлалт	ᠭᠤᠶᠤᠬᠤ	гуйх	56
уучлалт	ᠭᠤᠶᠤᠵᠤ	гуйж	51
уучлалт	ᠭᠤᠶᠤᠭᠰᠠᠨ	гуйсан	49
уушги	ᠨᠢ	нь	7
уушги	ᠵᠢᠷᠦᠬᠡᠨ ᠦ	зүрхний	6
уушги	ᠬᠣᠳᠣᠭᠣᠳᠣ	ходоод	5
уушиг	ᠨᠢ	нь	9
уушиг	ᠳᠣᠲᠣᠷ᠎ᠠ	дотор	7
уушиг	ᠬᠠᠶᠢᠷᠬᠠᠨ	хайрхан	7
ууя	ᠨ ᠤ	ны	35
ухаа	ᠬᠤᠳᠳᠤᠭ	худаг	141
ухаа	ᠰᠫᠣᠷᠲ	спорт	140
ухаа	ᠳᠠᠬᠢ	дахь	120
ухаад	ᠥᠭᠬᠦ ᠡᠴᠡ	өгөхөөс	10
ухаад	ᠪᠠᠶᠢᠬᠤ	байх	6
ухаад	ᠠᠪᠤᠭᠠᠳ	аваад	5
ухаалаг	ᠭᠠᠷ	гар	1281
ухаалаг	ᠲᠥᠷᠥ	төр	310
ухаалаг	ᠤᠲᠠᠰᠤ	утас	177
ухаан	ᠲᠧᠭᠨᠢᠭ ᠦᠨ	техникийн	85
ухаан	ᠨᠢ	нь	71
ухаан	ᠲᠧᠭᠨᠣᠯᠣᠭᠢ	технологи	65
ухаанаа	ᠤᠷᠤᠯᠳᠤᠭᠤᠯᠬᠤ	уралдуулах	16
ухаанаа	ᠰᠣᠷᠢᠵᠤ	сорьж	15
ухаанаа	ᠣᠯᠬᠤ ᠦᠭᠡᠢ	олохгүй	12
ухаанаар	ᠪᠣᠳᠣᠬᠤ ᠳᠤ	бодоход	19
ухаанаар	ᠬᠠᠨᠳᠤᠵᠤ	хандаж	16
ухаанаар	ᠪᠦᠲᠦᠭᠰᠡᠨ	бүтсэн	10
ухаангүй	ᠳᠤᠷᠠᠯᠠᠭᠰᠠᠨ	дурласан	13
ухаангүй	ᠬᠠᠶᠢᠷᠠᠲᠠᠢ	хайртай	13
ухаангүй	ᠪᠤᠶᠤ	буюу	11
ухаанд	ᠰᠠᠭᠤᠷᠢᠯᠠᠭᠰᠠᠨ	суурилсан	27
ухаанд	ᠰᠤᠷᠭᠠᠬᠤ	сургах	13
ухаанд	ᠨᠢ	нь	12
ухаант	ᠬᠦᠮᠦᠨ	хүн	15
ухаант	ᠳᠡᠭᠡᠳᠦᠰ	дээдэс	5
ухаантай	ᠬᠦᠮᠦᠨ	хүн	56
ухаантай	ᠶᠠᠭᠤᠮ᠎ᠠ	юм	23
ухаантай	ᠬᠦᠮᠦᠰ	хүмүүс	18
ухааны	ᠪᠠᠶᠢᠩᠭᠤ ᠶᠢᠨ	байнгын	849
ухааны	ᠳ᠋ᠣᠺᠲ᠋ᠣᠷ	доктор	491
ухааны	ᠰᠠᠶᠢᠳ	сайд	397
ухааныг	ᠨᠢ	нь	28
ухааныг	ᠬᠥᠭᠵᠢᠭᠦᠯᠬᠦ	хөгжүүлэх	23
ухааныг	ᠦᠨᠡᠯᠡᠵᠦ	үнэлж	5
ухаарал	ᠬᠠᠶᠢᠷᠠᠯᠠᠭᠰᠠᠨ	хайрласан	17
ухаарал	ᠥᠭᠭᠦᠭᠰᠡᠨ	өгсөн	5
ухаарах	ᠴᠠᠭ	цаг	13
ухаарах	ᠬᠡᠷᠡᠭᠲᠡᠢ	хэрэгтэй	10
ухаарах	ᠨᠢ	нь	6
ухаарсан	ᠪᠣᠯᠪᠠᠴᠤ	боловч	5
ухаарсан	ᠨᠢ	нь	5
ухаарсан	ᠶᠠᠭᠤᠮ᠎ᠠ	юм	5
ухаарч	ᠪᠠᠶᠢᠨ᠎ᠠ	байна	16
ухаарч	ᠠᠮᠵᠢᠭ᠎ᠠ ᠦᠭᠡᠢ	амжаагүй	14
ухаарч	ᠪᠠᠶᠢᠭ᠎ᠠ	байгаа	9
ухаж	ᠪᠠᠶᠢᠨ᠎ᠠ	байна	15
ухаж	ᠠᠪᠤᠭᠠᠳ	аваад	10
ухаж	ᠤᠶᠢᠯᠠᠭᠠᠬᠤ	ойлгох	10
ухамсар	ᠨᠢ	нь	6
ухамсарлах	ᠬᠡᠷᠡᠭᠲᠡᠢ	хэрэгтэй	22
ухамсарлах	ᠶᠣᠰᠣᠲᠠᠢ	ёстой	21
ухамсартай	ᠪᠠᠶᠢᠵᠤ	байж	9
ухамсартай	ᠬᠠᠩᠳᠠᠬᠤ	хандах	5
ухарч	ᠪᠠᠶᠢᠨ᠎ᠠ	байна	15
ухарч	ᠪᠣᠯᠬᠤ ᠦᠭᠡᠢ	болохгүй	14
ухарч	ᠪᠠᠶᠢᠭ᠎ᠠ	байгаа	11
ухах	ᠭᠡᠵᠦ	гэж	12
ухах	ᠮᠣᠳᠣ	мод	8
ухах	ᠬᠤᠳᠳᠤᠭ	худаг	8
ухрах	ᠪᠢᠰᠢ	биш	8
ухрах	ᠵᠠᠮ	зам	7
ухрах	ᠶᠠᠭᠤᠮ᠎ᠠ	юм	6
ухсан	ᠨᠦᠬᠡ	нүх	20
ухсан	ᠨᠦᠬᠡᠨ ᠳᠦ	нүхэнд	17
ухсан	ᠨᠦᠬᠡ ᠪᠡᠨ	нүхээ	6
ухуулах	ᠪᠠᠶᠢᠷᠢ	байр	21
ухуулах	ᠬᠠᠭᠤᠳᠠᠰᠤ	хуудас	6
ухуулга	ᠰᠤᠷᠲᠠᠯᠴᠢᠯᠠᠭ᠎ᠠ	сурталчилгаа	32
ухуулга	ᠬᠢᠵᠦ	хийж	7
учиг	ᠨᠢ	нь	6
учир	ᠨᠢ	нь	7251
учир	ᠡᠨᠡ	энэ	187
учир	ᠰᠢᠯᠲᠠᠭᠠᠨ	шалтгаан	132
учиргүй	ᠶᠡᠬᠡ	их	22
учиргүй	ᠶᠠᠭᠤᠮ᠎ᠠ	юм	16
учиргүй	ᠭᠡᠳᠡᠭ ᠢ	гэдгийг	9
учирдаг	ᠲᠤᠯᠠ	тул	6
учирдаг	ᠰᠠᠭᠠᠳ	саад	5
учирлаж	ᠪᠠᠶᠢᠨ᠎ᠠ	байна	22
учирлаж	ᠪᠠᠶᠢᠭᠰᠠᠨ	байсан	17
учирлаж	ᠪᠠᠶᠢᠯ᠎ᠠ	байлаа	12
учирна	ᠭᠡᠵᠦ	гэж	9
учирсан	ᠪᠣᠯ	бол	99
учирсан	ᠬᠣᠬᠢᠷᠠᠯ	хохирол	29
учирсан	ᠪᠠᠶᠢᠨ᠎ᠠ	байна	23
учиртай	ᠶᠠᠭᠤᠮ᠎ᠠ	юм	499
учиртай	ᠭᠤᠷᠪᠠᠨ	гурван	155
учиртай	ᠪᠤᠢ	вэ	69
учирч	ᠪᠣᠯᠵᠣᠰᠢ ᠦᠭᠡᠢ	болзошгүй	87
учирч	ᠪᠠᠶᠢᠭ᠎ᠠ	байгаа	77
учирч	ᠪᠤᠢ	буй	75
учраа	ᠲᠠᠭᠠᠷᠠᠭᠰᠠᠨ	таарсан	153
учраа	ᠲᠠᠭᠠᠷᠴᠢ	таарч	76
учраа	ᠣᠯᠬᠤ ᠦᠭᠡᠢ	олохгүй	68
учраад	ᠪᠠᠶᠢᠭ᠎ᠠ	байгаа	30
учраад	ᠪᠠᠶᠢᠨ᠎ᠠ	байна	5
учраад	ᠪᠤᠢ	буй	5
учраас	ᠡᠨᠡ	энэ	899
учраас	ᠪᠢᠳᠡ	бид	464
учраас	ᠲᠡᠷᠡ	тэр	334
учрал	ᠮᠢᠨᠢ	минь	14
учрал	ᠭᠡᠵᠦ	гэж	12
учрал	ᠪᠦᠬᠦᠨ	бүхэн	8
учран	ᠵᠣᠯᠭᠠᠵᠤ	золгож	12
учран	ᠵᠣᠯᠭᠠᠬᠤ	золгох	10
учран	ᠵᠣᠯᠭᠠᠬᠤ ᠶᠢᠨ	золгохын	6
учрах	ᠨᠢ	нь	19
учрах	ᠡᠷᠦᠰᠳᠡᠯ	эрсдэл	13
учрах	ᠬᠣᠣᠷ	хор	8
учрахгүй	ᠭᠡᠵᠦ	гэж	6
учруулах	ᠬᠡᠮᠵᠢᠶᠡᠨ ᠳᠦ	хэмжээнд	16
учруулах	ᠭᠡᠮᠲᠦ	гэмт	15
учруулах	ᠬᠣᠣᠷ	хор	13
учруулж	ᠪᠠᠶᠢᠨ᠎ᠠ	байна	113
учруулж	ᠪᠠᠶᠢᠭ᠎ᠠ	байгаа	112
учруулж	ᠪᠣᠯᠵᠣᠰᠢ ᠦᠭᠡᠢ	болзошгүй	74
учруулсан	ᠭᠡᠬᠦ	гэх	118
учруулсан	ᠬᠡᠷᠡᠭ ᠲᠦ	хэрэгт	89
учруулсан	ᠬᠡᠮᠡᠨ	хэмээн	64
учрыг	ᠨᠢ	нь	157
учрыг	ᠣᠯᠵᠤ	олж	30
учрыг	ᠤᠯᠬᠤ	олох	25
уяа	ᠰᠣᠶᠢᠯᠭ᠎ᠠ	сойлго	23
уяа	ᠨᠢ	нь	7
уяатай	ᠪᠠᠶᠢᠭ᠎ᠠ	байгаа	5
уяач	ᠳ	д	175
уяач	ᠪ	б	150
уяач	ᠭ	г	58
уяж	ᠪᠠᠶᠢᠭ᠎ᠠ	байгаа	28
уяж	ᠪᠠᠶᠢᠭᠰᠠᠨ	байсан	8
уяж	ᠡᠬᠢᠯᠡᠭᠰᠡᠨ	эхэлсэн	7
уялдаа	ᠬᠣᠯᠪᠣᠭ᠎ᠠ	холбоо	182
уялдаа	ᠬᠣᠯᠪᠣᠭᠠᠲᠠᠢ	холбоотой	104
уялдаа	ᠪᠦᠬᠦᠢ	бүхий	15
уялдаж	ᠪᠠᠶᠢᠭ᠎ᠠ	байгаа	38
уялдаж	ᠪᠠᠶᠢᠭ᠎ᠠ ᠶᠢ	байгааг	6
уялдах	ᠶᠣᠰᠣᠲᠠᠢ	ёстой	20
уялдах	ᠪᠤᠢ	вэ	10
уялдах	ᠶᠠᠭᠤᠮ᠎ᠠ	юм	9
уялдуулах	ᠲᠠᠯ᠎ᠠ ᠪᠠᠷ	талаар	20
уялдуулах	ᠨᠢ	нь	19
уялдуулах	ᠱᠠᠭᠠᠷᠳᠠᠯᠭ᠎ᠠ ᠲᠠᠢ	шаардлагатай	17
уян	ᠬᠠᠲᠤᠨ	хатан	600
уян	ᠵᠥᠭᠡᠯᠡᠨ	зөөлөн	58
уян	ᠨᠠᠯᠠᠷᠬᠠᠢ	налархай	27
уянга	ᠨᠠᠷᠠ	нар	76
уянга	ᠭᠡᠰᠢᠭᠦᠨ	гишүүн	42
уянга	ᠰᠤᠮᠤ ᠶᠢᠨ	сумын	33
уянгалаг	ᠬᠣᠭᠣᠯᠠᠢ	хоолой	6
уянгын	ᠳᠠᠭᠤᠨ ᠤ	дууны	12
уянгын	ᠳᠠᠷᠤᠮ᠎ᠠ	драм	10
уянгын	ᠳᠠᠭᠤᠤ	дуу	8
уяраасан	ᠶᠠᠭᠤᠮ᠎ᠠ	юм	5
уярч	ᠳᠣᠭᠳᠣᠯᠵᠤ	догдолж	5
уясан	ᠡᠵᠡᠨ	эзэн	26
уясан	ᠡᠵᠡᠨ ᠢᠶᠡᠨ	эзнээ	8
уясан	ᠮᠣᠷᠢ ᠪᠠᠨ	морио	5
уях	ᠨᠢ	нь	10
уях	ᠶᠣᠰᠣᠲᠠᠢ	ёстой	6
уяхан	ᠵᠠᠮᠪᠤᠤ	замбуу	14
уяхан	ᠳᠠᠭᠤᠤ	дуу	5
фенүүд	ᠨᠢ	нь	44
фенүүд	ᠮᠠᠨᠢ	маань	5
фенүүд	ᠬᠡᠳᠦᠶᠢᠨ᠎ᠡ	хэдийнэ	5
ферм	ᠪᠠᠶᠢᠭᠤᠯᠬᠤ	байгуулах	17
ферм	ᠪᠠᠶᠢᠭᠤᠯᠵᠤ	байгуулж	6
ферм	ᠪᠠᠶᠢᠭᠤᠯᠤᠨ᠎ᠠ	байгуулна	6
фестиваль	ᠵᠣᠬᠢᠶᠠᠨ	зохион	12
фестиваль	ᠨᠢ	нь	11
фестиваль	ᠡᠨᠡ	энэ	8
физик	ᠬᠢᠮᠢ ᠶᠢᠨ	химийн	63
физик	ᠬᠢᠮᠢ	хими	48
физик	ᠡᠮᠴᠢᠯᠡᠭᠡ	эмчилгээ	42
философи	ᠨᠢ	нь	15
философи	ᠤᠯᠤᠰ	улс	6
философич	ᠰ	с	7
фитнесс	ᠺᠯᠤᠶᠢᠪ	клуб	14
фитнесс	ᠲᠥᠪ	төв	7
фишер	ᠨᠠᠷᠠ	нар	7
фишер	ᠮᠣᠩᠭᠣᠯ	монгол	5
фм	ᠤ	у	14
фм	ᠷᠠᠳᠢᠣ᠋	радио	8
фм	ᠳ	д	7
форм	ᠰᠠᠶᠢᠲᠠᠢ	сайтай	18
форум	ᠨᠢ	нь	39
форум	ᠥᠨᠥᠳᠥᠷ	өнөөдөр	24
форум	ᠵᠣᠬᠢᠶᠠᠨ	зохион	20
фосфор	ᠵᠡᠷᠭᠡ	зэрэг	7
фосфор	ᠺᠠᠯᠢ	кали	5
фосфор	ᠲᠡᠮᠦᠷ	төмөр	5
фото	ᠵᠢᠷᠤᠭ	зураг	91
фото	ᠭᠱᠠᠨ ᠢ	агшинг	84
фото	ᠵᠢᠷᠤᠭ ᠤᠨ	зургийн	75
франц	ᠤᠯᠤᠰ ᠤᠨ	улсын	194
франц	ᠤᠯᠤᠰ ᠲᠤ	улсад	85
франц	ᠵᠡᠷᠭᠡ	зэрэг	48
фунт	ᠪᠤᠶᠤ	буюу	10
фунт	ᠨᠢ	нь	6
фунт	ᠵᠢᠩᠲᠡᠢ	жинтэй	5
фэйсбүүк	ᠲᠸᠢᠲ᠋ᠲ᠋ᠧᠷ	твиттер	31
фэйсбүүк	ᠬᠠᠭᠤᠳᠠᠰᠤ ᠪᠠᠷ	хуудсаар	25
фэйсбүүк	ᠬᠠᠭᠤᠳᠠᠰᠤ	хуудас	20
фэн	ᠨᠢ	нь	6
фэн	ᠺᠯᠤᠶᠢᠪ	клуб	5
фэнүүд	ᠨᠢ	нь	49
фэнүүд	ᠮᠠᠨᠢ	маань	11
фэнүүд	ᠲᠠᠨᠢ	тань	6
х	ᠦ	ү	311
х	ᠥ	ө	252
х	ᠪ	б	172
ха	ᠲᠤᠤ	туу	22
ха	ᠬᠠ	ха	17
ха	ᠷᠠᠮ	рам	10
хаа	ᠰᠠᠶᠢᠭᠦᠢ	сайгүй	372
хаа	ᠨ	н	248
хаа	ᠴᠤ	ч	199
хаагаад	ᠪᠠᠶᠢᠨ᠎ᠠ	байна	15
хаагаад	ᠪᠠᠶᠢᠭ᠎ᠠ	байгаа	14
хаагаад	ᠪᠠᠶᠢᠭᠰᠠᠨ	байсан	9
хаагдаж	ᠪᠠᠶᠢᠭ᠎ᠠ	байгаа	13
хаагдах	ᠭᠡᠵᠦ	гэж	5
хаагдах	ᠦᠶ᠎ᠡ ᠳᠦ	үед	5
хаагуур	ᠨᠢ	нь	13
хаагуур	ᠶᠠᠭᠤ	юу	13
хаагуур	ᠶᠠᠮᠠᠷ	ямар	9
хаагч	ᠨᠢ	нь	53
хаагч	ᠨᠠᠷᠠ	нар	41
хаагч	ᠪᠣᠯᠤᠨ	болон	35
хаагчид	ᠪᠣᠯᠤᠨ	болон	34
хаагчид	ᠨᠢ	нь	33
хаагчид	ᠰᠢᠭᠤᠷᠬᠠᠢ	шуурхай	19
хаад	ᠨᠣᠶᠠᠳ	ноёд	13
хаад	ᠨᠣᠶᠠᠳ ᠤᠨ	ноёдын	8
хаадын	ᠰᠠᠩ	сан	16
хаадын	ᠦᠶ᠎ᠡ	үе	12
хаадын	ᠬᠠᠭᠠᠨ	хаан	5
хааж	ᠪᠠᠶᠢᠭ᠎ᠠ	байгаа	48
хааж	ᠪᠠᠶᠢᠭᠰᠠᠨ	байсан	37
хааж	ᠪᠠᠶᠢᠨ᠎ᠠ	байна	36
хааис	ᠡᠶᠢᠨ	ийн	272
хааис	ᠳ	д	15
хааис	ᠵᠡᠷᠭᠡ	зэрэг	13
хаалга	ᠷᠤ	руу	44
хаалга	ᠨᠡᠭᠡᠭᠡᠯᠲᠡᠲᠡᠢ	нээлттэй	43
хаалга	ᠨᠢ	нь	41
хаалгаа	ᠪᠠᠷᠢᠵᠤ	барьж	61
хаалгаа	ᠪᠠᠷᠢᠭᠰᠠᠨ	барьсан	36
хаалгаа	ᠨᠡᠭᠡᠭᠡᠵᠦ	нээж	29
хаалгаар	ᠣᠷᠣᠵᠤ	орж	26
хаалгаар	ᠭᠠᠷᠴᠤ	гарч	14
хаалгаар	ᠨᠢ	нь	10
хаалган	ᠳᠡᠭᠡᠷ᠎ᠡ	дээр	31
хаалган	ᠳᠡᠭᠡᠷ᠎ᠡ ᠪᠡᠨ	дээрээ	8
хаалганы	ᠴᠠᠭᠠᠨ᠎ᠠ	цаана	46
хаалганы	ᠡᠳᠦᠷ	өдөр	39
хаалганы	ᠡᠳᠦᠷ ᠢ	өдрийг	14
хаалгач	ᠪ	б	7
хаалгач	ᠸ	в	5
хаалгач	ᠭ	г	5
хаалгыг	ᠨᠢ	нь	73
хаалгыг	ᠨᠡᠭᠡᠭᠡᠵᠦ	нээж	24
хаалгыг	ᠨᠡᠭᠡᠭᠡᠬᠦ	нээх	11
хаалт	ᠵᠡᠭᠦᠬᠦ	зүүх	26
хаалт	ᠪᠠ	ба	14
хаалт	ᠬᠢᠵᠦ	хийж	14
хаалттай	ᠪᠣᠯᠤᠭᠰᠠᠨ	болсон	45
хаалттай	ᠪᠣᠯᠵᠤ	болж	36
хаалттай	ᠬᠤᠷᠠᠯᠳᠤᠵᠤ	хуралдаж	35
хаан	ᠪᠠᠩᠬᠢ	банк	281
хаан	ᠳᠠᠭᠠᠳᠬᠠᠯ	даатгал	97
хаан	ᠬᠦᠨᠡᠰᠦ	хүнс	64
хаана	ᠴᠤ	ч	774
хаана	ᠪᠠᠶᠢᠨ᠎ᠠ	байна	396
хаана	ᠶᠠᠮᠠᠷ	ямар	150
хаанаа	ᠴᠤ	ч	69
хаанаа	ᠤᠶᠢᠯᠠᠭᠠᠬᠤ	ойлгох	17
хаанаа	ᠬᠦᠯᠢᠶᠡᠨ	хүлээн	16
хаанаас	ᠴᠤ	ч	200
хаанаас	ᠶᠠᠮᠠᠷ	ямар	55
хаанаас	ᠶᠠᠵ	яаж	51
хаанахын	ᠶᠠᠮᠠᠷ	ямар	20
хаанахын	ᠬᠡᠨ	хэн	8
хаанахын	ᠬᠡᠨ ᠦ	хэний	5
хаант	ᠮᠣᠩᠭᠣᠯ	монгол	32
хаант	ᠤᠯᠤᠰ ᠤᠨ	улсын	17
хаант	ᠤᠯᠤᠰ	улс	13
хааны	ᠲᠠᠯᠠᠪᠠᠢ ᠳᠤ	талбайд	97
хааны	ᠣᠷᠳᠣᠨ	ордон	57
хааны	ᠴᠣᠮᠣ ᠶᠢ	цомыг	55
хаасан	ᠪᠠᠶᠢᠨ᠎ᠠ	байна	36
хаасан	ᠶᠠᠭᠤᠮ᠎ᠠ	юм	25
хаасан	ᠨᠢ	нь	21
хаах	ᠭᠡᠵᠦ	гэж	19
хаах	ᠶᠠᠭᠤᠮ᠎ᠠ	юм	18
хаах	ᠬᠦᠷᠲᠡᠯ᠎ᠡ	хүртэл	17
хаачив	ᠠ	аа	9
хаачив	ᠭᠡᠵᠦ	гэж	5
хааш	ᠨᠢ	нь	74
хааш	ᠬᠠᠮᠢᠭᠠᠰᠢ ᠪᠠᠨ	хаашаа	17
хааш	ᠡᠷᠭᠢᠬᠦ	эргэх	5
хаашаа	ᠴᠤ	ч	164
хаашаа	ᠶᠠᠭᠤᠮ᠎ᠠ	юм	75
хаашаа	ᠶᠠᠪᠤᠵᠤ	явж	32
хааяа	ᠨᠢᠭᠡ	нэг	105
хааяа	ᠴᠤ	ч	23
хааяа	ᠪᠢ	би	14
хав	ᠳᠠᠷᠤᠭᠠᠳ	дараад	32
хав	ᠳᠠᠷᠤᠵᠤ	дарж	26
хав	ᠳᠠᠷᠤᠭᠰᠠᠨ	дарсан	10
хавар	ᠨᠠᠮᠤᠷ ᠤᠨ	намрын	82
хавар	ᠨᠠᠮᠤᠷ	намар	51
хавар	ᠪᠣᠯᠵᠤ	болж	38
хавдар	ᠡᠭᠦᠰᠬᠦ	үүсэх	73
хавдар	ᠨᠢ	нь	61
хавдар	ᠡᠭᠦᠰᠭᠡᠬᠦ	үүсгэх	58
хавиар	ᠯᠠ	л	6
хавиар	ᠶᠠᠪᠤᠵᠤ	явж	5
хавийн	ᠪᠥᠰᠡ	бүс	10
хавийн	ᠬᠦᠮᠦᠰ	хүмүүс	9
хавийн	ᠣᠷᠣᠰᠢᠨ	оршин	6
хавирга	ᠨᠢ	нь	10
хаврын	ᠴᠢᠭᠤᠯᠭᠠᠨ	чуулган	348
хаврын	ᠡᠭᠡᠯᠵᠢᠲᠦ	ээлжит	240
хаврын	ᠲᠡᠷᠢᠭᠦᠨ	тэргүүн	94
хавсралт	ᠨᠢ	нь	11
хавсралт	ᠭᠡᠬᠦ	гэх	6
хавтас	ᠬᠡᠷᠡᠭᠲᠡᠢ	хэрэгтэй	8
хавтас	ᠬᠡᠷᠡᠭ ᠢ	хэргийг	5
хавтаст	ᠬᠡᠷᠡᠭᠲᠡᠢ	хэрэгтэй	118
хавтаст	ᠬᠡᠷᠡᠭ ᠲᠦ	хэрэгт	86
хавтаст	ᠬᠡᠷᠡᠭ	хэрэг	85
хавтгай	ᠳᠥᠷᠪᠡᠯᠵᠢᠨ	дөрвөлжин	52
хавтгай	ᠳᠡᠭᠡᠷ᠎ᠡ	дээр	10
хавтгай	ᠲᠡᠮᠡᠭᠡ	тэмээ	10
хавь	ᠣᠶᠢᠷ᠎ᠠ ᠶᠢᠨ	ойрын	7
хавь	ᠢᠯᠡᠭᠦᠦ	илүү	6
хавьцаа	ᠪᠠᠶᠢᠳᠠᠭ	байдаг	5
хаг	ᠵᠦᠢᠯ	зүйл	5
хагалах	ᠤᠰᠤ	ус	9
хагалах	ᠨᠢ	нь	8
хагалах	ᠭᠡᠵᠦ	гэж	5
хагалгаа	ᠬᠢᠬᠦ	хийх	100
хагалгаа	ᠬᠢᠭᠰᠡᠨ	хийсэн	98
хагалгаа	ᠬᠢᠯᠭᠡᠬᠦ	хийлгэх	80
хагалсан	ᠶᠠᠭᠤᠮ᠎ᠠ	юм	14
хагалсан	ᠪᠣᠯ	бол	9
хагалсан	ᠪᠠᠶᠢᠨ᠎ᠠ	байна	7
хагарал	ᠡᠭᠦᠰᠦᠭᠰᠡᠨ	үүссэн	7
хагас	ᠵᠢᠯ ᠦᠨ	жилийн	359
хагас	ᠬᠠᠮᠠᠭᠠᠯᠠᠭᠴᠢ	хамгаалагч	345
хагас	ᠵᠢᠯ	жил	213
хагасыг	ᠨᠢ	нь	24
хагацаж	ᠶᠠᠳᠠᠨ	ядан	5
хагацал	ᠭᠡᠵᠦ	гэж	5
хагацал	ᠵᠣᠪᠠᠯᠠᠩ	зовлон	5
хагацал	ᠦᠵᠡᠭᠰᠡᠨ	үзсэн	5
хад	ᠴᠢᠯᠠᠭᠤ	чулуу	26
хад	ᠴᠢᠯᠠᠭᠤᠨ	чулуун	15
хад	ᠠᠰᠬ᠎ᠠ	асга	13
хадаг	ᠪᠠᠷᠢᠵᠤ	барьж	14
хадаг	ᠮᠥᠩᠭᠥᠨ	мөнгөн	14
хадаг	ᠶᠠᠨᠳᠠᠷ᠎ᠠ	яндар	9
хадаж	ᠪᠠᠶᠢᠭ᠎ᠠ	байгаа	7
хадам	ᠠᠪᠤ	аав	38
хадам	ᠡᠵᠢ	ээж	28
хадам	ᠡᠴᠢᠭᠡ	эцэг	13
хадан	ᠳᠡᠭᠡᠷ᠎ᠡ	дээр	29
хадан	ᠴᠣᠬᠢᠶ᠎ᠠ	цохио	5
хаданд	ᠭᠠᠷᠤᠭᠰᠠᠨ	гарсан	5
хаданд	ᠭᠠᠷᠴᠤ	гарч	5
хадгалаад	ᠯᠠ	л	7
хадгалаад	ᠪᠠᠶᠢᠭᠰᠠᠨ	байсан	6
хадгалаад	ᠪᠠᠶᠢᠬᠤ	байх	5
хадгалагдаж	ᠪᠠᠶᠢᠭ᠎ᠠ	байгаа	123
хадгалагдаж	ᠪᠤᠢ	буй	69
хадгалагдаж	ᠪᠠᠶᠢᠨ᠎ᠠ	байна	56
хадгалагдах	ᠶᠣᠰᠣᠲᠠᠢ	ёстой	15
хадгалагдах	ᠶᠠᠭᠤᠮ᠎ᠠ	юм	10
хадгалагдах	ᠨᠢ	нь	6
хадгалалт	ᠬᠠᠮᠠᠭᠠᠯᠠᠯᠲᠠ	хамгаалалт	34
хадгалалт	ᠲᠡᠭᠡᠭᠡᠪᠦᠷᠢᠯᠡᠯᠲᠡ	тээвэрлэлт	23
хадгаламж	ᠪᠠᠩᠬᠢ	банк	60
хадгаламж	ᠬᠡᠯᠪᠡᠷᠢ ᠪᠡᠷ	хэлбэрээр	20
хадгаламж	ᠡᠮᠦᠨᠡᠬᠢ	өмнөх	19
хадгалах	ᠨᠢ	нь	77
хадгалах	ᠬᠤᠭᠤᠴᠠᠭ᠎ᠠ	хугацаа	48
хадгалах	ᠪᠣᠯᠤᠮᠵᠢ ᠲᠠᠢ	боломжтой	41
хадгалдаг	ᠶᠠᠭᠤᠮ᠎ᠠ	юм	14
хадгалдаг	ᠪᠠᠶᠢᠨ᠎ᠠ	байна	9
хадгалдаг	ᠡᠰᠡᠬᠦ	эсэх	8
хадгалж	ᠦᠯᠡᠳᠡᠬᠦ	үлдэх	92
хадгалж	ᠪᠠᠶᠢᠭ᠎ᠠ	байгаа	82
хадгалж	ᠪᠠᠶᠢᠭᠰᠠᠨ	байсан	54
хадгална	ᠭᠡᠵᠦ	гэж	15
хадгална	ᠭᠡᠳᠡᠭ	гэдэг	10
хадгална	ᠭᠡᠰᠡᠨ	гэсэн	8
хадгалсаар	ᠢᠷᠡᠭᠰᠡᠨ	ирсэн	14
хадгалсаар	ᠪᠠᠶᠢᠨ᠎ᠠ	байна	9
хадгалсаар	ᠪᠠᠶᠢᠭ᠎ᠠ	байгаа	8
хадгалсан	ᠭᠡᠬᠦ	гэх	21
хадгалсан	ᠬᠡᠷᠡᠭ ᠢᠶᠡᠷ	хэргээр	13
хадгалсан	ᠬᠡᠷᠡᠭ ᠲᠦ	хэрэгт	13
хадлан	ᠲᠡᠵᠢᠭᠡᠯ	тэжээл	43
хадлан	ᠪᠡᠯᠡᠳᠬᠡᠬᠦ	бэлтгэх	11
хадлан	ᠲᠠᠷᠢᠶ᠎ᠠ	тариа	7
хадны	ᠰᠦᠭ	сүг	28
хадны	ᠵᠢᠷᠤᠭ	зураг	14
хадны	ᠡᠴᠦᠰ ᠲᠦ	эцэст	12
хадсан	ᠪᠠᠶᠢᠬᠤ	байх	5
хажуу	ᠲᠠᠯ᠎ᠠ ᠶᠢᠨ	талын	36
хажуу	ᠲᠠᠯ᠎ᠠ ᠳᠤ	талд	29
хажуу	ᠥᠷᠥᠭᠡ	өрөө	24
хажуугаар	ᠨᠢ	нь	143
хажуугаар	ᠰᠠᠭᠠᠷᠠ	саар	33
хажуугаар	ᠪᠠᠰᠠ	бас	13
хажуугаас	ᠨᠢ	нь	34
хажуугаас	ᠤᠰᠤᠵᠢᠬᠤ	усжих	14
хажуугийн	ᠲᠤᠭᠤᠯ	туул	8
хажуугийн	ᠠᠶᠢᠯ ᠤᠨ	айлын	6
хажуугийн	ᠰᠢᠭᠦᠭᠴᠢ	шүүгч	5
хажууд	ᠨᠢ	нь	207
хажууд	ᠮᠢᠨᠢ	минь	45
хажууд	ᠴᠢᠨᠢ	чинь	33
хажуудаа	ᠪᠠᠶᠢᠭ᠎ᠠ	байгаа	11
хажуудаа	ᠠᠪᠤᠭᠠᠳ	аваад	5
хажууханд	ᠨᠢ	нь	28
хажууханд	ᠪᠠᠶᠢᠭ᠎ᠠ	байгаа	9
хажууханд	ᠪᠠᠶᠢᠷᠢᠯᠠᠬᠤ	байрлах	5
хазаар	ᠡᠪᠡᠰᠦ	өвс	12
хазаар	ᠨᠣᠭᠲᠣ	ногт	5
хазаар	ᠴ	ц	5
хазаарлах	ᠭᠡᠰᠡᠨ	гэсэн	5
хазаж	ᠪᠣᠭᠣᠵᠤ	боож	5
хай	ᠬᠠᠤᠯᠢ	хууль	19
хай	ᠪᠢ	би	18
хай	ᠬᠠᠤᠯᠢ ᠶᠢᠨ	хуулийн	18
хайгаад	ᠣᠯᠬᠤ ᠦᠭᠡᠢ	олохгүй	18
хайгаад	ᠴᠤ	ч	17
хайгаад	ᠣᠯᠤᠭ᠎ᠠ ᠦᠭᠡᠢ	олоогүй	14
хайгуул	ᠬᠢᠵᠦ	хийж	198
хайгуул	ᠬᠢᠬᠦ	хийх	104
хайгуул	ᠬᠢᠭᠰᠡᠨ	хийсэн	80
хайдаг	ᠪᠣᠯᠤᠭᠰᠠᠨ	болсон	7
хайж	ᠪᠠᠶᠢᠭ᠎ᠠ	байгаа	165
хайж	ᠪᠠᠶᠢᠨ᠎ᠠ	байна	103
хайж	ᠪᠤᠢ	буй	45
хайлаас	ᠪᠤᠷᠭᠠᠰᠤ	бургас	11
хайлан	ᠤᠶᠠᠷᠠᠨ	уяран	8
хайлах	ᠶᠠᠭᠤᠮ᠎ᠠ	юм	7
хайлах	ᠴᠡᠪᠡᠷᠰᠢᠭᠦᠯᠬᠦ	цэвэршүүлэх	6
хайлж	ᠪᠠᠶᠢᠭ᠎ᠠ	байгаа	8
хайлуулах	ᠦᠢᠯᠡᠳᠪᠦᠷᠢ	үйлдвэр	60
хайлуулах	ᠬᠢᠮᠢ ᠶᠢᠨ	химийн	12
хайлуулах	ᠴᠡᠪᠡᠷᠰᠢᠭᠦᠯᠬᠦ	цэвэршүүлэх	9
хайлуур	ᠵᠣᠩᠰᠢ	жонш	41
хайн	ᠦᠶ᠎ᠡ ᠳᠦ	үед	16
хайн	ᠰᠠᠯᠪᠤᠷᠢ	салбар	6
хайнга	ᠬᠠᠨᠳᠤᠭᠰᠠᠨ	хандсан	46
хайнга	ᠬᠠᠨᠳᠤᠵᠤ	хандаж	43
хайнга	ᠬᠠᠨᠳᠤᠳᠠᠭ	ханддаг	9
хайр	ᠮᠢᠨᠢ	минь	408
хайр	ᠳᠤᠷᠠᠯᠠᠯ	дурлал	169
хайр	ᠰᠡᠳᠬᠢᠯ	сэтгэл	146
хайраа	ᠪᠢ	би	57
хайраа	ᠴᠢ	чи	36
хайраа	ᠴᠢᠮ᠎ᠠ ᠳᠤ ᠪᠠᠨ	чамдаа	32
хайраар	ᠳᠤᠲᠠᠵᠤ	дутаж	14
хайраар	ᠳᠦᠭᠦᠷᠡᠩ	дүүрэн	9
хайраар	ᠪᠢᠯᠬᠠᠭᠰᠠᠨ	бялхсан	5
хайраас	ᠪᠣᠯᠵᠤ	болж	8
хайраас	ᠥᠭᠡᠷ᠎ᠡ	өөр	7
хайран	ᠴᠠᠭ	цаг	17
хайран	ᠰᠠᠶᠢᠬᠠᠨ	сайхан	14
хайран	ᠶᠠᠭᠤᠮ᠎ᠠ	юм	10
хайранд	ᠴᠢᠨᠢ	чинь	14
хайранд	ᠮᠢᠨᠢ	минь	10
хайранд	ᠪᠢ	би	7
хайрандаа	ᠪᠢ	би	9
хайрандаа	ᠦᠨᠡᠨᠴᠢ	үнэнч	8
хайрандаа	ᠰᠢᠲᠠᠵᠤ	шатаж	7
хайрга	ᠣᠯᠪᠤᠷᠢᠯᠠᠬᠤ	олборлох	19
хайрга	ᠴᠢᠯᠠᠭᠤ	чулуу	7
хайрга	ᠴᠢᠯᠠᠭᠤ ᠶᠢ	чулууг	6
хайрла	ᠥᠬᠢᠨ	охин	8
хайрла	ᠭᠡᠵᠦ	гэж	5
хайрлаад	ᠯᠠ	л	7
хайрладаг	ᠪᠠᠶᠢᠭᠰᠠᠨ	байсан	16
хайрладаг	ᠶᠠᠭᠤᠮ᠎ᠠ	юм	11
хайрладаг	ᠪᠥᠭᠡᠳ	бөгөөд	6
хайрлаж	ᠪᠠᠶᠢᠭᠰᠠᠨ	байсан	36
хайрлаж	ᠪᠠᠶᠢᠭ᠎ᠠ	байгаа	27
хайрлаж	ᠬᠠᠮᠠᠭᠠᠯᠠᠬᠤ	хамгаалах	27
хайрлан	ᠬᠠᠮᠠᠭᠠᠯᠠᠬᠤ	хамгаалах	98
хайрлан	ᠬᠠᠮᠠᠭᠠᠯᠠᠵᠤ	хамгаалж	36
хайрлан	ᠬᠠᠶᠢᠷᠠᠯᠠᠨ	хайрлан	11
хайрлана	ᠭᠡᠵᠦ	гэж	15
хайрлана	ᠠ	аа	8
хайрлана	ᠭᠡᠳ	гээд	8
хайрласан	ᠶᠠᠭᠤᠮ᠎ᠠ	юм	18
хайрласан	ᠬᠠᠶᠢᠷ᠎ᠠ	хайр	11
хайрласан	ᠴᠤ	ч	8
хайрлах	ᠰᠡᠳᠬᠢᠯ	сэтгэл	49
хайрлах	ᠶᠣᠰᠣᠲᠠᠢ	ёстой	27
хайрлах	ᠶᠠᠭᠤᠮ᠎ᠠ	юм	26
хайрлахгүй	ᠪᠣᠯ	бол	11
хайрлахгүй	ᠡ	ээ	7
хайрлахгүй	ᠪᠠᠶᠢᠨ᠎ᠠ	байна	5
хайрлая	ᠭᠡᠰᠡᠨ	гэсэн	7
хайрлая	ᠬᠠᠶᠢᠷᠠᠯᠠᠶ᠎ᠠ	хайрлая	5
хайрт	ᠮᠢᠨᠢ	минь	550
хайрт	ᠪᠦᠰᠡᠭᠦᠢ	бүсгүй	10
хайрт	ᠥᠬᠢᠨ	охин	7
хайртай	ᠭᠡᠵᠦ	гэж	111
хайртай	ᠭᠡᠳᠡᠭ ᠢᠶᠡᠨ	гэдгээ	77
хайртай	ᠰᠢᠦ	шүү	56
хайртайгаа	ᠪᠢ	би	7
хайрхан	ᠳᠡᠭᠦᠷᠭᠡ	дүүрэг	39
хайрхан	ᠤᠤᠯ ᠤᠨ	уулын	37
хайрхан	ᠤᠤᠯ	уул	35
хайрцаг	ᠰᠠᠪᠠ	сав	21
хайрцаг	ᠨᠢ	нь	19
хайрцаг	ᠳᠡᠭᠡᠷ᠎ᠡ	дээр	15
хайрыг	ᠮᠢᠨᠢ	минь	72
хайрыг	ᠴᠢᠨᠢ	чинь	43
хайрыг	ᠴᠢ	чи	24
хайрын	ᠲᠤᠬᠠᠢ	тухай	107
хайрын	ᠳᠠᠭᠤᠤ	дуу	72
хайрын	ᠮᠢᠨᠢ	минь	53
хайрынхаа	ᠲᠥᠯᠥᠭᠡ	төлөө	13
хайрынхаа	ᠲᠤᠬᠠᠢ	тухай	6
хайс	ᠬᠠᠰᠢᠯᠭ᠎ᠠ	хашлага	8
хайсаар	ᠪᠠᠶᠢᠨ᠎ᠠ	байна	12
хайсаар	ᠯᠠ	л	5
хайсан	ᠬᠦᠮᠦᠰ	хүмүүс	11
хайсан	ᠶᠠᠭᠤᠮ᠎ᠠ	юм	10
хайсан	ᠪᠣᠯᠪᠠᠴᠤ	боловч	9
хайх	ᠠᠰᠢᠭᠯᠠᠬᠤ	ашиглах	75
хайх	ᠣᠯᠪᠤᠷᠢᠯᠠᠬᠤ	олборлох	45
хайх	ᠬᠡᠷᠡᠭᠲᠡᠢ	хэрэгтэй	44
хал	ᠦᠵᠡᠵᠦ	үзэж	14
хал	ᠨᠢ	нь	11
хал	ᠪᠠᠭᠠᠲᠠᠢ	багатай	7
халаа	ᠪᠣᠯᠤᠭᠰᠠᠨ	болсон	37
халаа	ᠪᠣᠯᠬᠤ	болох	7
халаа	ᠨᠢ	нь	6
халааж	ᠲᠣᠯᠣᠭᠠᠢ ᠶᠢ ᠪᠠᠨ	толгойгоо	8
халааж	ᠪᠠᠶᠢᠭᠠᠳ	байгаад	6
халааж	ᠪᠠᠶᠢᠨ᠎ᠠ	байна	5
халаалт	ᠳᠤᠯᠠᠭᠠᠨ	дулаан	8
халаалт	ᠬᠠᠯᠠᠭᠤᠨ	халуун	8
халаалт	ᠮᠠᠭᠤ	муу	6
халаас	ᠷᠤ	руу	40
халаас	ᠬᠣᠭᠣᠰᠣᠨ	хоосон	12
халаас	ᠨᠢᠮᠭᠡᠨ	нимгэн	9
халаасанд	ᠨᠢ	нь	17
халаасанд	ᠣᠷᠣᠵᠤ	орж	14
халаасанд	ᠤᠷᠤᠬᠤ	орох	12
халаасандаа	ᠬᠢᠭᠡᠳ	хийгээд	9
халагдаж	ᠪᠠᠶᠢᠭ᠎ᠠ	байгаа	12
халагдаж	ᠪᠠᠶᠢᠭᠰᠠᠨ	байсан	6
халагдах	ᠡᠷᠭᠦᠳᠡᠯ	өргөдөл	17
халамж	ᠦᠢᠯᠡᠴᠢᠯᠡᠭᠡ	үйлчилгээ	23
халамж	ᠬᠦᠰᠡᠬᠦ	хүсэх	14
халамж	ᠲᠠᠯᠪᠢᠬᠤ	тавих	11
халамжийн	ᠲᠤᠬᠠᠢ	тухай	94
халамжийн	ᠰᠠᠩ ᠠᠴᠠ	сангаас	39
халамжийн	ᠲᠡᠳᠬᠦᠪᠦᠷᠢ	тэтгэвэр	37
халамжлах	ᠬᠠᠮᠠᠭᠠᠯᠠᠬᠤ	хамгаалах	5
халамжлах	ᠶᠣᠰᠣᠲᠠᠢ	ёстой	5
халах	ᠨᠢ	нь	30
халах	ᠲᠤᠬᠠᠢ	тухай	23
халах	ᠲᠤᠰᠢᠶᠠᠯ	тушаал	20
халбага	ᠰᠡᠷᠡᠭᠡ	сэрээ	16
халбага	ᠠ᠋	оо	12
халбага	ᠡᠯᠡᠰᠦᠨ	элсэн	6
халдаж	ᠪᠠᠶᠢᠨ᠎ᠠ	байна	38
халдаж	ᠪᠠᠶᠢᠭ᠎ᠠ	байгаа	35
халдаж	ᠪᠤᠢ	буй	19
халдах	ᠨᠢ	нь	16
халдах	ᠭᠡᠰᠡᠨ	гэсэн	9
халдах	ᠡᠷᠬᠡ ᠦᠭᠡᠢ	эрхгүй	8
халдвар	ᠠᠪᠤᠭᠰᠠᠨ	авсан	340
халдвар	ᠠᠪᠬᠤ	авах	80
халдвар	ᠲᠡᠭᠡᠭᠡᠭᠴᠢ	тээгч	52
халдваргүйжүүлэлт	ᠬᠢᠬᠦ	хийх	18
халдваргүйжүүлэлт	ᠬᠢᠵᠦ	хийж	14
халдваргүйжүүлэлт	ᠬᠢᠭᠰᠡᠨ	хийсэн	10
халдварлах	ᠵᠠᠮ	зам	8
халдварлах	ᠪᠣᠯᠤᠮᠵᠢ	боломж	6
халдварлах	ᠮᠠᠭᠠᠳᠯᠠᠯ ᠲᠠᠢ	магадлалтай	6
халдварт	ᠡᠪᠡᠳᠴᠢᠨ	өвчин	716
халдварт	ᠪᠤᠰᠤ	бус	164
халдварт	ᠰᠢᠯᠦᠬᠡᠢ	шүлхий	80
халдвартай	ᠬᠦᠮᠦᠨ	хүн	22
халдвартай	ᠬᠦᠮᠦᠨᠲᠡᠢ	хүнтэй	17
халдвартай	ᠪᠠᠶᠢᠨ᠎ᠠ	байна	15
халдлага	ᠬᠢᠵᠦ	хийж	8
халдлага	ᠨᠢ	нь	7
халдлага	ᠦᠢᠯᠡᠳᠴᠦ	үйлдэж	6
халж	ᠪᠠᠶᠢᠭ᠎ᠠ	байгаа	48
халж	ᠬᠦᠢᠲᠡᠨᠳᠡ	хүйтэнд	23
халж	ᠰᠣᠯᠢᠬᠤ	солих	19
халз	ᠲᠤᠯᠤᠭᠠᠨ	тулаан	52
халз	ᠲᠣᠭᠯᠠᠯᠲᠠ	тоглолт	22
халз	ᠲᠤᠯᠤᠭᠠᠨ ᠳᠤ	тулаанд	21
халзан	ᠰᠤᠮᠤ ᠶᠢᠨ	сумын	30
халзан	ᠮᠣᠷᠢ	морь	29
халзан	ᠠᠵᠢᠷᠭ᠎ᠠ	азарга	25
халимаг	ᠤᠯᠤᠰ ᠤᠨ	улсын	24
халимаг	ᠠᠮᠢᠳᠤ	амьд	6
халимаг	ᠤᠯᠤᠰ ᠲᠤ ᠪᠠᠨ	улсдаа	6
халиун	ᠪᠤᠭᠤ	буга	37
халиун	ᠰᠤᠮᠤ ᠶᠢᠨ	сумын	27
халиун	ᠨᠠᠷᠠ	нар	10
хална	ᠭᠡᠵᠦ	гэж	16
хална	ᠭᠡᠰᠡᠨ	гэсэн	8
халтай	ᠦᠢᠯᠡᠳᠪᠦᠷᠢᠯᠡᠯ	үйлдвэрлэл	9
халтай	ᠠᠰᠠᠭᠤᠳᠠᠯ ᠤᠳ	асуудлууд	5
халтай	ᠭᠡᠵᠦ	гэж	5
халтар	ᠮᠠᠨᠠᠨ	манан	12
халтар	ᠰᠣᠶᠣᠭᠠᠯᠠᠩ	соёолон	10
халтар	ᠦᠷᠦᠭᠡ	үрээ	9
халтирч	ᠤᠨᠠᠭᠠᠳ	унаад	21
халтирч	ᠤᠨᠠᠵᠤ	унаж	7
халтирч	ᠤᠨᠠᠭᠰᠠᠨ	унасан	6
халуу	ᠰᠢᠲᠠᠵᠤ	шатаж	6
халуун	ᠳᠤᠯᠠᠭᠠᠨ	дулаан	128
халуун	ᠤᠰᠤ	ус	95
халуун	ᠬᠦᠢᠲᠡᠨ	хүйтэн	91
халуунд	ᠬᠠᠯᠠᠵᠤ	халж	28
халуунд	ᠨᠢ	нь	5
халууныг	ᠨᠢ	нь	16
халууныг	ᠬᠡᠮᠵᠢᠬᠦ	хэмжих	6
халуурах	ᠲᠣᠯᠣᠭᠠᠢ	толгой	38
халуурах	ᠬᠠᠨᠢᠶᠠᠯᠭᠠᠬᠤ	ханиалгах	14
халуурах	ᠶᠠᠳᠠᠷᠠᠬᠤ	ядрах	13
халуурч	ᠴᠡᠭᠡᠵᠢ ᠪᠡᠷ	цээжээр	7
халуурч	ᠪᠠᠶᠢᠭ᠎ᠠ	байгаа	6
халуурч	ᠡᠬᠢᠯᠡᠭᠰᠡᠨ	эхэлсэн	6
халуухан	ᠪᠣᠯᠵᠤ	болж	11
халуухан	ᠠᠭᠤᠷ	уур	6
халуухан	ᠦᠢᠯᠡ	үйл	6
халх	ᠭᠣᠣᠯ ᠤᠨ	голын	546
халх	ᠭᠣᠣᠯ	гол	166
халх	ᠭᠣᠣᠯ ᠳᠤ	голд	26
халхавч	ᠬᠡᠢ ᠶᠢᠨ	хийн	8
халхавч	ᠪᠣᠯᠵᠤ	болж	6
халхавч	ᠬᠢᠭᠰᠡᠨ	хийсэн	6
халхын	ᠭᠣᠣᠯ ᠤᠨ	голын	149
халхын	ᠭᠣᠣᠯ	гол	14
халхын	ᠭᠣᠣᠯ ᠳᠤ	голд	13
хальж	ᠪᠠᠶᠢᠭ᠎ᠠ	байгаа	7
хальс	ᠨᠢ	нь	24
хальс	ᠣᠯᠠᠨ	олон	15
хальсан	ᠳᠡᠭᠡᠷ᠎ᠡ	дээр	8
хальт	ᠬᠠᠷᠠᠬᠤ ᠳᠤ	харахад	6
хам	ᠭᠡᠶᠢᠨ	гийн	225
хам	ᠰᠢᠨᠵᠢ	шинж	98
хам	ᠭᠠ	гаа	43
хамаа	ᠠᠯᠠᠭ᠎ᠠ	алга	40
хамаа	ᠪᠠᠶᠢᠬᠤ ᠦᠭᠡᠢ	байхгүй	33
хамаа	ᠪᠠᠶᠢᠨ᠎ᠠ	байна	15
хамаагүй	ᠢᠯᠡᠭᠦᠦ	илүү	75
хамаагүй	ᠳᠡᠭᠡᠷ᠎ᠡ	дээр	42
хамаагүй	ᠪᠠᠭ᠎ᠠ	бага	37
хамааралтай	ᠪᠠᠶᠢᠳᠠᠭ	байдаг	60
хамааралтай	ᠪᠠᠶᠢᠭ᠎ᠠ	байгаа	44
хамааралтай	ᠪᠣᠯᠵᠤ	болж	38
хамааран	ᠮᠢᠩᠭᠠᠨ	мянган	21
хамааран	ᠬᠠᠷᠢᠯᠴᠠᠨ	харилцан	11
хамааран	ᠮᠣᠩᠭᠣᠯ	монгол	10
хамаарах	ᠶᠠᠭᠤᠮ᠎ᠠ	юм	54
хамаарах	ᠠᠰᠠᠭᠤᠳᠠᠯ	асуудал	34
хамаарах	ᠨᠢ	нь	30
хамаарахгүй	ᠶᠠᠭᠤᠮ᠎ᠠ	юм	14
хамаарахгүй	ᠭᠡᠰᠡᠨ	гэсэн	12
хамаарахгүй	ᠭᠡᠳᠡᠭ ᠢ	гэдгийг	9
хамаарна	ᠭᠡᠰᠡᠨ	гэсэн	21
хамаарна	ᠭᠡᠵᠦ	гэж	18
хамаарна	ᠭᠡᠳᠡᠭ ᠢ	гэдгийг	14
хамаарсан	ᠰᠠᠭᠠᠲᠠᠯ᠎ᠠ	саатал	10
хамаарсан	ᠬᠦᠴᠦᠨ	хүчин	5
хамааруулах	ᠲᠤᠬᠠᠢ	тухай	31
хамааруулах	ᠡᠰᠡᠬᠦ	эсэх	5
хамаатай	ᠶᠠᠭᠤᠮ᠎ᠠ	юм	74
хамаатай	ᠠᠰᠠᠭᠤᠳᠠᠯ	асуудал	26
хамаатай	ᠭᠡᠵᠦ	гэж	12
хамаатан	ᠰᠠᠳᠤᠨ	садан	192
хамаатан	ᠪᠣᠯᠬᠤ	болох	7
хамаатан	ᠨᠢ	нь	7
хамаг	ᠮᠣᠩᠭᠣᠯ	монгол	58
хамаг	ᠯᠠ	л	43
хамаг	ᠤᠴᠢᠷ	учир	41
хамар	ᠬᠣᠭᠣᠯᠠᠢ ᠶᠢᠨ	хоолойн	96
хамар	ᠬᠣᠭᠣᠯᠠᠢ	хоолой	55
хамар	ᠪᠢᠲᠡᠭᠦᠷᠡᠬᠦ	битүүрэх	31
хамарсан	ᠠᠷᠭ᠎ᠠ	арга	27
хамарсан	ᠲᠣᠮᠣᠬᠠᠨ	томоохон	21
хамарсан	ᠦᠢᠯᠡ	үйл	21
хамба	ᠯᠠᠮᠠ	лам	60
хамба	ᠳ	д	23
хамба	ᠨᠠᠷᠠ	нар	8
хамгаалагч	ᠨᠢ	нь	54
хамгаалагч	ᠨᠠᠷᠠ	нар	34
хамгаалагч	ᠬᠠᠷᠠᠭᠠᠯᠵᠠᠨ	харгалзан	20
хамгаалал	ᠬᠥᠳᠡᠯᠮᠦᠷᠢ ᠶᠢᠨ	хөдөлмөрийн	106
хамгаалал	ᠠᠶᠤᠯ ᠦᠭᠡᠢ	аюулгүй	49
хамгаалал	ᠬᠠᠷᠢᠭᠤᠴᠠᠭᠰᠠᠨ	хариуцсан	13
хамгаалалт	ᠪᠦᠬᠦᠢ	бүхий	28
хамгаалалт	ᠨᠢ	нь	27
хамгаалалт	ᠠᠶᠤᠯ ᠦᠭᠡᠢ	аюулгүй	26
хамгаалан	ᠪᠡᠬᠢᠵᠢᠭᠦᠯᠬᠦ	бэхжүүлэх	12
хамгаалан	ᠠᠪᠴᠤ	авч	9
хамгаалан	ᠲᠣᠭᠯᠠᠵᠤ	тоглож	9
хамгаалах	ᠲᠤᠬᠠᠢ	тухай	506
хамгаалах	ᠲᠠᠯ᠎ᠠ ᠪᠠᠷ	талаар	136
хамгаалах	ᠨᠢ	нь	125
хамгаалдаг	ᠶᠠᠭᠤᠮ᠎ᠠ	юм	18
хамгаалдаг	ᠪᠠᠶᠢᠭᠰᠠᠨ	байсан	15
хамгаалдаг	ᠪᠠᠶᠢᠭᠤᠯᠤᠯᠭ᠎ᠠ	байгууллага	13
хамгаалж	ᠪᠠᠶᠢᠭ᠎ᠠ	байгаа	126
хамгаалж	ᠴᠢᠳᠠᠬᠤ ᠦᠭᠡᠢ	чадахгүй	120
хамгаалж	ᠪᠠᠶᠢᠭᠰᠠᠨ	байсан	55
хамгаална	ᠭᠡᠳᠡᠭ	гэдэг	24
хамгаална	ᠭᠡᠰᠡᠨ	гэсэн	21
хамгаална	ᠭᠡᠵᠦ	гэж	20
хамгаалсан	ᠪᠠᠶᠢᠨ᠎ᠠ	байна	33
хамгаалсан	ᠶᠠᠭᠤᠮ᠎ᠠ	юм	17
хамгаалсан	ᠬᠠᠤᠯᠢ	хууль	14
хамгаалуулах	ᠡᠷᠬᠡ ᠲᠡᠢ	эрхтэй	10
хамгаалуулах	ᠡᠷᠬᠡ	эрх	5
хамгаас	ᠴᠢᠬᠤᠯᠠ	чухал	113
хамгаас	ᠢᠯᠡᠭᠦᠦ	илүү	31
хамгаас	ᠬᠠᠶᠢᠷᠠᠲᠠᠢ	хайртай	12
хамгийн	ᠲᠣᠮᠣ	том	3134
хамгийн	ᠭᠣᠣᠯ	гол	2945
хамгийн	ᠶᠡᠬᠡ	их	2920
хамраа	ᠳᠠᠷᠠᠬᠤ	дарах	5
хамраараа	ᠠᠭᠤᠷ	уур	8
хамрагдаж	ᠪᠠᠶᠢᠭ᠎ᠠ	байгаа	260
хамрагдаж	ᠪᠠᠶᠢᠨ᠎ᠠ	байна	104
хамрагдаж	ᠴᠢᠳᠠᠬᠤ ᠦᠭᠡᠢ	чадахгүй	73
хамрагдах	ᠪᠣᠯᠤᠮᠵᠢ ᠲᠠᠢ	боломжтой	285
хамрагдах	ᠶᠠᠭᠤᠮ᠎ᠠ	юм	79
хамрагдах	ᠬᠦᠰᠡᠯ ᠲᠡᠢ	хүсэлтэй	73
хамрагдсан	ᠪᠠᠶᠢᠨ᠎ᠠ	байна	139
хамрагдсан	ᠪᠥᠭᠡᠳ	бөгөөд	52
хамрагдсан	ᠠᠵᠤ	аж	36
хамрах	ᠬᠦᠷ᠎ᠡ	хүрээ	129
хамрах	ᠶᠠᠭᠤᠮ᠎ᠠ	юм	23
хамрах	ᠴᠠᠷ	цар	16
хамруулаад	ᠪᠠᠶᠢᠨ᠎ᠠ	байна	25
хамруулаад	ᠪᠠᠶᠢᠭ᠎ᠠ	байгаа	11
хамруулан	ᠵᠣᠬᠢᠶᠠᠨ	зохион	12
хамруулан	ᠲᠡᠭᠦᠨ ᠳᠦ	түүнд	10
хамруулан	ᠰᠤᠯᠠᠯᠠᠭᠰᠠᠨ	сулласан	8
хамруулах	ᠶᠠᠭᠤᠮ᠎ᠠ	юм	48
хамруулах	ᠪᠣᠯᠤᠮᠵᠢ ᠲᠠᠢ	боломжтой	38
хамруулах	ᠵᠡᠷᠭᠡ	зэрэг	29
хамруулж	ᠪᠠᠶᠢᠭ᠎ᠠ	байгаа	56
хамруулж	ᠪᠠᠶᠢᠨ᠎ᠠ	байна	28
хамруулж	ᠪᠠᠶᠢᠬᠤ	байх	15
хамруулна	ᠭᠡᠵᠦ	гэж	15
хамруулна	ᠭᠡᠰᠡᠨ	гэсэн	5
хамруулсан	ᠪᠠᠶᠢᠨ᠎ᠠ	байна	98
хамруулсан	ᠪᠥᠭᠡᠳ	бөгөөд	21
хамруулсан	ᠨᠢ	нь	15
хамрын	ᠬᠡᠶᠢᠳ	хийд	15
хамрын	ᠬᠥᠨᠳᠡᠢ ᠶᠢ	хөндийг	15
хамрын	ᠬᠥᠨᠳᠡᠢ ᠶᠢᠨ	хөндийн	11
хамт	ᠣᠯᠠᠨ	олон	1415
хамт	ᠣᠯᠣᠩ ᠳᠤ	олонд	354
хамт	ᠣᠯᠠᠨ ᠤ	олны	332
хамтаар	ᠮᠣᠩᠭᠣᠯ	монгол	9
хамтаар	ᠡᠨᠡ	энэ	8
хамтаар	ᠨᠢᠭᠡ	нэг	7
хамтад	ᠨᠢ	нь	352
хамтарч	ᠠᠵᠢᠯᠯᠠᠬᠤ	ажиллах	667
хамтарч	ᠠᠵᠢᠯᠯᠠᠵᠤ	ажиллаж	356
хамтарч	ᠠᠵᠢᠯᠯᠠᠳᠠᠭ	ажилладаг	165
хамтдаа	ᠨᠢᠭᠡ	нэг	29
хамтдаа	ᠪᠠᠶᠢᠭᠰᠠᠨ	байсан	27
хамтдаа	ᠪᠠᠶᠢᠵᠤ	байж	24
хамтлаг	ᠳᠠᠭᠤᠴᠢᠳ	дуучид	216
хамтлаг	ᠨᠢ	нь	82
хамтлаг	ᠳᠠᠭᠤᠴᠢᠨ	дуучин	80
хамтлагийн	ᠳᠠᠭᠤᠴᠢᠨ	дуучин	489
хамтлагийн	ᠠᠬᠠᠯᠠᠭᠴᠢ	ахлагч	256
хамтлагийн	ᠭᠡᠰᠢᠭᠦᠨ	гишүүн	132
хамтраад	ᠠᠵᠢᠯᠯᠠᠬᠤ	ажиллах	17
хамтраад	ᠠᠵᠢᠯᠯᠠᠵᠤ	ажиллаж	14
хамтраад	ᠵᠠᠰᠠᠭ ᠤᠨ	засгийн	10
хамтрагч	ᠲᠠᠯ᠎ᠠ ᠨᠤᠭᠤᠳ	талууд	14
хамтрагч	ᠨᠢ	нь	13
хамтрагч	ᠪᠣᠯᠬᠤ	болох	12
хамтран	ᠠᠵᠢᠯᠯᠠᠬᠤ	ажиллах	3459
хамтран	ᠵᠣᠬᠢᠶᠠᠨ	зохион	1495
хамтран	ᠠᠵᠢᠯᠯᠠᠵᠤ	ажиллаж	1361
хамтрах	ᠨᠢ	нь	41
хамтрах	ᠡᠰᠡᠬᠦ	эсэх	22
хамтрах	ᠰᠢᠢᠳᠪᠦᠷᠢ	шийдвэр	17
хамтын	ᠠᠵᠢᠯᠯᠠᠭ᠎ᠠ	ажиллагаа	1787
хамтын	ᠪᠦᠲᠦᠭᠡᠯ	бүтээл	111
хамтын	ᠬᠦᠴᠢ ᠪᠡᠷ	хүчээр	80
хан	ᠤᠤᠯ	уул	1870
хан	ᠠᠯᠲᠠᠢ	алтай	82
хан	ᠤᠤᠯ ᠤᠨ	уулын	80
хана	ᠬᠡᠷᠡᠮ	хэрэм	30
хана	ᠨᠢ	нь	27
хана	ᠲᠠᠭᠠᠵᠠ	тааз	23
ханамж	ᠠᠪᠴᠤ	авч	7
ханамжтай	ᠪᠠᠶᠢᠭ᠎ᠠ ᠪᠠᠨ	байгаагаа	21
ханамжтай	ᠪᠠᠶᠢᠨ᠎ᠠ	байна	17
ханамжтай	ᠪᠠᠶᠢᠭ᠎ᠠ	байгаа	12
ханан	ᠳᠡᠭᠡᠷ᠎ᠡ	дээр	43
ханан	ᠫᠢᠰᠢᠩ	пийшин	9
ханан	ᠳᠠᠬᠢ	дахь	7
хананд	ᠨᠢ	нь	10
хананд	ᠭᠡᠮᠲᠦᠯ	гэмтэл	5
хананы	ᠴᠠᠭᠠᠨ᠎ᠠ	цаана	12
хананы	ᠳᠤᠮᠳᠠ	дунд	8
ханасан	ᠥᠭᠡᠬᠦ	өөх	9
ханатай	ᠭᠡᠷ	гэр	24
ханатай	ᠭᠡᠷ ᠲᠦ	гэрт	15
хангаад	ᠪᠠᠶᠢᠨ᠎ᠠ	байна	79
хангаад	ᠪᠠᠶᠢᠭ᠎ᠠ	байгаа	57
хангаад	ᠵᠣᠭᠰᠣᠬᠤ ᠦᠭᠡᠢ	зогсохгүй	56
хангагдах	ᠶᠠᠭᠤᠮ᠎ᠠ	юм	26
хангагдах	ᠪᠣᠯᠤᠮᠵᠢ	боломж	11
хангагдах	ᠶᠣᠰᠣᠲᠠᠢ	ёстой	11
хангаж	ᠪᠠᠶᠢᠭ᠎ᠠ	байгаа	333
хангаж	ᠪᠠᠶᠢᠨ᠎ᠠ	байна	254
хангаж	ᠴᠢᠳᠠᠬᠤ ᠦᠭᠡᠢ	чадахгүй	141
хангай	ᠬᠥᠪᠰᠥᠭᠥᠯ	хөвсгөл	367
хангай	ᠠ	а	39
хангай	ᠭᠣᠪᠢ	говь	21
хангайн	ᠠᠭᠤᠯᠠᠷᠬᠠᠭ	уулархаг	210
хангайн	ᠪᠥᠰᠡ	бүс	27
хангайн	ᠠᠤᠯᠠᠯᠠᠰ ᠢᠶᠠᠷ	уулсаар	12
хангал	ᠰᠤᠮᠤ ᠶᠢᠨ	сумын	15
хангал	ᠰᠤᠷᠭᠠᠭᠴᠢ	сургагч	10
хангал	ᠡ	э	10
хангалт	ᠲᠠᠢ	тай	10
хангалт	ᠬᠤᠪᠢ ᠲᠠᠢ	хувьтай	7
хангалт	ᠳᠤᠲᠠᠭᠤ	дутуу	5
хангалтгүй	ᠪᠠᠶᠢᠨ᠎ᠠ	байна	116
хангалтгүй	ᠪᠠᠶᠢᠭ᠎ᠠ	байгаа	99
хангалтгүй	ᠪᠠᠶᠢᠭᠰᠠᠨ	байсан	49
хангалттай	ᠪᠠᠶᠢᠭ᠎ᠠ	байгаа	91
хангалттай	ᠰᠠᠶᠢᠨ	сайн	87
хангалттай	ᠪᠢᠰᠢ	биш	78
хангалуун	ᠪᠠᠶᠢᠨ᠎ᠠ	байна	156
хангалуун	ᠪᠠᠶᠢᠭ᠎ᠠ ᠪᠠᠨ	байгаагаа	117
хангалуун	ᠪᠠᠶᠢᠭ᠎ᠠ	байгаа	98
хангамж	ᠠᠷᠢᠭᠤᠳᠬᠠᠬᠤ	ариутгах	89
хангамж	ᠨᠢ	нь	39
хангамж	ᠪᠣᠯᠤᠨ	болон	29
хангамжтай	ᠬᠣᠯᠪᠣᠭᠠᠲᠠᠢ	холбоотой	6
ханган	ᠨᠡᠶᠢᠯᠡᠭᠦᠯᠦᠭᠴᠢ	нийлүүлэгч	120
ханган	ᠨᠡᠶᠢᠯᠡᠭᠦᠯᠬᠦ	нийлүүлэх	115
ханган	ᠠᠵᠢᠯᠯᠠᠵᠤ	ажиллаж	84
хангана	ᠭᠡᠵᠦ	гэж	58
хангана	ᠭᠡᠰᠡᠨ	гэсэн	46
хангана	ᠭᠡᠳᠡᠭ	гэдэг	19
хангарьд	ᠰᠫᠣᠷᠲ	спорт	47
хангарьд	ᠬᠦᠷᠡᠯ	хүрэл	23
хангарьд	ᠺᠯᠤᠶᠢᠪ	клуб	22
хангасан	ᠪᠠᠶᠢᠬᠤ	байх	170
хангасан	ᠪᠠᠶᠢᠨ᠎ᠠ	байна	143
хангасан	ᠲᠣᠬᠢᠶᠠᠯᠳᠤᠯ ᠳᠤ	тохиолдолд	48
хангах	ᠲᠤᠬᠠᠢ	тухай	229
хангах	ᠨᠢ	нь	180
хангах	ᠪᠣᠯᠤᠮᠵᠢ ᠲᠠᠢ	боломжтой	164
хангуулах	ᠲᠠᠯ᠎ᠠ ᠪᠠᠷ	талаар	13
хангуулах	ᠠᠷᠭ᠎ᠠ	арга	6
хангуулах	ᠬᠢᠨᠠᠯᠲᠠ	хяналт	6
ханд	ᠯᠠᠭᠤ	лага	16
ханд	ᠰᠠᠩ	сан	16
ханд	ᠳᠠᠭ	даг	12
хандаж	ᠪᠠᠶᠢᠭ᠎ᠠ	байгаа	408
хандаж	ᠪᠠᠶᠢᠨ᠎ᠠ	байна	310
хандаж	ᠪᠠᠶᠢᠭᠰᠠᠨ	байсан	115
хандан	ᠵᠠᠬᠢᠳᠠᠯ	захидал	35
хандан	ᠦᠭᠡ	үг	35
хандан	ᠮᠡᠳᠡᠭᠡᠯᠡᠯ	мэдээлэл	29
хандана	ᠭᠡᠵᠦ	гэж	31
хандана	ᠤᠤ	уу	31
хандана	ᠭᠡᠳᠡᠭ ᠢᠶᠡᠨ	гэдгээ	21
хандах	ᠶᠣᠰᠣᠲᠠᠢ	ёстой	253
хандах	ᠬᠡᠷᠡᠭᠲᠡᠢ	хэрэгтэй	237
хандах	ᠨᠢ	нь	172
ханддаг	ᠪᠠᠶᠢᠭᠰᠠᠨ	байсан	44
ханддаг	ᠪᠤᠢ	вэ	34
ханддаг	ᠶᠠᠭᠤᠮ᠎ᠠ	юм	27
хандлага	ᠨᠢ	нь	117
хандлага	ᠪᠤᠢ	бий	64
хандлага	ᠪᠠᠶᠢᠨ᠎ᠠ	байна	38
хандсан	ᠪᠠᠶᠢᠨ᠎ᠠ	байна	107
хандсан	ᠶᠠᠭᠤᠮ᠎ᠠ	юм	106
хандсан	ᠴᠤ	ч	73
хандуулах	ᠶᠣᠰᠣᠲᠠᠢ	ёстой	73
хандуулах	ᠨᠢ	нь	66
хандуулах	ᠬᠡᠷᠡᠭᠲᠡᠢ	хэрэгтэй	66
ханиа	ᠪᠢ	би	7
ханиад	ᠲᠣᠮᠣᠭᠣ	томуу	81
ханиад	ᠬᠦᠷᠦᠭᠰᠡᠨ	хүрсэн	44
ханиад	ᠬᠦᠷᠬᠦ	хүрэх	12
ханиалгах	ᠲᠣᠯᠣᠭᠠᠢ	толгой	9
ханиалгах	ᠴᠡᠷ	цэр	9
ханиалгах	ᠬᠣᠭᠣᠯᠠ	хоол	7
ханиах	ᠨᠠᠶᠢᠲᠠᠭᠠᠬᠤ	найтаах	33
ханийн	ᠵᠢᠷᠭᠠᠯ	жаргал	17
ханийн	ᠮᠢᠨᠢ	минь	11
ханийн	ᠮᠠᠨᠢ	маань	6
ханилсан	ᠪᠢᠳᠡᠨ	бидэн	6
хант	ᠤᠯᠤᠰ ᠤᠨ	улсын	12
ханхалсан	ᠰᠢᠨ᠎ᠡ	шинэ	8
ханхүү	ᠮᠢᠨᠢ	минь	7
ханхүү	ᠭᠦᠨᠵᠡ	гүнж	5
ханхүү	ᠨᠢ	нь	5
ханцуй	ᠳᠣᠲᠣᠷ᠎ᠠ ᠪᠠᠨ	дотроо	23
ханцуй	ᠳᠣᠲᠣᠷᠠᠬᠢ	доторх	6
ханш	ᠨᠢ	нь	246
ханш	ᠥᠰᠴᠢ	өсч	106
ханш	ᠲᠥᠭᠥᠷᠢᠭ	төгрөг	102
ханшийн	ᠥᠰᠦᠯᠲᠡ	өсөлт	160
ханшийн	ᠣᠭᠴᠣᠮ	огцом	53
ханшийн	ᠲᠣᠭᠲᠠᠪᠤᠷᠢᠲᠠᠢ	тогтвортой	41
ханы	ᠠᠪᠤᠷᠭᠤ	аварга	40
ханы	ᠵᠠᠪᠬᠠᠨ	завхан	38
ханы	ᠬᠥᠬᠡ	хөх	7
хань	ᠮᠢᠨᠢ	минь	108
хань	ᠢᠵᠢᠯ	ижил	37
хань	ᠪᠣᠯᠵᠤ	болж	27
ханьдаа	ᠳᠠᠭᠤᠯᠠᠶ᠎ᠠ	дуулъя	12
ханьдаа	ᠵᠣᠷᠢᠭᠤᠯᠵᠤ	зориулж	6
ханьдаа	ᠪᠠᠶᠠᠷᠯᠠᠵᠤ	баярлаж	5
хар	ᠲᠠᠮᠠᠬᠢ	тамхи	948
хар	ᠲᠠᠮᠠᠬᠢᠨ ᠤ	тамхины	512
хар	ᠴᠠᠭᠠᠨ	цагаан	201
хараа	ᠢᠷᠦᠭᠡ	ерөө	441
хараа	ᠬᠢᠨᠠᠯᠲᠠ ᠦᠭᠡᠢ	хяналтгүй	186
хараа	ᠲᠤᠭᠤᠯ	туул	155
харааг	ᠨᠢ	нь	14
харааг	ᠪᠤᠯᠢᠶᠠᠵᠤ	булааж	10
хараагүй	ᠶᠠᠭᠤᠮ᠎ᠠ	юм	28
хараагүй	ᠬᠦᠮᠦᠰ ᠲᠦ	хүмүүст	13
хараагүй	ᠪᠠᠶᠢᠵᠤ	байж	12
хараад	ᠯᠠ	л	141
хараад	ᠪᠠᠶᠢᠬᠤ ᠳᠤ	байхад	109
хараад	ᠰᠠᠭᠤᠵᠤ	сууж	75
харааж	ᠵᠦᠬᠡᠵᠦ	зүхэж	12
харааж	ᠵᠦᠬᠡᠭᠡᠳ	зүхээд	12
харааж	ᠵᠦᠬᠡᠭᠰᠡᠨ	зүхсэн	9
хараал	ᠢᠳᠡᠭᠰᠡᠨ	идсэн	58
хараал	ᠢᠳᠡ	ид	11
хараал	ᠢᠳᠡᠭ	идэг	10
хараар	ᠪᠢᠴᠢᠭᠰᠡᠨ	бичсэн	10
хараар	ᠪᠤᠳᠤᠵᠤ	будаж	10
хараар	ᠪᠤᠳᠤᠬᠤ	будах	8
хараарай	ᠭᠡᠵᠦ	гэж	7
хараасай	ᠭᠡᠵᠦ	гэж	27
хараасай	ᠪᠢᠯᠡ	билээ	5
хараат	ᠪᠤᠰᠤ	бус	822
хараат	ᠪᠤᠰᠤ ᠪᠠᠷ	бусаар	105
хараат	ᠪᠠᠶᠢᠳᠠᠯ ᠠᠴᠠ	байдлаас	66
хараатай	ᠪᠣᠳᠣᠯᠭ᠎ᠠ	бодлого	11
хараатай	ᠪᠣᠯᠬᠤ	болох	5
хараатай	ᠤᠯᠤᠰ	улс	5
хараахан	ᠭᠠᠷᠤᠭ᠎ᠠ ᠦᠭᠡᠢ	гараагүй	93
хараахан	ᠪᠣᠯᠤᠭ᠎ᠠ ᠦᠭᠡᠢ	болоогүй	34
хараахан	ᠬᠦᠷ᠎ᠡ ᠭᠦᠢ	хүрээгүй	22
хараач	ᠡ	ээ	17
харав	ᠤᠤ	уу	18
харагдаад	ᠪᠠᠶᠢᠭ᠎ᠠ	байгаа	111
харагдаад	ᠪᠠᠶᠢᠨ᠎ᠠ	байна	86
харагдаад	ᠪᠠᠶᠢᠬᠤ	байх	15
харагдав	ᠤᠤ	уу	7
харагдаж	ᠪᠠᠶᠢᠨ᠎ᠠ	байна	1152
харагдаж	ᠪᠠᠶᠢᠭ᠎ᠠ	байгаа	632
харагдаж	ᠪᠠᠶᠢᠭᠰᠠᠨ	байсан	122
харагдана	ᠯᠡ	лээ	35
харагдана	ᠭᠡᠵᠦ	гэж	16
харагдана	ᠤᠤ	уу	15
харагдах	ᠶᠠᠭᠤᠮ᠎ᠠ	юм	97
харагдах	ᠪᠠᠶᠢᠳᠠᠯ	байдал	49
харагдах	ᠪᠠᠶᠢᠬᠤ	байх	47
харагдахгүй	ᠪᠠᠶᠢᠨ᠎ᠠ	байна	149
харагдахгүй	ᠪᠠᠶᠢᠭ᠎ᠠ	байгаа	84
харагдахгүй	ᠯᠠ	л	40
харагддаг	ᠶᠠᠭᠤᠮ᠎ᠠ	юм	61
харагддаг	ᠪᠠᠶᠢᠭᠰᠠᠨ	байсан	27
харагддаг	ᠪᠠᠶᠢᠨ᠎ᠠ	байна	26
харагдлаа	ᠭᠡᠵᠦ	гэж	7
харагдсан	ᠶᠠᠭᠤᠮ᠎ᠠ	юм	31
харагдсан	ᠰᠢᠦ	шүү	20
харагдсан	ᠪᠠᠶᠢᠨ᠎ᠠ	байна	16
харагдуулах	ᠭᠡᠰᠡᠨ	гэсэн	17
харагдуулах	ᠭᠡᠵᠦ	гэж	12
харагдуулах	ᠭᠡᠳ	гээд	5
харалган	ᠪᠣᠳᠣᠯᠭ᠎ᠠ	бодлого	10
харалган	ᠰᠢᠢᠳᠪᠦᠷᠢ	шийдвэр	6
харам	ᠰᠠᠯ	сал	7
харам	ᠪᠠᠶᠢᠳᠠᠭ	байдаг	5
харам	ᠭᠡᠳᠡᠭ	гэдэг	5
харамгүй	ᠬᠠᠶᠢᠷᠠᠯᠠᠭᠰᠠᠨ	хайрласан	13
харамгүй	ᠵᠣᠷᠢᠭᠤᠯᠤᠭᠰᠠᠨ	зориулсан	8
харамгүй	ᠵᠣᠷᠢᠭᠤᠯᠵᠤ	зориулж	7
харамлаж	ᠬᠠᠶᠢᠷ᠎ᠠ	хайр	6
харамсаад	ᠪᠠᠶᠢᠬᠤ	байх	12
харамсаад	ᠴᠤ	ч	12
харамсаад	ᠪᠠᠷᠠᠬᠤ ᠦᠭᠡᠢ	барахгүй	10
харамсаж	ᠪᠠᠶᠢᠨ᠎ᠠ	байна	145
харамсаж	ᠪᠠᠶᠢᠭ᠎ᠠ	байгаа	24
харамсаж	ᠶᠠᠪᠤᠳᠠᠭ	явдаг	22
харамсал	ᠲᠠᠢ	тай	5
харамсалтай	ᠨᠢ	нь	2305
харамсалтай	ᠬᠡᠷᠡᠭ	хэрэг	181
харамсалтай	ᠪᠠᠶᠢᠨ᠎ᠠ	байна	89
харамсах	ᠰᠡᠳᠬᠢᠯ	сэтгэл	18
харамсах	ᠶᠠᠭᠤᠮ᠎ᠠ	юм	18
харамсах	ᠵᠦᠢᠯ	зүйл	14
харамсдаг	ᠤᠤ	уу	11
харамсдаг	ᠶᠠᠭᠤᠮ᠎ᠠ	юм	9
харан	ᠰᠠᠭᠤᠨ᠎ᠠ	сууна	7
харан	ᠬᠠᠷᠠᠨ	харан	6
харан	ᠶᠠᠷᠢᠯᠴᠠᠬᠤ	ярилцах	5
харанга	ᠳᠡᠯᠡᠳᠴᠦ	дэлдэж	52
харанга	ᠬᠠᠮᠲᠤᠯᠢᠭ ᠤᠨ	хамтлагийн	15
харанга	ᠳᠡᠯᠡᠳᠦᠭᠡᠳ	дэлдээд	12
харанхуй	ᠰᠥᠨᠢ ᠪᠡᠷ	шөнөөр	20
харанхуй	ᠰᠥᠨᠢ	шөнө	19
харанхуй	ᠰᠥᠨᠢ ᠶᠢᠨ	шөнийн	15
харанхуйд	ᠴᠤ	ч	5
харах	ᠬᠡᠷᠡᠭᠲᠡᠢ	хэрэгтэй	253
харах	ᠪᠣᠯᠤᠮᠵᠢ ᠲᠠᠢ	боломжтой	236
харах	ᠶᠣᠰᠣᠲᠠᠢ	ёстой	172
харахаар	ᠶᠡᠬᠡ	их	8
харахаар	ᠯᠠ	л	8
харахаар	ᠥᠪᠡᠷ ᠦᠨ	өөрийн	7
харахаас	ᠥᠭᠡᠷ᠎ᠡ	өөр	20
харахаас	ᠭᠠᠳᠠᠨ᠎ᠠ	гадна	15
харахаас	ᠢᠯᠡᠭᠦᠦ ᠲᠡᠢ	илүүтэй	8
харахад	ᠡᠨᠡ	энэ	104
харахад	ᠯᠠ	л	74
харахад	ᠮᠣᠩᠭᠣᠯ	монгол	72
харахгүй	ᠪᠠᠶᠢᠨ᠎ᠠ	байна	63
харахгүй	ᠪᠠᠶᠢᠭ᠎ᠠ	байгаа	42
харахгүй	ᠪᠣᠯ	бол	42
харахыг	ᠬᠦᠰᠡᠭᠰᠡᠨ	хүссэн	26
харахыг	ᠬᠦᠰᠴᠢ	хүсч	23
харахыг	ᠬᠦᠰᠡᠳᠡᠭ	хүсдэг	21
харахын	ᠲᠤᠯᠠᠳᠠ	тулд	28
харахын	ᠡᠴᠦᠰ ᠦᠭᠡᠢ	эцэсгүй	6
харваа	ᠨᠢ	нь	28
харваа	ᠪᠣᠯᠵᠤ	болж	15
харваа	ᠪᠣᠯᠤᠭᠰᠠᠨ	болсон	12
харваач	ᠪ	б	34
харваач	ᠴᠡᠴᠡ	цэц	34
харваач	ᠳ	д	21
харваж	ᠪᠠᠶᠢᠨ᠎ᠠ	байна	9
харваж	ᠪᠠᠶᠢᠭ᠎ᠠ	байгаа	8
харваж	ᠪᠠᠶᠢᠭᠰᠠᠨ	байсан	7
харвал	ᠡᠨᠡ	энэ	30
харвал	ᠮᠣᠩᠭᠣᠯ	монгол	19
харвал	ᠮᠠᠨ ᠤ	манай	14
харвалт	ᠵᠢᠷᠦᠬᠡᠨ ᠦ	зүрхний	15
харвасан	ᠰᠤᠮᠤ	сум	18
харвах	ᠶᠠᠭᠤᠮ᠎ᠠ	юм	19
харвах	ᠨᠢ	нь	6
харвах	ᠪᠥᠭᠡᠳ	бөгөөд	5
харгалзан	ᠦᠵᠡᠵᠦ	үзэж	219
харгалзан	ᠦᠵᠡᠬᠦ	үзэх	55
харгалзан	ᠮᠣᠩᠭᠣᠯ	монгол	26
харгалзах	ᠢᠯᠠ	ял	78
харгалзах	ᠬᠦᠮᠦᠨ ᠦᠭᠡᠢ	хүнгүй	12
харгалзах	ᠶᠣᠰᠣᠲᠠᠢ	ёстой	8
харгис	ᠬᠡᠷᠴᠡᠭᠡᠢ	хэрцгий	102
харгис	ᠬᠠᠲᠠᠭᠤ	хатуу	8
харгуй	ᠵᠠᠮ	зам	5
хардаад	ᠪᠠᠶᠢᠭ᠎ᠠ	байгаа	9
хардаад	ᠪᠠᠶᠢᠨ᠎ᠠ	байна	7
хардаад	ᠪᠠᠶᠢᠬᠤ	байх	7
хардаг	ᠪᠠᠶᠢᠭᠰᠠᠨ	байсан	44
хардаг	ᠶᠠᠭᠤᠮ᠎ᠠ	юм	31
хардаг	ᠪᠤᠢ	вэ	30
хардаггүй	ᠶᠠᠭᠤᠮ᠎ᠠ	юм	7
хардаж	ᠪᠠᠶᠢᠭ᠎ᠠ	байгаа	69
хардаж	ᠪᠠᠶᠢᠨ᠎ᠠ	байна	31
хардаж	ᠪᠤᠢ ᠶᠢ ᠪᠠᠨ	буйгаа	12
хардалт	ᠶᠡᠬᠡ	их	6
хардах	ᠬᠦᠮᠦᠰ	хүмүүс	20
хардах	ᠬᠦᠮᠦᠨ	хүн	17
хардах	ᠡᠷᠬᠡ	эрх	16
харж	ᠪᠠᠶᠢᠨ᠎ᠠ	байна	1165
харж	ᠪᠠᠶᠢᠭ᠎ᠠ	байгаа	1032
харж	ᠪᠣᠯᠤᠨ᠎ᠠ	болно	664
харзны	ᠤᠰᠤᠨ ᠳᠤ	усанд	55
харзны	ᠤᠰᠤ	ус	14
харийн	ᠨᠤᠲᠤᠭ ᠲᠤ	нутагт	38
харийн	ᠨᠤᠲᠤᠭ	нутаг	18
харийн	ᠣᠷᠣᠨ ᠳᠤ	оронд	17
харил	ᠴᠠ	цаа	14
харил	ᠴᠠᠩ	цан	10
харилцаа	ᠬᠠᠮᠲᠤ ᠶᠢᠨ	хамтын	1045
харилцаа	ᠬᠣᠯᠪᠣᠭ᠎ᠠ	холбоо	251
харилцаа	ᠲᠣᠭᠲᠠᠭᠠᠬᠤ	тогтоох	171
харилцагч	ᠬᠠᠳᠠᠭᠠᠯᠠᠮᠵᠢ	хадгаламж	44
харилцагч	ᠨᠠᠷᠠᠲᠤ ᠪᠠᠨ	нартаа	23
харилцагч	ᠲᠠ	та	21
харилцан	ᠠᠰᠢᠭᠲᠠᠢ	ашигтай	499
харилцан	ᠠᠳᠠᠯᠢ ᠦᠭᠡᠢ	адилгүй	404
харилцан	ᠰᠠᠨᠠᠯ	санал	182
харилцах	ᠬᠡᠯᠲᠡᠰ	хэлтэс	410
харилцах	ᠤᠲᠠᠰᠤ	утас	67
харилцах	ᠠᠯᠪᠠ	алба	42
харин	ᠡᠨᠡ	энэ	2462
харин	ᠴᠤ	ч	1498
харин	ᠣᠳᠣ	одоо	1313
хариу	ᠥᠭᠭᠦᠭᠰᠡᠨ	өгсөн	193
хариу	ᠠᠷᠭ᠎ᠠ	арга	161
хариу	ᠲᠣᠭᠯᠠᠯᠲᠠ	тоглолт	117
хариуг	ᠨᠢ	нь	128
хариуг	ᠰᠤᠨᠤᠰᠬᠤ	сонсох	57
хариуг	ᠥᠭᠴᠦ	өгч	22
хариугаа	ᠠᠪᠬᠤ	авах	21
хариугаа	ᠠᠪᠴᠤ	авч	13
хариугаа	ᠠᠪᠤᠭᠰᠠᠨ	авсан	8
хариуд	ᠨᠢ	нь	262
хариуд	ᠤᠡᠬ	уих	11
хариуд	ᠪᠢᠳᠡ	бид	7
хариулаад	ᠯᠠ	л	6
хариулаад	ᠶᠠᠪᠤᠵᠤ	явж	6
хариулах	ᠶᠠᠭᠤᠮ᠎ᠠ	юм	23
хариулах	ᠪᠠᠶᠢᠬᠤ	байх	19
хариулах	ᠶᠣᠰᠣᠲᠠᠢ	ёстой	19
хариулж	ᠪᠠᠶᠢᠨ᠎ᠠ	байна	52
хариулж	ᠴᠢᠳᠠᠬᠤ ᠦᠭᠡᠢ	чадахгүй	35
хариулж	ᠪᠠᠶᠢᠭᠰᠠᠨ	байсан	31
хариуллаа	ᠭᠡᠵᠦ	гэж	19
хариулна	ᠭᠡᠵᠦ	гэж	11
хариулна	ᠤᠤ	уу	6
хариулсан	ᠶᠠᠭᠤᠮ᠎ᠠ	юм	147
хариулсан	ᠪᠠᠶᠢᠨ᠎ᠠ	байна	72
хариулсан	ᠪᠣᠯ	бол	11
хариулт	ᠠᠪᠤᠯ᠎ᠠ	авлаа	296
хариулт	ᠥᠷᠯᠥᠭᠡ	өглөө	267
хариулт	ᠥᠭᠭᠦᠭᠰᠡᠨ	өгсөн	234
хариултыг	ᠥᠭᠭᠦᠭᠰᠡᠨ	өгсөн	63
хариултыг	ᠥᠷᠯᠥᠭᠡ	өглөө	57
хариултыг	ᠥᠭᠴᠦ	өгч	55
хариуцаж	ᠪᠠᠶᠢᠭ᠎ᠠ	байгаа	182
хариуцаж	ᠪᠠᠶᠢᠭᠰᠠᠨ	байсан	73
хариуцаж	ᠪᠤᠢ	буй	54
хариуцан	ᠠᠵᠢᠯᠯᠠᠵᠤ	ажиллаж	143
хариуцан	ᠠᠵᠢᠯᠯᠠᠬᠤ	ажиллах	69
хариуцан	ᠠᠵᠢᠯᠯᠠᠳᠠᠭ	ажилладаг	61
хариуцах	ᠶᠣᠰᠣᠲᠠᠢ	ёстой	52
хариуцах	ᠶᠠᠭᠤᠮ᠎ᠠ	юм	41
хариуцах	ᠪᠤᠢ	вэ	27
хариуцлага	ᠬᠦᠯᠢᠶᠡᠬᠦ	хүлээх	452
хариуцлага	ᠬᠦᠯᠢᠶᠡᠯᠭᠡᠬᠦ	хүлээлгэх	265
хариуцлага	ᠲᠣᠭᠠᠴᠠᠵᠤ	тооцож	234
хариуцсан	ᠣᠷᠣᠯᠠᠭᠴᠢ	орлогч	383
хариуцсан	ᠵᠠᠬᠢᠷᠤᠯ	захирал	205
хариуцсан	ᠮᠡᠷᠭᠡᠵᠢᠯᠲᠡᠨ	мэргэжилтэн	191
хариуцуулах	ᠨᠢ	нь	14
харих	ᠪᠣᠯᠤᠭ᠎ᠠ ᠦᠭᠡᠢ	болоогүй	17
харих	ᠵᠠᠮ ᠳᠤ ᠪᠠᠨ	замдаа	14
харих	ᠭᠡᠳ	гээд	7
харлаа	ᠰᠢᠦ	шүү	14
харлаа	ᠴᠤ	ч	5
харлуулах	ᠭᠡᠰᠡᠨ	гэсэн	8
харлуулах	ᠭᠡᠵᠦ	гэж	7
харлуулах	ᠭᠤᠲᠤᠭᠠᠬᠤ	гутаах	5
хармаар	ᠪᠠᠶᠢᠨ᠎ᠠ	байна	39
хармаар	ᠪᠠᠶᠢᠭ᠎ᠠ	байгаа	7
харна	ᠤᠤ	уу	158
харна	ᠭᠡᠳᠡᠭ	гэдэг	21
харна	ᠭᠡᠵᠦ	гэж	21
харсаар	ᠪᠠᠶᠢᠵᠤ	байж	22
харсаар	ᠪᠠᠶᠢᠭᠠᠳ	байгаад	18
харсаар	ᠪᠠᠶᠢᠲᠠᠯ᠎ᠠ	байтал	15
харсан	ᠴᠤ	ч	95
харсан	ᠪᠠᠶᠢᠬᠤ	байх	77
харсан	ᠶᠠᠭᠤᠮ᠎ᠠ	юм	65
харуул	ᠬᠠᠮᠠᠭᠠᠯᠠᠯᠲᠠ	хамгаалалт	60
харуул	ᠰᠠᠩ	сан	8
харуул	ᠲᠥᠷᠥ ᠶᠢᠨ	төрийн	8
харуулаад	ᠪᠠᠶᠢᠭ᠎ᠠ	байгаа	29
харуулаад	ᠠᠪᠤᠭᠰᠠᠨ	авсан	12
харуулаад	ᠪᠠᠶᠢᠨ᠎ᠠ	байна	9
харуулах	ᠶᠠᠭᠤᠮ᠎ᠠ	юм	57
харуулах	ᠪᠣᠯᠤᠨ᠎ᠠ	болно	47
харуулах	ᠶᠣᠰᠣᠲᠠᠢ	ёстой	45
харуулахыг	ᠵᠣᠷᠢᠭᠰᠠᠨ	зорьсон	61
харуулахыг	ᠵᠣᠷᠢᠵᠠᠢ	зорьжээ	21
харуулахыг	ᠬᠦᠰᠡᠭᠰᠡᠨ	хүссэн	18
харуулдаг	ᠶᠠᠭᠤᠮ᠎ᠠ	юм	25
харуулдаг	ᠪᠠᠶᠢᠨ᠎ᠠ	байна	8
харуулдаг	ᠪᠢᠯᠡ	билээ	7
харуулж	ᠪᠠᠶᠢᠨ᠎ᠠ	байна	789
харуулж	ᠪᠠᠶᠢᠭ᠎ᠠ	байгаа	405
харуулж	ᠪᠤᠢ	буй	140
харуулна	ᠭᠡᠵᠦ	гэж	12
харуулна	ᠭᠡᠰᠡᠨ	гэсэн	8
харуулна	ᠳ᠋ᠠ	даа	8
харуулсан	ᠶᠠᠭᠤᠮ᠎ᠠ	юм	116
харуулсан	ᠪᠠᠶᠢᠨ᠎ᠠ	байна	78
харуулсан	ᠨᠢ	нь	43
харуусал	ᠭᠤᠨᠢᠭ	гуниг	6
харуусал	ᠤᠬᠠᠭᠠᠷᠠᠯ ᠢ	ухаарлыг	5
хархан	ᠬᠠᠷᠠᠴᠠ	харц	12
хархан	ᠨᠢᠳᠦ	нүд	5
хархан	ᠨᠢᠳᠦ ᠶᠢ	нүдийг	5
хархираа	ᠲᠦᠷᠭᠡᠨ	түргэн	14
хархираа	ᠵᠡᠷᠭᠡ	зэрэг	12
хархираа	ᠬᠠᠷᠠᠭ	хариг	5
харц	ᠴᠢᠨᠢ	чинь	29
харц	ᠨᠢ	нь	26
харц	ᠳᠡᠭᠡᠭᠦᠷ	дээгүүр	10
харцаар	ᠤᠳᠤᠷᠢᠳᠬᠤ	удирдах	7
харцаараа	ᠴᠢ	чи	11
харцага	ᠴ	ц	175
харцага	ᠥ	ө	133
харцага	ᠲ	т	126
харцанд	ᠴᠢᠨᠢ	чинь	41
харцанд	ᠮᠢᠨᠢ	минь	14
харцнаас	ᠴᠢᠨᠢ	чинь	12
харцнаас	ᠨᠢ	нь	6
харцыг	ᠴᠢᠨᠢ	чинь	12
харцыг	ᠮᠢᠨᠢ	минь	11
харш	ᠭᠡᠵᠦ	гэж	6
харш	ᠵᠦᠢᠯ	зүйл	5
харш	ᠦᠢᠯᠡ	үйл	5
харшил	ᠨᠢ	нь	34
харшил	ᠥᠭᠳᠡᠭ	өгдөг	20
харшил	ᠡᠭᠦᠰᠭᠡᠬᠦ	үүсгэх	16
харшлах	ᠪᠣᠯᠤᠨ	болон	11
харшлах	ᠵᠦᠢᠯ	зүйл	6
харшлах	ᠡᠪᠡᠳᠴᠢᠨ	өвчин	6
харъя	ᠯᠠ	л	22
харъя	ᠭᠡᠵᠦ	гэж	14
харъя	ᠭᠡᠪᠡᠯ	гэвэл	12
харь	ᠣᠷᠣᠨ ᠳᠤ	оронд	20
харь	ᠦᠭᠡ	үг	20
харь	ᠭᠠᠷᠠᠭ ᠤᠨ	гаригийн	17
харьд	ᠰᠠᠭᠤᠭ᠎ᠠ	суугаа	10
харьж	ᠶᠠᠪᠤᠭ᠎ᠠ	яваа	10
харьж	ᠪᠠᠶᠢᠭ᠎ᠠ	байгаа	8
харьцаа	ᠨᠢ	нь	34
харьцаа	ᠮᠣᠩᠭᠣᠯ	монгол	11
харьцаа	ᠶᠠᠮᠠᠷ	ямар	11
харьцааг	ᠲᠡᠩᠴᠡᠭᠦᠯᠦᠭᠰᠡᠨ	тэнцүүлсэн	51
харьцааг	ᠨᠡᠭᠡᠭᠡᠭᠰᠡᠨ	нээсэн	45
харьцааг	ᠲᠡᠩᠴᠡᠭᠦᠯᠵᠦ	тэнцүүлж	23
харьцаж	ᠪᠠᠶᠢᠭ᠎ᠠ	байгаа	44
харьцаж	ᠪᠠᠶᠢᠭᠰᠠᠨ	байсан	19
харьцаж	ᠪᠠᠶᠢᠨ᠎ᠠ	байна	9
харьцангуй	ᠪᠠᠭ᠎ᠠ	бага	278
харьцангуй	ᠴᠢᠭᠢᠭ	чийг	258
харьцангуй	ᠥᠨᠳᠥᠷ	өндөр	154
харьцах	ᠬᠠᠩᠰᠢ	ханш	153
харьцах	ᠬᠠᠩᠰᠢ ᠶᠢᠨ	ханшийн	19
харьцах	ᠨᠡᠷᠡᠯᠡᠭᠰᠡᠨ	нэрлэсэн	13
харьцуулалт	ᠬᠢᠬᠦ	хийх	15
харьцуулалт	ᠬᠢᠵᠦ	хийж	8
харьцуулалт	ᠠᠨᠤ	ану	6
харьцуулах	ᠶᠠᠭᠤᠮ᠎ᠠ	юм	33
харьцуулах	ᠨᠢ	нь	22
харьцуулах	ᠠᠷᠭ᠎ᠠ ᠦᠭᠡᠢ	аргагүй	14
харьцуулбал	ᠬᠤᠪᠢᠶᠠᠷᠢ	хувиар	14
харьцуулбал	ᠶᠠᠮᠠᠷ	ямар	10
харьцуулбал	ᠬᠣᠶᠠᠷ	хоёр	8
харьцуулж	ᠦᠵᠡᠪᠡᠯ	үзвэл	19
харьцуулж	ᠦᠵᠡᠬᠦ	үзэх	14
харьцуулж	ᠦᠵᠡᠬᠦ ᠳᠦ	үзэхэд	14
харьцуулсан	ᠰᠤᠳᠤᠯᠭ᠎ᠠ	судалгаа	42
харьцуулсан	ᠡᠷᠬᠡ	эрх	12
харьцуулсан	ᠪᠠᠶᠢᠳᠠᠯ ᠢᠶᠠᠷ	байдлаар	8
харьяа	ᠴᠠᠭᠳᠠᠨ	цагдан	107
харьяа	ᠬᠤᠷᠢᠬᠤ	хорих	76
харьяа	ᠪᠠᠶᠢᠭᠤᠯᠤᠯᠭ᠎ᠠ	байгууллага	42
харьяалагдах	ᠪᠣᠯᠤᠭᠰᠠᠨ	болсон	12
харьяалагдах	ᠪᠣᠯᠤᠮᠵᠢ ᠲᠠᠢ	боломжтой	6
харьяалагдах	ᠨᠢ	нь	5
харьяалах	ᠪᠠᠶᠢᠩᠭᠤ ᠶᠢᠨ	байнгын	23
харьяалах	ᠳᠡᠳ᠋	дэд	6
харьяалах	ᠰᠤᠮᠤ	сум	6
харьяат	ᠤᠯᠤᠰ ᠤᠨ	улсын	272
харьяат	ᠠᠶᠢᠮᠠᠭ ᠤᠨ	аймгийн	258
харьяат	ᠮᠣᠩᠭᠣᠯ	монгол	70
хас	ᠪᠠᠩᠬᠢ	банк	93
хас	ᠲᠡᠮᠳᠡᠭ	тэмдэг	13
хас	ᠮᠣᠩᠭᠣᠯ	монгол	10
хасагдах	ᠱᠠᠲᠤᠨ ᠤ	шатны	70
хасагдах	ᠵᠢᠷᠤᠮ ᠢᠶᠠᠷ	журмаар	16
хасагдах	ᠨᠢ	нь	12
хасаж	ᠵᠢᠯ	жил	9
хасаж	ᠪᠠᠶᠢᠭ᠎ᠠ	байгаа	8
хасаж	ᠬᠣᠶᠠᠷ	хоёр	6
хасалт	ᠬᠢᠬᠦ	хийх	8
хасах	ᠲᠤᠬᠠᠢ	тухай	97
хасах	ᠰᠢᠢᠳᠪᠦᠷᠢ	шийдвэр	48
хасах	ᠰᠠᠨᠠᠯ	санал	41
хасна	ᠭᠡᠰᠡᠨ	гэсэн	24
хасна	ᠭᠡᠵᠦ	гэж	18
хасна	ᠭᠡᠳᠡᠭ	гэдэг	13
хасуулсан	ᠶᠠᠭᠤᠮ᠎ᠠ	юм	11
хасуулсан	ᠴᠤ	ч	6
хасын	ᠬᠦᠯᠢᠭ ᠦᠳ	хүлгүүд	176
хасын	ᠨᠢᠭᠤᠴᠠ	нууц	115
хасын	ᠬ	х	6
хат	ᠰᠠᠭᠤᠭᠰᠠᠨ	суусан	20
хатагтай	ᠨᠣᠶᠠᠳ	ноёд	96
хатагтай	ᠬ	х	32
хатагтай	ᠪ	б	28
хатаж	ᠪᠠᠶᠢᠭ᠎ᠠ	байгаа	7
хатаж	ᠭᠤᠨᠳᠠᠭᠰᠠᠨ	гундсан	7
хатаж	ᠪᠠᠶᠢᠨ᠎ᠠ	байна	6
хатан	ᠬᠠᠭᠠᠨ	хаан	184
хатан	ᠬᠠᠭᠠᠨ ᠤ	хааны	73
хатан	ᠲᠤᠭᠤᠯ	туул	50
хатгаа	ᠪᠣᠯᠵᠤ	болж	7
хатгаа	ᠡᠪᠡᠳᠴᠢᠨ	өвчин	7
хатгаа	ᠨᠢ	нь	5
хатгах	ᠡᠳ᠋	эд	13
хатгах	ᠶᠣᠰᠣᠲᠠᠢ	ёстой	5
хатдын	ᠨᠢᠭᠤᠴᠠ	нууц	32
хатдын	ᠲᠤᠤᠯᠢᠰ	туульс	15
хатдын	ᠲᠤᠬᠠᠢ	тухай	8
хатсан	ᠭᠠ	га	7
хатсан	ᠮᠣᠳᠣ	мод	7
хатсан	ᠮᠣᠳᠣᠳ ᠢ	моддыг	7
хатуу	ᠪᠣᠳᠣᠯᠭ᠎ᠠ	бодлого	173
хатуу	ᠪᠠᠶᠢᠷᠢ	байр	113
хатуу	ᠰᠢᠷᠦᠭᠦᠨ	ширүүн	71
хатуужил	ᠡᠷ᠎ᠡ	эр	7
хатуухан	ᠬᠡᠯᠡᠬᠦ ᠳᠦ	хэлэхэд	65
хатуухан	ᠬᠡᠯᠡᠪᠡᠯ	хэлбэл	22
хатуухан	ᠦᠭᠡ	үг	22
хаус	ᠬᠣᠷᠢᠶᠠᠯᠠᠯ	хороолол	18
хаус	ᠪᠠᠷᠢᠵᠤ	барьж	8
хаус	ᠬᠬᠺ	ххк	6
хахир	ᠬᠠᠲᠠᠭᠤ	хатуу	15
хахир	ᠬᠦᠢᠲᠡᠨ	хүйтэн	12
хахууль	ᠠᠪᠤᠭᠰᠠᠨ	авсан	101
хахууль	ᠥᠭᠭᠦᠭᠰᠡᠨ	өгсөн	66
хахууль	ᠠᠪᠴᠤ	авч	32
хацар	ᠳᠡᠭᠡᠷ᠎ᠡ	дээр	52
хацар	ᠳᠠᠭᠠᠨ	даган	16
хацар	ᠨᠢ	нь	13
хацрыг	ᠮᠢᠨᠢ	минь	18
хацрыг	ᠨᠢ	нь	14
хацрыг	ᠴᠢᠨᠢ	чинь	9
хачиг	ᠨᠢ	нь	70
хачиг	ᠤᠰᠠᠳᠬᠠᠭᠴᠢ	устгагч	15
хачиг	ᠪᠣᠯᠲᠠᠯ᠎ᠠ ᠪᠠᠨ	болтлоо	10
хачин	ᠵᠢᠭᠲᠡᠢ	жигтэй	35
хачин	ᠶᠡᠬᠡ	их	29
хачин	ᠶᠠᠭᠤᠮ᠎ᠠ	юм	25
хаш	ᠡᠷᠳᠡᠨᠢ	эрдэнэ	93
хаш	ᠡᠷᠳᠡᠨᠢ ᠶᠢᠨ	эрдэнийн	12
хаш	ᠴᠢᠯᠠᠭᠤᠨ	чулуун	6
хашаа	ᠪᠠᠶᠢᠰᠢᠩ	байшин	61
хашаа	ᠬᠣᠷᠤᠭ᠎ᠠ	хороо	22
хашаа	ᠷᠤ	руу	20
хашаанд	ᠨᠢ	нь	13
хашаанд	ᠪᠠᠶᠢᠷᠢᠯᠠᠬᠤ	байрлах	10
хашаанд	ᠭᠡᠷ	гэр	8
хашаандаа	ᠮᠣᠳᠣ	мод	15
хашааны	ᠳ᠋ᠤᠭᠠᠷ	дугаар	14
хашааны	ᠭᠠᠳᠠᠨ᠎ᠠ	гадна	12
хашааны	ᠭᠠᠵᠠᠷ	газар	8
хашгирч	ᠪᠠᠶᠢᠭᠰᠠᠨ	байсан	16
хашгирч	ᠪᠠᠶᠢᠭ᠎ᠠ	байгаа	8
хашир	ᠲᠤᠷᠰᠢᠯᠭ᠎ᠠ ᠲᠠᠢ	туршлагатай	51
хашир	ᠬᠦᠮᠦᠨ	хүн	10
хашир	ᠰᠠᠭᠤᠭᠰᠠᠨ	суусан	9
хаших	ᠡᠷᠬᠡ ᠶᠢ	эрхийг	15
хаших	ᠪᠣᠯᠤᠭᠰᠠᠨ	болсон	13
хаших	ᠨᠢ	нь	10
хашлага	ᠪᠠᠶᠢᠷᠢᠯᠠᠭᠤᠯᠵᠤ	байрлуулж	5
хаяа	ᠳᠡᠷᠡᠯᠡᠨ	дэрлэн	23
хаяа	ᠨᠢᠭᠡ	нэг	12
хаяа	ᠵᠠᠯᠭᠠᠨ	залган	6
хаяад	ᠶᠠᠪᠤᠭᠰᠠᠨ	явсан	27
хаяад	ᠶᠠᠪᠤᠬᠤ	явах	11
хаяад	ᠪᠠᠶᠢᠭ᠎ᠠ	байгаа	9
хаяанд	ᠢᠷᠡᠯ᠎ᠡ	ирлээ	37
хаяанд	ᠢᠷᠡᠭᠰᠡᠨ	ирсэн	33
хаяанд	ᠢᠷᠡᠵᠡᠢ	иржээ	16
хаяг	ᠨᠢ	нь	40
хаяг	ᠷᠤ	руу	32
хаяг	ᠱᠣᠰᠢᠭ᠎ᠠ	шошго	31
хаягдаж	ᠪᠠᠶᠢᠭ᠎ᠠ	байгаа	25
хаягдаж	ᠪᠠᠶᠢᠨ᠎ᠠ	байна	11
хаягдаж	ᠪᠣᠯᠬᠤ ᠦᠭᠡᠢ	болохгүй	7
хаягдал	ᠪᠤᠯᠠᠰᠢᠯᠠᠬᠤ	булшлах	43
хаягдал	ᠤᠰᠤ	ус	19
хаягдал	ᠨᠢ	нь	16
хаядаг	ᠪᠠᠶᠢᠭᠰᠠᠨ	байсан	9
хаядаг	ᠨᠢ	нь	9
хаядаг	ᠭᠡᠰᠡᠨ	гэсэн	5
хаяж	ᠪᠠᠶᠢᠭ᠎ᠠ	байгаа	48
хаяж	ᠰᠠᠶ᠋ᠢ	сая	40
хаяж	ᠪᠠᠶᠢᠨ᠎ᠠ	байна	34
хаялт	ᠵᠠᠷᠯᠠᠭᠰᠠᠨ	зарласан	17
хаялт	ᠵᠠᠷᠯᠠᠵᠤ	зарлаж	10
хаялт	ᠵᠣᠬᠢᠶᠠᠨ	зохион	10
хаяна	ᠭᠡᠵᠦ	гэж	11
хаяна	ᠭᠡᠳᠡᠭ	гэдэг	10
хаяна	ᠭᠡᠰᠡᠨ	гэсэн	10
хаясан	ᠴᠢᠯᠠᠭᠤ	чулуу	20
хаясан	ᠪᠠᠶᠢᠨ᠎ᠠ	байна	19
хаясан	ᠨᠢ	нь	19
хаях	ᠨᠢ	нь	28
хаях	ᠬᠡᠷᠡᠭᠲᠡᠢ	хэрэгтэй	21
хаях	ᠭᠡᠵᠦ	гэж	15
хдхв	ᠳᠣᠬᠣ	дох	310
хдхв	ᠡᠶᠢᠨ	ийн	184
хдхв	᠍ ᠤᠨ	ын	126
хздх	ᠡᠶᠢᠨ	ийн	54
хи	ᠰᠢᠭ	шиг	9
хи	ᠴᠤᠭᠤᠯᠬᠤ	цуулах	7
хиам	ᠴᠥᠴᠥᠭᠡᠢ	цөцгий	10
хивс	ᠵᠥᠭᠡᠯᠡᠨ	зөөлөн	10
хий	ᠰᠡᠨ	сэн	107
хий	ᠳᠡᠮᠡᠢ	дэмий	99
хий	ᠬᠣᠭᠣᠰᠣᠨ	хоосон	87
хийв	ᠦ᠋	үү	16
хийв	ᠮᠣᠩᠭᠣᠯ	монгол	13
хийв	ᠡ	ээ	10
хийвэл	ᠢᠯᠡᠭᠦᠦ	илүү	23
хийвэл	ᠦᠷ᠎ᠡ	үр	14
хийвэл	ᠰᠠᠶᠢᠨ	сайн	13
хийгддэг	ᠪᠠᠶᠢᠭᠰᠠᠨ	байсан	20
хийгддэг	ᠠᠵᠢᠯ	ажил	16
хийгддэг	ᠤᠴᠢᠷ ᠠᠴᠠ	учраас	10
хийгдсэн	ᠪᠠᠶᠢᠨ᠎ᠠ	байна	151
хийгдсэн	ᠪᠥᠭᠡᠳ	бөгөөд	42
хийгдсэн	ᠨᠢ	нь	34
хийгдэж	ᠪᠠᠶᠢᠭ᠎ᠠ	байгаа	666
хийгдэж	ᠪᠠᠶᠢᠨ᠎ᠠ	байна	322
хийгдэж	ᠪᠤᠢ	буй	243
хийгдэх	ᠶᠣᠰᠣᠲᠠᠢ	ёстой	79
хийгдэх	ᠶᠠᠭᠤᠮ᠎ᠠ	юм	63
хийгдэх	ᠬᠥᠷᠥᠩᠭᠡ	хөрөнгө	32
хийгээгүй	ᠪᠠᠶᠢᠨ᠎ᠠ	байна	78
хийгээгүй	ᠪᠠᠶᠢᠭ᠎ᠠ	байгаа	61
хийгээгүй	ᠶᠠᠭᠤᠮ᠎ᠠ	юм	41
хийгээд	ᠪᠠᠶᠢᠭ᠎ᠠ	байгаа	273
хийгээд	ᠪᠠᠶᠢᠨ᠎ᠠ	байна	214
хийгээд	ᠶᠠᠪᠤᠵᠤ	явж	203
хийгээрэй	ᠭᠡᠵᠦ	гэж	15
хийгээч	ᠡ	ээ	18
хийгээч	ᠭᠡᠵᠦ	гэж	10
хийгээч	ᠭᠡᠰᠡᠨ	гэсэн	7
хийд	ᠨᠢ	нь	9
хийд	ᠪᠠᠶᠢᠭᠰᠠᠨ	байсан	6
хийдгийг	ᠨᠢ	нь	9
хийдийн	ᠲᠡᠷᠢᠭᠦᠨ	тэргүүн	40
хийдийн	ᠬᠠᠩᠪᠤ	хамба	31
хийдийн	ᠯᠠᠮᠠ	лам	18
хийдэг	ᠪᠠᠶᠢᠭᠰᠠᠨ	байсан	328
хийдэг	ᠶᠠᠭᠤᠮ᠎ᠠ	юм	268
хийдэг	ᠪᠣᠯᠤᠭᠰᠠᠨ	болсон	142
хийдэггүй	ᠶᠠᠭᠤᠮ᠎ᠠ	юм	25
хийдэггүй	ᠪᠠᠶᠢᠭᠰᠠᠨ	байсан	21
хийдэггүй	ᠰᠢᠦ	шүү	6
хийе	ᠭᠡᠵᠦ	гэж	123
хийе	ᠭᠡᠰᠡᠨ	гэсэн	81
хийе	ᠭᠡᠪᠡᠯ	гэвэл	31
хийж	ᠪᠠᠶᠢᠭ᠎ᠠ	байгаа	4049
хийж	ᠪᠠᠶᠢᠨ᠎ᠠ	байна	2390
хийж	ᠪᠤᠢ	буй	1467
хийжээ	ᠭᠡᠵᠦ	гэж	6
хийл	ᠬᠥᠭᠵᠢᠮ ᠦᠨ	хөгжмийн	20
хийл	ᠬᠥᠭᠵᠢᠮ᠎ᠡ	хөгжим	12
хийл	ᠰᠡᠨ	сэн	11
хийлгэж	ᠪᠠᠶᠢᠭ᠎ᠠ	байгаа	157
хийлгэж	ᠪᠠᠶᠢᠨ᠎ᠠ	байна	97
хийлгэж	ᠪᠠᠶᠢᠭᠰᠠᠨ	байсан	66
хийлгэнэ	ᠭᠡᠵᠦ	гэж	13
хийлгэнэ	ᠭᠡᠰᠡᠨ	гэсэн	9
хийлгэсэн	ᠶᠠᠭᠤᠮ᠎ᠠ	юм	29
хийлгэсэн	ᠪᠠᠶᠢᠨ᠎ᠠ	байна	24
хийлгэсэн	ᠲᠣᠬᠢᠶᠠᠯᠳᠤᠯ ᠳᠤ	тохиолдолд	21
хийлгэх	ᠱᠠᠭᠠᠷᠳᠠᠯᠭ᠎ᠠ ᠲᠠᠢ	шаардлагатай	103
хийлгэх	ᠨᠢ	нь	68
хийлгэх	ᠶᠣᠰᠣᠲᠠᠢ	ёстой	53
хийлгэхгүй	ᠪᠠᠶᠢᠨ᠎ᠠ	байна	19
хийлгэхгүй	ᠪᠠᠶᠢᠬᠤ	байх	16
хийлгэхгүй	ᠭᠡᠵᠦ	гэж	12
хийлгүй	ᠡᠩ ᠦᠨ	энгийн	6
хийлгүй	ᠪᠠᠶᠢᠭᠰᠠᠭᠠᠷ	байсаар	5
хийлгүй	ᠶᠠᠬᠤᠪ	яахав	5
хийлч	ᠣ	о	24
хийлч	ᠴᠤ	ч	24
хийлч	ᠳ	д	8
хийлээ	ᠭᠡᠵᠦ	гэж	58
хийлээ	ᠭᠡᠬᠦ ᠳᠦ	гэхэд	34
хийлээ	ᠭᠡᠰᠡᠨ	гэсэн	26
хийморийг	ᠨᠢ	нь	6
хийморийн	ᠳᠠᠷᠠᠴᠠᠭ	дарцаг	16
хийморийн	ᠰᠠᠩ	сан	13
хийморийн	ᠣᠪᠣᠭ᠎ᠠ	овоо	9
хийморь	ᠨᠢ	нь	16
хийморь	ᠰᠡᠷᠭᠦᠭᠡᠭᠰᠡᠨ	сэргээсэн	8
хийморь	ᠰᠦᠯᠳᠡ	сүлд	8
хийморьтой	ᠡᠷ᠎ᠡ	эр	6
хийморьтой	ᠰᠠᠶᠢᠬᠠᠨ	сайхан	5
хиймэл	ᠳᠠᠭᠠᠭᠤᠯᠢ	дагуул	229
хиймэл	ᠣᠶᠤᠨ	оюун	54
хиймэл	ᠨᠠᠭᠤᠷ	нуур	31
хиймээр	ᠪᠠᠶᠢᠨ᠎ᠠ	байна	81
хиймээр	ᠪᠠᠶᠢᠭ᠎ᠠ	байгаа	13
хийн	ᠬᠣᠭᠣᠯᠠᠢ	хоолой	149
хийн	ᠭᠠᠷ	гар	146
хийн	ᠤᠷᠲᠤ	урт	93
хийнэ	ᠭᠡᠵᠦ	гэж	353
хийнэ	ᠭᠡᠰᠡᠨ	гэсэн	209
хийнэ	ᠭᠡᠳᠡᠭ	гэдэг	185
хийсвэр	ᠵᠢᠷᠤᠭ	зураг	20
хийсвэр	ᠵᠦᠢᠯ	зүйл	8
хийсвэр	ᠲᠣᠭ᠎ᠠ	тоо	5
хийсний	ᠳᠠᠷᠠᠭ᠎ᠠ	дараа	253
хийсний	ᠦᠷ᠎ᠡ	үр	65
хийсний	ᠦᠨᠳᠦᠰᠦᠨ	үндсэн	63
хийснийг	ᠨᠢ	нь	30
хийснийг	ᠲᠠ	та	9
хийснийг	ᠮᠡᠳᠡᠬᠦ ᠦᠭᠡᠢ	мэдэхгүй	8
хийснээ	ᠬᠦᠯᠢᠶᠡᠨ	хүлээн	7
хийснээрээ	ᠣᠨᠴᠠᠯᠢᠭ	онцлог	11
хийсэн	ᠶᠠᠭᠤᠮ᠎ᠠ	юм	1086
хийсэн	ᠪᠠᠶᠢᠨ᠎ᠠ	байна	1020
хийсэн	ᠨᠢ	нь	528
хийсэнгүй	ᠭᠡᠵᠦ	гэж	8
хийсээр	ᠢᠷᠡᠭᠰᠡᠨ	ирсэн	50
хийсээр	ᠪᠠᠶᠢᠨ᠎ᠠ	байна	46
хийсээр	ᠪᠠᠶᠢᠭ᠎ᠠ	байгаа	44
хийтэл	ᠨᠢ	нь	5
хийх	ᠭᠡᠵᠦ	гэж	1341
хийх	ᠶᠣᠰᠣᠲᠠᠢ	ёстой	1309
хийх	ᠶᠠᠭᠤᠮ᠎ᠠ	юм	1029
хийхгүй	ᠪᠣᠯ	бол	238
хийхгүй	ᠪᠠᠶᠢᠨ᠎ᠠ	байна	117
хийхгүй	ᠪᠠᠶᠢᠬᠤ	байх	98
хийхдээ	ᠡᠨᠡ	энэ	19
хийхдээ	ᠶᠠᠮᠠᠷ	ямар	13
хийхдээ	ᠨᠢᠭᠡ	нэг	10
хийхийг	ᠬᠦᠰᠴᠢ	хүсч	50
хийхийг	ᠬᠦᠰᠡᠭᠰᠡᠨ	хүссэн	35
хийхийг	ᠵᠣᠷᠢᠵᠤ	зорьж	29
хийхийн	ᠲᠤᠯᠠᠳᠠ	тулд	266
хийхийн	ᠵᠡᠷᠭᠡᠴᠡᠭᠡ	зэрэгцээ	46
хийхийн	ᠲᠥᠯᠥᠭᠡ	төлөө	42
хийхэд	ᠡᠶᠡᠷᠡᠭ	эерэг	124
хийхэд	ᠪᠡᠯᠡᠨ	бэлэн	80
хийхэд	ᠨᠢ	нь	75
хийхээ	ᠮᠡᠳᠡᠬᠦ ᠦᠭᠡᠢ	мэдэхгүй	17
хийхээ	ᠪᠣᠯᠢᠭᠰᠠᠨ	больсон	14
хийхээ	ᠮᠡᠳᠡᠭᠳᠡᠭᠡᠳ	мэдэгдээд	10
хийхээр	ᠪᠣᠯᠵᠠᠢ	болжээ	529
хийхээр	ᠲᠥᠯᠥᠪᠯᠡᠵᠦ	төлөвлөж	365
хийхээр	ᠪᠣᠯᠤᠭᠰᠠᠨ	болсон	362
хийхээс	ᠭᠠᠳᠠᠨ᠎ᠠ	гадна	102
хийхээс	ᠥᠭᠡᠷ᠎ᠡ	өөр	81
хийхээс	ᠠᠷᠭ᠎ᠠ ᠦᠭᠡᠢ	аргагүй	38
хийц	ᠨᠢ	нь	15
хийц	ᠵᠠᠭᠪᠤᠷ	загвар	13
хийц	ᠪᠦᠬᠦᠢ	бүхий	5
хийцтэй	ᠶᠠᠮᠠᠷ	ямар	5
хийчих	ᠶᠤᠮᠰᠠᠨ	юмсан	11
хийчих	ᠠᠵᠢᠯ	ажил	7
хийчих	ᠶᠠᠭᠤᠮ᠎ᠠ	юм	7
хийчихсэн	ᠶᠠᠭᠤᠮ᠎ᠠ	юм	24
хийчихсэн	ᠪᠠᠶᠢᠭ᠎ᠠ	байгаа	23
хийчихсэн	ᠪᠠᠶᠢᠨ᠎ᠠ	байна	12
хил	ᠳᠡᠭᠡᠷ᠎ᠡ	дээр	219
хил	ᠬᠠᠮᠠᠭᠠᠯᠠᠬᠤ	хамгаалах	214
хил	ᠳᠠᠮᠨᠠᠭᠰᠠᠨ	дамнасан	137
хилийг	ᠳᠠᠪᠠᠵᠤ	давж	6
хилийг	ᠪᠩᠬᠠᠤ	бнхау	5
хилийн	ᠴᠢᠨᠠᠳᠤ ᠳᠤ	чанадад	243
хилийн	ᠴᠡᠷᠢᠭ ᠦᠨ	цэргийн	140
хилийн	ᠪᠣᠭᠣᠮᠲᠠ	боомт	127
хилс	ᠬᠡᠷᠡᠭ ᠲᠦ	хэрэгт	104
хилс	ᠬᠡᠷᠡᠭ ᠢᠶᠡᠷ	хэргээр	48
хилс	ᠬᠡᠷᠡᠭ	хэрэг	14
хилсээр	ᠭᠦᠳᠬᠡᠵᠦ	гүтгэж	5
хилчин	ᠰᠫᠣᠷᠲ	спорт	89
хилчин	ᠬᠦᠷᠡᠯ	хүрэл	8
хилчин	ᠳ᠋ᠤᠭᠠᠷ	дугаар	6
хилэн	ᠬᠠᠷ᠎ᠠ	хар	16
хими	ᠪᠢᠣᠯᠣᠭᠢ	биологи	35
хими	ᠠᠩᠭᠯᠢ	англи	30
хими	ᠹᠢᠽᠢᠺ	физик	25
химийн	ᠪᠣᠳᠠᠰ	бодис	142
химийн	ᠬᠣᠣᠷᠲᠤ	хорт	138
химийн	ᠪᠣᠯᠤᠨ	болон	44
хип	ᠬᠣᠫ	хоп	349
хип	ᠬᠣᠫ ᠤᠨ	хопын	21
хип	ᠬᠣᠫ ᠢ	хопыг	16
хир	ᠪᠠᠶᠢᠨ᠎ᠠ	байна	8
хир	ᠪᠤᠷᠲᠠᠭ	буртаг	6
хир	ᠶᠡᠬᠡ	их	6
хит	ᠪᠣᠯᠵᠤ	болж	89
хит	ᠳᠠᠭᠤᠤ ᠨᠤᠭᠤᠳ	дуунууд	82
хит	ᠪᠣᠯᠤᠭᠰᠠᠨ	болсон	66
хичнээн	ᠬᠦᠮᠦᠨ	хүн	61
хичнээн	ᠶᠡᠬᠡ	их	50
хичнээн	ᠴᠤ	ч	50
хичээвэл	ᠵᠠᠶᠠᠭ᠎ᠠ	заяа	24
хичээгээд	ᠴᠤ	ч	8
хичээгээд	ᠯᠠ	л	5
хичээдэг	ᠴᠤ	ч	18
хичээдэг	ᠪᠠᠶᠢᠭᠰᠠᠨ	байсан	14
хичээдэг	ᠶᠠᠭᠤᠮ᠎ᠠ	юм	14
хичээж	ᠪᠠᠶᠢᠨ᠎ᠠ	байна	196
хичээж	ᠪᠠᠶᠢᠭ᠎ᠠ	байгаа	150
хичээж	ᠪᠤᠢ	буй	35
хичээл	ᠵᠢᠳᠬᠦᠯ	зүтгэл	178
хичээл	ᠳᠡᠭᠡᠷ᠎ᠡ	дээр	148
хичээл	ᠵᠢᠭᠠᠵᠤ	зааж	148
хичээлд	ᠨᠢ	нь	22
хичээлд	ᠰᠠᠭᠤᠵᠤ	сууж	18
хичээлд	ᠳᠤᠷᠠᠲᠠᠢ	дуртай	9
хичээлдээ	ᠳᠤᠷᠠᠲᠠᠢ	дуртай	39
хичээлдээ	ᠶᠠᠪᠤᠵᠤ	явж	23
хичээлдээ	ᠶᠡᠬᠡ	их	19
хичээлийн	ᠵᠢᠯ ᠳᠦ	жилд	791
хичээлийн	ᠰᠢᠨ᠎ᠡ	шинэ	523
хичээлийн	ᠵᠢᠯ ᠦᠨ	жилийн	274
хичээллэх	ᠨᠢ	нь	38
хичээллэх	ᠪᠣᠯᠤᠭᠰᠠᠨ	болсон	32
хичээллэх	ᠰᠣᠨᠢᠷᠬᠠᠯᠲᠠᠢ	сонирхолтой	23
хичээлээ	ᠲᠠᠷᠠᠭᠠᠳ	тараад	39
хичээлээ	ᠬᠡᠷᠬᠢᠨ	хэрхэн	29
хичээлээ	ᠶᠠᠪᠤᠭᠤᠯᠵᠤ	явуулж	19
хичээн	ᠠᠵᠢᠯᠯᠠᠵᠤ	ажиллаж	37
хичээн	ᠵᠢᠳᠬᠦᠵᠦ	зүтгэж	21
хичээн	ᠠᠵᠢᠯᠯᠠᠬᠤ	ажиллах	13
хичээнгүй	ᠪᠢᠴᠢᠬᠦ	бичих	7
хичээнгүй	ᠵᠠᠩ	зан	5
хичээнгүйлэн	ᠬᠦᠰᠡᠶ᠎ᠡ	хүсье	12
хичээнгүйлэн	ᠠᠵᠢᠯᠯᠠᠵᠤ	ажиллаж	7
хичээнгүйлэн	ᠬᠦᠰᠴᠢ	хүсч	7
хичээнэ	ᠡ	ээ	13
хичээнэ	ᠳ᠋ᠡ	дээ	10
хичээнэ	ᠭᠡᠵᠦ	гэж	9
хичээсэн	ᠴᠤ	ч	36
хичээсэн	ᠨᠢ	нь	16
хичээсэн	ᠳ᠋ᠡ	дээ	10
хичээх	ᠪᠣᠯᠤᠨ᠎ᠠ	болно	116
хичээх	ᠬᠡᠷᠡᠭᠲᠡᠢ	хэрэгтэй	46
хичээх	ᠨᠢ	нь	26
хишгийг	ᠨᠢ	нь	7
хишгээ	ᠵ	ж	5
хишгээ	ᠬᠠᠷᠠᠮ ᠦᠭᠡᠢ	харамгүй	5
хишиг	ᠬᠤᠪᠢ	хувь	59
хишиг	ᠬᠤᠪ ᠤᠨ	хувийн	54
хишиг	ᠠᠷᠪᠢᠨ	арвин	40
хишигтэн	ᠨᠡᠭᠦᠳᠡᠯᠴᠢᠨ	нүүдэлчин	27
хишигтэн	ᠣᠯᠠᠨ	олон	9
хкн	᠍ ᠤᠨ	ын	43
хо	ᠲᠣᠳᠣ	тод	14
хо	ᠨᠣᠭᠲᠣ	ногт	13
хо	ᠬᠢ	хи	12
хобби	ᠨᠢ	нь	21
хобби	ᠭᠡᠵᠦ	гэж	10
хобби	ᠪᠣᠯ	бол	5
хоббитой	ᠨᠢᠭᠡᠨ	нэгэн	5
хов	ᠵᠢᠪ	жив	73
хов	ᠬᠣᠭᠣᠰᠣᠨ	хоосон	26
хов	ᠵᠢᠪ ᠢᠶᠡᠷ	живээр	7
ховд	ᠠᠶᠢᠮᠠᠭ ᠤᠨ	аймгийн	893
ховд	ᠠᠶᠢᠮᠠᠭ	аймаг	144
ховд	ᠭᠣᠪᠢ	говь	89
ховор	ᠪᠠᠶᠢᠳᠠᠭ	байдаг	75
ховор	ᠨᠠᠨᠳᠢᠨ	нандин	59
ховор	ᠠᠮᠢᠲᠠᠨ	амьтан	51
ховорхон	ᠪᠣᠯᠤᠮᠵᠢ	боломж	28
ховорхон	ᠪᠣᠯᠤᠮᠵᠢ ᠶᠢ	боломжийг	20
ховорхон	ᠲᠣᠬᠢᠶᠠᠬᠤ	тохиох	14
хог	ᠬᠠᠶᠠᠭᠳᠠᠯ	хаягдал	289
хог	ᠳᠡᠭᠡᠷ᠎ᠡ	дээр	36
хог	ᠪᠣᠯᠪᠠᠰᠤᠷᠠᠭᠤᠯᠬᠤ	боловсруулах	30
хоггүй	ᠤᠯᠠᠭᠠᠨᠪᠠᠭᠠᠲᠤᠷ	улаанбаатар	11
хоггүй	ᠴᠡᠪᠡᠷ	цэвэр	11
хогийг	ᠴᠡᠪᠡᠷᠯᠡᠵᠦ	цэвэрлэж	22
хогийг	ᠨᠢ	нь	21
хогийг	ᠴᠡᠪᠡᠷᠯᠡᠬᠦ	цэвэрлэх	14
хогийн	ᠴᠡᠭ	цэг	105
хогийн	ᠰᠠᠪᠠ	сав	88
хогийн	ᠴᠡᠭ ᠲᠦ	цэгт	54
хогоо	ᠢᠯᠡ	ил	15
хогоо	ᠬᠣᠭ ᠤᠨ	хогийн	9
хогоо	ᠬᠠᠶᠠᠵᠤ	хаяж	6
хогшил	ᠬᠤᠳᠠᠯᠳᠤᠨ	худалдан	11
хогшил	ᠺᠣᠮᠫᠢᠶᠦ᠋ᠲ᠋ᠧᠷ	компьютер	5
ход	ᠬᠣᠳᠣ	ход	7
ходоод	ᠭᠡᠳᠡᠰᠦ	гэдэс	33
ходоод	ᠨᠢ	нь	29
ходоод	ᠤᠯᠠᠭᠠᠨ	улаан	11
хожигдсон	ᠴᠤ	ч	64
хожигдсон	ᠶᠠᠭᠤᠮ᠎ᠠ	юм	59
хожигдсон	ᠪᠠᠶᠢᠨ᠎ᠠ	байна	38
хожид	ᠪᠠᠶᠢᠭ᠎ᠠ ᠦᠭᠡᠢ	байгаагүй	37
хожиж	ᠪᠠᠶᠢᠭᠰᠠᠨ	байсан	76
хожиж	ᠬᠠᠭᠠᠰ	хагас	37
хожиж	ᠨᠢᠭᠡ	нэг	33
хожил	ᠨᠢᠭᠡ	нэг	92
хожил	ᠠᠪᠴᠤ	авч	79
хожил	ᠬᠣᠶᠠᠷ	хоёр	57
хожим	ᠨᠢ	нь	200
хожим	ᠬᠣᠶᠢᠨ᠎ᠠ	хойно	16
хожим	ᠣᠨ ᠳᠤ	онд	15
хожимдсон	ᠴᠤ	ч	7
хожих	ᠶᠣᠰᠣᠲᠠᠢ	ёстой	30
хожих	ᠨᠢ	нь	25
хожих	ᠪᠣᠯᠤᠮᠵᠢ ᠲᠠᠢ	боломжтой	23
хожуу	ᠦᠶᠡᠳᠡᠭᠡ	үедээ	27
хожуу	ᠪᠤᠶᠤ	буюу	19
хожуу	ᠴᠤ	ч	18
хой	ᠬᠡᠮᠵᠢᠶᠡᠨ ᠳᠦ	хэмжээнд	10
хой	ᠰᠢᠬᠢ	ших	5
хойгуур	ᠨᠢ	нь	28
хойгуур	ᠤᠷᠳᠤᠭᠤᠷ	урдуур	7
хойд	ᠠᠽᠢᠶ᠎ᠠ ᠶᠢᠨ	азийн	385
хойд	ᠰᠣᠯᠣᠩᠭᠣᠰ	солонгос	154
хойд	ᠬᠥᠷᠰᠢ	хөрш	146
хойморт	ᠮᠣᠩᠭᠣᠯ	монгол	8
хойморт	ᠨᠢ	нь	6
хойно	ᠨᠢ	нь	173
хойно	ᠪᠠᠶᠢᠷᠢᠯᠠᠬᠤ	байрлах	29
хойно	ᠳ᠋ᠠ	доо	19
хойноо	ᠴᠤ	ч	27
хойноо	ᠯᠠ	л	18
хойноо	ᠥᠪᠡᠷ ᠢ ᠪᠡᠨ	өөрийгөө	5
хойноос	ᠪᠤᠰᠤᠳ	бусад	181
хойноос	ᠨᠢ	нь	53
хойноос	ᠡᠳᠦᠷ ᠲᠦ ᠪᠡᠨ	өдөртөө	22
хойрго	ᠬᠠᠨᠳᠤᠵᠤ	хандаж	28
хойрго	ᠬᠠᠨᠳᠤᠳᠠᠭ	ханддаг	14
хойрго	ᠬᠠᠨᠳᠤᠭᠰᠠᠨ	хандсан	11
хойт	ᠡᠴᠢᠭᠡ	эцэг	5
хойтон	ᠵᠢᠯ	жил	32
хойтон	ᠵᠢᠯ ᠦᠨ	жилийн	12
хойч	ᠦᠶᠡᠳᠡᠭᠡ	үедээ	268
хойч	ᠦᠶ᠎ᠡ	үе	97
хойч	ᠦᠶᠡ	үеэ	47
хойчдоо	ᠥᠪᠯᠡᠭᠦᠯᠬᠦ	өвлүүлэх	5
хойш	ᠡᠷᠭᠢᠵᠦ	эргэж	551
хойш	ᠵᠢᠯ	жил	304
хойш	ᠬᠣᠶᠠᠷ	хоёр	219
хойшид	ᠴᠤ	ч	43
хойшид	ᠬᠡᠷᠬᠢᠨ	хэрхэн	5
хойшид	ᠡᠨᠡ	энэ	5
хойших	ᠨᠢᠭᠡᠳᠦᠭᠰᠡᠨ	нэгдсэн	48
хойших	ᠬᠠᠮᠤᠭ ᠤᠨ	хамгийн	23
хойших	ᠬᠥᠭᠵᠢᠯ ᠦᠨ	хөгжлийн	18
хойшлоод	ᠪᠠᠶᠢᠭᠰᠠᠨ	байсан	45
хойшлоод	ᠪᠠᠶᠢᠭ᠎ᠠ	байгаа	36
хойшлоод	ᠪᠠᠶᠢᠨ᠎ᠠ	байна	20
хойшлох	ᠨᠢ	нь	11
хойшлох	ᠪᠣᠯᠤᠭᠰᠠᠨ	болсон	9
хойшлох	ᠲᠤᠰᠤᠮ	тусам	8
хойшлуулах	ᠬᠦᠰᠡᠯᠲᠡ	хүсэлт	80
хойшлуулах	ᠰᠠᠨᠠᠯ	санал	37
хойшлуулах	ᠨᠢ	нь	35
хойшлуулсан	ᠶᠠᠭᠤᠮ᠎ᠠ	юм	104
хойшлуулсан	ᠪᠠᠶᠢᠨ᠎ᠠ	байна	103
хойшлуулсан	ᠪᠢᠯᠡ	билээ	28
хойшоо	ᠬᠠᠷᠠᠭᠰᠠᠨ	харсан	8
хойшоо	ᠤᠷᠤᠭᠰᠢ ᠪᠠᠨ	урагшаа	6
хойшоо	ᠥᠷᠭᠡᠨ	өргөн	5
хойшхи	ᠬᠤᠷᠠᠯᠳᠤᠭᠠᠨ	хуралдаан	178
хойшхи	ᠬᠠᠮᠤᠭ ᠤᠨ	хамгийн	69
хойшхи	ᠬᠤᠭᠤᠴᠠᠭᠠᠨ ᠳᠤ	хугацаанд	55
хол	ᠭᠠᠵᠠᠷ	газар	168
хол	ᠳᠠᠪᠤᠰᠤᠨ	давсан	72
хол	ᠶᠠᠪᠤᠬᠤ ᠦᠭᠡᠢ	явахгүй	66
холбогдогч	ᠨᠢ	нь	26
холбогдол	ᠪᠦᠬᠦᠢ	бүхий	711
холбогдол	ᠥᠭᠴᠦ	өгч	552
холбогдол	ᠨᠢ	нь	163
холбогдон	ᠭᠠᠷᠬᠤ	гарах	36
холбогдон	ᠠᠵᠢᠯᠯᠠᠬᠤ	ажиллах	27
холбогдон	ᠡᠭᠦᠰᠬᠦ	үүсэх	16
холбогдоно	ᠤᠤ	уу	35
холбогдоно	ᠭᠡᠵᠦ	гэж	6
холбогдох	ᠪᠤᠰᠤᠳ	бусад	1862
холбогдох	ᠬᠡᠷᠡᠭ ᠢ	хэргийг	1001
холбогдох	ᠬᠠᠤᠯᠢ	хууль	516
холбогдсон	ᠶᠠᠭᠤᠮ᠎ᠠ	юм	64
холбогдсон	ᠨᠢ	нь	39
холбогдсон	ᠥᠭᠡᠷᠡᠴᠢᠯᠡᠯᠲᠡ	өөрчлөлт	36
холбогдуулаад	ᠪᠠᠶᠢᠭ᠎ᠠ	байгаа	7
холбогдуулан	ᠤᠡᠬ	уих	206
холбогдуулан	ᠤᠯᠤᠰ ᠤᠨ	улсын	157
холбогдуулан	ᠰᠢᠯᠭᠠᠵᠤ	шалгаж	143
холбож	ᠥᠭᠬᠦ	өгөх	39
холбож	ᠥᠭᠭᠦᠭᠰᠡᠨ	өгсөн	25
холбож	ᠪᠠᠶᠢᠭ᠎ᠠ	байгаа	22
холболт	ᠪᠦᠬᠦᠢ	бүхий	10
холболт	ᠪᠣᠯᠤᠨ	болон	7
холболт	ᠨᠢ	нь	7
холбон	ᠲᠠᠶᠢᠯᠪᠤᠷᠢᠯᠠᠵᠤ	тайлбарлаж	199
холбон	ᠲᠣᠭᠯᠠᠭᠴᠢ	тоглогч	117
холбон	ᠲᠠᠶᠢᠯᠪᠤᠷᠢᠯᠠᠬᠤ	тайлбарлах	25
холбоно	ᠭᠡᠰᠡᠨ	гэсэн	7
холбоно	ᠭᠡᠵᠦ	гэж	6
холбоо	ᠮᠣᠩᠭᠣᠯ ᠤᠨ	монголын	270
холбоо	ᠬᠠᠮᠲᠤᠷᠠᠨ	хамтран	252
холбоо	ᠪᠣᠯᠤᠨ	болон	215
холбоод	ᠬᠠᠮᠲᠤᠷᠠᠨ	хамтран	21
холбоод	ᠲᠥᠷᠥ ᠶᠢᠨ	төрийн	20
холбоод	ᠪᠣᠯᠤᠨ	болон	15
холбоос	ᠨᠢ	нь	18
холбоос	ᠳᠡᠭᠡᠷ᠎ᠡ	дээр	10
холбоос	ᠲᠠᠰᠤᠷᠠᠭᠰᠠᠨ	тасарсан	6
холбоотой	ᠠᠰᠠᠭᠤᠳᠠᠯ	асуудал	448
холбоотой	ᠶᠠᠭᠤᠮ᠎ᠠ	юм	399
холбоотой	ᠭᠡᠵᠦ	гэж	336
холбосон	ᠲᠡᠮᠦᠷ	төмөр	50
холбосон	ᠠᠦ᠋ᠲ᠋ᠣ᠋	авто	22
холбосон	ᠺᠮ	км	13
холбох	ᠠᠵᠢᠯ ᠢ	ажлыг	36
холбох	ᠺᠮ	км	31
холбох	ᠨᠢ	нь	27
холгүй	ᠪᠠᠶᠢᠭ᠎ᠠ	байгаа	23
холгүй	ᠤᠷᠤᠰᠢᠬᠤ	орших	22
холгүй	ᠪᠠᠶᠢᠨ᠎ᠠ	байна	13
холдож	ᠪᠠᠶᠢᠭ᠎ᠠ	байгаа	11
холдож	ᠴᠢᠳᠠᠬᠤ ᠦᠭᠡᠢ	чадахгүй	10
холдож	ᠪᠠᠶᠢᠨ᠎ᠠ	байна	8
холдон	ᠣᠳᠤᠭᠰᠠᠨ	одсон	13
холдон	ᠣᠳᠤᠯ᠎ᠠ	одлоо	6
холдоод	ᠪᠠᠶᠢᠨ᠎ᠠ	байна	11
холдоод	ᠪᠠᠶᠢᠭ᠎ᠠ	байгаа	6
холдуулж	ᠴᠢᠳᠠᠭᠰᠠᠨ	чадсан	5
холимог	ᠬᠣᠣᠰ ᠤᠨ	хосын	84
холимог	ᠬᠣᠣᠰ	хос	49
холимог	ᠪᠠᠭ ᠤᠨ	багийн	33
холоос	ᠢᠷᠡᠭᠰᠡᠨ	ирсэн	14
холоос	ᠢᠷᠡᠵᠦ	ирж	8
холоос	ᠬᠠᠷᠠᠬᠤ ᠳᠤ	харахад	8
холуур	ᠥᠩᠭᠡᠷᠡᠬᠦ	өнгөрөх	6
холч	ᠮᠣᠷᠢᠳ ᠤᠨ	морьдын	10
холч	ᠤᠬᠠᠭᠠᠨ	ухаан	9
холыг	ᠬᠠᠷᠠᠵᠤ	харж	14
холыг	ᠬᠠᠷᠠᠭᠰᠠᠨ	харсан	12
холыг	ᠬᠠᠷᠠᠬᠤ	харах	6
холын	ᠵᠠᠶᠢᠨ ᠠᠴᠠ	зайнаас	44
холын	ᠵᠠᠮ ᠳᠤ	замд	35
холын	ᠬᠣᠯᠠ	хол	29
хом	ᠡ	ээ	18
хом	ᠡᠶᠢᠭ	ийг	8
хом	ᠲ	т	6
хомс	ᠪᠠᠶᠢᠨ᠎ᠠ	байна	47
хомс	ᠪᠠᠶᠢᠭ᠎ᠠ	байгаа	37
хомс	ᠪᠠᠶᠢᠳᠠᠭ	байдаг	33
хомсдол	ᠡᠭᠦᠰᠴᠢ	үүсч	27
хомсдол	ᠪᠤᠢ	бий	26
хомсдол	ᠡᠭᠦᠰᠬᠦ	үүсэх	25
хомсдох	ᠨᠢ	нь	11
хомсдох	ᠰᠢᠯᠲᠠᠭᠠᠨ	шалтгаан	6
хомсдох	ᠡᠷᠦᠰᠳᠡᠯ	эрсдэл	5
хон	ᠨᠠᠰᠤᠲᠠᠢ	настай	40
хон	ᠨᠠᠰᠤᠨ ᠳᠤ ᠪᠠᠨ	насандаа	21
хон	ᠵᠢᠯ ᠦᠨ	жилийн	10
хонгил	ᠨᠢ	нь	6
хонгилын	ᠦᠵᠦᠭᠦᠷ ᠲᠦ	үзүүрт	33
хонгилын	ᠦᠵᠦᠭᠦᠷ	үзүүр	6
хонгор	ᠮᠢᠨᠢ	минь	196
хонгор	ᠬᠠᠯᠵᠠᠨ	халзан	51
хонгор	ᠰᠤᠮᠤ ᠶᠢᠨ	сумын	38
хонгорзул	ᠪ	б	11
хонгорзул	ᠨᠠᠷᠠ	нар	7
хонгорзул	ᠭᠡᠬᠦ	гэх	6
хонжоо	ᠤᠯᠬᠤ	олох	27
хонжоо	ᠬᠠᠶᠢᠰᠠᠩ	хайсан	24
хонжоо	ᠬᠠᠷᠠᠭᠰᠠᠨ	харсан	17
хонин	ᠵᠢᠯ ᠦᠨ	жилийн	74
хонин	ᠲᠣᠯᠣᠭᠠᠢ ᠳᠤ	толгойд	35
хонин	ᠰᠦᠷᠦᠭ ᠦᠨ	сүргийн	10
хонины	ᠮᠢᠬ᠎ᠠ	мах	160
хонины	ᠴᠤᠯ	цул	45
хонины	ᠮᠢᠬ᠎ᠠ ᠶᠢ	махыг	44
хонио	ᠬᠠᠷᠢᠭᠤᠯᠵᠤ	хариулж	7
хонио	ᠴᠢᠨᠤᠨ ᠳᠤ	чононд	5
хоног	ᠪᠦᠷᠢ ᠶᠢᠨ	бүрийн	367
хоног	ᠪᠦᠷ	бүр	200
хоног	ᠦᠯᠡᠳᠡᠯ᠎ᠡ	үлдлээ	105
хоногийг	ᠥᠩᠭᠡᠷᠡᠭᠡᠵᠦ	өнгөрөөж	18
хоногийг	ᠳᠠᠭᠤᠰᠲᠠᠯ᠎ᠠ	дуустал	10
хоногийг	ᠥᠩᠭᠡᠷᠡᠭᠦᠯᠵᠦ	өнгөрүүлж	8
хоногийн	ᠡᠮᠦᠨ᠎ᠡ	өмнө	1212
хоногийн	ᠳᠠᠷᠠᠭ᠎ᠠ	дараа	901
хоногийн	ᠳᠣᠲᠣᠷ᠎ᠠ	дотор	893
хоногоор	ᠬᠣᠶᠢᠰᠢᠯᠠᠯ᠎ᠠ	хойшиллоо	12
хоногоор	ᠰᠤᠩᠭᠠᠵᠤ	сунгаж	10
хоногоор	ᠬᠣᠶᠢᠰᠢᠯᠠᠭᠤᠯᠤᠭᠰᠠᠨ	хойшлуулсан	10
хоногоос	ᠡᠬᠢᠯᠡᠨ	эхлэн	48
хоногоос	ᠳᠡᠭᠡᠭᠰᠢ	дээш	18
хоногоос	ᠡᠬᠢᠯᠡᠵᠦ	эхэлж	15
хоногт	ᠤᠡᠬ	уих	202
хоногт	ᠨᠢᠭᠡ	нэг	112
хоногт	ᠪᠣᠯᠤᠭᠰᠠᠨ	болсон	71
хоногшсон	ᠣᠯᠠᠨ	олон	8
хоногшсон	ᠳᠠᠭᠤᠤ ᠨᠤᠭᠤᠳ	дуунууд	6
хоногшсон	ᠳᠠᠭᠤᠤ ᠨᠤᠭᠤᠳ ᠢ	дуунуудыг	6
хонож	ᠪᠠᠶᠢᠨ᠎ᠠ	байна	149
хонож	ᠪᠠᠶᠢᠭ᠎ᠠ	байгаа	83
хонож	ᠪᠤᠢ	буй	25
хонолоо	ᠳ᠋ᠠ	доо	5
хоноод	ᠯᠠ	л	13
хоноод	ᠮᠠᠷᠭᠠᠰᠢ	маргааш	7
хоноод	ᠢᠷᠡᠭᠰᠡᠨ	ирсэн	5
хоносон	ᠬᠣᠭᠣᠯᠠ	хоол	21
хоносон	ᠵᠢᠷᠭᠤᠭᠠᠨ	зургаан	20
хоносон	ᠴᠤ	ч	12
хонох	ᠶᠠᠭᠤᠮ᠎ᠠ	юм	10
хонох	ᠨᠢ	нь	6
хонх	ᠨᠢ	нь	11
хонх	ᠤᠶᠠᠵᠤ	уяж	8
хонхны	ᠳᠠᠭᠤᠤ	дуу	91
хонхны	ᠪᠠᠶᠠᠷ	баяр	26
хонхны	ᠪᠠᠶᠠᠷ ᠤᠨ	баярын	13
хонь	ᠨᠣᠬᠠᠢ	нохой	66
хонь	ᠢᠮᠠᠭ᠎ᠠ	ямаа	57
хонь	ᠵᠢᠯ ᠦᠨ	жилийн	31
хоол	ᠬᠦᠨᠡᠰᠦ	хүнс	452
хоол	ᠬᠦᠨᠡᠰᠦᠨ ᠦ	хүнсний	249
хоол	ᠪᠣᠯᠪᠠᠰᠤᠷᠠᠭᠤᠯᠬᠤ	боловсруулах	181
хоолгүй	ᠵᠢᠳᠬᠦᠵᠦ	зүтгэж	6
хоолгүй	ᠬᠤᠨᠤᠬᠤ	хонох	5
хооллож	ᠪᠠᠶᠢᠭ᠎ᠠ	байгаа	12
хооллож	ᠪᠠᠶᠢᠭᠰᠠᠨ	байсан	10
хооллож	ᠪᠠᠶᠢᠬᠤ	байх	6
хооллох	ᠨᠢ	нь	37
хооллох	ᠬᠡᠷᠡᠭᠲᠡᠢ	хэрэгтэй	14
хооллох	ᠲᠣᠭᠯᠠᠭᠤᠯᠬᠤ	тоглуулах	8
хоолны	ᠬᠣᠣᠷᠳᠠᠯᠭ᠎ᠠ	хордлого	104
хоолны	ᠳᠢᠭᠯᠢᠮ	дэглэм	88
хоолны	ᠭᠠᠵᠠᠷ	газар	76
хоолой	ᠨᠢ	нь	107
хоолой	ᠲᠠᠯᠪᠢᠬᠤ	тавих	33
хоолой	ᠪᠣᠯᠵᠤ	болж	22
хоолойг	ᠨᠢ	нь	56
хоолойг	ᠰᠤᠨᠤᠰᠬᠤ	сонсох	24
хоолойг	ᠮᠣᠩᠭᠣᠯ ᠤᠨ	монголын	17
хоолойгоо	ᠬᠦᠷᠭᠡᠵᠦ	хүргэж	21
хоолойгоо	ᠨᠢᠭᠡᠳᠬᠡᠨ	нэгтгэн	18
хоолойгоо	ᠨᠢᠭᠡᠳᠬᠡᠵᠦ	нэгтгэж	17
хоолойгоор	ᠨᠢ	нь	14
хоолойгоор	ᠲᠦᠷᠢ	түр	11
хоолойгоор	ᠳᠠᠮᠵᠢᠭᠤᠯᠤᠨ	дамжуулан	10
хоолойд	ᠤᠲᠤᠯᠭ᠎ᠠ	утлага	16
хоолойд	ᠨᠢ	нь	6
хоолойд	ᠲᠤᠯᠤᠭᠰᠠᠨ	тулсан	6
хоолойн	ᠪᠠᠭᠲᠠᠷᠠᠭ᠎ᠠ	багтраа	48
хоолойн	ᠮᠡᠰᠡ	мэс	24
хоолойн	ᠦᠷᠪᠢᠰᠦᠯ	үрэвсэл	12
хоолойтой	ᠳᠠᠭᠤᠴᠢᠨ	дуучин	9
хоолойтой	ᠬᠦᠮᠦᠨ	хүн	7
хоолонд	ᠳᠤᠷ᠎ᠠ ᠦᠭᠡᠢ	дургүй	42
хоолонд	ᠳᠤᠷᠠᠲᠠᠢ	дуртай	17
хоолонд	ᠨᠢ	нь	16
хоолоо	ᠣᠯᠵᠤ	олж	50
хоолоо	ᠢᠳᠡᠵᠦ	идэж	18
хоолоо	ᠬᠢᠵᠦ	хийж	13
хоолоор	ᠦᠢᠯᠡᠴᠢᠯᠡᠵᠦ	үйлчилж	5
хоолоор	ᠦᠢᠯᠡᠴᠢᠯᠡᠬᠦ	үйлчлэх	5
хоолыг	ᠨᠢ	нь	49
хоолыг	ᠬᠤᠪᠢᠶᠠᠷᠢ	хувиар	11
хоолыг	ᠪᠢᠳᠡ	бид	5
хооронд	ᠳ᠋ᠢᠫᠯᠣᠮᠠᠲ	дипломат	472
хооронд	ᠨᠢ	нь	350
хооронд	ᠪᠠᠶᠢᠭᠤᠯᠤᠭᠰᠠᠨ	байгуулсан	330
хоорондоо	ᠶᠠᠷᠢᠯᠴᠠᠵᠤ	ярилцаж	36
хоорондоо	ᠤᠶᠠᠯᠳᠤᠭ᠎ᠠ	уялдаа	35
хоорондоо	ᠶᠠᠮᠠᠷ	ямар	31
хоорондох	ᠵᠠᠢ	зай	11
хоорондох	ᠬᠠᠷᠢᠯᠴᠠᠭ᠎ᠠ	харилцаа	8
хоорондох	ᠬᠤᠳᠠᠯᠳᠤᠭ᠎ᠠ	худалдаа	8
хоорондын	ᠬᠠᠮᠲᠤ ᠶᠢᠨ	хамтын	325
хоорондын	ᠬᠡᠯᠡᠯᠴᠡᠭᠡᠷ	хэлэлцээр	236
хоорондын	ᠬᠠᠷᠢᠯᠴᠠᠭ᠎ᠠ	харилцаа	185
хоосон	ᠣᠷᠣᠨ	орон	26
хоосон	ᠪᠠᠶᠢᠭ᠎ᠠ	байгаа	20
хоосон	ᠵᠦᠢᠯ	зүйл	20
хоп	ᠤᠷᠠᠯᠢᠭ ᠤᠨ	урлагийн	13
хоп	ᠬᠠᠮᠲᠤᠯᠢᠭ	хамтлаг	13
хоп	ᠤᠷᠠᠯᠢᠭ	урлаг	9
хор	ᠤᠷᠰᠢᠭ	уршиг	209
хор	ᠬᠣᠬᠢᠷᠠᠯ	хохирол	109
хор	ᠬᠥᠨᠥᠭᠡᠯ	хөнөөл	98
хорвоо	ᠳᠡᠭᠡᠷ᠎ᠡ	дээр	95
хорвоо	ᠳᠡᠯᠡᠬᠡᠢ	дэлхий	37
хорвоо	ᠶᠢᠷᠲᠢᠨᠴᠦ	ертөнц	22
хорвоог	ᠣᠷᠬᠢᠭᠰᠠᠨ	орхисон	48
хорвоог	ᠣᠷᠬᠢᠵᠤ	орхиж	16
хорвоог	ᠬᠠᠮᠲᠤ ᠳᠤ ᠪᠠᠨ	хамтдаа	14
хорвоогийн	ᠮᠥᠩᠬᠡ	мөнх	76
хорвоогийн	ᠬᠠᠮᠤᠭ ᠤᠨ	хамгийн	31
хорвоогийн	ᠵᠢᠮ᠎ᠠ	жам	23
хорвоогоос	ᠪᠤᠴᠠᠭᠰᠠᠨ	буцсан	7
хорвоод	ᠭᠠᠭᠴᠠᠬᠠᠨ	ганцхан	43
хорвоод	ᠮᠡᠨᠳᠦᠯᠡᠭᠰᠡᠨ	мэндэлсэн	22
хорвоод	ᠪᠢ	би	15
хоргүй	ᠬᠠᠪᠤᠳᠠᠷ	хавдар	40
хоргүй	ᠭᠡᠵᠦ	гэж	19
хоргүй	ᠭᠡᠰᠡᠨ	гэсэн	17
хордлого	ᠲᠠᠶᠢᠯᠬᠤ	тайлах	62
хордлого	ᠠᠪᠤᠭᠰᠠᠨ	авсан	26
хордлого	ᠠᠪᠴᠤ	авч	13
хориг	ᠠᠷᠭ᠎ᠠ	арга	187
хориг	ᠲᠠᠯᠪᠢᠬᠤ	тавих	78
хориг	ᠲᠠᠯᠪᠢᠭᠰᠠᠨ	тавьсан	65
хоригдоод	ᠪᠠᠶᠢᠭ᠎ᠠ	байгаа	15
хоригдоод	ᠪᠠᠶᠢᠨ᠎ᠠ	байна	7
хоригдоод	ᠪᠠᠶᠢᠭᠰᠠᠨ	байсан	6
хоригдсон	ᠡᠲᠡᠭᠡᠳ	этгээд	8
хоригдсон	ᠨᠢ	нь	6
хоригдсон	ᠬᠣᠨᠣᠭ ᠢ	хоногийг	6
хориглож	ᠪᠠᠶᠢᠭ᠎ᠠ	байгаа	44
хориглож	ᠪᠠᠶᠢᠭᠰᠠᠨ	байсан	23
хориглож	ᠪᠠᠶᠢᠨ᠎ᠠ	байна	10
хориглоод	ᠪᠠᠶᠢᠭ᠎ᠠ	байгаа	21
хориглоод	ᠪᠠᠶᠢᠨ᠎ᠠ	байна	9
хориглоод	ᠪᠠᠶᠢᠭᠰᠠᠨ	байсан	8
хориглох	ᠲᠤᠬᠠᠢ	тухай	326
хориглох	ᠨᠢ	нь	29
хориглох	ᠵᠢᠭᠠᠯᠲᠠ	заалт	18
хорин	ᠵᠢᠯ ᠦᠨ	жилийн	147
хорин	ᠵᠢᠯ	жил	101
хорин	ᠲᠠᠪᠤᠨ	таван	52
хорио	ᠴᠡᠭᠡᠷ	цээр	60
хорио	ᠲᠣᠭᠲᠠᠭᠠᠭᠰᠠᠨ	тогтоосон	16
хорио	ᠲᠣᠭᠲᠠᠭᠠᠵᠤ	тогтоож	9
хориод	ᠪᠠᠶᠢᠭ᠎ᠠ	байгаа	66
хориод	ᠵᠢᠯ	жил	29
хориод	ᠵᠢᠯ ᠦᠨ	жилийн	25
хориотой	ᠪᠠᠶᠢᠳᠠᠭ	байдаг	23
хориотой	ᠪᠠᠶᠢᠭᠰᠠᠨ	байсан	18
хориотой	ᠪᠣᠳᠠᠰ	бодис	13
хорих	ᠢᠯᠠ	ял	1634
хорих	ᠠᠩᠭᠢ ᠳᠤ	ангид	641
хорих	ᠠᠩᠭᠢ ᠶᠢᠨ	ангийн	259
хорлож	ᠪᠠᠶᠢᠭ᠎ᠠ	байгаа	7
хорлож	ᠪᠠᠶᠢᠨ᠎ᠠ	байна	7
хорлосон	ᠬᠡᠷᠡᠭ	хэрэг	11
хорлосон	ᠪᠠᠶᠢᠵᠤ	байж	9
хорлосон	ᠭᠡᠵᠦ	гэж	9
хорлох	ᠭᠡᠵᠦ	гэж	20
хорлох	ᠭᠡᠰᠡᠨ	гэсэн	6
хорлох	ᠲᠤᠬᠠᠢ	тухай	5
хормой	ᠨᠢ	нь	9
хормойгоо	ᠠᠪᠴᠤ	авч	13
хормойгоо	ᠨᠥᠬᠥᠬᠥ	нөхөх	9
хормойгоо	ᠨᠥᠬᠥᠵᠦ	нөхөж	8
хормын	ᠡᠮᠦᠨ᠎ᠡ	өмнө	28
хормын	ᠳᠣᠲᠣᠷ᠎ᠠ	дотор	25
хормын	ᠲᠡᠳᠦᠢ ᠳᠦ	төдийд	16
хорогдсон	ᠪᠠᠶᠢᠨ᠎ᠠ	байна	16
хорогдсон	ᠮᠠᠯ ᠤᠨ	малын	9
хорогдсон	ᠨᠢ	нь	7
хором	ᠶᠠᠷᠢᠯᠴᠠᠯ᠎ᠠ	ярилцлаа	197
хором	ᠶᠠᠷᠢᠯᠴᠠᠭᠰᠠᠨ	ярилцсан	34
хором	ᠮᠥᠴᠢ	мөч	25
хоромхон	ᠵᠠᠭᠤᠷ᠎ᠠ	зуур	32
хоромхон	ᠵᠠᠭᠤᠷ᠎ᠠ ᠳᠤ	зуурт	10
хоромхон	ᠬᠤᠭᠤᠴᠠᠭᠠᠨ ᠳᠤ	хугацаанд	10
хорон	ᠰᠠᠨᠠᠭ᠎ᠠ	санаа	15
хорон	ᠮᠠᠭᠤ	муу	9
хороо	ᠨᠢ	нь	270
хороо	ᠪᠣᠯᠤᠨ	болон	247
хороо	ᠷ	р	220
хороолол	ᠳᠠᠬᠢ	дахь	49
хороолол	ᠷ	р	45
хороолол	ᠪᠠᠷᠢᠬᠤ	барих	37
хороололд	ᠠᠮᠢᠳᠤᠷᠠᠳᠠᠭ	амьдардаг	69
хороололд	ᠠᠮᠢᠳᠤᠷᠠᠵᠤ	амьдарч	67
хороололд	ᠪᠠᠶᠢᠷᠢᠯᠠᠬᠤ	байрлах	30
хороон	ᠳᠡᠭᠡᠷ᠎ᠡ	дээр	178
хороон	ᠳᠠᠷᠤᠭ᠎ᠠ	дарга	50
хороон	ᠳᠡᠭᠡᠷ᠎ᠡ ᠪᠡᠨ	дээрээ	14
хорооны	ᠳᠠᠷᠤᠭ᠎ᠠ	дарга	2481
хорооны	ᠬᠤᠷᠠᠯᠳᠤᠭᠠᠨ	хуралдаан	1572
хорооны	ᠰᠠᠨᠠᠯ	санал	1129
хороосон	ᠲᠡᠷᠡ	тэр	6
хороосон	ᠬᠡᠷᠡᠭ	хэрэг	5
хорсох	ᠨᠢ	нь	5
хорт	ᠬᠠᠪᠤᠳᠠᠷ	хавдар	657
хорт	ᠪᠣᠳᠠᠰ	бодис	150
хорт	ᠪᠣᠯᠤᠨ	болон	58
хортой	ᠬᠣᠣᠷ ᠦᠭᠡᠢ	хоргүй	43
хортой	ᠪᠣᠳᠠᠰ	бодис	33
хортой	ᠭᠡᠵᠦ	гэж	27
хортон	ᠰᠢᠪᠠᠵᠢ	шавьж	55
хорхой	ᠰᠢᠪᠠᠵᠢ	шавьж	18
хорхой	ᠠᠭᠠᠷᠤᠤᠯ	ааруул	14
хорхой	ᠨᠢ	нь	13
хоршоо	ᠪᠠᠶᠢᠭᠤᠯᠬᠤ	байгуулах	17
хоршоо	ᠨᠢ	нь	12
хоршоо	ᠪᠠᠶᠢᠭᠤᠯᠵᠤ	байгуулж	9
хорыг	ᠨᠢ	нь	14
хорь	ᠭᠠᠷᠤᠢ	гаруй	137
хорь	ᠭᠤᠴᠢᠨ	гучин	27
хорь	ᠣᠷᠴᠢᠮ	орчим	17
хорьж	ᠪᠠᠶᠢᠭ᠎ᠠ	байгаа	53
хорьж	ᠪᠠᠶᠢᠨ᠎ᠠ	байна	34
хорьж	ᠰᠢᠯᠭᠠᠵᠤ	шалгаж	33
хорьсон	ᠪᠠᠶᠢᠨ᠎ᠠ	байна	41
хорьсон	ᠶᠠᠭᠤᠮ᠎ᠠ	юм	36
хорьсон	ᠨᠢ	нь	23
хос	ᠴᠡᠭ	цэг	63
хос	ᠮᠠᠰᠲ᠋ᠸᠷ	мастер	40
хос	ᠠᠯᠲᠠᠨ	алтан	34
хосгүй	ᠦᠨᠡᠲᠦ	үнэт	86
хосгүй	ᠰᠠᠶᠢᠬᠠᠨ	сайхан	13
хосгүй	ᠭᠠᠶᠢᠬᠠᠮᠰᠢᠭᠲᠤ	гайхамшигт	12
хослол	ᠵᠢᠷᠤᠭ ᠤᠨ	зургийн	14
хослол	ᠳᠡᠭᠡᠷ᠎ᠡ	дээр	6
хослон	ᠲᠣᠭᠯᠠᠵᠤ	тоглож	15
хослон	ᠠᠵᠢᠯᠯᠠᠬᠤ	ажиллах	11
хослон	ᠪᠠᠷᠢᠭᠴᠢ	баригч	10
хослуулан	ᠬᠡᠷᠡᠭᠯᠡᠬᠦ	хэрэглэх	9
хослуулан	ᠠᠰᠢᠭᠯᠠᠬᠤ	ашиглах	8
хослуулан	ᠤᠷᠠᠨ	уран	8
хослуулах	ᠬᠡᠷᠡᠭᠲᠡᠢ	хэрэгтэй	11
хослуулах	ᠨᠢ	нь	7
хослуулах	ᠲᠠᠯ᠎ᠠ ᠪᠠᠷ	талаар	7
хосолсон	ᠰᠤᠷᠭᠠᠯᠲᠠ	сургалт	12
хосолсон	ᠡᠨᠡᠬᠦ	энэхүү	6
хосолсон	ᠨᠠᠭᠠᠳᠤᠮ	наадам	5
хосууд	ᠪᠡᠶ᠎ᠡ	бие	11
хосууд	ᠪᠣᠯᠬᠤ	болох	8
хосууд	ᠡᠨᠡ	энэ	8
хосуудын	ᠬᠤᠪᠢ ᠳᠤ	хувьд	7
хосуудын	ᠪᠠᠶᠠᠷᠲᠤ	баярт	6
хосуудын	ᠬᠠᠶᠢᠷ᠎ᠠ	хайр	5
хосын	ᠲᠥᠷᠦᠯ ᠦᠨ	төрлийн	85
хосын	ᠪᠣᠯᠤᠨ	болон	31
хосын	ᠪᠣᠭᠣᠨᠢ	богино	11
хот	ᠷᠤ	руу	348
хот	ᠳᠠᠬᠢ	дахь	342
хот	ᠰᠠᠭᠤᠷᠢᠨ	суурин	255
хотгор	ᠢᠳᠡᠷ	идэр	230
хотгор	ᠪᠣᠯᠤᠨ	болон	200
хотгор	ᠬᠦᠷᠢᠨ	хүрэн	130
хотод	ᠪᠣᠯᠤᠭᠰᠠᠨ	болсон	524
хотод	ᠪᠣᠯᠬᠤ	болох	293
хотод	ᠵᠣᠬᠢᠶᠠᠨ	зохион	174
хотол	ᠣᠯᠠᠨ ᠢᠶᠠᠷ ᠢᠶᠠᠨ	олноороо	15
хотол	ᠴᠠᠭᠠᠨ	цагаан	5
хотоо	ᠬᠥᠭᠵᠢᠭᠦᠯᠬᠦ	хөгжүүлэх	11
хотоо	ᠳᠡᠯᠡᠬᠡᠢ ᠶᠢᠨ	дэлхийн	8
хотоо	ᠴᠡᠪᠡᠷᠬᠡᠨ	цэвэрхэн	6
хотоор	ᠨᠢ	нь	7
хотоор	ᠠᠶᠠᠯᠠᠨ	аялан	6
хотоор	ᠨᠢᠭᠡ	нэг	6
хотоос	ᠺᠮ	км	88
хотоос	ᠵᠠᠶᠢᠳᠠᠭᠤ	зайдуу	38
хотоос	ᠭᠠᠷᠴᠤ	гарч	23
хотхон	ᠷ	р	17
хотхон	ᠪᠠᠶᠢᠭᠤᠯᠬᠤ	байгуулах	15
хотхон	ᠨᠢ	нь	12
хотыг	ᠳᠠᠬᠢᠨ	дахин	88
хотыг	ᠣᠨ	он	76
хотыг	ᠬᠥᠭᠵᠢᠭᠦᠯᠬᠦ	хөгжүүлэх	30
хотын	ᠵᠠᠬᠢᠷᠤᠭᠴᠢ	захирагч	470
хотын	ᠳᠠᠷᠤᠭ᠎ᠠ	дарга	328
хотын	ᠲᠥᠪ	төв	324
хотынхоо	ᠥᠩᠭᠡ	өнгө	9
хотынхоо	ᠲᠥᠪᠡᠳ	төвд	7
хотынхоо	ᠭᠤᠳᠤᠮᠵᠢ ᠪᠠᠷ	гудамжаар	6
хохирлоо	ᠨᠥᠬᠥᠨ	нөхөн	18
хохирлоо	ᠪᠠᠷᠠᠭᠳᠠᠭᠤᠯᠬᠤ	барагдуулах	16
хохирлоо	ᠪᠦᠷᠢᠨ	бүрэн	13
хохирогч	ᠨᠢ	нь	56
хохирогч	ᠪᠣᠯᠤᠭᠰᠠᠨ	болсон	39
хохирогч	ᠪᠣᠯᠬᠤ	болох	37
хохирол	ᠤᠴᠠᠷᠠᠭᠤᠯᠤᠭᠰᠠᠨ	учруулсан	719
хохирол	ᠤᠴᠠᠷᠠᠭᠰᠠᠨ	учирсан	157
хохирол	ᠤᠴᠠᠷᠠᠭᠤᠯᠵᠤ	учруулж	122
хохироох	ᠨᠢ	нь	6
хохироох	ᠶᠠᠪᠤᠳᠠᠯ	явдал	6
хохироох	ᠭᠡᠵᠦ	гэж	5
хохирох	ᠶᠠᠪᠤᠳᠠᠯ	явдал	28
хохирох	ᠲᠣᠬᠢᠶᠠᠯᠳᠤᠯ	тохиолдол	26
хохирох	ᠶᠣᠰᠣ ᠦᠭᠡᠢ	ёсгүй	25
хохь	ᠨᠢ	нь	32
хохь	ᠴᠢᠨᠢ	чинь	31
хохь	ᠪᠣᠯᠤᠭᠠᠳ	болоод	11
хоцорно	ᠭᠡᠵᠦ	гэж	5
хоцорсон	ᠴᠤ	ч	23
хоцорсон	ᠶᠠᠭᠤᠮ᠎ᠠ	юм	18
хоцорсон	ᠪᠣᠯᠤᠨ	болон	13
хоцорч	ᠪᠠᠶᠢᠨ᠎ᠠ	байна	39
хоцорч	ᠪᠠᠶᠢᠭ᠎ᠠ	байгаа	25
хоцорч	ᠶᠠᠪᠤᠭ᠎ᠠ	яваа	20
хоцрох	ᠨᠢ	нь	22
хоцрох	ᠸᠢᠢ	вий	8
хоцрох	ᠶᠠᠭᠤᠮ᠎ᠠ	юм	7
хоцрохгүй	ᠪᠠᠶᠢᠬᠤ	байх	8
хоцрохгүй	ᠠᠩᠭᠢ ᠳᠤ ᠪᠠᠨ	ангидаа	5
хоч	ᠮᠣᠩᠭᠣᠯ	монгол	6
хоч	ᠵᠡᠭᠦᠵᠦ	зүүж	5
хоч	ᠥᠭᠭᠦᠭᠡᠳ	өгөөд	5
хочтой	ᠪᠠᠶᠢᠭᠰᠠᠨ	байсан	6
хочтой	ᠪᠣᠯᠤᠭᠰᠠᠨ	болсон	6
хошин	ᠤᠷᠠᠯᠢᠭ ᠤᠨ	урлагийн	191
хошин	ᠱᠣᠭ ᠤᠨ	шогийн	83
хошин	ᠱᠣᠤ	шоу	38
хошой	ᠠᠪᠤᠷᠭᠤ	аварга	414
хошой	ᠬᠦᠷᠡᠯ	хүрэл	211
хошой	ᠱᠠᠩᠨᠠᠯᠲᠤ	шагналт	119
хошуу	ᠮᠠᠯ	мал	31
хошуу	ᠮᠠᠯ ᠤᠨ	малын	13
хошуу	ᠪᠤᠶᠤ	буюу	9
хошууны	ᠨᠤᠲᠤᠭ	нутаг	5
хошууч	ᠭᠧᠨᠧᠷᠠᠯ	генерал	294
хошууч	ᠪ	б	41
хошууч	ᠨ	н	29
хоёр	ᠳᠠᠬᠢ	дахь	4433
хоёр	ᠣᠷᠣᠨ ᠤ	орны	2726
хоёр	ᠵᠢᠯ ᠦᠨ	жилийн	2081
хоёргүй	ᠰᠡᠳᠬᠢᠯ ᠢᠶᠡᠷ	сэтгэлээр	70
хоёрдогч	ᠵᠠᠬ᠎ᠠ	зах	118
хоёрдогч	ᠲᠦᠭᠦᠬᠡᠢ	түүхий	29
хоёрдогч	ᠭᠤᠷᠪᠠᠳᠠᠭᠴᠢ	гуравдагч	7
хоёрдугаар	ᠰᠠᠷ᠎ᠠ ᠶᠢᠨ	сарын	1759
хоёрдугаар	ᠰᠠᠷ᠎ᠠ ᠳᠤ	сард	624
хоёрдугаар	ᠲᠣᠭᠣᠷᠢᠭ ᠲᠤ	тойрогт	471
хоёрдугаарт	ᠡᠨᠡ	энэ	51
хоёрдугаарт	ᠮᠣᠩᠭᠣᠯ	монгол	33
хоёрдугаарт	ᠮᠠᠨ ᠤ	манай	25
хоёроо	ᠵᠡᠷᠭᠡ	зэрэг	5
хоёроо	ᠢᠯᠭᠠᠵᠤ	ялгаж	5
хоёроор	ᠨᠢ	нь	13
хоёроор	ᠲᠣᠭᠲᠠᠬᠤ ᠦᠭᠡᠢ	тогтохгүй	10
хоёроор	ᠰᠢᠯᠭᠠᠷᠠᠭᠰᠠᠨ	шалгарсан	9
хоёроос	ᠭᠤᠷᠪᠠᠨ	гурван	126
хоёроос	ᠳᠡᠭᠡᠭᠰᠢ	дээш	58
хоёроос	ᠥᠭᠡᠷ᠎ᠡ	өөр	29
хоёрт	ᠨᠢ	нь	72
хоёрт	ᠣᠷᠣᠳᠠᠭ	ордог	19
хоёрт	ᠮᠣᠩᠭᠣᠯ	монгол	16
хоёртой	ᠬᠠᠮᠲᠤ	хамт	6
хоёртой	ᠨᠢ	нь	5
хоёрхон	ᠵᠢᠯ ᠦᠨ	жилийн	111
хоёрхон	ᠰᠠᠷ᠎ᠠ ᠶᠢᠨ	сарын	33
хоёрхон	ᠬᠣᠨᠣᠭ ᠤᠨ	хоногийн	30
хоёрыг	ᠨᠢ	нь	115
хоёрыг	ᠨᠢᠭᠡ	нэг	26
хоёрыг	ᠯᠠ	л	23
хоёрын	ᠬᠣᠭᠣᠷᠣᠨᠳᠣ	хооронд	226
хоёрын	ᠳᠤᠮᠳᠠ	дунд	117
хоёрын	ᠠᠯᠢ	аль	88
хоёул	ᠬᠠᠮᠲᠤ ᠳᠤ ᠪᠠᠨ	хамтдаа	21
хоёул	ᠮᠣᠩᠭᠣᠯ	монгол	16
хоёул	ᠶᠠᠫᠣᠨ	япон	5
хоёулаа	ᠯᠠ	л	36
хоёулаа	ᠬᠠᠮᠲᠤ ᠳᠤ ᠪᠠᠨ	хамтдаа	14
хоёулаа	ᠨᠢᠭᠡ	нэг	12
хоёуланг	ᠨᠢ	нь	81
ху	ᠳᠠᠯ	дал	42
ху	ᠭᠠ	га	41
ху	ᠭᠠᠴᠠᠭ᠎ᠠ	гацаа	12
хуваагаад	ᠪᠠᠶᠢᠭ᠎ᠠ	байгаа	5
хуваагаад	ᠥᠭᠴᠢᠬᠡᠭᠰᠡᠨ	өгчихсөн	5
хуваагдах	ᠲᠤᠬᠠᠢ	тухай	7
хувааж	ᠥᠭᠭᠦᠭᠰᠡᠨ	өгсөн	18
хувааж	ᠠᠪᠬᠤ	авах	15
хувааж	ᠪᠣᠯᠤᠨ᠎ᠠ	болно	15
хуваалцаж	ᠪᠠᠶᠢᠭ᠎ᠠ	байгаа	36
хуваалцаж	ᠪᠠᠶᠢᠨ᠎ᠠ	байна	30
хуваалцаж	ᠪᠠᠶᠢᠭᠰᠠᠨ	байсан	13
хуваалцах	ᠶᠠᠭᠤᠮ᠎ᠠ	юм	40
хуваалцах	ᠨᠢ	нь	27
хуваалцах	ᠪᠣᠯᠤᠮᠵᠢ ᠲᠠᠢ	боломжтой	19
хуваалцахгүй	ᠶᠠᠭᠤ	юу	108
хуваалцахгүй	ᠦᠦ	юү	7
хуваарь	ᠶᠣᠰᠣᠭᠠᠷ	ёсоор	206
хуваарь	ᠨᠢᠭᠡ	нэг	31
хуваарь	ᠰᠣᠩᠭᠣᠯᠲᠠ ᠶᠢ	сонголтыг	21
хуваах	ᠭᠡᠷ ᠢᠶᠡᠨ	гэрээ	92
хуваах	ᠲᠤᠬᠠᠢ	тухай	10
хуваах	ᠭᠡᠵᠦ	гэж	8
хуванцар	ᠰᠠᠪᠠ	сав	55
хуванцар	ᠰᠠᠪᠤᠩᠳᠠ	саванд	27
хуванцар	ᠬᠣᠭ	хог	13
хувиа	ᠬᠢᠴᠢᠶᠡᠭᠰᠡᠨ	хичээсэн	22
хувиа	ᠪᠣᠳᠣᠭᠰᠠᠨ	бодсон	18
хувиа	ᠲᠥᠯᠥᠭᠡᠳ	төлөөд	17
хувиар	ᠥᠰᠦᠭᠰᠡᠨ	өссөн	1009
хувиар	ᠪᠠᠭᠤᠷᠠᠭᠰᠠᠨ	буурсан	770
хувиар	ᠥᠰᠴᠢ	өсч	319
хувийн	ᠬᠦᠦᠲᠡᠢ	хүүтэй	1358
хувийн	ᠰᠠᠨᠠᠯ ᠢᠶᠠᠷ	саналаар	675
хувийн	ᠬᠡᠪᠰᠢᠯ	хэвшил	651
хувилбар	ᠨᠢ	нь	237
хувилбар	ᠪᠣᠯᠬᠤ	болох	63
хувилбар	ᠳᠡᠭᠡᠷ᠎ᠡ	дээр	62
хувираад	ᠪᠠᠶᠢᠨ᠎ᠠ	байна	30
хувираад	ᠪᠠᠶᠢᠭ᠎ᠠ	байгаа	18
хувирах	ᠨᠢ	нь	26
хувирах	ᠸᠢᠢ	вий	16
хувирах	ᠶᠠᠭᠤᠮ᠎ᠠ	юм	12
хувиргаж	ᠪᠠᠶᠢᠨ᠎ᠠ	байна	7
хувиргаж	ᠪᠠᠶᠢᠭ᠎ᠠ	байгаа	6
хувиргах	ᠨᠢ	нь	5
хувиргах	ᠲᠤᠯᠤᠭᠠᠨ ᠳᠤ	тулаанд	5
хувирдаг	ᠶᠠᠭᠤᠮ᠎ᠠ	юм	8
хувирна	ᠭᠡᠵᠦ	гэж	6
хувирна	ᠭᠡᠰᠡᠨ	гэсэн	6
хувирна	ᠰᠢᠦ	шүү	5
хувирсан	ᠪᠠᠶᠢᠨ᠎ᠠ	байна	30
хувирсан	ᠨᠢ	нь	22
хувирсан	ᠶᠠᠭᠤᠮ᠎ᠠ	юм	21
хувирч	ᠪᠠᠶᠢᠨ᠎ᠠ	байна	50
хувирч	ᠪᠠᠶᠢᠭ᠎ᠠ	байгаа	40
хувирч	ᠪᠠᠶᠢᠭ᠎ᠠ ᠶᠢ	байгааг	13
хувцас	ᠬᠡᠷᠡᠭᠯᠡᠯ	хэрэглэл	107
хувцас	ᠨᠢ	нь	65
хувцас	ᠰᠣᠯᠢᠬᠤ	солих	59
хувцасаа	ᠲᠠᠶᠢᠯᠤᠭᠠᠳ	тайлаад	7
хувцаслах	ᠳᠠᠭᠠᠷᠠᠵᠤ	даарч	11
хувцаслах	ᠪᠤᠶᠤ	буюу	6
хувцаслах	ᠬᠡᠷᠡᠭᠲᠡᠢ	хэрэгтэй	6
хувцасны	ᠦᠨ᠎ᠡ	үнэ	28
хувцасны	ᠵᠠᠭᠪᠤᠷ	загвар	25
хувцасны	ᠲᠠᠯ᠎ᠠ ᠪᠠᠷ	талаар	12
хувцастай	ᠬᠦᠮᠦᠨ	хүн	11
хувцастай	ᠪᠠᠶᠢᠬᠤ	байх	8
хувцастай	ᠬᠦᠮᠦᠰ	хүмүүс	7
хувцасыг	ᠨᠢ	нь	7
хувцсаа	ᠡᠮᠦᠰᠦᠭᠡᠳ	өмсөөд	17
хувцсаа	ᠡᠮᠦᠰᠴᠢ	өмсч	11
хувцсаа	ᠲᠠᠶᠢᠯᠤᠭᠠᠳ	тайлаад	10
хувцсаар	ᠭᠣᠶᠣᠭᠰᠠᠨ	гоёсон	12
хувцсаар	ᠭᠣᠶᠣᠬᠤ	гоёх	8
хувцсаар	ᠵᠢᠭᠳᠡᠷᠡᠬᠦ	жигдрэх	6
хувцсыг	ᠨᠢ	нь	43
хувцсыг	ᠦᠢᠯᠡᠳᠪᠦᠷᠢᠯᠡᠵᠦ	үйлдвэрлэж	11
хувцсыг	ᠦᠨᠳᠦᠰᠦᠨ ᠦ	үндэсний	6
хувь	ᠨᠢ	нь	6568
хувь	ᠨᠡᠮᠡᠷᠢ	нэмэр	1615
хувь	ᠬᠦᠮᠦᠨ ᠦ	хүний	1203
хувьд	ᠡᠨᠡ	энэ	1161
хувьд	ᠴᠤ	ч	1126
хувьд	ᠬᠠᠮᠤᠭ ᠤᠨ	хамгийн	440
хувьдаа	ᠪᠣᠳᠣᠳᠠᠭ	боддог	56
хувьдаа	ᠪᠣᠳᠣᠵᠤ	бодож	31
хувьдаа	ᠶᠡᠬᠡ	их	29
хувьсал	ᠬᠢᠭᠰᠡᠨ	хийсэн	12
хувьсал	ᠨᠢ	нь	5
хувьсал	ᠥᠭᠡᠷᠡᠴᠢᠯᠡᠯᠲᠡ	өөрчлөлт	5
хувьсан	ᠥᠭᠡᠷᠡᠴᠢᠯᠡᠭᠳᠡᠵᠦ	өөрчлөгдөж	62
хувьсан	ᠥᠭᠡᠷᠡᠴᠢᠯᠡᠭᠳᠡᠬᠦ	өөрчлөгдөх	10
хувьсах	ᠵᠠᠷᠤᠳᠠᠯ	зардал	35
хувьсах	ᠬᠦᠦᠲᠡᠢ	хүүтэй	6
хувьсгал	ᠬᠢᠭᠰᠡᠨ	хийсэн	54
хувьсгал	ᠬᠢᠬᠦ	хийх	30
хувьсгал	ᠬᠢᠵᠦ	хийж	28
хувьсгалт	ᠨᠠᠮ	нам	36
хувьсгалт	ᠨᠠᠮ ᠤᠨ	намын	20
хувьсгалт	ᠥᠭᠡᠷᠡᠴᠢᠯᠡᠯᠲᠡ	өөрчлөлт	6
хувьсгалын	ᠵᠢᠯ ᠦᠨ	жилийн	705
хувьсгалын	ᠵᠢᠯ	жил	40
хувьсгалын	ᠲᠡᠦᠬᠡᠲᠦ	түүхт	36
хувьтай	ᠪᠠᠶᠢᠨ᠎ᠠ	байна	410
хувьтай	ᠪᠠᠶᠢᠭ᠎ᠠ	байгаа	376
хувьтай	ᠲᠡᠩᠴᠡᠬᠦ	тэнцэх	310
хувьцаа	ᠨᠢ	нь	126
хувьцаа	ᠬᠤᠳᠠᠯᠳᠤᠨ	худалдан	91
хувьцаа	ᠭᠠᠷᠭᠠᠬᠤ	гаргах	86
хуга	ᠴᠠ	цаа	37
хуга	ᠴᠠᠭᠠᠲᠠᠢ	цаатай	8
хугалсан	ᠭᠡᠬᠦ	гэх	5
хугацаа	ᠨᠢ	нь	770
хугацаа	ᠥᠩᠭᠡᠷᠡᠴᠢ	өнгөрч	256
хугацаа	ᠳᠠᠭᠤᠰᠤᠭᠰᠠᠨ	дууссан	210
хугацааг	ᠨᠢ	нь	172
хугацааг	ᠰᠤᠩᠭᠠᠬᠤ	сунгах	94
хугацааг	ᠣᠨ ᠤ	оны	57
хугацаагаа	ᠳᠠᠭᠤᠰᠲᠠᠯ᠎ᠠ	дуустал	5
хугацаагаа	ᠰᠤᠩᠭᠠᠵᠤ	сунгаж	5
хугацаагаар	ᠬᠤᠷᠢᠬᠤ	хорих	390
хугацаагаар	ᠪᠠᠷᠢᠪᠴᠢᠯᠠᠬᠤ	баривчлах	124
хугацаагаар	ᠬᠤᠶᠢᠰᠢᠯᠠᠭᠤᠯᠬᠤ	хойшлуулах	48
хугацаан	ᠳᠠᠬᠢ	дахь	86
хугацаан	ᠳᠡᠭᠡᠷ᠎ᠡ	дээр	18
хугацаан	ᠳ᠋ᠠ	даа	6
хугацаанд	ᠨᠢ	нь	480
хугацаанд	ᠮᠣᠩᠭᠣᠯ	монгол	208
хугацаанд	ᠨᠡᠶᠢᠲᠡ	нийт	183
хугацаандаа	ᠠᠮᠵᠢᠵᠤ	амжиж	27
хугацаандаа	ᠮᠣᠩᠭᠣᠯ	монгол	18
хугацаандаа	ᠲᠥᠯᠦᠵᠦ	төлж	16
хугацааны	ᠳᠠᠷᠠᠭ᠎ᠠ	дараа	358
хугацааны	ᠬᠤᠪᠢ ᠳᠤ	хувьд	313
хугацааны	ᠬᠥᠲᠥᠯᠪᠦᠷᠢ	хөтөлбөр	153
хугацаат	ᠴᠡᠷᠢᠭ ᠦᠨ	цэргийн	42
хугацаат	ᠵᠡᠭᠡᠯᠢ	зээл	9
хугацаат	ᠦᠨᠡᠲᠦ	үнэт	8
хугацаатай	ᠡᠭᠦᠷᠭᠡ	үүрэг	53
хугацаатай	ᠬᠡᠦ	хүү	50
хугацаатай	ᠵᠡᠭᠡᠯᠢ	зээл	47
худ	ᠡᠶᠢᠨ	ийн	131
худ	ᠷ	р	15
худ	᠍ ᠤᠨ	ын	13
худаг	ᠭᠠᠷᠭᠠᠬᠤ	гаргах	51
худаг	ᠭᠠᠰᠢᠭᠤᠨ	гашуун	36
худаг	ᠳᠠᠬᠢ	дахь	25
худал	ᠮᠡᠳᠡᠭᠡᠯᠡᠯ	мэдээлэл	166
худал	ᠨᠢ	нь	65
худал	ᠬᠠᠭᠤᠷᠮᠠᠭ	хуурмаг	50
худалдаа	ᠠᠵᠤ	аж	527
худалдаа	ᠬᠥᠭᠵᠢᠯ ᠦᠨ	хөгжлийн	516
худалдаа	ᠬᠥᠷᠥᠩᠭᠡ	хөрөнгө	267
худалдаад	ᠠᠪᠴᠢᠬᠤ	авчих	14
худалдаад	ᠯᠠ	л	8
худалдаад	ᠪᠠᠶᠢᠨ᠎ᠠ	байна	6
худалдаалах	ᠭᠡᠮᠲᠦ	гэмт	86
худалдаалах	ᠶᠠᠭᠤᠮ᠎ᠠ	юм	51
худалдаалах	ᠠᠵᠤ	аж	22
худалдагч	ᠨᠠᠷᠠ	нар	22
худалдагч	ᠬᠤᠳᠠᠯᠳᠤᠨ	худалдан	17
худалдагч	ᠡᠮᠡᠭᠲᠡᠢ	эмэгтэй	10
худалдаж	ᠠᠪᠬᠤ	авах	685
худалдаж	ᠠᠪᠤᠭᠰᠠᠨ	авсан	565
худалдаж	ᠠᠪᠴᠤ	авч	319
худалдан	ᠠᠪᠬᠤ	авах	2970
худалдан	ᠠᠪᠴᠤ	авч	995
худалдан	ᠠᠪᠤᠭᠰᠠᠨ	авсан	696
худалдана	ᠭᠡᠰᠡᠨ	гэсэн	13
худалдана	ᠭᠡᠵᠦ	гэж	10
худалдах	ᠬᠤᠳᠠᠯᠳᠤᠨ	худалдан	145
худалдах	ᠭᠡᠷ ᠢᠶᠡᠨ	гэрээ	34
худалдах	ᠭᠡᠵᠦ	гэж	32
худалдахгүй	ᠪᠠᠶᠢᠬᠤ	байх	12
худалдахгүй	ᠪᠠᠶᠢᠬᠤ ᠶᠢ	байхыг	5
худалдахгүй	ᠪᠤᠰᠤᠳ ᠲᠤ	бусдад	5
худалч	ᠬᠦᠨᠳᠦ	хүнд	21
худалч	ᠵᠠᠯᠠᠭᠤ	залуу	15
худалч	ᠬᠤᠯᠠᠭᠠᠶᠢᠴᠢ	хулгайч	7
худгийн	ᠤᠰᠤᠨ ᠤ	усны	10
худгийн	ᠨᠠᠭᠠᠳᠤᠮ ᠤᠨ	наадмын	8
худгийн	ᠤᠰᠤ	ус	7
худлаа	ᠪᠢᠰᠢ	биш	87
худлаа	ᠮᠡᠳᠡᠭᠡᠯᠡᠯ	мэдээлэл	70
худлаа	ᠶᠠᠷᠢᠵᠤ	ярьж	65
худлыг	ᠨᠢ	нь	14
хужаа	ᠨᠠᠷᠠ	нар	5
хуй	ᠰᠠᠯᠬᠢ	салхи	19
хуй	ᠰᠠᠯᠬᠢᠨ ᠤ	салхины	6
хуйвалдаан	ᠵᠣᠬᠢᠶᠠᠨ	зохион	29
хул	ᠠᠶᠢᠷᠠᠭ ᠤᠨ	айргийн	26
хул	ᠳᠠᠭ᠎ᠠ	даага	21
хул	ᠠᠵᠢᠷᠭ᠎ᠠ	азарга	19
хулан	ᠨᠠᠷᠠ	нар	29
хулан	ᠪ	б	27
хулан	ᠭᠡᠭᠴᠢ	гэгч	12
хулангийн	ᠠᠬ᠎ᠠ	ах	5
хулангийн	ᠰᠦᠷᠦᠭ	сүрэг	5
хулангийн	ᠥᠮᠥᠭᠡᠯᠡᠭᠴᠢ	өмгөөлөгч	5
хулгай	ᠬᠢᠵᠦ	хийж	84
хулгай	ᠬᠢᠭᠰᠡᠨ	хийсэн	81
хулгай	ᠳᠡᠭᠡᠷᠡᠮ	дээрэм	44
хулгайлах	ᠭᠡᠮᠲᠦ	гэмт	73
хулгайлах	ᠲᠥᠯᠥᠪᠯᠡᠭᠡ	төлөвлөгөө	8
хулгайлах	ᠲᠥᠷᠦᠯ ᠦᠨ	төрлийн	7
хулгайлдаг	ᠪᠠᠶᠢᠭᠰᠠᠨ	байсан	15
хулгайлж	ᠪᠠᠶᠢᠭᠰᠠᠨ	байсан	9
хулгайлж	ᠠᠪᠤᠭᠰᠠᠨ	авсан	8
хулгайлж	ᠪᠠᠶᠢᠨ᠎ᠠ	байна	8
хулгайлсан	ᠪᠠᠶᠢᠨ᠎ᠠ	байна	17
хулгайлсан	ᠬᠡᠷᠡᠭ ᠢᠶᠡᠷ	хэргээр	16
хулгайлсан	ᠬᠡᠷᠡᠭ ᠲᠦ	хэрэгт	14
хулгайн	ᠭᠡᠮᠲᠦ	гэмт	155
хулгайн	ᠬᠡᠷᠡᠭ ᠲᠦ	хэрэгт	33
хулгайн	ᠬᠡᠷᠡᠭ ᠢᠶᠡᠷ	хэргээр	31
хулгайч	ᠨᠠᠷᠠ	нар	26
хулгайч	ᠨᠠᠷ ᠤᠨ	нарын	12
хулгайч	ᠰᠢᠭ	шиг	8
хулгана	ᠦᠬᠡᠷ	үхэр	43
хулгана	ᠪᠠᠷᠰ	бар	22
хулгана	ᠳᠡᠭᠡᠷ᠎ᠡ	дээр	15
хум	ᠤᠮᠠ	ума	5
хумигдах	ᠶᠠᠭᠤᠮ᠎ᠠ	юм	7
хумих	ᠪᠣᠳᠣᠯᠭ᠎ᠠ	бодлого	24
хумих	ᠨᠢ	нь	10
хумих	ᠬᠡᠷᠡᠭᠲᠡᠢ	хэрэгтэй	10
хумс	ᠨᠢ	нь	12
хумсаа	ᠨᠢᠭᠤᠭᠰᠠᠨ	нуусан	7
хумсаа	ᠬᠤᠶᠢᠬᠠᠯᠠᠬᠤ	хуйхлах	6
хумьж	ᠪᠠᠶᠢᠭ᠎ᠠ	байгаа	9
хун	ᠸᠠᠩ	ван	20
хун	ᠰᠢᠭ	шиг	15
хун	ᠰᠢᠪᠠᠭᠤ	шувуу	13
хунгийн	ᠰᠡᠭᠦᠯᠴᠢ ᠶᠢᠨ	сүүлчийн	14
хунгийн	ᠰᠦᠷᠦᠭ	сүрэг	6
хунгийн	ᠳᠠᠭᠤᠤ	дуу	5
хундага	ᠠᠷᠢᠬᠢ	архи	9
хундага	ᠲᠤᠯᠭᠠᠵᠤ	тулгаж	7
хундага	ᠲᠤᠯᠭᠠᠬᠤ	тулгах	6
хур	ᠪᠣᠷᠣᠭ᠎ᠠ	бороо	98
хур	ᠪᠣᠷᠣᠭᠠᠨ ᠤ	борооны	32
хур	ᠤᠷᠤᠭᠤᠯᠬᠤ	оруулах	20
хурааж	ᠠᠪᠤᠭᠰᠠᠨ	авсан	97
хурааж	ᠠᠪᠬᠤ	авах	64
хурааж	ᠠᠪᠤᠭᠠᠳ	аваад	28
хураалгах	ᠶᠣᠰᠣᠲᠠᠢ	ёстой	9
хураалгах	ᠱᠠᠭᠠᠷᠳᠠᠯᠭ᠎ᠠ ᠲᠠᠢ	шаардлагатай	8
хураалт	ᠶᠠᠪᠤᠭᠤᠯᠬᠤ ᠳᠤ	явуулахад	255
хураалт	ᠶᠠᠪᠤᠭᠤᠯᠵᠤ	явуулж	134
хураалт	ᠶᠠᠪᠤᠭᠤᠯᠤᠭᠰᠠᠨ	явуулсан	43
хураамж	ᠲᠥᠭᠥᠷᠢᠭ	төгрөг	30
хураамж	ᠤᠯᠭᠤᠬᠤ	төлөх	30
хураамж	ᠠᠪᠴᠤ	авч	23
хураана	ᠭᠡᠵᠦ	гэж	11
хураана	ᠭᠡᠰᠡᠨ	гэсэн	8
хураангуй	ᠨᠣᠮ	ном	7
хураасан	ᠪᠠᠶᠢᠨ᠎ᠠ	байна	35
хураасан	ᠪᠠᠶᠢᠴᠠᠢ	байжээ	12
хураасан	ᠶᠠᠭᠤᠮ᠎ᠠ	юм	9
хураах	ᠦᠶ᠎ᠡ ᠳᠦ	үед	23
хураах	ᠶᠠᠭᠤᠮ᠎ᠠ	юм	19
хураах	ᠠᠵᠢᠯ ᠢ	ажлыг	15
хурал	ᠥᠨᠥᠳᠥᠷ	өнөөдөр	539
хурал	ᠳᠡᠭᠡᠷ᠎ᠡ	дээр	525
хурал	ᠳᠠᠬᠢ	дахь	411
хуралдаад	ᠤᠡᠬ	уих	12
хуралдаад	ᠵᠠᠰᠠᠭ ᠤᠨ	засгийн	10
хуралдаад	ᠯᠠ	л	7
хуралдаан	ᠥᠨᠥᠳᠥᠷ	өнөөдөр	382
хуралдаан	ᠳᠡᠭᠡᠷ᠎ᠡ	дээр	306
хуралдаан	ᠦᠷᠭᠦᠯᠵᠢᠯᠡᠵᠦ	үргэлжилж	274
хуралдаж	ᠪᠠᠶᠢᠨ᠎ᠠ	байна	171
хуралдаж	ᠪᠠᠶᠢᠭ᠎ᠠ	байгаа	70
хуралдаж	ᠵᠠᠰᠠᠭ ᠤᠨ	засгийн	59
хуралдана	ᠭᠡᠰᠡᠨ	гэсэн	13
хуралдана	ᠭᠡᠵᠦ	гэж	10
хуралдах	ᠶᠠᠭᠤᠮ᠎ᠠ	юм	82
хуралдах	ᠪᠠᠶᠢᠭᠰᠠᠨ	байсан	45
хуралдах	ᠭᠡᠵᠦ	гэж	40
хуралдсан	ᠪᠠᠶᠢᠨ᠎ᠠ	байна	54
хуралдсан	ᠵᠠᠰᠠᠭ ᠤᠨ	засгийн	41
хуралдсан	ᠶᠠᠭᠤᠮ᠎ᠠ	юм	37
хуралдуулах	ᠲᠤᠬᠠᠢ	тухай	23
хуралдуулах	ᠨᠢ	нь	20
хуралдуулах	ᠶᠣᠰᠣᠲᠠᠢ	ёстой	18
хуран	ᠴᠤᠭᠯᠠᠭᠰᠠᠨ	цугласан	39
хуран	ᠴᠢᠭᠤᠯᠵᠤ	чуулж	26
хуран	ᠴᠤᠭᠯᠠᠷᠠᠭᠰᠠᠨ	цугларсан	24
хурандаа	ᠭ	г	162
хурандаа	ᠣ	о	162
хурандаа	ᠳ	д	157
хурга	ᠢᠰᠢᠭᠡ	ишиг	17
хурга	ᠰᠢᠭ	шиг	9
хурга	ᠨᠢ	нь	6
хурган	ᠳᠠᠷᠤᠭ᠎ᠠ	дарга	56
хурган	ᠬᠤᠴᠠ	хуц	6
хурд	ᠬᠦᠴᠦ	хүч	154
хурд	ᠨᠢ	нь	86
хурд	ᠬᠦᠴᠦ ᠪᠡᠨ	хүчээ	86
хурдаа	ᠲᠣᠬᠢᠷᠠᠭᠤᠯᠵᠤ	тохируулж	10
хурдаа	ᠠᠪᠴᠤ	авч	6
хурдаа	ᠨᠡᠮᠡᠵᠦ	нэмж	5
хурдаар	ᠥᠰᠴᠢ	өсч	7
хурдалж	ᠪᠠᠶᠢᠭᠰᠠᠨ	байсан	17
хурдалж	ᠪᠠᠶᠢᠪᠠ	байв	8
хурдалж	ᠤᠶᠠᠭᠰᠠᠨ	уясан	7
хурдан	ᠮᠣᠷᠢᠨ ᠤ	морины	463
хурдан	ᠮᠣᠷᠢ	морь	252
хурдан	ᠬᠤᠭᠤᠴᠠᠭᠠᠨ ᠳᠤ	хугацаанд	226
хурдлах	ᠲᠤᠰᠤᠮ	тусам	30
хурдлах	ᠬᠦᠴᠦᠨ	хүчин	11
хурдлах	ᠴᠢᠳᠠᠪᠤᠷᠢ ᠲᠠᠢ	чадвартай	8
хурдны	ᠵᠠᠮ	зам	180
хурдны	ᠠᠦ᠋ᠲ᠋ᠣ᠋	авто	87
хурдны	ᠵᠠᠮ ᠤᠨ	замын	74
хурдтай	ᠬᠥᠭᠵᠢᠵᠦ	хөгжиж	44
хурдтай	ᠶᠠᠪᠤᠵᠤ	явж	43
хурдтай	ᠥᠰᠴᠢ	өсч	20
хурдхан	ᠰᠢᠭ	шиг	33
хурдхан	ᠯᠠ	л	16
хурдыг	ᠨᠢ	нь	22
хурдыг	ᠭᠦᠢᠴᠡᠬᠦ ᠦᠭᠡᠢ	гүйцэхгүй	7
хурдыг	ᠰᠠᠭᠠᠷᠠᠭᠤᠯᠬᠤ	сааруулах	7
хурим	ᠬᠢᠬᠦ	хийх	36
хурим	ᠨᠠᠶᠢᠷ	найр	6
хурим	ᠨᠠᠶᠢᠷ ᠤᠨ	найрын	5
хуримтлал	ᠪᠤᠢ	бий	75
хуримтлал	ᠡᠭᠦᠰᠭᠡᠬᠦ	үүсгэх	53
хуримтлал	ᠡᠭᠦᠰᠬᠡᠵᠦ	үүсгэж	45
хуримтлуулах	ᠵᠠᠮ ᠢᠶᠠᠷ	замаар	10
хуримтлуулах	ᠪᠣᠯᠤᠮᠵᠢ ᠲᠠᠢ	боломжтой	6
хуримтлуулах	ᠠᠷᠪᠢᠵᠢᠭᠤᠯᠬᠤ	арвижуулах	5
хуримын	ᠡᠳᠦᠷ	өдөр	6
хуримын	ᠪᠥᠭᠡᠵᠢ	бөгж	5
хуримын	ᠣᠷᠳᠣᠨ	ордон	5
хурлаа	ᠬᠢᠵᠦ	хийж	77
хурлаа	ᠬᠢᠬᠦ	хийх	27
хурлаа	ᠬᠢᠭᠰᠡᠨ	хийсэн	25
хурлын	ᠭᠡᠰᠢᠭᠦᠨ	гишүүн	2893
хурлын	ᠳᠠᠷᠤᠭ᠎ᠠ	дарга	1175
хурлын	ᠦᠶ᠎ᠡ ᠪᠡᠷ	үеэр	1006
хурсан	ᠣᠯᠠᠨ ᠢ	олныг	13
хурсан	ᠣᠯᠠᠨ᠎ᠠ	олноо	11
хурсан	ᠣᠯᠠᠨ ᠤ	олны	11
хуруу	ᠳᠠᠷᠤᠮ᠎ᠠ	дарам	57
хуруу	ᠬᠢᠮᠤᠰᠤ ᠪᠠᠨ	хумсаа	27
хуруу	ᠰᠢᠯᠢᠨ ᠦ	шилний	17
хурууг	ᠨᠢ	нь	16
хуруугаа	ᠴᠤ	ч	11
хуруугаа	ᠠᠰᠢᠭᠯᠠᠨ	ашиглан	7
хуруунд	ᠪᠠᠭᠠᠳᠬᠤ	багтах	39
хуруунд	ᠪᠠᠭᠠᠳᠤᠨ᠎ᠠ	багтана	5
хуруунд	ᠨᠢ	нь	5
хурууны	ᠬᠡ	хээ	100
хурууны	ᠬᠡ ᠪᠡᠷ	хээгээр	100
хурууны	ᠬᠡ ᠶᠢ	хээг	28
хурц	ᠠᠷᠰᠯᠠᠨ	арслан	291
хурц	ᠲᠣᠳᠣ	тод	66
хурц	ᠳᠠᠶᠢᠴᠢᠨ	дайчин	24
хурцадмал	ᠪᠠᠶᠢᠳᠠᠯ ᠳᠤ	байдалд	7
хурцадмал	ᠪᠠᠶᠢᠳᠠᠯ ᠢ	байдлыг	7
хурцадмал	ᠪᠠᠶᠢᠳᠠᠯ	байдал	5
хус	ᠤᠯᠢᠶᠠᠰᠤ	улиас	8
хутаг	ᠥᠨᠳᠥᠷ	өндөр	105
хутаг	ᠤᠤᠯ	уул	17
хутаг	ᠤᠤᠯ ᠤᠨ	уулын	15
хутагт	ᠬᠦᠮᠦᠨ	хүн	6
хутга	ᠪᠠᠷᠢᠵᠤ	барьж	25
хутга	ᠪᠠᠷᠢᠨ	барин	17
хутга	ᠲᠤᠯᠭᠠᠨ	тулган	13
хутгаж	ᠪᠣᠯᠬᠤ ᠦᠭᠡᠢ	болохгүй	7
хутгаж	ᠪᠠᠶᠢᠭ᠎ᠠ	байгаа	5
хутгаж	ᠪᠠᠶᠢᠨ᠎ᠠ	байна	5
хутгах	ᠮᠡᠬᠡ ᠪᠡᠷ	мэхээр	8
хутгах	ᠭᠡᠵᠦ	гэж	6
хутгах	ᠬᠡᠷᠡᠭ ᠦᠭᠡᠢ	хэрэггүй	6
хуу	ᠴᠢᠨ	чин	21
хуу	ᠳᠠᠰ	дас	7
хуу	ᠬᠠᠮᠤᠬᠤ	хамах	6
хуудас	ᠪᠣᠯᠤᠨ	болон	69
хуудас	ᠨᠢ	нь	66
хуудас	ᠪᠣᠯᠤᠭᠰᠠᠨ	болсон	63
хуудсаар	ᠳᠠᠮᠵᠢᠭᠤᠯᠤᠨ	дамжуулан	92
хуудсаар	ᠨᠢ	нь	17
хуудсаар	ᠣᠷᠣᠯᠴᠠᠵᠤ	оролцож	17
хуудсан	ᠳᠡᠭᠡᠷ᠎ᠡ	дээр	46
хуудсан	ᠳᠡᠭᠡᠷ᠎ᠡ ᠪᠡᠨ	дээрээ	20
хуудсан	ᠳᠠᠬᠢ	дахь	12
хуудсанд	ᠨᠢ	нь	12
хуудсанд	ᠬᠠᠨᠳᠤᠨ	хандан	11
хуудсанд	ᠲᠠᠯᠪᠢᠭᠳᠠᠬᠤ	тавигдах	10
хуудсыг	ᠨᠢ	нь	18
хуудсыг	ᠨᠡᠭᠡᠭᠡᠭᠰᠡᠨ	нээсэн	18
хуудсыг	ᠨᠡᠭᠡᠭᠡᠵᠦ	нээж	17
хуулбар	ᠲᠠᠲᠠᠪᠤᠷᠢ	татвар	16
хуулбар	ᠡᠬᠡ	эх	16
хуулбар	ᠠᠵᠢᠯ ᠤᠨ	ажлын	13
хуулж	ᠠᠪᠬᠤ	авах	9
хуулж	ᠠᠪᠤᠭᠠᠳ	аваад	8
хуулж	ᠬᠠᠶᠠᠭᠠᠳ	хаяад	5
хуулиа	ᠪᠠᠲᠤᠯᠠᠵᠤ	баталж	52
хуулиа	ᠥᠪᠡᠷᠡᠴᠢᠯᠡᠬᠦ	өөрчлөх	40
хуулиа	ᠥᠭᠡᠷᠡᠴᠢᠯᠡᠵᠦ	өөрчилж	33
хуулиар	ᠣᠯᠭᠣᠭᠳᠠᠭᠰᠠᠨ	олгогдсон	144
хуулиар	ᠬᠦᠯᠢᠶᠡᠭᠰᠡᠨ	хүлээсэн	126
хуулиар	ᠪᠣᠯ	бол	108
хуулиас	ᠪᠣᠯᠵᠤ	болж	46
хуулиас	ᠭᠠᠳᠠᠭᠤᠷ	гадуур	41
хуулиас	ᠳᠠᠪᠤᠰᠤᠨ	давсан	30
хуулийг	ᠳᠠᠭᠠᠵᠤ	дагаж	525
хуулийг	ᠬᠡᠷᠡᠭᠵᠢᠭᠦᠯᠬᠦ	хэрэгжүүлэх	314
хуулийг	ᠤᠡᠬ	уих	226
хуулийн	ᠲᠥᠰᠥᠯ	төсөл	4878
хуулийн	ᠳᠠᠭᠠᠤ	дагуу	2192
хуулийн	ᠳ᠋ᠤᠭᠠᠷ	дугаар	1358
хуулинд	ᠥᠭᠡᠷᠡᠴᠢᠯᠡᠯᠲᠡ	өөрчлөлт	82
хуулинд	ᠨᠡᠮᠡᠯᠲᠡ	нэмэлт	66
хуулинд	ᠵᠢᠭᠠᠭᠰᠠᠨ	заасан	57
хууль	ᠵᠦᠢ ᠶᠢᠨ	зүйн	5370
хууль	ᠪᠤᠰᠤ	бус	2397
хууль	ᠪᠤᠰᠤ ᠪᠠᠷ	бусаар	2152
хуульгүй	ᠪᠠᠶᠢᠭᠰᠠᠨ	байсан	5
хуульч	ᠬᠦᠮᠦᠨ	хүн	40
хуульч	ᠪ	б	39
хуульч	ᠰ	с	38
хуульчлах	ᠨᠢ	нь	24
хуульчлах	ᠱᠠᠭᠠᠷᠳᠠᠯᠭ᠎ᠠ ᠲᠠᠢ	шаардлагатай	13
хуульчлах	ᠬᠡᠷᠡᠭᠲᠡᠢ	хэрэгтэй	12
хуур	ᠲᠣᠭᠯᠠᠵᠤ	тоглож	23
хуур	ᠬᠥᠭᠵᠢᠮ ᠦᠨ	хөгжмийн	21
хуур	ᠬᠥᠭᠵᠢᠮ ᠢ	хөгжмийг	19
хуураа	ᠳᠡᠭᠡᠳᠦᠯᠡᠨ	дээдлэн	12
хуурай	ᠠᠷᠭ᠎ᠠ ᠪᠠᠷ	аргаар	67
хуурай	ᠰᠦ᠋	сүү	59
хуурай	ᠥᠯᠥᠰᠬᠦᠯᠡᠩ	өлсгөлөн	59
хуурамч	ᠪᠢᠴᠢᠭ	бичиг	144
хуурамч	ᠪᠠᠷᠢᠮᠲᠠ	баримт	75
хуурамч	ᠬᠤᠪᠢᠴᠠᠭ᠎ᠠ	хувьцаа	42
хуурамчаар	ᠦᠢᠯᠡᠳᠦᠭᠰᠡᠨ	үйлдсэн	64
хуурамчаар	ᠦᠢᠯᠡᠳᠴᠦ	үйлдэж	27
хуурамчаар	ᠦᠢᠯᠡᠳᠦᠨ	үйлдэн	13
хууран	ᠮᠡᠬᠡᠯᠡᠬᠦ	мэхлэх	34
хууран	ᠮᠡᠬᠡᠯᠡᠭᠰᠡᠨ	мэхэлсэн	14
хуурах	ᠭᠡᠵᠦ	гэж	9
хуурмаг	ᠲᠣᠭᠯᠠᠭᠠᠮ	тоглоом	24
хуурмаг	ᠵᠦᠢᠯ	зүйл	7
хуурмаг	ᠮᠡᠳᠡᠭᠡᠯᠡᠯ	мэдээлэл	6
хуурсан	ᠬᠣᠭᠣᠯᠠ	хоол	8
хууртай	ᠦᠳᠡᠰᠢ	үдэш	9
хуурч	ᠪ	б	90
хуурч	ᠬᠥᠭᠵᠢᠮ ᠦᠨ	хөгжмийн	44
хуурч	ᠳ	д	34
хуурын	ᠴᠢᠭᠤᠯᠭ᠎ᠠ	чуулга	93
хуурын	ᠣᠯᠠᠨ	олон	27
хуурын	ᠠᠩᠭᠢ ᠶᠢᠨ	ангийн	16
хууч	ᠡᠪᠡᠳᠴᠢᠨ	өвчин	26
хууч	ᠡᠪᠡᠳᠴᠢᠲᠡᠢ	өвчтэй	21
хууч	ᠶᠠᠷᠢᠶ᠎ᠠ	яриа	9
хуучин	ᠨᠢ	нь	147
хуучин	ᠣᠷᠣᠨ	орон	141
хуучин	ᠪᠣᠯ	бол	60
хуучир	ᠬᠥᠭᠵᠢᠮ᠎ᠡ	хөгжим	13
хуучир	ᠬᠥᠭᠵᠢᠮ ᠢᠶᠡᠷ	хөгжмөөр	7
хуучирсан	ᠲᠣᠨᠣᠭ	тоног	9
хуучирсан	ᠠᠷᠭ᠎ᠠ	арга	6
хуучнаараа	ᠯᠠ	л	7
хуучны	ᠬᠢᠲᠦ	хит	28
хуучны	ᠰᠠᠶᠢᠬᠠᠨ	сайхан	19
хуучны	ᠳᠠᠭᠤᠤ ᠨᠤᠭᠤᠳ	дуунууд	8
хуушуур	ᠬᠠᠶᠢᠷᠴᠢ	хайрч	7
хуушуур	ᠬᠢᠵᠦ	хийж	5
хуш	ᠮᠣᠳᠣᠨ ᠤ	модны	35
хуш	ᠮᠣᠳᠣ	мод	8
хуяг	ᠨᠠᠷ ᠢ	нарыг	43
хуяг	ᠨ	н	25
хуяг	ᠳᠤᠭᠤᠯᠠᠭ᠎ᠠ	дуулга	13
ххаахүя	ᠨ ᠤ	ны	23
ххаахүя	ᠨᠳ	нд	5
ххб	ᠨ ᠤ	ны	131
ххб	ᠨᠳ	нд	11
ххб	ᠨᠢ	нь	8
ххк	ᠡᠶᠢᠨ	ийн	2502
ххк	ᠨᠢ	нь	359
ххк	ᠳ	д	352
хэв	ᠮᠠᠶ᠋ᠢᠭ	маяг	281
хэв	ᠵᠢᠷᠤᠮ	журам	168
хэв	ᠵᠢᠷᠤᠮ ᠤᠨ	журмын	158
хэвийн	ᠦᠢᠯᠡ	үйл	229
хэвийн	ᠦᠵᠡᠭᠳᠡᠯ	үзэгдэл	115
хэвийн	ᠬᠡᠮᠵᠢᠶᠡᠨ ᠳᠦ	хэмжээнд	91
хэвлий	ᠳ᠋ᠡᠬᠢ	дэх	28
хэвлий	ᠳᠣᠣᠷᠠᠬᠢ	доорх	13
хэвлий	ᠲᠡᠭᠦᠨ ᠦ	түүний	9
хэвлэгдэн	ᠭᠠᠷᠤᠭᠰᠠᠨ	гарсан	20
хэвлэгдэн	ᠭᠠᠷᠴᠤ	гарч	19
хэвлэгдэн	ᠭᠠᠷᠤᠯ᠎ᠠ	гарлаа	17
хэвлэгч	ᠨᠢ	нь	10
хэвлэгч	ᠮᠠᠰᠢᠨ	машин	7
хэвлэж	ᠠᠪᠬᠤ	авах	18
хэвлэж	ᠪᠠᠶᠢᠭ᠎ᠠ	байгаа	12
хэвлэж	ᠭᠠᠷᠭᠠᠬᠤ	гаргах	7
хэвлэл	ᠮᠡᠳᠡᠭᠡᠯᠡᠯ	мэдээлэл	2652
хэвлэл	ᠣᠯᠠᠨ	олон	30
хэвлэл	ᠮᠡᠳᠡᠭᠡᠯᠡᠯ ᠦᠨ	мэдээлэлийн	17
хэвлэн	ᠨᠡᠶᠢᠲᠡᠯᠡᠬᠦ	нийтлэх	90
хэвлэн	ᠭᠠᠷᠭᠠᠵᠤ	гаргаж	22
хэвлэн	ᠨᠡᠶᠢᠯᠡᠭᠦᠯᠬᠦ	нийлүүлэх	16
хэвлэх	ᠪᠣᠯᠤᠮᠵᠢ ᠲᠠᠢ	боломжтой	23
хэвлэх	ᠠᠵᠢᠯ	ажил	19
хэвлэх	ᠦᠢᠯᠡᠳᠪᠦᠷᠢ	үйлдвэр	15
хэвлүүлэх	ᠭᠡᠵᠦ	гэж	8
хэвлүүлэх	ᠶᠠᠭᠤᠮ᠎ᠠ	юм	6
хэвлүүлэх	ᠲᠦᠭᠡᠭᠡᠬᠦ	түгээх	5
хэврэг	ᠪᠠᠶᠢᠭ᠎ᠠ	байгаа	5
хэврэг	ᠪᠠᠶᠢᠭᠰᠠᠨ	байсан	5
хэвтсэн	ᠶᠠᠭᠤᠮ᠎ᠠ	юм	11
хэвтсэн	ᠴᠤ	ч	9
хэвтсэн	ᠪᠠᠶᠢᠨ᠎ᠠ	байна	8
хэвтэж	ᠪᠠᠶᠢᠭ᠎ᠠ	байгаа	120
хэвтэж	ᠪᠠᠶᠢᠨ᠎ᠠ	байна	64
хэвтэж	ᠪᠠᠶᠢᠭᠰᠠᠨ	байсан	55
хэвтэн	ᠡᠮᠴᠢᠯᠡᠭᠦᠯᠵᠦ	эмчлүүлж	367
хэвтэн	ᠡᠮᠴᠢᠯᠡᠭᠦᠯᠬᠦ	эмчлүүлэх	77
хэвтэн	ᠡᠮᠴᠢᠯᠡᠭᠳᠡᠵᠦ	эмчлэгдэж	20
хэвтэх	ᠪᠢᠴᠢᠭ	бичиг	16
хэвтэх	ᠨᠢ	нь	16
хэвтэх	ᠠᠵᠤ	аж	5
хэвтээ	ᠡᠷᠡᠭᠲᠡᠢ	эрэгтэй	12
хэвтээ	ᠲᠡᠩᠬᠡᠯᠢᠭ	тэнхлэг	9
хэвтээ	ᠪᠠᠶᠢᠳᠠᠯ ᠠᠴᠠ	байдлаас	8
хэвтээд	ᠪᠠᠶᠢᠨ᠎ᠠ	байна	6
хэвтээд	ᠪᠠᠶᠢᠭᠰᠠᠨ	байсан	5
хэвтээд	ᠴᠠᠭ	цаг	5
хэвшил	ᠢᠷᠭᠡᠨ ᠦ	иргэний	45
хэвшил	ᠨᠢ	нь	33
хэвшил	ᠣᠯᠠᠨ	олон	29
хэвших	ᠦᠵᠡᠪᠦᠷᠢ	үзвэр	15
хэвших	ᠨᠢ	нь	12
хэвших	ᠬᠡᠷᠡᠭᠲᠡᠢ	хэрэгтэй	7
хэвшмэл	ᠣᠶᠢᠯᠠᠭᠠᠯᠲᠠ	ойлголт	5
хэвшсэн	ᠪᠠᠶᠢᠨ᠎ᠠ	байна	5
хэвшүүлэх	ᠨᠢ	нь	22
хэвшүүлэх	ᠬᠡᠷᠡᠭᠲᠡᠢ	хэрэгтэй	12
хэвшүүлэх	ᠠᠵᠢᠯ ᠢ	ажлыг	9
хэвэндээ	ᠯᠠ	л	5
хэвээр	ᠪᠠᠶᠢᠨ᠎ᠠ	байна	600
хэвээр	ᠪᠠᠶᠢᠭ᠎ᠠ	байгаа	430
хэвээр	ᠨᠢ	нь	208
хэвээрээ	ᠪᠠᠶᠢᠭ᠎ᠠ	байгаа	200
хэвээрээ	ᠪᠠᠶᠢᠨ᠎ᠠ	байна	148
хэвээрээ	ᠯᠠ	л	146
хэд	ᠬᠡᠳᠦᠨ	хэдэн	4642
хэд	ᠳᠠᠬᠢᠨ	дахин	477
хэд	ᠨᠢ	нь	331
хэдий	ᠴᠤ	ч	2170
хэдий	ᠲᠡᠶᠢᠮᠦ	тийм	109
хэдий	ᠴᠢᠨᠡᠭᠡᠨ	чинээ	107
хэдийг	ᠨᠢ	нь	71
хэдийг	ᠯᠠ	л	5
хэдийг	ᠴᠤ	ч	5
хэдийгээр	ᠡᠨᠡ	энэ	173
хэдийгээр	ᠮᠠᠨ ᠤ	манай	44
хэдийгээр	ᠪᠢᠳᠡ	бид	43
хэдийн	ᠪᠤᠢ	бий	8
хэдийн	ᠬᠦᠷᠦᠭᠰᠡᠨ	хүрсэн	8
хэдийн	ᠡᠬᠢᠯᠡᠭᠰᠡᠨ	эхэлсэн	6
хэдийнэ	ᠪᠤᠢ	бий	27
хэдийнэ	ᠲᠠᠨᠢᠯ	танил	23
хэдийнэ	ᠡᠬᠢᠯᠡᠭᠰᠡᠨ	эхэлсэн	22
хэдийнээ	ᠪᠤᠢ	бий	8
хэдийнээ	ᠳᠠᠭᠤᠰᠤᠭᠰᠠᠨ	дууссан	7
хэдийнээ	ᠰᠠᠶ᠋ᠢ	сая	7
хэдтэй	ᠪᠤᠢ	вэ	6
хэдхэн	ᠬᠣᠨᠣᠭ ᠤᠨ	хоногийн	565
хэдхэн	ᠵᠢᠯ ᠦᠨ	жилийн	182
хэдхэн	ᠰᠠᠷ᠎ᠠ ᠶᠢᠨ	сарын	128
хэдэн	ᠵᠢᠯ ᠦᠨ	жилийн	764
хэдэн	ᠤᠳᠠᠭ᠎ᠠ	удаа	691
хэдэн	ᠵᠢᠯ	жил	683
хэдүүлээ	ᠪᠤᠢ	вэ	15
хэдүүлээ	ᠠᠮᠢᠳᠤᠷᠠᠳᠠᠭ	амьдардаг	5
хэзээ	ᠴᠤ	ч	2453
хэзээ	ᠨᠢᠭᠡᠨ	нэгэн	311
хэзээ	ᠬᠠᠮᠢᠭ᠎ᠠ	хаана	75
хэзээд	ᠪᠡᠯᠡᠨ	бэлэн	16
хэзээд	ᠴᠤ	ч	15
хэзээний	ᠯᠠ	л	19
хэзээний	ᠲᠠᠨᠢᠯ	танил	18
хэзээнээс	ᠡᠬᠢᠯᠡᠵᠦ	эхэлж	27
хэзээнээс	ᠡᠬᠢᠯᠡᠨ	эхлэн	21
хэзээнээс	ᠡᠬᠢᠯᠡᠬᠦ	эхлэх	21
хэл	ᠳᠡᠭᠡᠷ᠎ᠡ	дээр	493
хэл	ᠠᠮᠠ	ам	471
хэл	ᠤᠷᠠᠨ	уран	180
хэлбэл	ᠡᠨᠡ	энэ	244
хэлбэл	ᠮᠣᠩᠭᠣᠯ	монгол	134
хэлбэл	ᠨᠢᠭᠡ	нэг	94
хэлбэлзэл	ᠶᠡᠬᠡ ᠲᠡᠢ	ихтэй	22
хэлбэлзэл	ᠨᠢ	нь	18
хэлбэлзэл	ᠪᠤᠢ	бий	5
хэлбэр	ᠨᠢ	нь	180
хэлбэр	ᠶᠠᠭᠤᠮ᠎ᠠ	юм	83
хэлбэр	ᠷᠦᠦ	рүү	52
хэлбэрийн	ᠬᠤᠪᠢ ᠳᠤ	хувьд	43
хэлбэрийн	ᠦᠶ᠎ᠡ ᠳᠦ	үед	13
хэлбэрийн	ᠲᠡᠳᠦᠢ	төдий	11
хэлбэртэй	ᠪᠠᠶᠢᠳᠠᠭ	байдаг	15
хэлбэртэй	ᠪᠠᠶᠢᠨ᠎ᠠ	байна	15
хэлбэртэй	ᠪᠠᠶᠢᠬᠤ	байх	15
хэлбэрээр	ᠵᠣᠬᠢᠶᠠᠨ	зохион	118
хэлбэрээр	ᠨᠢ	нь	53
хэлбэрээр	ᠬᠡᠷᠴᠡᠭᠡᠢ	хэрцгий	40
хэлвэл	ᠡᠨᠡ	энэ	6
хэлгүй	ᠳᠦᠯᠡᠢ	дүлий	15
хэлд	ᠣᠷᠣᠵᠤ	орж	10
хэлд	ᠣᠷᠣᠭ᠎ᠠ ᠦᠭᠡᠢ	ороогүй	5
хэлд	ᠤᠷᠤᠬᠤ	орох	5
хэлдгээр	ᠪᠣᠯ	бол	8
хэлдэг	ᠶᠠᠭᠤᠮ᠎ᠠ	юм	171
хэлдэг	ᠪᠠᠶᠢᠭᠰᠠᠨ	байсан	109
хэлдэг	ᠯᠠ	л	39
хэлдэггүй	ᠶᠠᠭᠤᠮ᠎ᠠ	юм	17
хэлдэггүй	ᠪᠠᠶᠢᠭᠰᠠᠨ	байсан	8
хэлж	ᠪᠠᠶᠢᠨ᠎ᠠ	байна	1665
хэлж	ᠪᠠᠶᠢᠭᠰᠠᠨ	байсан	1529
хэлж	ᠪᠠᠶᠢᠭ᠎ᠠ	байгаа	1085
хэлийг	ᠨᠢ	нь	27
хэлийг	ᠰᠤᠷᠬᠤ	сурах	12
хэлийг	ᠬᠡᠷᠡᠭᠯᠡᠬᠦ	хэрэглэх	12
хэллэг	ᠨᠢ	нь	14
хэллэг	ᠨᠡᠷᠡ	нэр	8
хэллэг	ᠪᠦᠬᠦᠢ	бүхий	6
хэллээ	ᠭᠡᠵᠦ	гэж	114
хэллээ	ᠰᠢᠦ	шүү	17
хэллээ	ᠭᠡᠳ	гээд	15
хэлмэгдсэн	ᠨᠢ	нь	6
хэлмэрч	ᠨᠢ	нь	5
хэлмээр	ᠪᠠᠶᠢᠨ᠎ᠠ	байна	879
хэлмээр	ᠰᠠᠨᠠᠭᠳᠠᠳᠠᠭ	санагддаг	18
хэлмээр	ᠪᠠᠶᠢᠭ᠎ᠠ	байгаа	14
хэлнэ	ᠭᠡᠵᠦ	гэж	48
хэлнэ	ᠳ᠋ᠡ	дээ	36
хэлнэ	ᠯᠡ	лээ	34
хэлнээ	ᠣᠷᠴᠢᠭᠤᠯᠵᠤ	орчуулж	7
хэлнээ	ᠬᠥᠷᠪᠡᠭᠦᠯᠬᠦ	хөрвүүлэх	7
хэлнээ	ᠬᠡᠪᠯᠡᠭᠳᠡᠨ	хэвлэгдэн	5
хэлсний	ᠳᠠᠷᠠᠭ᠎ᠠ	дараа	105
хэлсний	ᠲᠥᠯᠥᠭᠡ	төлөө	10
хэлсний	ᠳᠠᠭᠠᠤ	дагуу	6
хэлснийг	ᠨᠢ	нь	12
хэлснийг	ᠪᠦᠷᠢᠨ	бүрэн	8
хэлснийг	ᠪᠢ	би	5
хэлсэн	ᠶᠠᠭᠤᠮ᠎ᠠ	юм	1246
хэлсэн	ᠦᠭᠡᠨ ᠳᠦ ᠪᠡᠨ	үгэндээ	809
хэлсэн	ᠪᠠᠶᠢᠨ᠎ᠠ	байна	487
хэлсэндээ	ᠬᠦᠷᠴᠦ	хүрч	25
хэлсэндээ	ᠬᠦᠷᠡᠳᠡᠭ	хүрдэг	6
хэлсэнчлэн	ᠡᠨᠡ	энэ	13
хэлсэнчлэн	ᠪᠢᠳᠡ	бид	11
хэлсэнчлэн	ᠮᠣᠩᠭᠣᠯ	монгол	8
хэлсээр	ᠪᠠᠶᠢᠨ᠎ᠠ	байна	17
хэлсээр	ᠪᠠᠶᠢᠭ᠎ᠠ	байгаа	13
хэлсээр	ᠪᠠᠶᠢᠲᠠᠯ᠎ᠠ	байтал	11
хэлтэй	ᠬᠦᠮᠦᠨ	хүн	15
хэлтэй	ᠠᠩᠭᠯᠢ	англи	8
хэлтэй	ᠬᠣᠯᠪᠣᠭᠠᠲᠠᠢ	холбоотой	8
хэлтэс	ᠮᠡᠳᠡᠭᠡᠯᠡᠪᠡ	мэдээлэв	360
хэлтэс	ᠰᠢᠯᠭᠠᠵᠤ	шалгаж	76
хэлтэс	ᠨᠢ	нь	38
хэлхээ	ᠬᠣᠯᠪᠣᠭ᠎ᠠ	холбоо	53
хэлхээ	ᠬᠣᠯᠪᠣᠭᠠᠲᠠᠢ	холбоотой	21
хэлхээ	ᠶᠠᠰᠤ	яс	14
хэлц	ᠦᠭᠡ	үг	19
хэлц	ᠦᠭᠡ ᠶᠢ	үгийг	8
хэлчих	ᠶᠠᠭᠤᠮ᠎ᠠ	юм	10
хэлчих	ᠦ᠋	үү	6
хэлчих	ᠬᠦᠮᠦᠨ	хүн	5
хэлчихвэл	ᠪᠣᠳᠠᠲᠤ	бодит	6
хэлье	ᠳ᠋ᠡ	дээ	34
хэлье	ᠭᠡᠵᠦ	гэж	33
хэлье	ᠯᠠ	л	20
хэлэв	ᠦ᠋	үү	11
хэлэлгүй	ᠰᠢᠭᠤᠳ	шууд	5
хэлэлцлээ	ᠮᠣᠩᠭᠣᠯ	монгол	8
хэлэлцлээ	ᠭᠡᠵᠦ	гэж	7
хэлэлцсэн	ᠪᠠᠶᠢᠨ᠎ᠠ	байна	309
хэлэлцсэн	ᠶᠠᠭᠤᠮ᠎ᠠ	юм	210
хэлэлцсэн	ᠴᠤ	ч	98
хэлэлцэж	ᠪᠠᠶᠢᠨ᠎ᠠ	байна	584
хэлэлцэж	ᠪᠠᠶᠢᠭ᠎ᠠ	байгаа	484
хэлэлцэж	ᠪᠤᠢ	буй	418
хэлэлцэх	ᠡᠰᠡᠬᠦ	эсэх	2058
хэлэлцэх	ᠠᠰᠠᠭᠤᠳᠠᠯ	асуудал	1141
хэлэлцэх	ᠠᠰᠠᠭᠤᠳᠠᠯ ᠤᠨ	асуудлын	613
хэлэлцэхгүй	ᠪᠣᠯ	бол	20
хэлэлцэхгүй	ᠪᠠᠶᠢᠨ᠎ᠠ	байна	19
хэлэлцэхгүй	ᠪᠠᠶᠢᠭ᠎ᠠ	байгаа	13
хэлэлцээ	ᠬᠢᠵᠦ	хийж	248
хэлэлцээ	ᠬᠢᠬᠦ	хийх	118
хэлэлцээ	ᠬᠢᠨ᠎ᠡ	хийнэ	65
хэлэлцээд	ᠠᠩᠬᠠᠨ	анхан	129
хэлэлцээд	ᠤᠡᠬ	уих	82
хэлэлцээд	ᠵᠠᠰᠠᠭ ᠤᠨ	засгийн	60
хэлэлцээр	ᠬᠢᠵᠦ	хийж	178
хэлэлцээр	ᠨᠢ	нь	96
хэлэлцээр	ᠪᠠᠶᠢᠭᠤᠯᠬᠤ	байгуулах	87
хэлэлцүүлж	ᠪᠠᠶᠢᠨ᠎ᠠ	байна	32
хэлэлцүүлж	ᠪᠠᠶᠢᠭ᠎ᠠ	байгаа	26
хэлэлцүүлж	ᠪᠠᠲᠤᠯᠠᠭᠤᠯᠬᠤ	батлуулах	22
хэлэлцүүлэх	ᠨᠢ	нь	49
хэлэлцүүлэх	ᠶᠠᠭᠤᠮ᠎ᠠ	юм	45
хэлэлцүүлэх	ᠶᠣᠰᠣᠲᠠᠢ	ёстой	37
хэлэн	ᠳᠡᠭᠡᠷ᠎ᠡ	дээр	14
хэлэн	ᠳᠡᠭᠡᠷ᠎ᠡ ᠪᠡᠨ	дээрээ	6
хэлэн	ᠣᠷᠣᠵᠤ	орж	6
хэлэнд	ᠣᠷᠣᠵᠤ	орж	5
хэлэх	ᠪᠤᠢ	вэ	495
хэлэх	ᠨᠢ	нь	300
хэлэх	ᠬᠡᠷᠡᠭᠲᠡᠢ	хэрэгтэй	233
хэлэхгүй	ᠶᠠᠭᠤ	юу	41
хэлэхгүй	ᠪᠠᠶᠢᠭ᠎ᠠ	байгаа	28
хэлэхгүй	ᠪᠣᠯ	бол	26
хэлэхдээ	ᠮᠣᠩᠭᠣᠯ	монгол	31
хэлэхдээ	ᠡᠨᠡ	энэ	21
хэлэхдээ	ᠮᠠᠨ ᠤ	манай	9
хэлэхийг	ᠬᠦᠰᠴᠢ	хүсч	85
хэлэхийг	ᠬᠦᠰᠡᠭᠰᠡᠨ	хүссэн	20
хэлэхийг	ᠬᠦᠰᠡᠭᠡ ᠦᠭᠡᠢ	хүсээгүй	17
хэлэхийн	ᠠᠷᠭ᠎ᠠ ᠦᠭᠡᠢ	аргагүй	37
хэлэхийн	ᠤᠴᠢᠷ	учир	29
хэлэхийн	ᠲᠤᠯᠠᠳᠠ	тулд	13
хэлэхэд	ᠬᠡᠴᠡᠭᠦᠦ	хэцүү	115
хэлэхэд	ᠡᠨᠡ	энэ	108
хэлэхэд	ᠮᠠᠨ ᠤ	манай	63
хэлэхээ	ᠮᠡᠳᠡᠬᠦ ᠦᠭᠡᠢ	мэдэхгүй	11
хэлэхээр	ᠪᠠᠶᠢᠨ᠎ᠠ	байна	15
хэлэхээр	ᠨᠢ	нь	8
хэлэхээс	ᠥᠭᠡᠷ᠎ᠡ	өөр	25
хэлэхээс	ᠠᠷᠭ᠎ᠠ ᠦᠭᠡᠢ	аргагүй	15
хэлэхээс	ᠴᠤ	ч	11
хэлээ	ᠰᠠᠶᠢᠨ	сайн	15
хэлээ	ᠲᠡᠭᠦᠰ	төгс	11
хэлээ	ᠰᠠᠶᠢᠵᠢᠷᠠᠭᠤᠯᠬᠤ	сайжруулах	10
хэлээгүй	ᠴᠤ	ч	30
хэлээгүй	ᠶᠠᠭᠤᠮ᠎ᠠ	юм	29
хэлээгүй	ᠰᠢᠦ	шүү	17
хэлээд	ᠪᠠᠶᠢᠭ᠎ᠠ	байгаа	366
хэлээд	ᠪᠠᠶᠢᠨ᠎ᠠ	байна	158
хэлээд	ᠯᠠ	л	60
хэлээр	ᠶᠠᠷᠢᠳᠠᠭ	ярьдаг	45
хэлээр	ᠶᠠᠷᠢᠵᠤ	ярьж	34
хэлээр	ᠪᠢᠴᠢᠭᠰᠡᠨ	бичсэн	28
хэлээрээ	ᠵᠥᠪ	зөв	22
хэлээрээ	ᠮᠠᠯ	мал	8
хэлээрээ	ᠰᠤᠷᠤᠯᠴᠠᠬᠤ	суралцах	7
хэлээч	ᠭᠡᠵᠦ	гэж	5
хэлүүлж	ᠪᠠᠶᠢᠭᠠᠳ	байгаад	8
хэлүүлэлтгүй	ᠮᠡᠳᠡᠵᠦ	мэдэж	24
хэлүүлэлтгүй	ᠮᠡᠳᠡᠨ᠎ᠡ	мэднэ	15
хэлүүлэлтгүй	ᠮᠡᠳᠡᠬᠦ	мэдэх	7
хэм	ᠬᠦᠢᠲᠡᠨ	хүйтэн	460
хэм	ᠳᠤᠯᠠᠭᠠᠨ	дулаан	451
хэм	ᠡᠳᠦᠷ ᠲᠦ ᠪᠡᠨ	өдөртөө	394
хэмжигдэж	ᠪᠠᠶᠢᠭ᠎ᠠ	байгаа	72
хэмжигдэж	ᠪᠠᠶᠢᠨ᠎ᠠ	байна	40
хэмжигдэж	ᠪᠠᠶᠢᠭᠰᠠᠨ	байсан	23
хэмжигдэх	ᠪᠣᠯᠤᠭᠰᠠᠨ	болсон	14
хэмжигдэх	ᠶᠣᠰᠣᠲᠠᠢ	ёстой	7
хэмжигдэх	ᠪᠣᠯᠵᠠᠢ	болжээ	5
хэмжигч	ᠪᠠᠭᠠᠵᠢ	багаж	6
хэмжигч	ᠨᠢ	нь	5
хэмжиж	ᠨᠢᠭᠡ	нэг	44
хэмжиж	ᠪᠣᠯᠬᠤ ᠦᠭᠡᠢ	болохгүй	12
хэмжиж	ᠪᠣᠯᠬᠤ	болох	9
хэмжил	ᠵᠦᠢ ᠶᠢᠨ	зүйн	131
хэмжил	ᠵᠦᠢ	зүй	7
хэмжих	ᠨᠢᠭᠡᠴᠡ	нэгж	25
хэмжих	ᠨᠢ	нь	10
хэмжих	ᠬᠡᠷᠡᠭᠰᠡᠯ	хэрэгсэл	10
хэмжээ	ᠠᠪᠴᠤ	авч	1089
хэмжээ	ᠨᠢ	нь	874
хэмжээ	ᠠᠪᠬᠤ	авах	867
хэмжээг	ᠠᠪᠴᠤ	авч	375
хэмжээг	ᠵᠣᠬᠢᠶᠠᠨ	зохион	300
хэмжээг	ᠳᠠᠬᠢᠨ	дахин	257
хэмжээгээр	ᠨᠢ	нь	87
хэмжээгээр	ᠳᠡᠯᠡᠬᠡᠢ ᠳᠦ	дэлхийд	32
хэмжээгээр	ᠨᠡᠮᠡᠭᠳᠡᠬᠦ	нэмэгдэх	32
хэмжээгээрээ	ᠳᠡᠯᠡᠬᠡᠢ ᠳᠦ	дэлхийд	26
хэмжээгээрээ	ᠬᠠᠮᠤᠭ ᠤᠨ	хамгийн	5
хэмжээгээрээ	ᠴᠤ	ч	5
хэмжээлшгүй	ᠶᠡᠬᠡ	их	17
хэмжээлшгүй	ᠡᠷᠬᠡ	эрх	7
хэмжээнд	ᠨᠡᠶᠢᠲᠡ	нийт	228
хэмжээнд	ᠬᠦᠷᠴᠦ	хүрч	193
хэмжээнд	ᠬᠦᠷᠦᠭᠰᠡᠨ	хүрсэн	176
хэмжээндээ	ᠬᠦᠷᠴᠦ	хүрч	9
хэмжээндээ	ᠯᠠ	л	8
хэмжээндээ	ᠬᠦᠷᠦᠭᠰᠡᠨ	хүрсэн	8
хэмжүүр	ᠨᠢ	нь	23
хэмжүүр	ᠪᠢᠰᠢ	биш	6
хэмжүүр	ᠭᠡᠵᠦ	гэж	5
хэмийн	ᠳᠤᠯᠠᠭᠠᠨ	дулаан	24
хэмийн	ᠬᠠᠯᠠᠭᠤᠨ	халуун	19
хэмийн	ᠬᠦᠢᠲᠡᠨ	хүйтэн	18
хэмнэл	ᠳᠣᠣᠷ᠎ᠠ	дор	10
хэмнэл	ᠪᠦᠬᠦᠢ	бүхий	9
хэмнэл	ᠳᠡᠭᠡᠷ᠎ᠡ	дээр	6
хэмнэлд	ᠨᠢ	нь	6
хэмнэлийг	ᠮᠡᠳᠡᠷᠡᠭᠦᠯᠬᠦ	мэдрүүлэх	5
хэмнэлт	ᠭᠠᠷᠬᠤ	гарах	25
хэмнэлт	ᠬᠢᠬᠦ	хийх	25
хэмнэлт	ᠭᠠᠷᠴᠤ	гарч	24
хэмнэнэ	ᠭᠡᠵᠦ	гэж	18
хэмнэнэ	ᠭᠡᠰᠡᠨ	гэсэн	10
хэмнэх	ᠪᠣᠯᠤᠮᠵᠢ ᠲᠠᠢ	боломжтой	73
хэмнэх	ᠪᠣᠯᠤᠮᠵᠢ	боломж	21
хэмнэх	ᠶᠠᠭᠤᠮ᠎ᠠ	юм	18
хэмх	ᠤᠯᠠᠭᠠᠨ	улаан	27
хэмээгч	ᠮᠣᠳᠣᠨ	модон	73
хэмээгч	ᠤᠰᠤᠨ	усан	9
хэмээгч	ᠨᠢ	нь	6
хэмээж	ᠪᠠᠶᠢᠭᠰᠠᠨ	байсан	100
хэмээж	ᠪᠠᠶᠢᠯ᠎ᠠ	байлаа	49
хэмээж	ᠪᠠᠶᠢᠪᠠ	байв	42
хэмээн	ᠦᠵᠡᠵᠦ	үзэж	1005
хэмээн	ᠤᠡᠬ	уих	461
хэмээн	ᠤᠯᠤᠰ ᠤᠨ	улсын	363
хэмээр	ᠳᠤᠯᠠᠭᠠᠨ	дулаан	6
хэмээсэн	ᠶᠠᠭᠤᠮ᠎ᠠ	юм	191
хэмээсэн	ᠪᠠᠶᠢᠨ᠎ᠠ	байна	90
хэмээсэн	ᠨᠢ	нь	37
хэмээх	ᠡᠷᠬᠢᠮ	эрхэм	130
хэмээх	ᠰᠢᠨ᠎ᠡ	шинэ	121
хэмээх	ᠡᠨᠡ	энэ	118
хэн	ᠴᠤ	ч	2370
хэн	ᠨᠢᠭᠡᠨ	нэгэн	1253
хэн	ᠨᠢ	нь	1037
хэнд	ᠴᠤ	ч	634
хэнд	ᠨᠢ	нь	89
хэнд	ᠠᠰᠢᠭᠲᠠᠢ	ашигтай	56
хэндээ	ᠠᠰᠢᠭᠲᠠᠢ	ашигтай	20
хэндээ	ᠬᠡᠷᠡᠭᠲᠡᠢ	хэрэгтэй	11
хэндээ	ᠴᠤ	ч	6
хэний	ᠴᠤ	ч	315
хэний	ᠬᠡᠯᠡᠭᠰᠡᠨ	хэлсэн	37
хэний	ᠡᠷᠬᠡ	эрх	27
хэнийг	ᠴᠤ	ч	263
хэнийг	ᠨᠢ	нь	73
хэнийг	ᠨᠡᠷᠡ	нэр	39
хэнийх	ᠨᠢ	нь	84
хэнийх	ᠪᠤᠢ	вэ	20
хэнийх	ᠴᠤ	ч	8
хэнтий	ᠠᠶᠢᠮᠠᠭ ᠤᠨ	аймгийн	751
хэнтий	ᠳᠣᠷᠣᠨᠠᠲᠤ	дорнод	105
хэнтий	ᠠᠶᠢᠮᠠᠭ	аймаг	97
хэнтэй	ᠴᠤ	ч	118
хэнтэй	ᠨᠢ	нь	24
хэнтэй	ᠬᠠᠮᠲᠤᠷᠠᠵᠤ	хамтарч	9
хэнэггүй	ᠵᠠᠩᠭ᠎ᠠ ᠠᠴᠠ ᠪᠠᠨ	зангаасаа	9
хэнэггүй	ᠪᠠᠶᠢᠳᠠᠯ ᠠᠴᠠ	байдлаас	6
хэнэггүй	ᠬᠠᠶᠢᠩᠭᠤ	хайнга	5
хэнээр	ᠴᠤ	ч	54
хэнээс	ᠴᠤ	ч	222
хэнээс	ᠨᠢ	нь	9
хэнээс	ᠬᠠᠮᠢᠭ᠎ᠠ ᠠᠴᠠ	хаанаас	8
хэр	ᠨᠢ	нь	394
хэр	ᠶᠡᠬᠡ	их	372
хэр	ᠪᠠᠶᠢᠨ᠎ᠠ	байна	263
хэрвээ	ᠲᠠ	та	308
хэрвээ	ᠡᠨᠡ	энэ	308
хэрвээ	ᠪᠢ	би	133
хэргийг	ᠰᠢᠭᠦᠬᠦ	шүүх	293
хэргийг	ᠰᠢᠯᠭᠠᠵᠤ	шалгаж	267
хэргийг	ᠬᠢᠨᠠᠨ	хянан	242
хэргийн	ᠰᠠᠶᠢᠳ	сайд	1028
хэргийн	ᠠᠩᠬᠠᠨ	анхан	703
хэргийн	ᠰᠢᠭᠦᠬᠦ	шүүх	611
хэргээ	ᠨᠢᠭᠤᠨ	нуун	22
хэргээ	ᠬᠦᠯᠢᠶᠡᠵᠦ	хүлээж	22
хэргээ	ᠬᠦᠯᠢᠶᠡᠭᠰᠡᠨ	хүлээсэн	22
хэргээр	ᠢᠯᠠ	ял	104
хэргээр	ᠡᠷᠡᠭᠦᠦ ᠶᠢᠨ	эрүүгийн	41
хэргээр	ᠰᠢᠯᠭᠠᠵᠤ	шалгаж	38
хэрлэн	ᠣᠨᠣᠨ	онон	207
хэрлэн	ᠭᠣᠣᠯ ᠤᠨ	голын	54
хэрлэн	ᠬᠠᠯᠬ᠎ᠠ	халх	44
хэрлэнгийн	ᠬᠥᠳᠡᠭᠡ	хөдөө	14
хэрлэнгийн	ᠭᠦᠦᠷᠡ	гүүр	12
хэрнээ	ᠯᠠ	л	23
хэрнээ	ᠲᠡᠷᠡ	тэр	20
хэрнээ	ᠨᠢᠭᠡ	нэг	19
хэрхэвч	ᠪᠣᠯᠬᠤ ᠦᠭᠡᠢ	болохгүй	29
хэрхэвч	ᠪᠠᠶᠢᠵᠤ	байж	7
хэрхэн	ᠶᠠᠵ	яаж	287
хэрхэн	ᠬᠠᠷᠠᠵᠤ	харж	172
хэрхэн	ᠰᠢᠢᠳᠪᠦᠷᠢᠯᠡᠬᠦ	шийдвэрлэх	161
хэрхэх	ᠪᠤᠢ	вэ	83
хэрхэх	ᠨᠢ	нь	56
хэрхэх	ᠲᠠᠯ᠎ᠠ ᠪᠠᠷ	талаар	43
хэрцгий	ᠠᠷᠭ᠎ᠠ ᠪᠠᠷ	аргаар	83
хэрцгий	ᠬᠦᠮᠦᠯᠢᠭ	хүнлэг	43
хэрцгий	ᠬᠠᠨᠳᠤᠵᠤ	хандаж	10
хэрэв	ᠲᠠ	та	310
хэрэв	ᠡᠨᠡ	энэ	281
хэрэв	ᠪᠢᠳᠡ	бид	94
хэрэг	ᠡᠷᠬᠢᠯᠡᠬᠦ	эрхлэх	949
хэрэг	ᠡᠭᠦᠰᠬᠡᠨ	үүсгэн	833
хэрэг	ᠭᠠᠷᠤᠭᠰᠠᠨ	гарсан	598
хэрэггүй	ᠭᠡᠵᠦ	гэж	132
хэрэггүй	ᠶᠠᠭᠤᠮ᠎ᠠ	юм	120
хэрэггүй	ᠡ	ээ	77
хэрэгжиж	ᠪᠠᠶᠢᠭ᠎ᠠ	байгаа	491
хэрэгжиж	ᠪᠤᠢ	буй	276
хэрэгжиж	ᠪᠠᠶᠢᠨ᠎ᠠ	байна	224
хэрэгжих	ᠪᠣᠯᠤᠮᠵᠢ ᠲᠠᠢ	боломжтой	89
хэрэгжих	ᠶᠠᠭᠤᠮ᠎ᠠ	юм	80
хэрэгжих	ᠪᠣᠯᠤᠮᠵᠢ ᠦᠭᠡᠢ	боломжгүй	74
хэрэгжүүлж	ᠪᠠᠶᠢᠭ᠎ᠠ	байгаа	1224
хэрэгжүүлж	ᠪᠤᠢ	буй	1156
хэрэгжүүлж	ᠪᠠᠶᠢᠨ᠎ᠠ	байна	457
хэрэгжүүлнэ	ᠭᠡᠵᠦ	гэж	66
хэрэгжүүлнэ	ᠭᠡᠰᠡᠨ	гэсэн	28
хэрэгжүүлнэ	ᠭᠡᠳᠡᠭ	гэдэг	19
хэрэгжүүлсэн	ᠠᠷᠭ᠎ᠠ	арга	65
хэрэгжүүлсэн	ᠨᠢ	нь	52
хэрэгжүүлсэн	ᠪᠠᠶᠢᠨ᠎ᠠ	байна	49
хэрэгжүүлье	ᠭᠡᠵᠦ	гэж	18
хэрэгжүүлье	ᠭᠡᠰᠡᠨ	гэсэн	16
хэрэгжүүлье	ᠭᠡᠪᠡᠯ	гэвэл	8
хэрэгжүүлэгч	ᠠᠭᠧᠨᠲᠯᠢᠭ	агентлаг	205
хэрэгжүүлэгч	ᠨᠢ	нь	26
хэрэгжүүлэгч	ᠪᠠᠶᠢᠭᠤᠯᠤᠯᠭ᠎ᠠ	байгууллага	17
хэрэгжүүлэх	ᠠᠷᠭ᠎ᠠ	арга	363
хэрэгжүүлэх	ᠨᠢ	нь	279
хэрэгжүүлэх	ᠠᠵᠢᠯ ᠤᠨ	ажлын	204
хэрэглэгдэх	ᠠᠶᠠᠭ᠎ᠠ	аяга	11
хэрэглэгдэх	ᠪᠠᠭᠠᠵᠢ	багаж	10
хэрэглэгдэх	ᠪᠣᠯᠤᠭᠰᠠᠨ	болсон	10
хэрэглэгдэхүүн	ᠪᠣᠯᠭᠠᠨ	болгон	9
хэрэглэгдэхүүн	ᠲᠣᠨᠣᠭ	тоног	8
хэрэглэгдэхүүн	ᠠᠷᠢᠭᠤᠨ	ариун	6
хэрэглэгч	ᠲᠠ	та	64
хэрэглэгч	ᠨᠢ	нь	52
хэрэглэгч	ᠪᠣᠯᠬᠤ	болох	44
хэрэглэгчид	ᠨᠢ	нь	26
хэрэглэгчид	ᠴᠤ	ч	18
хэрэглэгчид	ᠮᠠᠨᠢ	маань	17
хэрэглэж	ᠪᠠᠶᠢᠭ᠎ᠠ	байгаа	458
хэрэглэж	ᠪᠠᠶᠢᠨ᠎ᠠ	байна	243
хэрэглэж	ᠪᠠᠶᠢᠭᠰᠠᠨ	байсан	231
хэрэглэл	ᠮᠠᠲ᠋ᠧᠷᠢᠶᠠᠯ	материал	12
хэрэглэл	ᠨᠢ	нь	9
хэрэглэл	ᠭᠡᠳ	гээд	6
хэрэглэнэ	ᠭᠡᠰᠡᠨ	гэсэн	23
хэрэглэнэ	ᠭᠡᠵᠦ	гэж	16
хэрэглэнэ	ᠭᠡᠳ	гээд	11
хэрэглэх	ᠨᠢ	нь	349
хэрэглэх	ᠪᠣᠯᠤᠮᠵᠢ ᠲᠠᠢ	боломжтой	120
хэрэглэх	ᠶᠣᠰᠣᠲᠠᠢ	ёстой	69
хэрэглээ	ᠨᠢ	нь	143
хэрэглээ	ᠪᠣᠯᠤᠭᠰᠠᠨ	болсон	88
хэрэглээ	ᠤᠯᠠᠮ	улам	33
хэрэгсэл	ᠨᠢ	нь	113
хэрэгсэл	ᠶᠠᠭᠤᠮ᠎ᠠ	юм	73
хэрэгсэл	ᠪᠣᠯᠤᠨ	болон	55
хэрэгт	ᠬᠣᠯᠪᠣᠭᠳᠠᠭᠰᠠᠨ	холбогдсон	516
хэрэгт	ᠬᠣᠯᠪᠣᠭᠳᠠᠭᠤᠯᠤᠨ	холбогдуулан	323
хэрэгт	ᠪᠤᠷᠤᠭᠤᠳᠬᠠᠵᠤ	буруутгаж	153
хэрэгтэй	ᠪᠠᠶᠢᠨ᠎ᠠ	байна	1751
хэрэгтэй	ᠶᠠᠭᠤᠮ᠎ᠠ	юм	888
хэрэгтэй	ᠭᠡᠵᠦ	гэж	842
хэрэгтэйг	ᠰᠠᠨᠠᠭᠤᠯᠵᠤ	сануулж	19
хэрэгтэйг	ᠨᠢ	нь	15
хэрэгтэйг	ᠬᠠᠷᠠᠭᠤᠯᠵᠤ	харуулж	15
хэрэгтэн	ᠭᠡᠵᠦ	гэж	19
хэрэгтэн	ᠪᠣᠯᠬᠤ	болох	18
хэрэгтэн	ᠪᠣᠯᠭᠠᠬᠤ	болгох	13
хэрэгтээ	ᠡᠨᠡ	энэ	24
хэрэгтээ	ᠪᠣᠯ	бол	17
хэрэгтээ	ᠮᠣᠩᠭᠣᠯ	монгол	11
хэрэгцээ	ᠱᠠᠭᠠᠷᠳᠠᠯᠭ᠎ᠠ	шаардлага	224
хэрэгцээ	ᠨᠢ	нь	46
хэрэгцээ	ᠶᠡᠬᠡ	их	32
хэрэгцээт	ᠪᠣᠯᠪᠠᠰᠤᠷᠠᠯ	боловсрол	16
хэрэгцээт	ᠪᠣᠯᠪᠠᠰᠤᠷᠠᠯ ᠤᠨ	боловсролын	12
хэрэгцээт	ᠪᠠᠷ᠎ᠠ	бараа	10
хэрэгцээтэй	ᠪᠠᠶᠢᠭ᠎ᠠ	байгаа	50
хэрэгцээтэй	ᠪᠦᠬᠦ	бүх	15
хэрэгцээтэй	ᠪᠠᠶᠢᠨ᠎ᠠ	байна	9
хэрэгч	ᠠᠭᠤᠯᠵᠠᠯᠲᠠ	уулзалт	20
хэрэгч	ᠬᠦᠮᠦᠰ ᠦᠨ	хүмүүсийн	19
хэрэгч	ᠬᠦᠮᠦᠰ	хүмүүс	18
хэрэлдэж	ᠪᠠᠶᠢᠬᠤ	байх	6
хэрэлдэж	ᠪᠠᠶᠢᠭ᠎ᠠ	байгаа	5
хэрэлдээд	ᠪᠠᠶᠢᠭ᠎ᠠ	байгаа	6
хэрэлдээд	ᠰᠠᠭᠤᠭᠠᠳ	суугаад	6
хэрэм	ᠮᠡᠲᠦ	мэт	7
хэрэндээ	ᠯᠠ	л	38
хэрээ	ᠰᠢᠭ	шиг	8
хэрээр	ᠡᠨᠡ	энэ	30
хэрээр	ᠬᠥᠯ ᠢᠶᠡᠨ	хөлөө	24
хэрээр	ᠮᠣᠩᠭᠣᠯ ᠤᠨ	монголын	22
хэрээс	ᠬᠡᠲᠦᠷᠡᠭᠰᠡᠨ	хэтэрсэн	59
хэрээс	ᠬᠡᠲᠦᠷᠡᠯ᠎ᠡ	хэтэрлээ	43
хэрээс	ᠬᠡᠲᠦᠷᠡᠭᠡᠳ	хэтрээд	10
хэрүүл	ᠲᠡᠮᠡᠴᠡᠯ	тэмцэл	63
хэрүүл	ᠮᠠᠷᠭᠤᠭᠠᠨ	маргаан	48
хэрүүл	ᠬᠢᠵᠦ	хийж	23
хэрүүлийн	ᠠᠯᠢᠮ᠎ᠠ	алим	43
хэсгийг	ᠨᠢ	нь	231
хэсгийг	ᠤᠡᠬ	уих	104
хэсгийг	ᠪᠠᠶᠢᠭᠤᠯᠤᠭᠰᠠᠨ	байгуулсан	35
хэсэг	ᠨᠢ	нь	1537
хэсэг	ᠬᠤᠭᠤᠴᠠᠭᠠᠨ ᠳᠤ	хугацаанд	349
хэсэг	ᠪᠦᠯᠦᠭ	бүлэг	259
хэсэгтээ	ᠯᠠ	л	97
хэсэгтээ	ᠭᠤᠷᠪᠠᠳᠤᠭᠠᠷ	гуравдугаар	18
хэсэгтээ	ᠭᠤᠷᠪᠠᠨ	гурван	15
хэсэгхэн	ᠬᠤᠭᠤᠴᠠᠭᠠᠨ ᠳᠤ	хугацаанд	34
хэсэгхэн	ᠵᠠᠭᠤᠷ᠎ᠠ	зуур	22
хэсэгхэн	ᠬᠤᠭᠤᠴᠠᠭᠠᠨ ᠤ	хугацааны	11
хэт	ᠶᠡᠬᠡ	их	419
хэт	ᠥᠨᠳᠥᠷ	өндөр	183
хэт	ᠶᠠᠭᠠᠨ	ягаан	135
хэтийн	ᠲᠥᠯᠥᠪ	төлөв	104
хэтийн	ᠵᠣᠷᠢᠯᠭ᠎ᠠ	зорилго	33
хэтийн	ᠵᠣᠷᠢᠯᠭ᠎ᠠ ᠲᠠᠢ	зорилготой	15
хэтрээд	ᠪᠠᠶᠢᠭ᠎ᠠ	байгаа	15
хэтрээд	ᠪᠠᠶᠢᠨ᠎ᠠ	байна	8
хэтрүүлсэн	ᠪᠣᠯᠬᠤ ᠦᠭᠡᠢ	болохгүй	13
хэтрүүлсэн	ᠭᠡᠬᠦ	гэх	13
хэтрүүлсэн	ᠬᠡᠷᠡᠭ	хэрэг	8
хэтрүүлэн	ᠬᠡᠷᠡᠭᠯᠡᠵᠦ	хэрэглэж	33
хэтрүүлэн	ᠠᠰᠢᠭᠯᠠᠵᠤ	ашиглаж	31
хэтрүүлэн	ᠬᠡᠷᠡᠭᠯᠡᠬᠦ	хэрэглэх	25
хэтэрсэн	ᠵᠡᠭᠡᠯᠢ	зээл	27
хэтэрсэн	ᠪᠣᠯᠤᠨ	болон	14
хэтэрсэн	ᠪᠣᠯ	бол	13
хэтэрхий	ᠶᠡᠬᠡ	их	224
хэтэрхий	ᠥᠨᠳᠥᠷ	өндөр	58
хэтэрхий	ᠣᠯᠠᠨ	олон	57
хэцүү	ᠪᠠᠶᠢᠭᠰᠠᠨ	байсан	251
хэцүү	ᠪᠠᠶᠢᠨ᠎ᠠ	байна	212
хэцүү	ᠯᠠ	л	171
хэцүүхэн	ᠯᠠ	л	17
хэцүүхэн	ᠪᠠᠶᠢᠳᠠᠯ ᠳᠤ	байдалд	13
хэцүүхэн	ᠪᠠᠶᠢᠭᠰᠠᠨ	байсан	8
хэчнээн	ᠬᠦᠮᠦᠨ	хүн	109
хэчнээн	ᠶᠡᠬᠡ	их	60
хэчнээн	ᠲᠥᠭᠥᠷᠢᠭ	төгрөг	55
хээ	ᠤᠭᠠᠯᠵᠠ	угалз	19
хээ	ᠪᠦᠬᠦᠢ	бүхий	12
хээ	ᠨᠢ	нь	10
хээг	ᠭᠠᠷᠭᠠᠬᠤ	гаргах	6
хээг	ᠨᠢ	нь	6
хээгээр	ᠰᠠᠨᠠᠯ	санал	12
хээгээр	ᠬᠢᠯᠢ	хил	12
хээгээр	ᠨᠢ	нь	8
хээл	ᠬᠠᠬᠤᠤᠯᠢ	хахууль	332
хээл	ᠬᠠᠬᠠᠭᠤᠯ	хахуул	10
хээл	ᠬᠠ	ха	7
хээнцэр	ᠳᠡᠭᠵᠢᠨ	дэгжин	6
хээнцэр	ᠲᠠᠩᠰᠤᠭ	тансаг	6
хээр	ᠠᠵᠢᠷᠭ᠎ᠠ	азарга	65
хээр	ᠮᠣᠷᠢ	морь	43
хээр	ᠦᠷᠦᠭᠡ	үрээ	40
хээрийн	ᠲᠦᠢᠮᠡᠷ	түймэр	205
хээрийн	ᠨᠤᠲᠤᠭ ᠢᠶᠠᠷ	нутгаар	28
хээрийн	ᠪᠥᠰᠡ	бүс	17
хээтэй	ᠨᠢ	нь	7
хээтэй	ᠣᠷᠴᠢᠯᠠᠩ	орчлон	7
хязаалан	ᠨᠠᠰᠤᠨ ᠤ	насны	42
хязаалан	ᠰᠢᠳᠦᠯᠡᠩ	шүдлэн	17
хязаалан	ᠮᠣᠷᠢᠳ ᠤᠨ	морьдын	9
хязгаар	ᠨᠢ	нь	31
хязгаар	ᠭᠡᠵᠦ	гэж	27
хязгаар	ᠪᠠᠶᠢᠬᠤ ᠦᠭᠡᠢ	байхгүй	20
хязгаараас	ᠴᠠᠰᠢ	цааш	14
хязгаараас	ᠳᠠᠪᠤᠰᠤᠨ	давсан	6
хязгааргүй	ᠶᠡᠬᠡ	их	26
хязгааргүй	ᠡᠷᠬᠡ	эрх	17
хязгааргүй	ᠪᠣᠯᠤᠭᠰᠠᠨ	болсон	14
хязгаарлагдах	ᠪᠤᠰᠤ	бус	10
хязгаарлагдах	ᠶᠣᠰᠣᠲᠠᠢ	ёстой	7
хязгаарлагдмал	ᠪᠠᠶᠢᠭ᠎ᠠ	байгаа	32
хязгаарлагдмал	ᠪᠠᠶᠢᠨ᠎ᠠ	байна	26
хязгаарлагдмал	ᠬᠦᠷᠢᠶᠡᠨ ᠳᠦ	хүрээнд	24
хязгаарласан	ᠪᠠᠶᠢᠨ᠎ᠠ	байна	22
хязгаарласан	ᠬᠠᠤᠯᠢ	хууль	14
хязгаарласан	ᠠᠷᠠᠯᠵᠢᠶ᠎ᠠ	арилжаа	11
хязгаарлах	ᠲᠤᠬᠠᠢ	тухай	62
хязгаарлах	ᠨᠢ	нь	52
хязгаарлах	ᠪᠣᠳᠣᠯᠭ᠎ᠠ	бодлого	20
хязгаарт	ᠨᠢ	нь	8
хязгаарт	ᠭᠠᠭᠴᠠᠭᠠᠷ ᠢᠶᠠᠨ	ганцаараа	5
хялбар	ᠠᠷᠭ᠎ᠠ ᠪᠠᠷ	аргаар	80
хялбар	ᠪᠠᠶᠢᠬᠤ	байх	31
хялбар	ᠠᠷᠭ᠎ᠠ	арга	30
хялбархан	ᠠᠷᠭ᠎ᠠ ᠪᠠᠷ	аргаар	6
хялбархан	ᠬᠢᠵᠦ	хийж	6
хялбархан	ᠰᠢ ᠳᠦ ᠬᠢ	шийдэх	5
хямд	ᠦᠨ᠎ᠡ ᠪᠡᠷ	үнээр	374
хямд	ᠦᠨᠡᠲᠡᠢ	үнэтэй	273
хямд	ᠪᠤᠶᠤ	буюу	92
хямдрал	ᠵᠠᠷᠯᠠᠵᠤ	зарлаж	9
хямдрал	ᠵᠠᠷᠯᠠᠭᠰᠠᠨ	зарласан	9
хямдрал	ᠤᠷᠮᠠᠰᠢᠭᠤᠯᠤᠯ	урамшуулал	9
хямдруулах	ᠪᠣᠯᠤᠮᠵᠢ	боломж	6
хямдхан	ᠦᠨ᠎ᠡ ᠪᠡᠷ	үнээр	21
хямдхан	ᠪᠠᠶᠢᠭ᠎ᠠ	байгаа	18
хямдхан	ᠣᠷᠣᠨ	орон	12
хямрал	ᠨᠢ	нь	55
хямрал	ᠷᠤ	руу	47
хямрал	ᠭᠡᠵᠦ	гэж	46
хямралд	ᠣᠷᠣᠭᠰᠠᠨ	орсон	52
хямралд	ᠣᠷᠣᠵᠤ	орж	42
хямралд	ᠬᠦᠷᠭᠡᠭᠰᠡᠨ	хүргэсэн	18
хямрах	ᠨᠢ	нь	10
хямрах	ᠵᠡᠷᠭᠡ	зэрэг	6
хянагч	ᠪᠠᠭᠰᠢ	багш	13
хянагч	ᠨᠠᠷ ᠤᠨ	нарын	7
хянаж	ᠦᠵᠡᠭᠡᠳ	үзээд	68
хянаж	ᠪᠠᠶᠢᠭ᠎ᠠ	байгаа	66
хянаж	ᠪᠠᠶᠢᠬᠤ	байх	48
хяналт	ᠲᠠᠯᠪᠢᠬᠤ	тавих	1084
хяналт	ᠲᠠᠯᠪᠢᠵᠤ	тавьж	940
хяналт	ᠰᠢᠯᠭᠠᠯᠲᠠ	шалгалт	640
хяналтгүй	ᠬᠡᠦᠬᠡᠳ ᠢ	хүүхдийг	19
хяналтгүй	ᠣᠷᠬᠢᠬᠤ ᠦᠭᠡᠢ	орхихгүй	18
хяналтгүй	ᠪᠠᠶᠢᠯᠭᠠᠵᠤ	байлгаж	15
хяналтыг	ᠰᠠᠶᠢᠵᠢᠷᠠᠭᠤᠯᠬᠤ	сайжруулах	105
хяналтыг	ᠬᠡᠷᠡᠭᠵᠢᠭᠦᠯᠬᠦ	хэрэгжүүлэх	35
хяналтыг	ᠪᠤᠢ	бий	22
хянамгай	ᠬᠠᠨᠳᠤᠵᠤ	хандаж	88
хянан	ᠰᠢᠢᠳᠪᠦᠷᠢᠯᠡᠬᠦ	шийдвэрлэх	576
хянан	ᠬᠡᠯᠡᠯᠴᠡᠭᠡᠳ	хэлэлцээд	294
хянан	ᠰᠢᠢᠳᠪᠦᠷᠢᠯᠡᠭᠰᠡᠨ	шийдвэрлэсэн	175
хянана	ᠭᠡᠰᠡᠨ	гэсэн	7
хянах	ᠪᠣᠯᠤᠮᠵᠢ ᠲᠠᠢ	боломжтой	70
хянах	ᠶᠣᠰᠣᠲᠠᠢ	ёстой	39
хянах	ᠪᠣᠯᠤᠮᠵᠢ	боломж	26
хянуур	ᠬᠠᠩᠳᠠᠬᠤ	хандах	15
хятад	ᠤᠯᠤᠰ	улс	596
хятад	ᠷᠤ	руу	365
хятад	ᠤᠯᠤᠰ ᠤᠨ	улсын	329
хүдрийн	ᠦᠨ᠎ᠡ	үнэ	63
хүдрийн	ᠪᠠᠶᠠᠵᠢᠮᠠᠯ	баяжмал	25
хүдрийн	ᠡᠺᠰᠫᠣᠷᠲ	экспорт	20
хүдэр	ᠪᠣᠯᠪᠠᠰᠤᠷᠠᠭᠤᠯᠬᠤ	боловсруулах	51
хүдэр	ᠪᠠ	ба	22
хүдэр	ᠪᠣᠯᠪᠠᠰᠤᠷᠠᠭᠤᠯᠵᠤ	боловсруулж	21
хүзүү	ᠬᠥᠰᠢᠬᠦ	хөших	13
хүзүү	ᠭᠠᠷ	гар	9
хүзүү	ᠨᠢ	нь	9
хүзүүнд	ᠲᠥᠪ	төв	20
хүзүүнд	ᠨᠢ	нь	14
хүзүүнд	ᠳᠤᠮᠳᠠᠭᠤᠪᠢ	дундговь	10
хүй	ᠳᠣᠯᠣᠭᠠᠨ	долоон	432
хүй	ᠳᠣᠯᠣᠭ᠎ᠠ	долоо	57
хүй	ᠮᠠᠨᠳᠤᠯ ᠤᠨ	мандалын	11
хүйн	ᠬᠣᠯᠪᠣᠭᠠᠲᠠᠢ	холбоотой	27
хүйн	ᠬᠣᠯᠪᠣᠭ᠎ᠠ	холбоо	17
хүйн	ᠡᠵᠢ	ээж	9
хүйс	ᠨᠡᠶᠢᠭᠡᠮ ᠤᠨ	нийгмийн	9
хүйс	ᠵᠣᠬᠢᠴᠠᠭᠤᠯᠬᠤ	зохицуулах	6
хүйс	ᠲᠣᠳᠣᠷᠬᠠᠶᠢᠯᠠᠬᠤ	тодорхойлох	6
хүйсийн	ᠲᠡᠭᠰᠢ	тэгш	41
хүйсийн	ᠨᠠᠶᠢᠮᠠᠨ	найман	17
хүйсийн	ᠬᠤᠪᠢ ᠳᠤ	хувьд	17
хүйтний	ᠡᠷᠴᠢ	эрч	198
хүйтний	ᠤᠯᠠᠷᠢᠯ ᠳᠤ	улиралд	78
хүйтний	ᠤᠯᠠᠷᠢᠯ	улирал	36
хүйтнээс	ᠭᠷᠠᠳᠦᠶᠢᠰ	градус	459
хүйтнээс	ᠬᠡᠮ	хэм	41
хүйтэн	ᠡᠳᠦᠷ ᠲᠦ ᠪᠡᠨ	өдөртөө	1460
хүйтэн	ᠪᠠᠶᠢᠨ᠎ᠠ	байна	1298
хүйтэн	ᠪᠤᠰᠤᠳ	бусад	160
хүйтэнд	ᠲᠡᠰᠪᠦᠷᠢᠲᠡᠢ	тэсвэртэй	15
хүйтэнд	ᠬᠥᠷᠴᠢ	хөрч	13
хүйтэнд	ᠭᠠᠳᠠᠭ᠎ᠠ	гадаа	12
хүлгийн	ᠵᠢᠯᠣᠭᠣ	жолоо	56
хүлгийн	ᠰᠠᠶᠢᠨ ᠢ	сайныг	12
хүлгийн	ᠵᠣᠭᠣᠨ	зоон	6
хүлгүүд	ᠨᠢ	нь	10
хүлгүүд	ᠰᠢᠨᠳᠠᠰᠤ	шандас	6
хүлгүүд	ᠮ	м	5
хүлцэл	ᠥᠴᠡᠶ᠎ᠡ	өчье	19
хүлэг	ᠮᠢᠨᠢ	минь	17
хүлэг	ᠨᠢ	нь	14
хүлэг	ᠮᠣᠷᠢ	морь	12
хүлэмж	ᠪᠠᠷᠢᠬᠤ	барих	10
хүлэмж	ᠨᠢ	нь	7
хүлэмж	ᠰᠦ᠋	сүү	7
хүлээ	ᠭᠡᠰᠡᠨ	гэсэн	6
хүлээ	ᠭᠡᠳ	гээд	6
хүлээ	ᠰᠡᠨ	сэн	5
хүлээв	ᠦ᠋	үү	5
хүлээгээгүй	ᠴᠤ	ч	8
хүлээгээд	ᠪᠠᠶᠢᠭ᠎ᠠ	байгаа	79
хүлээгээд	ᠪᠠᠶᠢᠨ᠎ᠠ	байна	41
хүлээгээд	ᠪᠠᠶᠢᠭᠰᠠᠨ	байсан	30
хүлээдэг	ᠪᠠᠶᠢᠭᠰᠠᠨ	байсан	34
хүлээдэг	ᠶᠠᠭᠤᠮ᠎ᠠ	юм	25
хүлээдэг	ᠪᠣᠯᠤᠭᠰᠠᠨ	болсон	24
хүлээе	ᠭᠡᠵᠦ	гэж	8
хүлээж	ᠪᠠᠶᠢᠭ᠎ᠠ	байгаа	799
хүлээж	ᠪᠠᠶᠢᠨ᠎ᠠ	байна	775
хүлээж	ᠠᠪᠤᠭᠰᠠᠨ	авсан	660
хүлээлгэн	ᠥᠭᠬᠦ	өгөх	261
хүлээлгэн	ᠥᠭᠭᠦᠭᠰᠡᠨ	өгсөн	195
хүлээлгэн	ᠥᠷᠯᠥᠭᠡ	өглөө	112
хүлээлгэнэ	ᠭᠡᠰᠡᠨ	гэсэн	8
хүлээлгэнэ	ᠭᠡᠵᠦ	гэж	6
хүлээлгэнэ	ᠭᠡᠳ	гээд	5
хүлээлгэсэн	ᠪᠠᠶᠢᠨ᠎ᠠ	байна	11
хүлээлгэсэн	ᠡᠨᠡ	энэ	10
хүлээлгэсэн	ᠨᠢ	нь	9
хүлээлгэх	ᠬᠠᠷᠢᠭᠤᠴᠠᠯᠭ᠎ᠠ	хариуцлага	64
хүлээлгэх	ᠲᠤᠬᠠᠢ	тухай	57
хүлээлгэх	ᠶᠣᠰᠣᠲᠠᠢ	ёстой	23
хүлээлт	ᠪᠤᠢ	бий	80
хүлээлт	ᠡᠭᠦᠰᠬᠡᠭᠰᠡᠨ	үүсгэсэн	78
хүлээлт	ᠪᠠᠶᠢᠨ᠎ᠠ	байна	72
хүлээн	ᠠᠪᠴᠤ	авч	3604
хүлээн	ᠠᠪᠬᠤ	авах	1419
хүлээн	ᠠᠪᠤᠭᠰᠠᠨ	авсан	681
хүлээнэ	ᠭᠡᠵᠦ	гэж	27
хүлээнэ	ᠭᠡᠰᠡᠨ	гэсэн	23
хүлээнэ	ᠭᠡᠳᠡᠭ	гэдэг	14
хүлээсэн	ᠡᠭᠦᠷᠭᠡ ᠪᠡᠨ	үүргээ	250
хүлээсэн	ᠪᠠᠶᠢᠨ᠎ᠠ	байна	96
хүлээсэн	ᠶᠠᠭᠤᠮ᠎ᠠ	юм	88
хүлээсээр	ᠪᠠᠶᠢᠭ᠎ᠠ	байгаа	22
хүлээсээр	ᠪᠠᠶᠢᠨ᠎ᠠ	байна	18
хүлээсээр	ᠯᠠ	л	10
хүлээх	ᠶᠣᠰᠣᠲᠠᠢ	ёстой	233
хүлээх	ᠨᠢ	нь	97
хүлээх	ᠪᠤᠢ	вэ	88
хүлээхгүй	ᠪᠠᠶᠢᠭ᠎ᠠ	байгаа	19
хүлээхгүй	ᠪᠠᠶᠢᠨ᠎ᠠ	байна	13
хүлээхгүй	ᠪᠠᠶᠢᠬᠤ	байх	13
хүлээхэд	ᠪᠡᠯᠡᠨ	бэлэн	22
хүмүүжил	ᠣᠯᠭᠣᠬᠤ	олгох	16
хүмүүжил	ᠲᠥᠯᠦᠪᠰᠢᠯ	төлөвшил	7
хүмүүжил	ᠣᠯᠭᠤᠳᠠᠭ	олгодог	6
хүмүүн	ᠪᠢᠴᠢᠭ	бичиг	19
хүмүүн	ᠪᠢᠳᠡ	бид	11
хүмүүн	ᠪᠢᠳᠡᠨ ᠦ	бидний	9
хүмүүний	ᠠᠮᠢᠳᠤᠷᠠᠯ	амьдрал	15
хүмүүний	ᠰᠡᠳᠬᠢᠯ	сэтгэл	12
хүмүүний	ᠣᠶᠤᠨ	оюун	11
хүмүүс	ᠨᠢ	нь	732
хүмүүс	ᠴᠤ	ч	519
хүмүүс	ᠪᠠᠶᠢᠳᠠᠭ	байдаг	330
хүмүүсийг	ᠨᠢ	нь	36
хүмүүсийг	ᠯᠠ	л	27
хүмүүсийг	ᠬᠦᠯᠢᠶᠡᠨ	хүлээн	27
хүмүүсийн	ᠬᠤᠪᠢ ᠳᠤ	хувьд	245
хүмүүсийн	ᠲᠣᠭ᠎ᠠ	тоо	202
хүмүүсийн	ᠳᠤᠮᠳᠠ	дунд	187
хүмүүст	ᠵᠣᠷᠢᠭᠤᠯᠤᠭᠰᠠᠨ	зориулсан	122
хүмүүст	ᠡᠨᠡ	энэ	74
хүмүүст	ᠵᠣᠷᠢᠭᠤᠯᠵᠤ	зориулж	69
хүмүүстэй	ᠠᠭᠤᠯᠵᠠᠵᠤ	уулзаж	93
хүмүүстэй	ᠬᠠᠮᠲᠤᠷᠠᠵᠤ	хамтарч	37
хүмүүстэй	ᠬᠠᠮᠲᠤᠷᠠᠨ	хамтран	32
хүмүүстээ	ᠪᠠᠶᠠᠷᠯᠠᠯ᠎ᠠ	баярлалаа	21
хүмүүстээ	ᠵᠣᠷᠢᠭᠤᠯᠵᠤ	зориулж	9
хүмүүстээ	ᠬᠠᠷᠢᠭᠤᠴᠠᠯᠭ᠎ᠠ	хариуцлага	9
хүмүүсээ	ᠯᠠ	л	13
хүмүүсээ	ᠠᠵᠢᠯ ᠲᠠᠢ	ажилтай	8
хүмүүсээ	ᠠᠵᠢᠯ ᠤᠨ	ажлын	5
хүмүүсээр	ᠪᠠᠭ᠎ᠠ ᠪᠠᠨ	багаа	9
хүмүүсээр	ᠳᠦᠭᠦᠷᠦᠭᠰᠡᠨ	дүүрсэн	6
хүмүүсээр	ᠨᠢ	нь	6
хүмүүсээс	ᠨᠢ	нь	28
хүмүүсээс	ᠭᠠᠳᠠᠨ᠎ᠠ	гадна	22
хүмүүсээс	ᠪᠦᠷᠢᠳᠦᠭᠰᠡᠨ	бүрдсэн	16
хүн	ᠠᠮᠠ ᠶᠢᠨ	амын	3492
хүн	ᠪᠦᠷ	бүр	1574
хүн	ᠠᠮᠠ	ам	995
хүнгүй	ᠮᠡᠳᠡᠨ᠎ᠡ	мэднэ	32
хүнгүй	ᠯᠠ	л	25
хүнгүй	ᠮᠡᠳᠡᠵᠦ	мэдэж	12
хүнд	ᠪᠠᠶᠢᠳᠠᠯ ᠳᠤ	байдалд	392
хүнд	ᠰᠤᠷᠲᠠᠯ	суртал	379
хүнд	ᠬᠡᠴᠡᠭᠦᠦ	хэцүү	354
хүндийг	ᠡᠷᠭᠦᠯᠲᠡ	өргөлт	48
хүндийг	ᠨᠢ	нь	46
хүндийг	ᠥᠨᠳᠥᠷ ᠲᠦ	өндөрт	29
хүндийн	ᠡᠷᠭᠦᠯᠲᠡ	өргөлт	36
хүндийн	ᠠᠰᠠᠭᠤᠳᠠᠯ	асуудал	23
хүндийн	ᠬᠡᠷᠡᠭ	хэрэг	21
хүндлэл	ᠬᠦᠯᠢᠶᠡᠭᠰᠡᠨ	хүлээсэн	9
хүндлэл	ᠬᠦᠯᠢᠶᠡᠬᠦ	хүлээх	5
хүндлэлийг	ᠬᠦᠯᠢᠶᠡᠭᠰᠡᠨ	хүлээсэн	19
хүндлэлийг	ᠳᠠᠭᠠᠭᠠᠵᠤ	дааж	6
хүндлэлийг	ᠬᠦᠯᠢᠶᠡᠵᠦ	хүлээж	5
хүндлэн	ᠳᠡᠭᠡᠳᠦᠯᠡᠵᠦ	дээдэлж	6
хүндлэн	ᠳᠡᠭᠡᠳᠦᠯᠡᠳᠡᠭ	дээдэлдэг	5
хүндлэх	ᠶᠣᠰᠣᠲᠠᠢ	ёстой	21
хүндлэх	ᠨᠢ	нь	7
хүндлэх	ᠬᠡᠷᠡᠭᠲᠡᠢ	хэрэгтэй	7
хүндрэл	ᠪᠡᠷᠬᠡᠰᠢᠶᠡᠯ	бэрхшээл	172
хүндрэл	ᠤᠴᠠᠷᠠᠭᠤᠯᠵᠤ	учруулж	96
хүндрэл	ᠪᠡᠷᠬᠡᠰᠢᠶᠡᠯ ᠢ	бэрхшээлийг	75
хүндрэлтэй	ᠪᠠᠶᠢᠭ᠎ᠠ	байгаа	164
хүндрэлтэй	ᠠᠰᠠᠭᠤᠳᠠᠯ	асуудал	100
хүндрэлтэй	ᠪᠠᠶᠢᠳᠠᠭ	байдаг	100
хүндрэх	ᠨᠢ	нь	23
хүндрэх	ᠲᠥᠯᠥᠪᠲᠡᠢ	төлөвтэй	10
хүндрэх	ᠰᠢᠨᠵᠢ	шинж	8
хүндрүүлэх	ᠨᠥᠬᠥᠴᠡᠯ	нөхцөл	28
хүндрүүлэх	ᠰᠢᠯᠲᠠᠭᠠᠨ	шалтгаан	5
хүндтэй	ᠲᠡᠮᠡᠴᠡᠭᠡᠨ	тэмцээн	79
хүндтэй	ᠱᠠᠩᠨᠠᠯ	шагнал	55
хүндтэй	ᠶᠡᠬᠡ	их	40
хүндхэн	ᠪᠠᠶᠢᠭ᠎ᠠ	байгаа	67
хүндхэн	ᠪᠠᠶᠢᠳᠠᠯ ᠳᠤ	байдалд	38
хүндхэн	ᠪᠠᠶᠢᠭᠰᠠᠨ	байсан	23
хүндэвтэр	ᠭᠡᠮᠲᠦᠯ	гэмтэл	64
хүндэвтэр	ᠭᠡᠮᠲᠦ	гэмт	25
хүндэвтэр	ᠬᠥᠩᠭᠡᠨ	хөнгөн	14
хүндэд	ᠨᠢ	нь	46
хүндэд	ᠬᠠᠯᠠᠳᠠᠵᠤ	халдаж	21
хүндэд	ᠬᠠᠯᠠᠳᠠᠬᠤ	халдах	18
хүндэлдэг	ᠪᠠᠶᠢᠭᠰᠠᠨ	байсан	7
хүндэлдэг	ᠤᠴᠢᠷ ᠠᠴᠠ	учраас	7
хүндэлдэг	ᠶᠠᠭᠤᠮ᠎ᠠ	юм	6
хүндэлж	ᠶᠠᠪᠤᠳᠠᠭ	явдаг	47
хүндэлж	ᠪᠠᠶᠢᠭ᠎ᠠ	байгаа	16
хүндэлж	ᠪᠠᠶᠢᠨ᠎ᠠ	байна	9
хүндэрч	ᠪᠠᠶᠢᠭ᠎ᠠ	байгаа	37
хүндэрч	ᠪᠠᠶᠢᠨ᠎ᠠ	байна	34
хүндэрч	ᠪᠣᠯᠵᠣᠰᠢ ᠦᠭᠡᠢ	болзошгүй	30
хүндэт	ᠵᠣᠴᠢᠳ	зочид	134
хүндэт	ᠶᠡᠷᠦᠩᠬᠡᠶᠢᠯᠡᠭᠴᠢ	ерөнхийлөгч	79
хүндэт	ᠬᠠᠷᠠᠭᠤᠯ	харуул	58
хүндэтгэж	ᠪᠠᠶᠢᠭ᠎ᠠ	байгаа	27
хүндэтгэж	ᠪᠠᠶᠢᠨ᠎ᠠ	байна	19
хүндэтгэж	ᠶᠠᠪᠤᠳᠠᠭ	явдаг	14
хүндэтгэл	ᠦᠵᠡᠭᠦᠯᠬᠦ	үзүүлэх	162
хүндэтгэл	ᠦᠵᠡᠭᠦᠯᠵᠦ	үзүүлж	154
хүндэтгэл	ᠦᠵᠡᠭᠦᠯᠦᠨ	үзүүлэн	60
хүндэтгэх	ᠶᠣᠰᠣᠲᠠᠢ	ёстой	34
хүндэтгэх	ᠰᠢᠯᠲᠠᠭᠠᠨ ᠦᠭᠡᠢ ᠪᠡᠷ	шалтгаангүйгээр	18
хүндэтгэх	ᠨᠢ	нь	15
хүндээ	ᠥᠰᠬᠡᠬᠦ	өсгөх	14
хүндээ	ᠠᠯᠳᠠᠵᠤ	алдаж	13
хүндээ	ᠴᠤ	ч	13
хүндээр	ᠲᠤᠰᠠᠴᠢ	тусч	69
хүндээр	ᠲᠤᠰᠤᠬᠤ	тусах	31
хүндээр	ᠲᠤᠰᠠᠳᠠᠭ	тусдаг	26
хүний	ᠡᠷᠬᠡ ᠶᠢᠨ	эрхийн	1259
хүний	ᠬᠥᠭᠵᠢᠯ	хөгжил	1012
хүний	ᠬᠤᠪᠢ ᠳᠤ	хувьд	1010
хүнийг	ᠠᠵᠢᠯ ᠤᠨ	ажлын	105
хүнийг	ᠨᠢ	нь	84
хүнийг	ᠰᠠᠨᠠᠭ᠎ᠠ ᠲᠠᠢ	санаатай	80
хүнийх	ᠨᠢ	нь	83
хүнийх	ᠯᠠ	л	12
хүнийх	ᠪᠣᠯᠤᠭᠰᠠᠨ	болсон	9
хүнийхээ	ᠬᠤᠪᠢ ᠳᠤ	хувьд	161
хүнийхээ	ᠲᠥᠯᠥᠭᠡ	төлөө	14
хүнийхээ	ᠨᠡᠷ᠎ᠡ ᠶᠢ	нэрийг	9
хүнлэг	ᠪᠤᠰᠤ ᠪᠠᠷ	бусаар	44
хүнлэг	ᠡᠨᠡᠷᠢᠩᠭᠦᠢ	энэрэнгүй	33
хүнлэг	ᠪᠤᠰᠤ	бус	25
хүннү	ᠭᠦᠷᠦᠨ	гүрэн	29
хүннү	ᠵᠠᠬ᠎ᠠ ᠲᠠᠢ	захтай	7
хүнс	ᠬᠥᠳᠡᠭᠡ	хөдөө	1505
хүнс	ᠬᠡᠷᠡᠭᠯᠡᠬᠦ	хэрэглэх	64
хүнс	ᠲᠢᠲᠢᠮ	титэм	42
хүнсний	ᠨᠣᠭᠣᠭ᠎ᠠ	ногоо	709
хүнсний	ᠠᠶᠤᠯ ᠦᠭᠡᠢ	аюулгүй	454
хүнсний	ᠪᠦᠲᠦᠭᠡᠭᠳᠡᠬᠦᠨ	бүтээгдэхүүн	379
хүнсээ	ᠴᠤᠭᠯᠠᠭᠤᠯᠬᠤ	цуглуулах	6
хүнсээ	ᠵᠥᠪ	зөв	5
хүнтэй	ᠬᠣᠯᠪᠣᠭᠠᠲᠠᠢ	холбоотой	52
хүнтэй	ᠠᠭᠤᠯᠵᠠᠵᠤ	уулзаж	34
хүнтэй	ᠬᠠᠮᠲᠤ	хамт	33
хүнтэйгээ	ᠬᠠᠮᠲᠤ	хамт	14
хүнээ	ᠬᠥᠭᠵᠢᠭᠦᠯᠬᠦ	хөгжүүлэх	21
хүнээ	ᠬᠠᠶᠢᠷᠠᠯᠠᠬᠤ	хайрлах	16
хүнээ	ᠨᠡᠷᠡ	нэр	11
хүнээр	ᠪᠣᠯ	бол	26
хүнээр	ᠨᠡᠮᠡᠭᠳᠡᠭᠰᠡᠨ	нэмэгдсэн	18
хүнээр	ᠲᠤᠰ	тус	15
хүнээс	ᠢᠯᠡᠭᠦᠦ	илүү	48
хүнээс	ᠬᠦᠨᠳᠦ	хүнд	41
хүнээс	ᠨᠢ	нь	29
хүнээсээ	ᠳᠠᠬᠢᠨ	дахин	6
хүр	ᠰᠡᠨ	сэн	27
хүр	ᠭᠡᠵᠦ	гэж	12
хүр	ᠭᠡᠬᠦ	гэх	10
хүрвэл	ᠲᠠ	та	5
хүргэдэг	ᠪᠠᠶᠢᠨ᠎ᠠ	байна	40
хүргэдэг	ᠪᠢᠯᠡ	билээ	22
хүргэдэг	ᠶᠠᠭᠤᠮ᠎ᠠ	юм	20
хүргэе	ᠭᠡᠵᠦ	гэж	21
хүргэе	ᠭᠡᠰᠡᠨ	гэсэн	13
хүргэе	ᠲᠠ	та	5
хүргэж	ᠪᠠᠶᠢᠨ᠎ᠠ	байна	1844
хүргэж	ᠪᠠᠶᠢᠭ᠎ᠠ	байгаа	423
хүргэж	ᠪᠠᠶᠢᠭᠰᠠᠨ	байсан	145
хүргэлээ	ᠭᠡᠵᠦ	гэж	12
хүргэн	ᠬᠡᠦ	хүү	20
хүргэн	ᠠᠬ᠎ᠠ	ах	18
хүргэн	ᠭ	г	15
хүргэнэ	ᠭᠡᠵᠦ	гэж	62
хүргэнэ	ᠭᠡᠰᠡᠨ	гэсэн	42
хүргэнэ	ᠭᠡᠳᠡᠭ	гэдэг	18
хүргэсэн	ᠶᠠᠭᠤᠮ᠎ᠠ	юм	209
хүргэсэн	ᠪᠠᠶᠢᠨ᠎ᠠ	байна	154
хүргэсэн	ᠪᠢᠯᠡ	билээ	85
хүргэсээр	ᠪᠠᠶᠢᠨ᠎ᠠ	байна	13
хүргэсээр	ᠢᠷᠡᠭᠰᠡᠨ	ирсэн	13
хүргэсээр	ᠪᠠᠶᠢᠭ᠎ᠠ	байгаа	11
хүргэх	ᠪᠣᠯᠤᠨ᠎ᠠ	болно	258
хүргэх	ᠨᠢ	нь	175
хүргэх	ᠶᠠᠭᠤᠮ᠎ᠠ	юм	163
хүргээд	ᠪᠠᠶᠢᠭ᠎ᠠ	байгаа	67
хүргээд	ᠪᠠᠶᠢᠨ᠎ᠠ	байна	60
хүргээд	ᠪᠠᠶᠢᠭᠰᠠᠨ	байсан	20
хүргүүлж	ᠪᠠᠶᠢᠨ᠎ᠠ	байна	84
хүргүүлж	ᠪᠠᠶᠢᠭ᠎ᠠ	байгаа	62
хүргүүлж	ᠪᠠᠶᠢᠭᠰᠠᠨ	байсан	33
хүргүүлсэн	ᠪᠠᠶᠢᠨ᠎ᠠ	байна	223
хүргүүлсэн	ᠶᠠᠭᠤᠮ᠎ᠠ	юм	70
хүргүүлсэн	ᠴᠤ	ч	51
хүргүүлэх	ᠶᠠᠭᠤᠮ᠎ᠠ	юм	49
хүргүүлэх	ᠪᠣᠯᠤᠮᠵᠢ ᠲᠠᠢ	боломжтой	21
хүргүүлэх	ᠶᠣᠰᠣᠲᠠᠢ	ёстой	13
хүрд	ᠨᠢ	нь	7
хүрдэг	ᠪᠠᠶᠢᠨ᠎ᠠ	байна	41
хүрдэг	ᠶᠠᠭᠤᠮ᠎ᠠ	юм	41
хүрдэг	ᠪᠠᠶᠢᠭᠰᠠᠨ	байсан	29
хүрз	ᠪᠠᠷᠢᠵᠤ	барьж	5
хүрлээ	ᠭᠡᠵᠦ	гэж	24
хүрлээ	ᠭᠡᠰᠡᠨ	гэсэн	9
хүрлээ	ᠰᠢᠦ	шүү	9
хүрмэн	ᠰᠤᠮᠤ ᠶᠢᠨ	сумын	19
хүрмээр	ᠪᠠᠶᠢᠨ᠎ᠠ	байна	6
хүрнэ	ᠭᠡᠵᠦ	гэж	184
хүрнэ	ᠭᠡᠰᠡᠨ	гэсэн	98
хүрнэ	ᠭᠡᠳᠡᠭ ᠲᠦ	гэдэгт	49
хүрсэн	ᠪᠠᠶᠢᠨ᠎ᠠ	байна	460
хүрсэн	ᠨᠢ	нь	342
хүрсэн	ᠶᠠᠭᠤᠮ᠎ᠠ	юм	212
хүрсэнгүй	ᠶᠠᠭᠤ	юу	7
хүртлээ	ᠡᠨᠡ	энэ	12
хүртлээ	ᠪᠠᠭᠤᠷᠠᠭᠰᠠᠨ	буурсан	11
хүртлээ	ᠶᠠᠮᠠᠷ	ямар	9
хүртсэн	ᠪᠠᠶᠢᠨ᠎ᠠ	байна	471
хүртсэн	ᠪᠣᠯ	бол	368
хүртсэн	ᠶᠠᠭᠤᠮ᠎ᠠ	юм	353
хүртэж	ᠪᠠᠶᠢᠭᠰᠠᠨ	байсан	582
хүртэж	ᠪᠠᠶᠢᠴᠠᠢ	байжээ	162
хүртэж	ᠪᠠᠶᠢᠨ᠎ᠠ	байна	100
хүртэл	ᠬᠤᠭᠤᠴᠠᠭ᠎ᠠ ᠪᠠᠷ	хугацаагаар	667
хүртэл	ᠦᠷᠭᠦᠯᠵᠢᠯᠡᠬᠦ	үргэлжлэх	377
хүртэл	ᠨᠢ	нь	181
хүртэлх	ᠨᠠᠰᠤᠨ ᠤ	насны	643
хүртэлх	ᠬᠤᠭᠤᠴᠠᠭᠠᠨ ᠳᠤ	хугацаанд	409
хүртэлх	ᠴᠠᠭ	цаг	328
хүртэнэ	ᠭᠡᠵᠦ	гэж	31
хүртэнэ	ᠭᠡᠳᠡᠭ	гэдэг	25
хүртэнэ	ᠭᠡᠰᠡᠨ	гэсэн	13
хүртэх	ᠪᠣᠯᠤᠮᠵᠢ ᠲᠠᠢ	боломжтой	66
хүртэх	ᠪᠣᠯᠤᠮᠵᠢ	боломж	59
хүртэх	ᠶᠠᠭᠤᠮ᠎ᠠ	юм	55
хүртээл	ᠪᠣᠯᠬᠤ	болох	209
хүртээл	ᠪᠣᠯᠭᠠᠭᠰᠠᠨ	болгосон	138
хүртээл	ᠪᠣᠯᠵᠤ	болж	135
хүртээмж	ᠮᠠᠭᠤ	муу	16
хүртээмж	ᠴᠢᠨᠠᠷ	чанар	16
хүртээмж	ᠴᠢᠨᠠᠷ ᠢ	чанарыг	10
хүртээмжтэй	ᠪᠣᠯᠭᠠᠬᠤ	болгох	62
хүртээмжтэй	ᠴᠢᠨᠠᠷᠲᠠᠢ	чанартай	31
хүртээмжтэй	ᠬᠦᠷᠭᠡᠬᠦ	хүргэх	22
хүртээх	ᠬᠡᠰᠢᠭ	хишиг	48
хүртээх	ᠲᠤᠬᠠᠢ	тухай	12
хүртээх	ᠨᠢ	нь	7
хүрхрээ	ᠨᠢ	нь	6
хүрч	ᠰᠢᠷᠤᠶᠢᠨ	шороон	534
хүрч	ᠪᠠᠶᠢᠨ᠎ᠠ	байна	374
хүрч	ᠪᠠᠶᠢᠭ᠎ᠠ	байгаа	332
хүрэв	ᠦ᠋	үү	14
хүрэв	ᠭᠡᠳᠡᠭ	гэдэг	5
хүрэл	ᠮᠧᠳᠠᠯ	медаль	3237
хүрэл	ᠨᠡᠶᠢᠲᠡ	нийт	158
хүрэл	ᠪ	б	62
хүрэлсүх	ᠨᠠᠷᠠ	нар	28
хүрэлсүх	ᠪᠣᠯᠤᠨ	болон	22
хүрэлсүх	ᠨᠠᠷ ᠤᠨ	нарын	21
хүрэлцэх	ᠦ᠋	үү	8
хүрэлцэхгүй	ᠪᠠᠶᠢᠭ᠎ᠠ	байгаа	79
хүрэлцэхгүй	ᠪᠠᠶᠢᠨ᠎ᠠ	байна	52
хүрэлцэхгүй	ᠪᠠᠶᠢᠬᠤ	байх	26
хүрэлцээ	ᠮᠠᠭᠤ	муу	94
хүрэлцээ	ᠬᠠᠩᠭᠠᠮᠵᠢ	хангамж	36
хүрэлцээ	ᠮᠠᠭᠤ ᠲᠠᠢ	муутай	26
хүрэлцээтэй	ᠪᠠᠶᠢᠳᠠᠭ	байдаг	11
хүрэлцээтэй	ᠪᠠᠶᠢᠭ᠎ᠠ	байгаа	7
хүрэлцээтэй	ᠪᠠᠶᠢᠨ᠎ᠠ	байна	6
хүрэм	ᠨᠢ	нь	6
хүрэн	ᠪᠡᠯᠴᠢᠷ	бэлчир	245
хүрэн	ᠬᠠᠯᠵᠠᠨ	халзан	59
хүрэн	ᠠᠵᠢᠷᠭ᠎ᠠ	азарга	50
хүрэх	ᠨᠢ	нь	168
хүрэх	ᠶᠠᠭᠤᠮ᠎ᠠ	юм	153
хүрэх	ᠭᠡᠵᠦ	гэж	86
хүрэхгүй	ᠪᠠᠶᠢᠨ᠎ᠠ	байна	138
хүрэхгүй	ᠪᠠᠶᠢᠭ᠎ᠠ	байгаа	124
хүрэхгүй	ᠬᠤᠭᠤᠴᠠᠭᠠᠨ ᠳᠤ	хугацаанд	81
хүрэхийг	ᠬᠦᠰᠴᠢ	хүсч	9
хүрэхийг	ᠵᠣᠷᠢᠵᠤ	зорьж	6
хүрэхийн	ᠲᠤᠯᠠᠳᠠ	тулд	243
хүрэхийн	ᠲᠥᠯᠥᠭᠡ	төлөө	43
хүрэхэд	ᠨᠢ	нь	27
хүрэхэд	ᠪᠡᠯᠡᠨ	бэлэн	24
хүрэхэд	ᠣᠶᠢᠷᠠᠬᠠᠨ	ойрхон	14
хүрэхээ	ᠪᠣᠯᠢᠵᠤ	больж	5
хүрэхээр	ᠪᠠᠶᠢᠨ᠎ᠠ	байна	34
хүрэхээр	ᠪᠠᠶᠢᠭ᠎ᠠ	байгаа	23
хүрэхээр	ᠨᠢ	нь	14
хүрээ	ᠨᠢ	нь	78
хүрээ	ᠲᠡᠯᠡᠵᠦ	тэлж	20
хүрээ	ᠥᠷᠭᠡᠨ	өргөн	17
хүрээгээ	ᠲᠡᠯᠡᠵᠦ	тэлж	90
хүрээгээ	ᠲᠡᠯᠡᠭᠰᠡᠭᠡᠷ	тэлсээр	30
хүрээгээ	ᠲᠡᠯᠡᠬᠦ	тэлэх	25
хүрээгүй	ᠪᠠᠶᠢᠨ᠎ᠠ	байна	71
хүрээгүй	ᠬᠡᠦᠬᠡᠳ	хүүхэд	57
хүрээгүй	ᠪᠠᠶᠢᠭ᠎ᠠ	байгаа	50
хүрээд	ᠪᠠᠶᠢᠨ᠎ᠠ	байна	293
хүрээд	ᠪᠠᠶᠢᠭ᠎ᠠ	байгаа	265
хүрээд	ᠢᠷ	ир	67
хүрээлэл	ᠳᠤᠮᠳᠠ	дунд	6
хүрээлэл	ᠨᠢ	нь	5
хүрээлэн	ᠪᠤᠢ	буй	392
хүрээлэн	ᠪᠠᠶᠢᠭ᠎ᠠ	байгаа	60
хүрээлэн	ᠪᠣᠯᠤᠨ	болон	47
хүрээлэнд	ᠪᠣᠯᠬᠤ	болох	42
хүрээлэнд	ᠪᠣᠯᠤᠨ᠎ᠠ	болно	38
хүрээлэнд	ᠪᠣᠯᠵᠤ	болж	37
хүрээнд	ᠮᠣᠩᠭᠣᠯ	монгол	351
хүрээнд	ᠡᠨᠡ	энэ	199
хүрээнд	ᠵᠣᠬᠢᠶᠠᠨ	зохион	198
хүрээний	ᠮᠡᠳᠡᠭᠳᠡᠯ	мэдэгдэл	324
хүрээний	ᠬᠤᠪᠢ ᠳᠤ	хувьд	21
хүрээний	ᠠᠰᠠᠭᠤᠳᠠᠯ ᠢ	асуудлыг	11
хүс	ᠰᠡᠨ	сэн	16
хүс	ᠳᠡᠭ	дэг	7
хүс	ᠳᠢᠭ ᠦᠭᠡᠢ	дэггүй	6
хүсвэл	ᠲᠠ	та	40
хүсвэл	ᠡᠨᠳᠡ	энд	38
хүсвэл	ᠡᠨᠡ	энэ	26
хүсдэг	ᠪᠠᠶᠢᠭᠰᠠᠨ	байсан	49
хүсдэг	ᠴᠤ	ч	36
хүсдэг	ᠶᠠᠭᠤᠮ᠎ᠠ	юм	32
хүсдэггүй	ᠶᠠᠭᠤᠮ᠎ᠠ	юм	6
хүсдэггүй	ᠪᠣᠯᠤᠯᠲᠠᠢ	бололтой	5
хүслийг	ᠨᠢ	нь	38
хүслийг	ᠮᠢᠨᠢ	минь	16
хүслийг	ᠪᠡᠶᠡᠯᠡᠭᠦᠯᠵᠦ	биелүүлж	14
хүслийн	ᠯᠢᠭᠢ	лиг	39
хүслийн	ᠪᠣᠷᠣᠭ᠎ᠠ	бороо	15
хүслийн	ᠮᠢᠨᠢ	минь	7
хүслэн	ᠪᠣᠯᠤᠭᠰᠠᠨ	болсон	16
хүслэн	ᠨᠠᠷᠠ	нар	5
хүслээ	ᠭᠡᠵᠦ	гэж	24
хүслээ	ᠶᠣᠰᠣ	ёс	23
хүслээ	ᠴᠤ	ч	12
хүслээр	ᠳᠦᠭᠦᠷᠡᠩ	дүүрэн	10
хүслээр	ᠨᠢ	нь	6
хүслээр	ᠵᠢᠭᠦᠷᠯᠡᠭᠰᠡᠨ	жигүүрлэсэн	5
хүснэ	ᠪᠤᠢ	вэ	9
хүснэ	ᠰᠢᠦ	шүү	7
хүснэ	ᠡ	ээ	7
хүснэгт	ᠳᠡᠭᠡᠷ᠎ᠡ	дээр	23
хүснэгт	ᠭᠷᠠᠹᠢᠺ	график	6
хүссэн	ᠶᠠᠭᠤᠮ᠎ᠠ	юм	358
хүссэн	ᠴᠤ	ч	251
хүссэн	ᠬᠦᠰᠡᠭᠡ ᠦᠭᠡᠢ	хүсээгүй	208
хүссэнгүй	ᠪᠣᠯᠤᠯᠲᠠᠢ	бололтой	5
хүссэнээ	ᠬᠢᠬᠦ	хийх	7
хүссэнээ	ᠯᠠ	л	6
хүссэнээ	ᠬᠢᠵᠦ	хийж	5
хүссэнээр	ᠨᠢ	нь	7
хүссэнээрээ	ᠯᠠ	л	6
хүссэнээрээ	ᠥᠭᠡᠷᠡᠴᠢᠯᠡᠵᠦ	өөрчилж	5
хүсч	ᠪᠠᠶᠢᠨ᠎ᠠ	байна	1269
хүсч	ᠪᠠᠶᠢᠭ᠎ᠠ	байгаа	507
хүсч	ᠪᠠᠶᠢᠭᠰᠠᠨ	байсан	152
хүсэж	ᠪᠠᠶᠢᠨ᠎ᠠ	байна	301
хүсэж	ᠪᠠᠶᠢᠭ᠎ᠠ	байгаа	133
хүсэж	ᠪᠠᠶᠢᠭᠰᠠᠨ	байсан	50
хүсэл	ᠮᠥᠷᠥᠭᠡᠳᠦᠯ	мөрөөдөл	176
хүсэл	ᠡᠷᠡᠮᠡᠯᠵᠡᠯ	эрмэлзэл	147
хүсэл	ᠰᠣᠨᠢᠷᠬᠠᠯ	сонирхол	106
хүсэлгүй	ᠪᠠᠶᠢᠭ᠎ᠠ	байгаа	20
хүсэлгүй	ᠶᠠᠬᠤᠪ	яахав	11
хүсэлгүй	ᠪᠠᠶᠢᠭᠰᠠᠨ	байсан	6
хүсэлд	ᠨᠢ	нь	8
хүсэлд	ᠠᠪᠲᠠᠵᠤ	автаж	6
хүсэлдээ	ᠬᠥᠲᠦᠯᠦᠭᠳᠡᠨ	хөтлөгдөн	18
хүсэлдээ	ᠬᠥᠲᠦᠯᠦᠭᠳᠡᠭᠰᠡᠨ	хөтлөгдсөн	7
хүсэлт	ᠭᠠᠷᠭᠠᠭᠰᠠᠨ	гаргасан	487
хүсэлт	ᠲᠠᠯᠪᠢᠭᠰᠠᠨ	тавьсан	244
хүсэлт	ᠭᠠᠷᠭᠠᠵᠤ	гаргаж	148
хүсэлтэй	ᠪᠠᠶᠢᠭ᠎ᠠ ᠪᠠᠨ	байгаагаа	306
хүсэлтэй	ᠪᠠᠶᠢᠭ᠎ᠠ	байгаа	163
хүсэлтэй	ᠪᠠᠶᠢᠨ᠎ᠠ	байна	129
хүсэн	ᠢᠷᠦᠭᠡᠶ᠎ᠡ	ерөөе	230
хүсэн	ᠬᠦᠯᠢᠶᠡᠵᠦ	хүлээж	147
хүсэн	ᠬᠦᠯᠢᠶᠡᠭᠰᠡᠨ	хүлээсэн	147
хүсэх	ᠶᠠᠭᠤᠮ᠎ᠠ	юм	54
хүсэх	ᠪᠠᠶᠢᠨ᠎ᠠ	байна	43
хүсэх	ᠨᠢ	нь	32
хүсэхгүй	ᠪᠠᠶᠢᠨ᠎ᠠ	байна	143
хүсэхгүй	ᠪᠠᠶᠢᠭ᠎ᠠ	байгаа	86
хүсэхгүй	ᠨᠢ	нь	29
хүсэхэд	ᠬᠢᠰᠠᠨ᠎ᠠ	хясна	8
хүсээгүй	ᠴᠤ	ч	33
хүсээгүй	ᠶᠠᠭᠤᠮ᠎ᠠ	юм	31
хүсээгүй	ᠡᠨᠡ	энэ	16
хүсээд	ᠪᠠᠶᠢᠭ᠎ᠠ	байгаа	87
хүсээд	ᠪᠠᠶᠢᠨ᠎ᠠ	байна	31
хүсээд	ᠪᠠᠶᠢᠬᠤ	байх	21
хүхэрлэг	ᠬᠡᠢ	хий	38
хүхэрлэг	ᠬᠡᠢ ᠶᠢᠨ	хийн	37
хүч	ᠦᠵᠡᠬᠦ	үзэх	239
хүч	ᠦᠵᠡᠭᠰᠡᠨ	үзсэн	226
хүч	ᠦᠵᠡᠵᠦ	үзэж	218
хүчдэлийн	ᠱᠤᠭᠤᠮ	шугам	15
хүчдэлийн	ᠴᠠᠬᠢᠯᠭᠠᠨ	цахилгаан	13
хүчийг	ᠠᠰᠢᠭᠯᠠᠬᠤ	ашиглах	58
хүчийг	ᠨᠢ	нь	41
хүчийг	ᠠᠰᠢᠭᠯᠠᠨ	ашиглан	23
хүчил	ᠨᠢ	нь	13
хүчил	ᠶᠡᠬᠡ	их	9
хүчил	ᠶᠡᠬᠡ ᠲᠡᠢ	ихтэй	9
хүчилтөрөгч	ᠱᠠᠭᠠᠷᠳᠠᠯᠭ᠎ᠠ ᠲᠠᠢ	шаардлагатай	7
хүчин	ᠴᠢᠳᠠᠯ ᠲᠠᠢ	чадалтай	1243
хүчин	ᠲᠡᠭᠦᠯᠳᠡᠷ	төгөлдөр	1034
хүчин	ᠵᠦᠢᠯ	зүйл	972
хүчинд	ᠯᠠ	л	18
хүчинд	ᠥᠨᠥᠳᠥᠷ	өнөөдөр	11
хүчинд	ᠠᠷᠠᠳᠴᠢᠯᠠᠭᠰᠠᠨ	ардчилсан	10
хүчинтэй	ᠬᠤᠭᠤᠴᠠᠭ᠎ᠠ	хугацаа	50
хүчинтэй	ᠪᠠᠶᠢᠬᠤ	байх	35
хүчинтэй	ᠪᠠᠶᠢᠭ᠎ᠠ	байгаа	20
хүчир	ᠠᠵᠢᠯ	ажил	12
хүчир	ᠠᠵᠢᠯ ᠢ	ажлыг	5
хүчирхийлэл	ᠬᠡᠦᠬᠡᠳ ᠦᠨ	хүүхдийн	16
хүчирхийлэл	ᠦᠢᠯᠡᠳᠦᠭᠰᠡᠨ	үйлдсэн	16
хүчирхийлэл	ᠦᠢᠯᠡᠳᠴᠦ	үйлдэж	16
хүчирхэг	ᠪᠠᠭ	баг	37
хүчирхэг	ᠭᠦᠷᠦᠨ	гүрэн	18
хүчирхэг	ᠪᠣᠯᠤᠭᠰᠠᠨ	болсон	13
хүчит	ᠪᠥᠬᠡ ᠶᠢᠨ	бөхийн	468
хүчит	ᠱᠣᠩᠬᠣᠷ	шонхор	208
хүчит	ᠪᠥᠬᠡ	бөх	143
хүчний	ᠰᠠᠶᠢᠳ	сайд	447
хүчний	ᠰᠠᠯᠪᠤᠷᠢ ᠳᠤ	салбарт	332
хүчний	ᠶᠠᠮᠤ	яам	228
хүчтэй	ᠥᠷᠢᠰᠦᠯᠳᠦᠭᠴᠢ	өрсөлдөгч	237
хүчтэй	ᠰᠠᠯᠬᠢ	салхи	85
хүчтэй	ᠭᠠᠵᠠᠷ	газар	62
хүчтэн	ᠳᠡᠪᠵᠢᠶ᠎ᠡ	дэвжээ	43
хүчтэн	ᠵᠣᠳᠣᠭᠯᠠᠬᠤ	зодоглох	10
хүчтэн	ᠠᠶᠢᠮᠠᠭ ᠤᠨ	аймгийн	7
хүчээ	ᠠᠪᠴᠤ	авч	126
хүчээ	ᠰᠣᠷᠢᠬᠤ	сорих	38
хүчээ	ᠨᠢᠭᠡᠳᠬᠡᠨ	нэгтгэн	35
хүчээр	ᠬᠠᠩᠭᠠᠬᠤ	хангах	104
хүчээр	ᠠᠵᠢᠯᠯᠠᠳᠠᠭ	ажилладаг	29
хүчээр	ᠯᠠ	л	29
хүү	ᠨᠢ	нь	580
хүү	ᠮᠠᠨᠢ	маань	197
хүү	ᠮᠢᠨᠢ	минь	196
хүүг	ᠪᠠᠭᠤᠷᠠᠭᠤᠯᠬᠤ	бууруулах	158
хүүг	ᠨᠢ	нь	92
хүүг	ᠨᠢᠭᠡ	нэг	47
хүүгийн	ᠠᠪᠤ	аав	49
хүүгийн	ᠲᠥᠯᠥᠪᠦᠷᠢ	төлбөр	45
хүүгийн	ᠬᠡᠮᠵᠢᠶ᠎ᠡ	хэмжээ	44
хүүгийнхээ	ᠲᠥᠯᠥᠭᠡ	төлөө	15
хүүгийнхээ	ᠬᠠᠮᠲᠤ	хамт	14
хүүгийнхээ	ᠠᠷᠤ ᠠᠴᠠ	араас	5
хүүгээ	ᠨᠡᠮᠡᠭᠰᠡᠨ	нэмсэн	18
хүүгээ	ᠯᠠ	л	15
хүүгээ	ᠨᠡᠮᠡᠬᠦ	нэмэх	15
хүүгээс	ᠬᠡᠦ	хүү	8
хүүгээс	ᠭᠠᠳᠠᠨ᠎ᠠ	гадна	7
хүүгээс	ᠥᠨᠳᠥᠷ	өндөр	6
хүүд	ᠨᠢ	нь	33
хүүд	ᠮᠠᠨᠢ	маань	10
хүүд	ᠮᠢᠨᠢ	минь	9
хүүдээ	ᠪᠢ	би	5
хүүтэй	ᠵᠡᠭᠡᠯᠢ	зээл	489
хүүтэй	ᠣᠷᠣᠨ	орон	242
хүүтэй	ᠤᠷᠲᠤ	урт	44
хүүтэйгээ	ᠬᠠᠮᠲᠤ	хамт	9
хүүтэйгээ	ᠨᠡᠶᠢᠯᠡᠭᠡᠳ	нийлээд	8
хүүтэйгээ	ᠬᠠᠮᠲᠤᠷᠠᠨ	хамтран	5
хүүхдийг	ᠨᠢ	нь	87
хүүхдийг	ᠡᠬᠡ ᠶᠢᠨ	эхийн	66
хүүхдийг	ᠬᠠᠷ᠎ᠠ	хараа	30
хүүхдийн	ᠡᠷᠡᠭᠦᠯ	эрүүл	754
хүүхдийн	ᠲᠥᠯᠥᠭᠡ	төлөө	286
хүүхдийн	ᠡᠷᠬᠡ ᠶᠢ	эрхийг	206
хүүхдийнхээ	ᠲᠥᠯᠥᠭᠡ	төлөө	35
хүүхдийнхээ	ᠡᠷᠡᠭᠦᠯ	эрүүл	25
хүүхдийнхээ	ᠰᠤᠷᠭᠠᠯᠲᠠ ᠶᠢᠨ	сургалтын	19
хүүхдэд	ᠵᠣᠷᠢᠭᠤᠯᠤᠭᠰᠠᠨ	зориулсан	218
хүүхдэд	ᠡᠭᠡᠯᠢᠲᠡᠢ	ээлтэй	81
хүүхдэд	ᠶᠠᠮᠠᠷ	ямар	47
хүүхдээ	ᠴᠡᠴᠡᠷᠯᠢᠭ ᠲᠦ	цэцэрлэгт	54
хүүхдээ	ᠰᠠᠶᠢᠨ	сайн	35
хүүхдээ	ᠬᠠᠷᠠᠵᠤ	харж	28
хүүхдээс	ᠨᠢ	нь	12
хүүхдээс	ᠬᠡᠦᠬᠡᠳ	хүүхэд	11
хүүхдээс	ᠡᠬᠢᠯᠡᠭᠡᠳ	эхлээд	9
хүүхдүүд	ᠨᠢ	нь	223
хүүхдүүд	ᠮᠠᠨᠢ	маань	204
хүүхдүүд	ᠴᠤ	ч	90
хүүхдүүддээ	ᠶᠡᠬᠡ	их	8
хүүхдүүддээ	ᠴᠤ	ч	8
хүүхдүүддээ	ᠴᠠᠭ	цаг	6
хүүхдүүдийг	ᠨᠢ	нь	23
хүүхдүүдийг	ᠬᠠᠷ᠎ᠠ	хараа	16
хүүхдүүдийг	ᠬᠠᠷᠠᠭᠠᠳ	хараад	13
хүүхдүүдийн	ᠳᠤᠮᠳᠠ	дунд	118
хүүхдүүдийн	ᠬᠤᠪᠢ ᠳᠤ	хувьд	87
хүүхдүүдийн	ᠬᠤᠪᠢ	хувь	51
хүүхдүүдээ	ᠬᠦᠯᠢᠶᠡᠨ	хүлээн	12
хүүхдүүдээ	ᠠᠪᠴᠤ	авч	9
хүүхдүүдээ	ᠠᠯᠢ	аль	9
хүүхнүүд	ᠦ᠋	үү	15
хүүхнүүд	ᠨᠢ	нь	5
хүүхэд	ᠨᠢᠭᠡ	нэг	423
хүүхэд	ᠬᠠᠷᠠᠬᠤ	харах	361
хүүхэд	ᠨᠢ	нь	354
хүүхэддээ	ᠲᠠᠯᠪᠢᠬᠤ	тавих	14
хүүхэддээ	ᠰᠠᠨᠠᠭ᠎ᠠ	санаа	13
хүүхэддээ	ᠠᠩᠬᠠᠷᠤᠯ	анхаарал	9
хүүхэдтэй	ᠪᠣᠯᠬᠤ	болох	35
хүүхэдтэй	ᠠᠶᠢᠯ ᠤᠨ	айлын	31
хүүхэдтэй	ᠪᠣᠯᠤᠭᠰᠠᠨ	болсон	30
хүүхэдтэйгээ	ᠬᠠᠮᠲᠤ	хамт	9
хүүхэдтэйгээ	ᠠᠵᠢᠯᠯᠠᠬᠤ	ажиллах	7
хүүхэдтэйгээ	ᠠᠮᠢᠳᠤᠷᠠᠳᠠᠭ	амьдардаг	5
хүүхэлдэй	ᠪᠢᠰᠢ	биш	7
хүүхэлдэй	ᠨᠢ	нь	7
хүүхэлдэй	ᠰᠢᠭ	шиг	5
хүүхэлдэйн	ᠺᠢᠨᠣ᠋	кино	166
хүүхэлдэйн	ᠺᠢᠨᠣᠨ ᠤ	киноны	111
хүүхэлдэйн	ᠲᠢᠶᠠᠲ᠋ᠷ	театр	53
хүүхэн	ᠰᠢᠭ	шиг	11
хүүхэн	ᠬᠠᠷ᠎ᠠ	хараа	10
хүүхэн	ᠨᠢ	нь	6
хө	ᠬᠥ	хө	48
хө	ᠲᠥᠯ	төл	39
хө	ᠳᠥᠯ	дөл	35
хөв	ᠴᠥᠭᠦᠷᠦᠮ	цөөрөм	17
хөв	ᠬᠥᠬᠡ	хөх	5
хөвгүүд	ᠥᠬᠢᠳ	охид	27
хөвгүүд	ᠣᠬᠢᠳ ᠤᠨ	охидын	25
хөвгүүд	ᠨᠢ	нь	15
хөвгүүдийн	ᠣᠬᠢᠳ ᠤᠨ	охидын	34
хөвгүүдийн	ᠬᠠᠮᠲᠤᠯᠢᠭ	хамтлаг	23
хөвгүүдийн	ᠨᠠᠰᠤᠨ ᠤ	насны	20
хөвж	ᠪᠤᠢ	буй	10
хөвж	ᠪᠠᠶᠢᠭ᠎ᠠ	байгаа	9
хөвж	ᠶᠠᠪᠤᠭ᠎ᠠ	яваа	5
хөврөх	ᠭᠠᠶᠢᠬᠠᠮᠰᠢᠭᠲᠤ	гайхамшигт	5
хөвсгөл	ᠠᠶᠢᠮᠠᠭ ᠤᠨ	аймгийн	689
хөвсгөл	ᠠᠶᠢᠮᠠᠭ	аймаг	145
хөвсгөл	ᠪᠤᠯᠠᠭᠠᠨ	булган	63
хөвөн	ᠵᠥᠭᠡᠯᠡᠨ	зөөлөн	11
хөвөн	ᠴᠠᠭᠠᠨ	цагаан	11
хөвөрсөөр	ᠪᠠᠶᠢᠨ᠎ᠠ	байна	8
хөвөрсөөр	ᠯᠠ	л	6
хөвөрч	ᠪᠠᠶᠢᠨ᠎ᠠ	байна	29
хөвөөнд	ᠨᠢ	нь	8
хөг	ᠠᠶᠠᠯᠭᠤ	аялгуу	28
хөг	ᠠᠶᠠᠯᠭᠤ ᠶᠢ	аялгууг	26
хөг	ᠵᠢᠯ	жил	23
хөгжиж	ᠪᠤᠢ	буй	870
хөгжиж	ᠪᠠᠶᠢᠭ᠎ᠠ	байгаа	636
хөгжиж	ᠪᠠᠶᠢᠨ᠎ᠠ	байна	370
хөгжил	ᠨᠡᠶᠢᠭᠡᠮ ᠤᠨ	нийгмийн	563
хөгжил	ᠠᠶᠠᠯᠠᠯ	аялал	277
хөгжил	ᠳᠡᠪᠰᠢᠯ	дэвшил	187
хөгжилд	ᠬᠤᠪᠢ	хувь	141
хөгжилд	ᠴᠢᠬᠤᠯᠠ	чухал	90
хөгжилд	ᠦᠨᠡᠲᠡᠢ	үнэтэй	55
хөгжилтэй	ᠣᠷᠣᠨ ᠳᠤ	оронд	77
хөгжилтэй	ᠤᠯᠤᠰ	улс	77
хөгжилтэй	ᠣᠷᠣᠨ ᠤ	орны	52
хөгжим	ᠪᠦᠵᠢᠭ ᠦᠨ	бүжгийн	263
хөгжим	ᠨᠢ	нь	46
хөгжим	ᠰᠤᠨᠤᠰᠬᠤ	сонсох	42
хөгжимд	ᠳᠤᠷᠠᠲᠠᠢ	дуртай	41
хөгжимд	ᠵᠣᠷᠢᠭᠤᠯᠤᠭᠰᠠᠨ	зориулсан	34
хөгжимд	ᠬᠠᠶᠢᠷᠠᠲᠠᠢ	хайртай	12
хөгжимт	ᠵᠦᠵᠦᠭᠡ ᠶᠢᠨ	жүжгийн	17
хөгжимт	ᠵᠦᠵᠦᠭᠡ	жүжиг	6
хөгжимт	ᠳᠠᠷᠤᠮ᠎ᠠ	драм	5
хөгжимтэй	ᠬᠣᠣᠰᠯᠠᠭᠤᠯᠤᠨ	хослуулан	13
хөгжимтэй	ᠬᠠᠮᠲᠤᠷᠠᠨ	хамтран	12
хөгжимтэй	ᠳᠠᠭᠤᠯᠠᠨ᠎ᠠ	дуулна	7
хөгжин	ᠳᠡᠪᠰᠢᠬᠦ	дэвших	14
хөгжин	ᠴᠡᠴᠡᠭᠯᠡᠵᠦ	цэцэглэж	14
хөгжин	ᠳᠡᠪᠵᠢᠵᠦ	дэвжиж	8
хөгжингүй	ᠤᠯᠤᠰ	улс	43
хөгжингүй	ᠣᠷᠣᠨ ᠤ	орны	21
хөгжингүй	ᠣᠷᠣᠨ ᠳᠤ	оронд	15
хөгжинө	ᠭᠡᠳᠡᠭ ᠲᠦ	гэдэгт	52
хөгжинө	ᠭᠡᠵᠦ	гэж	45
хөгжинө	ᠭᠡᠳᠡᠭ	гэдэг	16
хөгжих	ᠪᠣᠯᠤᠮᠵᠢ	боломж	101
хөгжих	ᠪᠣᠯᠤᠮᠵᠢ ᠲᠠᠢ	боломжтой	84
хөгжих	ᠶᠣᠰᠣᠲᠠᠢ	ёстой	83
хөгжлийн	ᠪᠡᠷᠬᠡᠰᠢᠶᠡᠯ ᠲᠡᠢ	бэрхшээлтэй	1651
хөгжлийн	ᠪᠠᠩᠬᠢ	банк	1248
хөгжлийн	ᠰᠠᠶᠢᠳ	сайд	1124
хөгжмийг	ᠨᠢ	нь	43
хөгжмийг	ᠲᠥᠷᠥ ᠶᠢᠨ	төрийн	18
хөгжмийг	ᠣᠷᠴᠢᠨ	орчин	12
хөгжмийн	ᠵᠣᠬᠢᠶᠠᠯᠴᠢ	зохиолч	1235
хөгжмийн	ᠶᠢᠷᠲᠢᠨᠴᠦᠳ	ертөнцөд	86
хөгжмийн	ᠤᠷᠠᠯᠢᠭ ᠤᠨ	урлагийн	83
хөгжмөө	ᠰᠤᠨᠤᠰᠬᠤ	сонсох	8
хөгжмөө	ᠲᠣᠭᠯᠠᠭᠠᠳ	тоглоод	7
хөгжмөөр	ᠳᠠᠮᠵᠢᠭᠤᠯᠤᠨ	дамжуулан	8
хөгжсөн	ᠤᠯᠤᠰ	улс	59
хөгжсөн	ᠪᠠᠶᠢᠳᠠᠭ	байдаг	38
хөгжсөн	ᠣᠷᠣᠨ	орон	24
хөгжье	ᠭᠡᠪᠡᠯ	гэвэл	6
хөгжье	ᠭᠡᠵᠦ	гэж	6
хөгжье	ᠭᠡᠰᠡᠨ	гэсэн	5
хөгжүүлнэ	ᠭᠡᠵᠦ	гэж	53
хөгжүүлнэ	ᠭᠡᠳᠡᠭ	гэдэг	33
хөгжүүлнэ	ᠭᠡᠰᠡᠨ	гэсэн	25
хөгжүүлэн	ᠪᠡᠬᠢᠵᠢᠭᠦᠯᠬᠦ	бэхжүүлэх	24
хөгжүүлэн	ᠳᠡᠯᠭᠡᠷᠡᠭᠦᠯᠬᠦ	дэлгэрүүлэх	8
хөгжүүлэх	ᠦᠨᠳᠦᠰᠦᠨ	үндсэн	428
хөгжүүлэх	ᠲᠠᠯ᠎ᠠ ᠪᠠᠷ	талаар	283
хөгжүүлэх	ᠨᠢ	нь	258
хөгжөөд	ᠪᠠᠶᠢᠭ᠎ᠠ	байгаа	21
хөгжөөд	ᠵᠢᠯ	жил	21
хөгжөөд	ᠭᠠᠷᠤᠢ	гаруй	12
хөгжөөн	ᠳᠡᠮᠵᠢᠵᠦ	дэмжиж	11
хөгжөөн	ᠳᠡᠮᠵᠢᠳᠡᠭ	дэмждэг	6
хөгийн	ᠵᠦᠢᠯ	зүйл	6
хөгийн	ᠶᠠᠭᠤᠮ᠎ᠠ	юм	5
хөгшид	ᠪᠣᠯᠤᠭᠠᠳ	болоод	52
хөгшид	ᠬᠥᠭᠵᠢᠯ ᠦᠨ	хөгжлийн	17
хөгшид	ᠨᠢ	нь	5
хөгшин	ᠵᠠᠯᠠᠭᠤ	залуу	49
хөгшин	ᠬᠦᠮᠦᠨ	хүн	15
хөгшин	ᠨᠢ	нь	14
хөгширч	ᠪᠠᠶᠢᠨ᠎ᠠ	байна	7
хөдлөл	ᠨᠢ	нь	9
хөдлөл	ᠶᠡᠬᠡ ᠲᠡᠢ	ихтэй	6
хөдлөл	ᠮᠡᠳᠡᠷᠡᠮᠵᠢ	мэдрэмж	5
хөдлөлийг	ᠳᠡᠭᠡᠳᠦ	дээд	5
хөдлөлт	ᠪᠣᠯᠤᠭᠰᠠᠨ	болсон	19
хөдлөлт	ᠪᠣᠯᠵᠤ	болж	11
хөдлөлт	ᠪᠣᠯᠵᠠᠢ	болжээ	7
хөдлөх	ᠬᠥᠷᠥᠩᠭᠡ	хөрөнгө	363
хөдлөх	ᠡᠳ᠋	эд	323
хөдлөх	ᠬᠥᠷᠦᠩᠭᠡ ᠶᠢ	хөрөнгийг	96
хөдлөхгүй	ᠪᠠᠶᠢᠨ᠎ᠠ	байна	14
хөдлөхгүй	ᠪᠣᠯ	бол	8
хөдлөөд	ᠯᠠ	л	6
хөдөл	ᠮᠥᠷ ᠦᠨ	мөрийн	40
хөдөл	ᠮᠥᠷ	мөр	17
хөдөлгүүр	ᠨᠢ	нь	46
хөдөлгүүр	ᠪᠦᠬᠦᠢ	бүхий	13
хөдөлгүүр	ᠪᠣᠯᠤᠨ	болон	12
хөдөлгөгч	ᠬᠦᠴᠦ	хүч	109
хөдөлгөгч	ᠭᠣᠣᠯ	гол	5
хөдөлгөж	ᠪᠣᠯᠬᠤ ᠦᠭᠡᠢ	болохгүй	14
хөдөлгөж	ᠴᠢᠳᠠᠭᠰᠠᠨ	чадсан	10
хөдөлгөж	ᠪᠠᠶᠢᠭ᠎ᠠ	байгаа	9
хөдөлгөх	ᠨᠢ	нь	19
хөдөлгөх	ᠬᠡᠷᠡᠭᠲᠡᠢ	хэрэгтэй	14
хөдөлгөх	ᠶᠣᠰᠣᠲᠠᠢ	ёстой	13
хөдөлгөөн	ᠶᠡᠬᠡ ᠲᠡᠢ	ихтэй	97
хөдөлгөөн	ᠬᠢᠬᠦ	хийх	63
хөдөлгөөн	ᠬᠢᠵᠦ	хийж	60
хөдөлгөөнд	ᠣᠷᠣᠯᠴᠠᠵᠤ	оролцож	90
хөдөлгөөнд	ᠤᠷᠤᠯᠴᠠᠬᠤ	оролцох	52
хөдөлгөөнд	ᠣᠷᠣᠵᠤ	орж	47
хөдөлгөөний	ᠠᠶᠤᠯ ᠦᠭᠡᠢ	аюулгүй	278
хөдөлгөөний	ᠶᠡᠷᠦᠩᠬᠡᠢ	ерөнхий	98
хөдөлгөөний	ᠲᠡᠷᠢᠭᠦᠨ	тэргүүн	59
хөдөлгөөнөөр	ᠲᠣᠭᠲᠠᠮᠠᠯ	тогтмол	9
хөдөлж	ᠪᠠᠶᠢᠨ᠎ᠠ	байна	44
хөдөлж	ᠪᠠᠶᠢᠭ᠎ᠠ	байгаа	32
хөдөлж	ᠴᠢᠳᠠᠬᠤ ᠦᠭᠡᠢ	чадахгүй	31
хөдөлмөр	ᠡᠷᠬᠢᠯᠡᠬᠦ	эрхлэх	174
хөдөлмөр	ᠡᠷᠬᠡᠯᠡᠵᠦ	эрхэлж	173
хөдөлмөр	ᠨᠡᠶᠢᠭᠡᠮ ᠤᠨ	нийгмийн	133
хөдөлмөрийн	ᠪᠠᠭᠠᠲᠤᠷ	баатар	993
хөдөлмөрийн	ᠬᠥᠯᠦᠰᠦᠨ ᠦ	хөлсний	754
хөдөлмөрийн	ᠠᠶᠤᠯ ᠦᠭᠡᠢ	аюулгүй	496
хөдөлмөрлөж	ᠪᠠᠶᠢᠭ᠎ᠠ	байгаа	36
хөдөлмөрлөж	ᠪᠠᠶᠢᠵᠤ	байж	21
хөдөлмөрлөж	ᠪᠠᠶᠢᠨ᠎ᠠ	байна	15
хөдөлмөрлөх	ᠬᠡᠷᠡᠭᠲᠡᠢ	хэрэгтэй	31
хөдөлмөрлөх	ᠡᠷᠬᠡ	эрх	17
хөдөлмөрлөх	ᠶᠣᠰᠣᠲᠠᠢ	ёстой	14
хөдөлмөрч	ᠬᠦᠮᠦᠨ	хүн	15
хөдөлмөрч	ᠬᠢᠴᠢᠶᠡᠩᠭᠦᠢ	хичээнгүй	11
хөдөлмөрч	ᠬᠦᠮᠦᠰ	хүмүүс	9
хөдөлмөрөөр	ᠪᠦᠲᠦᠭᠰᠡᠨ	бүтсэн	12
хөдөлнө	ᠭᠡᠵᠦ	гэж	6
хөдөлсөн	ᠶᠠᠭᠤᠮ᠎ᠠ	юм	13
хөдөлсөн	ᠪᠠᠶᠢᠨ᠎ᠠ	байна	9
хөдөлсөн	ᠭᠠᠯᠲᠤ	галт	6
хөдөө	ᠠᠵᠤ	аж	5426
хөдөө	ᠣᠷᠣᠨ	орон	1617
хөдөө	ᠭᠠᠳᠠᠭ᠎ᠠ	гадаа	42
хөдөөгийн	ᠢᠷᠭᠡᠳ	иргэд	30
хөдөөгийн	ᠬᠦᠮᠦᠨ	хүн	28
хөдөөгийн	ᠭᠠᠷᠤᠢ	гаруй	23
хөдөөний	ᠬᠡᠦᠬᠡᠳ	хүүхэд	13
хөдөөний	ᠬᠦᠮᠦᠨ	хүн	9
хөдөөний	ᠮᠠᠯᠴᠢᠨ	малчин	8
хөзөр	ᠪᠤᠶᠤ	буюу	6
хөзөр	ᠬᠤᠷᠳᠤ	хурд	6
хөл	ᠳᠡᠭᠡᠷ᠎ᠡ ᠪᠡᠨ	дээрээ	281
хөл	ᠲᠠᠯᠪᠢᠭᠰᠠᠨ	тавьсан	224
хөл	ᠨᠢ	нь	185
хөлгийн	ᠵᠢᠯᠣᠭᠣ	жолоо	22
хөлгийн	ᠵᠠᠰᠠᠪᠤᠷᠢ	засвар	10
хөлгийн	ᠶᠡᠬᠡ	их	8
хөлгүй	ᠶᠡᠬᠡ	их	5
хөлгүй	ᠨᠢ	нь	5
хөлгөн	ᠰᠤᠳᠤᠷ	судар	8
хөлд	ᠨᠢ	нь	50
хөлд	ᠣᠷᠣᠵᠤ	орж	29
хөлд	ᠳᠠᠷᠤᠭᠳᠠᠭᠰᠠᠨ	дарагдсан	22
хөлдсөн	ᠬᠡᠳᠦᠢ	хэдий	5
хөлдүү	ᠮᠢᠬ᠎ᠠ	мах	9
хөлдүү	ᠭᠤᠯᠤᠤᠵᠠ	гулууз	8
хөлдүү	ᠪᠠᠶᠢᠭᠰᠠᠨ	байсан	5
хөлдөж	ᠠᠮᠢ	амь	7
хөлдөж	ᠦᠬᠦᠬᠦ	үхэх	7
хөлдөө	ᠮᠥᠷᠡᠨ ᠦ	мөрний	13
хөлдөө	ᠴᠢᠷᠴᠢ	чирч	12
хөлдөө	ᠴᠢᠷᠦᠬᠦ	чирэх	9
хөлийг	ᠨᠢ	нь	83
хөлийг	ᠠᠪᠴᠤ	авч	7
хөлийг	ᠮᠢᠨᠢ	минь	5
хөлийн	ᠴᠡᠴᠡ	цэц	62
хөлийн	ᠲᠠᠲᠠᠪᠤᠷᠢ	татвар	34
хөлийн	ᠭᠠᠵᠠᠷ	газар	22
хөлний	ᠤᠯᠠᠨ ᠳᠤ	уланд	7
хөлс	ᠬᠦᠴᠦ	хүч	57
хөлс	ᠨᠢ	нь	51
хөлс	ᠬᠦᠴᠦ ᠪᠡᠨ	хүчээ	49
хөлсийг	ᠨᠢ	нь	46
хөлсийг	ᠨᠡᠮᠡᠭᠳᠡᠭᠦᠯᠬᠦ	нэмэгдүүлэх	14
хөлсийг	ᠳᠠᠬᠢᠨ	дахин	12
хөлсний	ᠳ᠋ᠣᠣ ᠳᠤ	доод	734
хөлсний	ᠬᠡᠮᠵᠢᠶ᠎ᠡ ᠶᠢ	хэмжээг	15
хөлсний	ᠨᠡᠮᠡᠭᠳᠡᠯ	нэмэгдэл	10
хөлсөнд	ᠨᠢ	нь	8
хөлсөнд	ᠰᠠᠶ᠋ᠢ	сая	5
хөлсөө	ᠭᠠᠷᠭᠠᠵᠤ	гаргаж	13
хөлсөө	ᠳᠤᠰᠤᠯᠠᠭᠤᠯᠵᠤ	дуслуулж	10
хөлсөө	ᠤᠷᠤᠰᠬᠠᠵᠤ	урсгаж	10
хөлтэй	ᠨᠢ	нь	5
хөлтэй	ᠬᠦᠮᠦᠨ	хүн	5
хөлтэй	ᠶᠠᠭᠤᠮ᠎ᠠ	юм	5
хөлөг	ᠣᠩᠭᠣᠴᠠ	онгоц	133
хөлөг	ᠳᠡᠭᠡᠷ᠎ᠡ	дээр	23
хөлөг	ᠲᠡᠭᠦᠨ ᠦ	түүний	17
хөлөндөө	ᠬᠦᠨᠳᠦ	хүнд	6
хөлөндөө	ᠭᠡᠮᠲᠦᠯ	гэмтэл	5
хөлөө	ᠣᠯᠵᠤ	олж	14
хөлөө	ᠤᠯᠬᠤ	олох	14
хөлөө	ᠳᠦᠷᠦᠬᠦ	дүрэх	11
хөлөөрөө	ᠲᠣᠯᠣᠭᠠᠢ	толгой	6
хөлөөрөө	ᠭᠡᠳᠡᠭ	гэдэг	5
хөмрөг	ᠮᠣᠩᠭᠣᠯ ᠤᠨ	монголын	5
хөмсөг	ᠵᠠᠩᠭᠢᠳᠤᠨ	зангидан	6
хөн	ᠨᠠᠰᠤᠲᠠᠢ	настай	14
хөн	ᠵᠢᠯ ᠦᠨ	жилийн	8
хөн	ᠳᠥᠵᠢ	дөж	7
хөнгөвчлөх	ᠲᠤᠰᠠᠯᠠᠮᠵᠢ	тусламж	43
хөнгөвчлөх	ᠲᠤᠬᠠᠢ	тухай	21
хөнгөвчлөх	ᠬᠡᠯᠡᠯᠴᠡᠭᠡᠷ	хэлэлцээр	21
хөнгөлж	ᠪᠠᠶᠢᠭ᠎ᠠ	байгаа	9
хөнгөлж	ᠥᠭᠭᠦᠨ᠎ᠡ	өгнө	5
хөнгөлөлт	ᠦᠵᠡᠭᠦᠯᠬᠦ	үзүүлэх	162
хөнгөлөлт	ᠡᠳᠯᠡᠬᠦ	эдлэх	128
хөнгөлөлт	ᠦᠵᠡᠭᠦᠯᠵᠦ	үзүүлж	36
хөнгөлөх	ᠴᠢᠯᠦᠭᠡᠯᠡᠬᠦ	чөлөөлөх	32
хөнгөлөх	ᠲᠤᠬᠠᠢ	тухай	14
хөнгөлөх	ᠠᠵᠢᠯ	ажил	11
хөнгөн	ᠠᠲᠯᠧᠲ᠋ᠢᠭ	атлетик	175
хөнгөн	ᠴᠠᠭᠠᠨ	цагаан	101
хөнгөн	ᠵᠢᠩ ᠦᠨ	жингийн	70
хөндий	ᠳ᠋ᠡᠬᠢ	дэх	18
хөндий	ᠨᠢ	нь	13
хөндий	ᠬᠦᠢᠲᠡᠨ	хүйтэн	10
хөндийг	ᠪᠠᠶᠢᠩᠭᠤ	байнга	12
хөндийг	ᠡᠷᠡᠭᠦᠯᠵᠢᠭᠦᠯᠬᠦ	эрүүлжүүлэх	5
хөндийд	ᠪᠠᠷᠢᠭᠳᠠᠵᠤ	баригдаж	29
хөндийд	ᠪᠠᠷᠢᠭᠳᠠᠬᠤ	баригдах	20
хөндийд	ᠣᠯᠠᠨ	олон	14
хөндийн	ᠡᠷᠡᠭᠦᠯ	эрүүл	44
хөндийн	ᠨᠢᠰᠬᠦ	нисэх	31
хөндийн	ᠲᠤᠰᠠᠯᠠᠮᠵᠢ	тусламж	13
хөндлөн	ᠭᠠᠷᠴᠤ	гарч	43
хөндлөн	ᠭᠤᠯᠳᠤ	гулд	32
хөндлөн	ᠭᠠᠷᠬᠤ ᠳᠤ ᠪᠠᠨ	гарахдаа	11
хөндлөнгийн	ᠬᠢᠨᠠᠯᠲᠠ	хяналт	55
хөндлөнгийн	ᠠᠦ᠋ᠳᠢᠲ	аудит	18
хөндлөнгийн	ᠪᠠᠶᠢᠷᠢ	байр	13
хөндсөн	ᠶᠠᠭᠤᠮ᠎ᠠ	юм	49
хөндсөн	ᠪᠠᠶᠢᠨ᠎ᠠ	байна	23
хөндсөн	ᠨᠢ	нь	17
хөндөгдөх	ᠪᠣᠯᠤᠭᠰᠠᠨ	болсон	9
хөндөгдөх	ᠶᠠᠭᠤᠮ᠎ᠠ	юм	8
хөндөгдөх	ᠨᠢ	нь	7
хөндөж	ᠪᠠᠶᠢᠭ᠎ᠠ	байгаа	66
хөндөж	ᠪᠠᠶᠢᠨ᠎ᠠ	байна	54
хөндөж	ᠪᠠᠶᠢᠭᠰᠠᠨ	байсан	33
хөндөх	ᠰᠡᠳᠦᠪ	сэдэв	33
хөндөх	ᠶᠣᠰᠣᠲᠠᠢ	ёстой	22
хөндөх	ᠶᠠᠭᠤᠮ᠎ᠠ	юм	15
хөнжил	ᠪᠠ	ба	17
хөнжил	ᠭᠤᠳᠤᠰ	гудас	15
хөнжил	ᠳᠡᠷ᠎ᠡ	дэр	5
хөнөөл	ᠪᠠᠭᠠᠲᠠᠢ	багатай	18
хөнөөл	ᠨᠢ	нь	11
хөнөөл	ᠤᠴᠠᠷᠠᠭᠤᠯᠵᠤ	учруулж	11
хөнөөлтэй	ᠪᠠᠶᠢᠳᠠᠭ	байдаг	7
хөнөөлтэй	ᠲᠡᠮᠡᠴᠡᠬᠦ	тэмцэх	7
хөнөөлтэй	ᠪᠣᠯᠬᠤ ᠶᠢ	болохыг	5
хөнөөсөн	ᠬᠡᠷᠡᠭ ᠲᠦ	хэрэгт	109
хөнөөсөн	ᠬᠡᠷᠡᠭ	хэрэг	80
хөнөөсөн	ᠭᠡᠬᠦ	гэх	71
хөнөөх	ᠭᠡᠰᠡᠨ	гэсэн	6
хөнөөх	ᠨᠢ	нь	6
хөнөөх	ᠡᠷᠬᠡ	эрх	5
хөр	ᠥᠩᠭᠡ	өнгө	11
хөрвүүлэх	ᠠᠵᠢᠯ	ажил	9
хөрвөх	ᠴᠢᠳᠠᠪᠤᠷᠢ ᠲᠠᠢ	чадвартай	62
хөрвөх	ᠴᠢᠳᠠᠪᠤᠷᠢ	чадвар	48
хөргөгч	ᠨᠢ	нь	15
хөргөгчинд	ᠵᠥᠪ	зөв	6
хөргөгчинд	ᠬᠠᠳᠠᠭᠠᠯᠠᠳᠠᠭ	хадгалдаг	6
хөргөгчинд	ᠴᠠᠭ ᠠᠴᠠ	цагаас	5
хөргөх	ᠲᠥᠬᠥᠭᠡᠷᠦᠮᠵᠢ	төхөөрөмж	12
хөргөх	ᠴᠠᠮᠬᠠᠭ	цамхаг	5
хөрс	ᠨᠢ	нь	47
хөрс	ᠰᠠᠭᠤᠷᠢ	суурь	34
хөрс	ᠬᠠᠮᠠᠭᠠᠯᠠᠬᠤ	хамгаалах	27
хөрсөн	ᠳᠡᠭᠡᠷ᠎ᠡ	дээр	149
хөрсөн	ᠳᠡᠭᠡᠷ᠎ᠡ ᠪᠡᠨ	дээрээ	59
хөрсөн	ᠳ᠋ᠡᠬᠢ	дэх	16
хөрсөнд	ᠤᠷᠭᠤᠭᠰᠠᠨ	ургасан	45
хөрсөнд	ᠲᠠᠷᠢᠵᠤ	тарьж	15
хөрсөнд	ᠪᠠᠭᠤᠯᠭᠠᠵᠤ	буулгаж	12
хөрш	ᠷᠦᠦ	рүү	168
хөрш	ᠵᠡᠷᠭᠡᠯᠡᠳᠡᠭᠡ	зэргэлдээ	94
хөрш	ᠮᠠᠨᠢ	маань	88
хөршийн	ᠲᠥᠷᠥ ᠶᠢᠨ	төрийн	63
хөршийн	ᠪᠣᠳᠣᠯᠭ᠎ᠠ	бодлого	42
хөршийн	ᠮᠠᠨᠢ	маань	25
хөршүүд	ᠨᠢ	нь	20
хөршүүд	ᠪᠣᠯᠬᠤ	болох	9
хөршүүд	ᠮᠠᠨᠢ	маань	5
хөрөг	ᠵᠢᠷᠤᠭ	зураг	49
хөрөг	ᠵᠢᠷᠤᠭ ᠢ	зургийг	20
хөрөг	ᠵᠢᠷᠤᠭ ᠤᠨ	зургийн	20
хөрөнгийг	ᠨᠢ	нь	177
хөрөнгийг	ᠦᠷ᠎ᠡ	үр	91
хөрөнгийг	ᠬᠤᠷᠢᠶᠠᠵᠤ	хурааж	81
хөрөнгө	ᠣᠷᠣᠭᠤᠯᠤᠯᠲᠠ	оруулалт	7701
хөрөнгө	ᠣᠷᠣᠭᠤᠯᠤᠭᠴᠢᠳ	оруулагчид	1761
хөрөнгө	ᠣᠷᠣᠭᠤᠯᠤᠭᠴᠢ	оруулагч	1701
хөрөнгөтэй	ᠪᠣᠯᠬᠤ	болох	26
хөрөнгөтэй	ᠪᠠᠶᠢᠬᠤ	байх	25
хөрөнгөтэй	ᠪᠣᠯᠤᠭᠰᠠᠨ	болсон	16
хөсөр	ᠬᠠᠶᠠᠵᠤ	хаяж	17
хөсөр	ᠬᠠᠶᠠᠭᠳᠠᠭᠰᠠᠨ	хаягдсан	6
хөсөр	ᠬᠠᠶᠠᠬᠤ	хаях	5
хөтлөгч	ᠵᠦᠵᠦᠭᠡᠴᠢᠨ	жүжигчин	20
хөтлөгч	ᠡ	э	19
хөтлөгч	ᠲ	т	18
хөтлөн	ᠶᠠᠪᠤᠭᠤᠯᠬᠤ	явуулах	21
хөтлөн	ᠶᠠᠪᠤᠭᠤᠯᠤᠨ᠎ᠠ	явуулна	13
хөтлөн	ᠶᠠᠪᠤᠭᠤᠯᠵᠤ	явуулж	9
хөтлөх	ᠶᠠᠭᠤᠮ᠎ᠠ	юм	12
хөтлөх	ᠪᠣᠯᠤᠨ᠎ᠠ	болно	7
хөтлөх	ᠨᠢ	нь	7
хөтөл	ᠬᠣᠲᠠ ᠶᠢᠨ	хотын	9
хөтөл	ᠪᠥᠷᠲᠦ	бөрт	7
хөтөл	ᠼᠧᠮᠧᠨᠲ	цемент	7
хөтөлбөр	ᠨᠢ	нь	330
хөтөлбөр	ᠬᠡᠷᠡᠭᠵᠢᠭᠦᠯᠵᠦ	хэрэгжүүлж	186
хөтөлбөр	ᠬᠡᠷᠡᠭᠵᠢᠭᠦᠯᠬᠦ	хэрэгжүүлэх	177
хөтөлж	ᠪᠠᠶᠢᠨ᠎ᠠ	байна	23
хөтөлж	ᠣᠷᠣᠭᠤᠯᠤᠭᠰᠠᠨ	оруулсан	22
хөтөлж	ᠪᠠᠶᠢᠭ᠎ᠠ	байгаа	15
хөтөлсөн	ᠪᠠᠶᠢᠨ᠎ᠠ	байна	14
хөтөлсөн	ᠶᠠᠭᠤᠮ᠎ᠠ	юм	13
хөтөлсөн	ᠬᠦᠮᠦᠨ	хүн	10
хөтөч	ᠨᠢ	нь	21
хөтөч	ᠪᠣᠯᠬᠤ	болох	8
хөтөч	ᠨᠠᠷᠠ	нар	7
хөх	ᠲᠩᠷᠢ	тэнгэр	162
хөх	ᠮᠣᠩᠭᠣᠯ	монгол	93
хөх	ᠬᠣᠲᠠᠳ	хотод	85
хөхний	ᠬᠣᠣᠷᠲᠤ	хорт	105
хөхний	ᠰᠦ᠋	сүү	16
хөхний	ᠲᠣᠯᠣᠭᠠᠢ	толгой	13
хөхтөн	ᠠᠮᠢᠲᠠᠨ	амьтан	11
хөхтөн	ᠠᠮᠢᠲᠠᠨ ᠤ	амьтны	10
хөхтөн	ᠠᠮᠢᠲᠠᠳ	амьтад	5
хөхүүл	ᠬᠠᠨᠢᠶᠠᠳᠤ	ханиад	19
хөхүүл	ᠬᠡᠦᠬᠡᠳ ᠲᠡᠢ	хүүхэдтэй	6
хөхөө	ᠨᠠᠮᠵᠢᠯ	намжил	45
хөхөө	ᠡᠪᠦᠯ ᠦᠨ	өвлийн	21
хөхөө	ᠬᠥᠬᠥᠵᠦ	хөхөж	5
хөшиг	ᠬᠠᠭᠠᠯᠲᠠ	хаалт	5
хөшигний	ᠠᠷᠠᠳ	ард	46
хөшигний	ᠴᠠᠭᠠᠨ᠎ᠠ	цаана	27
хөшигний	ᠠᠷᠤ ᠠᠴᠠ	араас	5
хөшүүрэг	ᠨᠢ	нь	51
хөшүүрэг	ᠪᠣᠯᠬᠤ	болох	47
хөшүүрэг	ᠪᠣᠯᠵᠤ	болж	46
хөшөө	ᠳᠤᠷᠠᠰᠬᠠᠯ	дурсгал	31
хөшөө	ᠴᠠᠶᠢᠳᠠᠮ	цайдам	18
хөшөө	ᠪᠣᠰᠬᠠᠭᠰᠠᠨ	босгосон	14
хөө	ᠲᠣᠷᠲᠣᠭ	тортог	10
хөө	ᠬᠥ	хөө	6
хөө	ᠰᠢᠭ	шиг	6
хөөгдсөн	ᠭᠡᠬᠦ	гэх	6
хөөгдсөн	ᠶᠠᠭᠤᠮ᠎ᠠ	юм	6
хөөгдсөн	ᠨᠢ	нь	5
хөөгөөд	ᠶᠠᠪᠤᠭᠤᠯᠤᠭᠰᠠᠨ	явуулсан	8
хөөе	ᠴᠢ	чи	9
хөөж	ᠦᠵᠡᠪᠡᠯ	үзвэл	17
хөөж	ᠭᠠᠷᠭᠠᠬᠤ	гаргах	11
хөөж	ᠲᠠᠭᠤᠭᠠᠳ	туугаад	10
хөөмий	ᠮᠣᠷᠢᠨ	морин	9
хөөмий	ᠤᠷᠲᠤ ᠶᠢᠨ	уртын	6
хөөн	ᠬᠡᠯᠡᠯᠴᠡᠬᠦ	хэлэлцэх	66
хөөн	ᠭᠠᠷᠭᠠᠵᠤ	гаргаж	7
хөөн	ᠭᠠᠷᠭᠠᠬᠤ	гаргах	7
хөөр	ᠪᠠᠶᠠᠷ	баяр	19
хөөр	ᠪᠣᠯᠤᠨ	болон	7
хөөр	ᠪᠣᠯᠵᠤ	болж	6
хөөргөж	ᠪᠠᠶᠢᠭᠰᠠᠨ	байсан	8
хөөргөж	ᠪᠠᠶᠢᠭ᠎ᠠ	байгаа	6
хөөргөж	ᠪᠠᠶᠢᠭᠠᠳ	байгаад	5
хөөргөх	ᠭᠡᠵᠦ	гэж	11
хөөргөх	ᠲᠤᠷᠰᠢᠯᠲᠠ	туршилт	7
хөөргөх	ᠶᠠᠭᠤᠮ᠎ᠠ	юм	5
хөөрсөн	ᠰᠡᠳᠬᠢᠯ	сэтгэл	7
хөөрхий	ᠮᠢᠨᠢ	минь	20
хөөрхий	ᠲᠡᠷᠡ	тэр	14
хөөрхий	ᠳ᠋ᠡ	дөө	13
хөөрхөн	ᠥᠬᠢᠨ	охин	59
хөөрхөн	ᠬᠡᠦᠬᠡᠨ	хүүхэн	17
хөөрхөн	ᠪᠢᠴᠢᠬᠠᠨ	бяцхан	14
хөөрч	ᠪᠠᠭᠤᠬᠤ	буух	11
хөөрч	ᠪᠠᠶᠢᠭᠰᠠᠨ	байсан	7
хөөрч	ᠳᠣᠭᠳᠣᠯᠵᠤ	догдолж	7
хөөрөг	ᠵᠡᠷᠭᠡ	зэрэг	5
хөөрөгдөх	ᠨᠢᠭᠡ	нэг	8
хөөрөгдөх	ᠰᠢᠯᠲᠠᠭᠠᠨ	шалтгаан	6
хөөрөгдөх	ᠦᠨ᠎ᠡ	үнэ	5
хөөрөн	ᠳᠣᠭᠳᠣᠯᠵᠤ	догдолж	5
хөөрөх	ᠶᠣᠰᠣᠲᠠᠢ	ёстой	6
хөөрөө	ᠢᠯᠡᠷᠬᠡᠶᠢᠯᠡᠵᠦ	илэрхийлж	6
хөөрөө	ᠴᠤ	ч	5
хөөс	ᠨᠢ	нь	9
хөөсөн	ᠪᠥᠮᠪᠥᠯᠢᠭ	бөмбөлөг	9
хөөсөн	ᠴᠤ	ч	9
хөөсөн	ᠶᠠᠭᠤᠮ᠎ᠠ	юм	8
хөөх	ᠲᠤᠬᠠᠢ	тухай	29
хөөх	ᠰᠢᠢᠳᠪᠦᠷᠢ	шийдвэр	15
хөөх	ᠭᠠᠷᠤᠭ᠎ᠠ ᠲᠠᠢ	гараатай	13
хөөцөлдөөд	ᠯᠠ	л	7
хөөцөлдөөд	ᠶᠠᠪᠤᠵᠤ	явж	6
ц	ᠠᠷ	аар	22
ц	ᠨᠢ	нь	22
ц	ᠡᠶᠢᠨ	ийн	17
цаа	ᠪᠤᠭᠤ ᠶᠢᠨ	бугын	47
цаа	ᠪᠤᠭᠤ	буга	42
цаа	ᠰᠢᠳᠢ	шид	34
цаагуур	ᠴᠢᠨᠢ	чинь	9
цаагуур	ᠨᠢ	нь	7
цаагуур	ᠣᠷᠣᠯ᠎ᠠ	орлоо	5
цаад	ᠰᠢᠯᠲᠠᠭᠠᠨ	шалтгаан	42
цаад	ᠲᠠᠯ᠎ᠠ ᠳᠤ	талд	30
цаад	ᠤᠳᠬ᠎ᠠ ᠪᠠᠷ ᠢᠶᠠᠨ	утгаараа	29
цаадах	ᠨᠢ	нь	36
цаадах	ᠴᠢᠨᠢ	чинь	19
цааз	ᠭᠠᠷᠭᠠᠬᠤ	гаргах	14
цаазаар	ᠠᠪᠬᠤ	авах	273
цаазаар	ᠠᠪᠬᠠᠭᠤᠯᠤᠭᠰᠠᠨ	авахуулсан	7
цаазаар	ᠠᠪᠤᠨ᠎ᠠ	авна	6
цаазат	ᠭᠠᠵᠠᠷ ᠤᠨ	газрын	129
цаазат	ᠭᠠᠵᠠᠷ	газар	62
цаазат	ᠭᠠᠵᠠᠷ ᠲᠤ	газарт	26
цаана	ᠨᠢ	нь	417
цаана	ᠴᠢᠨᠢ	чинь	70
цаана	ᠶᠠᠮᠠᠷ	ямар	51
цаанаа	ᠯᠠ	л	96
цаанаа	ᠶᠠᠮᠠᠷ	ямар	25
цаанаа	ᠤᠴᠢᠷᠲᠠᠢ	учиртай	20
цаанаас	ᠨᠢ	нь	36
цаанаас	ᠰᠢᠬᠢᠷ	чихэр	7
цаанаас	ᠯᠠ	л	6
цаас	ᠭᠠᠷᠭᠠᠬᠤ	гаргах	122
цаас	ᠨᠢ	нь	90
цаас	ᠬᠤᠳᠠᠯᠳᠤᠨ	худалдан	42
цаасаа	ᠬᠡᠮᠨᠡᠬᠦ	хэмнэх	8
цаасаа	ᠭᠠᠷᠭᠠᠬᠤ	гаргах	7
цаасаар	ᠪᠢᠰᠢ	биш	13
цаасаар	ᠬᠢᠭᠰᠡᠨ	хийсэн	8
цаасан	ᠳᠡᠭᠡᠷ᠎ᠡ	дээр	479
цаасан	ᠳᠡᠭᠡᠷᠡᠬᠢ	дээрх	72
цаасан	ᠮᠥᠩᠭᠥ	мөнгө	20
цаасны	ᠵᠠᠬ᠎ᠠ	зах	567
цаасны	ᠬᠠᠩᠰᠢ	ханш	145
цаасны	ᠠᠷᠠᠯᠵᠢᠶ᠎ᠠ	арилжаа	122
цаастай	ᠬᠣᠯᠪᠣᠭᠠᠲᠠᠢ	холбоотой	12
цаасыг	ᠣᠨ ᠤ	оны	39
цаасыг	ᠬᠤᠳᠠᠯᠳᠤᠨ	худалдан	33
цаасыг	ᠨᠢ	нь	25
цаатан	ᠢᠷᠭᠡᠳ ᠦᠨ	иргэдийн	41
цаатан	ᠢᠷᠭᠡᠳ	иргэд	14
цаатан	ᠢᠷᠭᠡᠨ	иргэн	7
цааш	ᠨᠢ	нь	513
цааш	ᠶᠠᠪᠤᠬᠤ	явах	43
цааш	ᠦᠷᠭᠦᠯᠵᠢᠯᠡᠭᠦᠯᠬᠦ	үргэлжлүүлэх	42
цаашаа	ᠶᠠᠪᠤᠬᠤ	явах	59
цаашаа	ᠶᠠᠪᠤᠨ᠎ᠠ	явна	25
цаашаа	ᠶᠠᠪᠤᠵᠤ	явж	20
цаашгүй	ᠪᠠᠶᠢᠭ᠎ᠠ	байгаа	6
цаашгүй	ᠪᠠᠶᠢᠨ᠎ᠠ	байна	5
цаашдаа	ᠴᠤ	ч	283
цаашдаа	ᠡᠨᠡ	энэ	141
цаашдаа	ᠶᠡᠬᠡᠩᠬᠢ	ихэнх	57
цаашдын	ᠬᠠᠮᠲᠤ ᠶᠢᠨ	хамтын	141
цаашдын	ᠴᠢᠭᠢ	чиг	91
цаашдын	ᠦᠢᠯᠡ	үйл	60
цаашид	ᠴᠤ	ч	689
цаашид	ᠡᠨᠡ	энэ	276
цаашид	ᠤᠯᠠᠮ	улам	218
цаашлаад	ᠤᠯᠤᠰ	улс	48
цаашлаад	ᠳᠡᠯᠡᠬᠡᠢ ᠶᠢᠨ	дэлхийн	41
цаашлаад	ᠮᠣᠩᠭᠣᠯ	монгол	34
цав	ᠴᠠᠭᠠᠨ	цагаан	45
цав	ᠴᠠᠭᠠᠬᠠᠨ	цагаахан	15
цав	ᠡᠭᠦᠰᠦᠭᠰᠡᠨ	үүссэн	9
цаг	ᠬᠤᠭᠤᠴᠠᠭ᠎ᠠ	хугацаа	1628
цаг	ᠦᠶ᠎ᠡ ᠶᠢᠨ	үеийн	1236
цаг	ᠠᠭᠠᠷ ᠤᠨ	агаарын	1025
цагаа	ᠣᠯᠤᠭᠰᠠᠨ	олсон	102
цагаа	ᠵᠥᠪ	зөв	74
цагаа	ᠥᠩᠭᠡᠷᠡᠭᠦᠯᠬᠦ	өнгөрүүлэх	26
цагаан	ᠰᠠᠷ᠎ᠠ ᠶᠢᠨ	сарын	566
цагаан	ᠰᠠᠷ᠎ᠠ	сар	201
цагаан	ᠰᠠᠷ᠎ᠠ ᠪᠠᠷ	сараар	188
цагааннуур	ᠰᠤᠮᠤ ᠶᠢᠨ	сумын	40
цагааннуур	ᠰᠤᠮᠤᠨ ᠳᠤ	суманд	14
цагааннуур	ᠰᠤᠮᠤ	сум	13
цагааны	ᠦᠢᠯᠡᠳᠪᠦᠷᠢ	үйлдвэр	10
цагаар	ᠠᠵᠢᠯᠯᠠᠵᠤ	ажиллаж	61
цагаар	ᠠᠵᠢᠯᠯᠠᠬᠤ	ажиллах	32
цагаар	ᠪᠣᠯᠤᠨ᠎ᠠ	болно	24
цагаараа	ᠪᠠᠶᠢᠳᠠᠭ ᠦᠭᠡᠢ	байдаггүй	13
цагаараа	ᠶᠠᠭᠤ	юу	8
цагаас	ᠬᠣᠶᠢᠰᠢ	хойш	442
цагаас	ᠲᠣᠭᠠᠲᠤ	тоот	242
цагаас	ᠴᠠᠭ	цаг	186
цагаасаа	ᠬᠣᠶᠢᠰᠢ	хойш	121
цагаасаа	ᠡᠬᠢᠯᠡᠨ	эхлэн	82
цагаасаа	ᠯᠠ	л	62
цагаатгах	ᠠᠵᠢᠯ ᠢ	ажлыг	52
цагаатгах	ᠲᠡᠳᠡᠨ ᠳᠦ	тэдэнд	21
цагаатгах	ᠶᠣᠰᠣᠲᠠᠢ	ёстой	10
цагаахан	ᠴᠠᠰᠤᠨ	цасан	6
цагаахан	ᠥᠷᠢᠰᠦᠯᠳᠦᠭᠡᠨ	өрсөлдөөн	5
цагаач	ᠢᠷᠭᠡᠳ	иргэд	5
цагариг	ᠳᠡᠭᠡᠷ᠎ᠡ ᠡᠴᠡ	дээрээс	6
цагдаа	ᠨᠠᠷᠠ	нар	578
цагдаа	ᠨᠠᠷ ᠤᠨ	нарын	125
цагдаа	ᠨᠠᠷᠠᠲᠤ	нарт	121
цагдаад	ᠥᠭᠭᠦᠭᠰᠡᠨ	өгсөн	18
цагдаад	ᠳᠠᠭᠤᠳᠠᠯᠭ᠎ᠠ	дуудлага	16
цагдаад	ᠭᠣᠮᠣᠳᠠᠯ	гомдол	10
цагдан	ᠬᠤᠷᠢᠬᠤ	хорих	1263
цагдан	ᠬᠣᠷᠢᠭᠰᠠᠨ	хорьсон	155
цагдан	ᠬᠣᠷᠢᠵᠤ	хорьж	129
цагийг	ᠨᠢ	нь	62
цагийг	ᠵᠥᠪ	зөв	53
цагийг	ᠦᠷ᠎ᠡ	үр	29
цагийн	ᠬᠣᠭᠣᠷᠣᠨᠳᠣ	хооронд	635
цагийн	ᠦᠶ᠎ᠡ ᠳᠦ	үед	516
цагийн	ᠳᠣᠲᠣᠷ᠎ᠠ	дотор	359
цагны	ᠵᠠᠬ᠎ᠠ	зах	12
цагт	ᠤᠯᠠᠭᠠᠨᠪᠠᠭᠠᠲᠤᠷ ᠲᠤ	улаанбаатарт	237
цагт	ᠪᠣᠯᠬᠤ	болох	192
цагт	ᠡᠬᠢᠯᠡᠬᠦ	эхлэх	169
цагтаа	ᠢᠷᠡᠵᠦ	ирж	19
цагтаа	ᠯᠠ	л	18
цагтаа	ᠮᠣᠩᠭᠣᠯ	монгол	17
цагтай	ᠤᠷᠤᠯᠳᠤᠨ	уралдан	10
цай	ᠤᠤᠭᠤᠬᠤ	уух	28
цай	ᠤᠤᠭᠤᠵᠤ	ууж	27
цай	ᠨᠢ	нь	20
цайвар	ᠥᠩᠭᠡ ᠲᠡᠢ	өнгөтэй	10
цайвар	ᠥᠩᠭᠡ ᠶᠢᠨ	өнгийн	6
цайвар	ᠰᠢᠷᠭᠠᠯ	шаргал	5
цайг	ᠨᠢ	нь	16
цайг	ᠨᠣᠬᠠᠢ ᠶᠢᠨ	нохойн	5
цайгаа	ᠤᠤᠭᠤᠭᠠᠳ	уугаад	11
цайгаа	ᠤᠤᠭᠤᠵᠤ	ууж	10
цайгаа	ᠲᠣᠭᠲᠠᠮᠠᠯ	тогтмол	7
цайдам	ᠨᠠᠭᠤᠷ	нуур	19
цайдам	ᠨᠠᠭᠤᠷ ᠤᠨ	нуурын	11
цайдам	ᠳᠠᠬᠢ	дахь	6
цайз	ᠠ	а	18
цайз	ᠵᠠᠬ᠎ᠠ	зах	13
цайз	ᠵᠠᠬ᠎ᠠ ᠶᠢᠨ	захын	10
цайлган	ᠴᠠᠭᠠᠨ	цагаан	9
цайлган	ᠰᠡᠳᠬᠢᠯ ᠲᠡᠢ	сэтгэлтэй	8
цайлган	ᠰᠡᠳᠬᠢᠯ ᠳᠦ	сэтгэлт	7
цайны	ᠭᠠᠵᠠᠷ	газар	66
цайны	ᠬᠠᠯᠪᠠᠭ᠎ᠠ	халбага	59
цайны	ᠵᠠᠪᠰᠠᠷᠯᠠᠭ᠎ᠠ	завсарлага	37
цайр	ᠬᠠᠷ᠎ᠠ	хар	16
цайр	ᠵᠡᠷᠭᠡ	зэрэг	8
цайр	ᠵᠡᠰ	зэс	6
цайруулах	ᠡᠮᠴᠢᠯᠡᠭᠡ	эмчилгээ	6
цал	ᠪᠤᠭᠤᠷᠤᠯ	буурал	11
цал	ᠪᠣᠯᠤᠭᠰᠠᠨ	болсон	5
цалин	ᠬᠥᠯᠰᠡ	хөлс	330
цалин	ᠲᠡᠳᠬᠦᠪᠦᠷᠢ	тэтгэвэр	328
цалин	ᠠᠪᠳᠠᠭ	авдаг	194
цалингаа	ᠠᠪᠴᠤ	авч	29
цалингаа	ᠠᠪᠤᠭᠠᠳ	аваад	28
цалингаа	ᠲᠠᠯᠪᠢᠵᠤ	тавьж	24
цалингаас	ᠨᠢ	нь	19
цалингаас	ᠴᠠᠯᠢᠩ ᠤᠨ	цалингийн	18
цалингаас	ᠭᠠᠳᠠᠨ᠎ᠠ	гадна	11
цалингийн	ᠬᠡᠮᠵᠢᠶ᠎ᠡ ᠶᠢ	хэмжээг	72
цалингийн	ᠬᠡᠮᠵᠢᠶ᠎ᠡ	хэмжээ	53
цалингийн	ᠳ᠋ᠣᠣ ᠳᠤ	доод	48
цалинтай	ᠲᠡᠩᠴᠡᠬᠦ	тэнцэх	73
цалинтай	ᠠᠵᠢᠯ ᠳᠤ	ажилд	30
цалинтай	ᠨᠢ	нь	17
цамхаг	ᠨᠢ	нь	15
цамц	ᠥᠮᠥᠳᠥ	өмд	11
цамц	ᠡᠮᠦᠰᠦᠭᠰᠡᠨ	өмссөн	10
цамц	ᠬᠠᠷ᠎ᠠ	хар	7
цан	ᠬᠡᠦᠷᠡᠭ	хүүрэг	6
цан	ᠴᠣᠬᠢᠵᠤ	цохиж	6
цан	ᠴᠣᠬᠢᠶ᠎ᠠ ᠳᠤ	цохиод	5
цана	ᠲᠡᠰᠢᠭᠦᠷ	тэшүүр	19
цана	ᠴᠢᠷᠭ᠎ᠠ ᠪᠠᠷ	чаргаар	11
цана	ᠪᠣᠯᠤᠨ	болон	8
цангаж	ᠪᠠᠶᠢᠭ᠎ᠠ	байгаа	5
цар	ᠬᠦᠷ᠎ᠡ	хүрээ	254
цар	ᠬᠦᠷ᠎ᠡ ᠪᠡᠨ	хүрээгээ	47
цар	ᠬᠦᠷᠢᠶᠡᠨ ᠳᠦ	хүрээнд	21
царай	ᠨᠢ	нь	65
царай	ᠪᠣᠯᠤᠭᠰᠠᠨ	болсон	40
царай	ᠮᠠᠭᠤ ᠲᠠᠢ	муутай	40
царайг	ᠴᠢᠨᠢ	чинь	27
царайг	ᠨᠢ	нь	18
царайг	ᠬᠠᠷᠠᠭᠠᠳ	хараад	7
царайтай	ᠬᠦᠮᠦᠨ	хүн	5
царцаах	ᠨᠢ	нь	5
цас	ᠣᠷᠣᠬᠤ ᠦᠭᠡᠢ	орохгүй	1226
цас	ᠣᠷᠣᠨ᠎ᠠ	орно	686
цас	ᠣᠷᠣᠵᠤ	орж	639
цасаар	ᠰᠢᠭᠤᠷᠴᠢ	шуурч	6
цасаар	ᠰᠢᠭᠤᠷᠠᠭᠠᠳ	шуураад	5
цасан	ᠰᠢᠭᠤᠷᠭ᠎ᠠ	шуурга	584
цасан	ᠪᠣᠯᠤᠨ	болон	116
цасан	ᠰᠢᠷᠬᠡᠭ	ширхэг	75
цасанд	ᠳᠠᠷᠤᠭᠳᠠᠭᠰᠠᠨ	дарагдсан	7
цасанд	ᠳᠠᠷᠤᠭᠤᠯᠵᠤ	даруулж	7
цасанд	ᠬᠠᠭᠠᠭᠳᠠᠬᠤ	хаагдах	7
цасны	ᠵᠤᠵᠠᠭᠠᠨ	зузаан	11
цасны	ᠤᠰᠤ	ус	8
цасны	ᠰᠢᠷᠬᠡᠭ	ширхэг	7
цаст	ᠠᠤᠯᠠᠯᠠᠰ ᠢ	уулсыг	13
цаст	ᠠᠤᠯᠠᠯᠠᠰ	уулс	5
цаст	ᠴᠠᠭᠠᠨ	цагаан	5
цастай	ᠪᠠᠶᠢᠭ᠎ᠠ	байгаа	5
цахилгаан	ᠰᠲ᠋ᠠᠨᠼ	станц	1382
цахилгаан	ᠡᠷᠴᠢᠮ	эрчим	518
цахилгаан	ᠳᠠᠮᠵᠢᠭᠤᠯᠬᠤ	дамжуулах	273
цахим	ᠬᠠᠭᠤᠳᠠᠰᠤ	хуудас	263
цахим	ᠬᠡᠯᠪᠡᠷᠢ ᠪᠡᠷ	хэлбэрээр	249
цахим	ᠬᠠᠭᠤᠳᠠᠰᠤᠨ ᠳᠤ	хуудсанд	224
цахир	ᠰᠤᠮᠤ ᠶᠢᠨ	сумын	12
цахир	ᠰᠤᠮᠤ	сум	5
цахиур	ᠬᠠᠭᠠᠯᠬᠤ	хагалах	19
цахиур	ᠬᠠᠭᠠᠯᠤᠭᠰᠠᠨ	хагалсан	7
цахиур	ᠴᠢᠯᠠᠭᠤ	чулуу	6
цацаад	ᠪᠠᠶᠢᠭ᠎ᠠ	байгаа	14
цацаад	ᠯᠠ	л	10
цацаад	ᠪᠠᠶᠢᠨ᠎ᠠ	байна	6
цацагдах	ᠪᠣᠯᠤᠯ᠎ᠠ	боллоо	35
цацагдах	ᠪᠣᠯᠤᠭᠰᠠᠨ	болсон	34
цацагдах	ᠪᠣᠯᠪᠠ	болов	6
цацагдсан	ᠪᠠᠶᠢᠨ᠎ᠠ	байна	18
цацагдсан	ᠶᠠᠭᠤᠮ᠎ᠠ	юм	16
цацагдсан	ᠨᠢ	нь	13
цацаж	ᠪᠠᠶᠢᠭ᠎ᠠ	байгаа	46
цацаж	ᠪᠠᠶᠢᠨ᠎ᠠ	байна	34
цацаж	ᠪᠠᠶᠢᠭᠰᠠᠨ	байсан	19
цацах	ᠨᠢ	нь	14
цацах	ᠶᠠᠭᠤᠮ᠎ᠠ	юм	10
цацах	ᠪᠣᠯᠤᠮᠵᠢ ᠲᠠᠢ	боломжтой	6
цацлаа	ᠡᠷᠭᠦᠭᠰᠡᠨ	өргөсөн	6
цацлаа	ᠭᠡᠵᠦ	гэж	5
цацраг	ᠪᠣᠯᠤᠨ	болон	9
цацраг	ᠲᠤᠶᠠᠭ᠎ᠠ	туяа	9
цацраг	ᠨᠢ	нь	8
цацсан	ᠨᠢ	нь	21
цацсан	ᠪᠠᠶᠢᠨ᠎ᠠ	байна	15
цацсан	ᠭᠡᠵᠦ	гэж	13
цемент	ᠱᠣᠬᠣᠢ	шохой	103
цемент	ᠦᠢᠯᠡᠳᠪᠦᠷᠢᠯᠡᠬᠦ	үйлдвэрлэх	81
цемент	ᠦᠢᠯᠡᠳᠪᠦᠷᠢᠯᠡᠵᠦ	үйлдвэрлэж	10
цех	ᠠᠵᠢᠯᠯᠠᠵᠤ	ажиллаж	6
цех	ᠷᠦᠦ	рүү	5
цирк	ᠮᠣᠩᠭᠣᠯ ᠳᠤ	монголд	60
цирк	ᠪᠣᠯᠤᠨ	болон	13
цирк	ᠪᠤᠶᠤ	буюу	6
циркийн	ᠬᠥᠭᠵᠢᠯ ᠦᠨ	хөгжлийн	37
циркийн	ᠤᠷᠠᠯᠢᠭ ᠤᠨ	урлагийн	32
циркийн	ᠤᠷᠠᠨ	уран	30
цовоо	ᠰᠡᠷᠭᠦᠯᠡᠩ	сэргэлэн	10
цовоо	ᠨ	н	8
цог	ᠵᠢᠪᠬᠤᠯᠠᠩᠲᠤ	жавхлант	40
цог	ᠨᠠᠷ ᠤᠨ	нарын	40
цог	ᠨᠠᠷᠠ	нар	36
цоглог	ᠡᠷᠴᠢ	эрч	9
цоглог	ᠵᠡᠭᠡᠷᠳᠡ	зээрд	7
цоглог	ᠬᠡᠮᠨᠡᠯ	хэмнэл	5
цогт	ᠲᠠᠶᠢᠵᠢ	тайж	50
цогт	ᠡᠷᠳᠡᠨᠢ	эрдэнэ	44
цогт	ᠰᠤᠮᠤ ᠶᠢᠨ	сумын	38
цогтой	ᠲᠡᠮᠡᠴᠡᠭᠴᠢ	тэмцэгч	6
цогтой	ᠵᠠᠯᠠᠭᠤ	залуу	5
цогтцэций	ᠰᠤᠮᠤ ᠶᠢᠨ	сумын	102
цогтцэций	ᠰᠤᠮᠤᠨ ᠳᠤ	суманд	33
цогтцэций	ᠰᠤᠮᠤ	сум	18
цогц	ᠪᠣᠳᠣᠯᠭ᠎ᠠ	бодлого	146
цогц	ᠠᠷᠭ᠎ᠠ	арга	111
цогц	ᠪᠠᠶᠢᠳᠠᠯ ᠢᠶᠠᠷ	байдлаар	83
цогцолбор	ᠰᠤᠷᠭᠠᠭᠤᠯᠢ ᠶᠢᠨ	сургуулийн	211
цогцолбор	ᠰᠤᠷᠭᠠᠭᠤᠯᠢ	сургууль	170
цогцолбор	ᠪᠠᠶᠢᠭᠤᠯᠬᠤ	байгуулах	90
цогцос	ᠣᠯᠳᠠᠭᠰᠠᠨ	олдсон	24
цогцос	ᠨᠢ	нь	11
цогцос	ᠪᠠᠶᠢᠨ᠎ᠠ	байна	10
цой	ᠠᠮᠢᠳᠤ	амьд	5
цол	ᠬᠦᠷᠲᠡᠭᠰᠡᠨ	хүртсэн	458
цол	ᠣᠯᠭᠣᠬᠤ	олгох	158
цол	ᠬᠦᠷᠲᠡᠵᠦ	хүртэж	130
цолмон	ᠨᠠᠷᠠ	нар	52
цолмон	ᠪ	б	20
цолмон	ᠨᠠᠷ ᠤᠨ	нарын	15
цом	ᠬᠦᠷᠲᠡᠭᠰᠡᠨ	хүртсэн	42
цом	ᠬᠦᠷᠲᠡᠵᠦ	хүртэж	34
цом	ᠡᠷᠭᠦᠮᠵᠢᠯᠡᠯ	өргөмжлөл	28
цомог	ᠨᠢ	нь	218
цомог	ᠭᠠᠷᠭᠠᠬᠤ	гаргах	48
цомог	ᠭᠠᠷᠭᠠᠵᠤ	гаргаж	41
цомоо	ᠬᠦᠷᠲᠡᠯ᠎ᠡ	хүртлээ	11
цомоо	ᠬᠦᠷᠲᠡᠭᠰᠡᠨ	хүртсэн	11
цомоо	ᠬᠦᠷᠲᠡᠵᠦ	хүртэж	11
цомхон	ᠴᠢᠳᠠᠪᠤᠷᠢᠯᠢᠭ	чадварлаг	36
цомхон	ᠬᠦᠷᠢᠶᠡᠨ ᠳᠦ	хүрээнд	9
цомхон	ᠪᠣᠯᠭᠠᠬᠤ	болгох	7
цомхотгох	ᠠᠰᠠᠭᠤᠳᠠᠯ ᠢ	асуудлыг	7
цомхотгох	ᠰᠢᠢᠳᠪᠦᠷᠢ	шийдвэр	6
цомхотгох	ᠲᠠᠯ᠎ᠠ ᠪᠠᠷ	талаар	5
цомыг	ᠬᠦᠷᠲᠡᠵᠦ	хүртэж	41
цомыг	ᠬᠦᠷᠲᠡᠭᠰᠡᠨ	хүртсэн	25
цомыг	ᠳᠠᠬᠢ	дахь	14
цонх	ᠨᠢ	нь	15
цонх	ᠬᠠᠭᠠᠯᠭ᠎ᠠ	хаалга	15
цонх	ᠦᠶ᠎ᠡ	үе	15
цонхны	ᠴᠠᠭᠠᠨ᠎ᠠ	цаана	35
цонхны	ᠦᠢᠯᠡᠴᠢᠯᠡᠭᠡ	үйлчилгээ	14
цонхны	ᠲᠠᠪᠴᠠᠩ	тавцан	13
цонхон	ᠳᠡᠭᠡᠷ᠎ᠡ	дээр	69
цонхон	ᠳᠡᠭᠡᠷᠡᠬᠢ	дээрх	7
цонхон	ᠴᠠᠭᠠᠨ᠎ᠠ	цаана	6
цонхоо	ᠨᠡᠭᠡᠭᠡᠵᠦ	нээж	6
цонхоо	ᠣᠩᠭᠣᠶᠢᠯᠭᠠᠵᠤ	онгойлгож	6
цонхоо	ᠬᠠᠭᠠᠵᠤ	хааж	5
цонхоор	ᠣᠷᠣᠵᠤ	орж	9
цонхоор	ᠤᠨᠠᠵᠤ	унаж	9
цонхоор	ᠬᠠᠷᠠᠭᠰᠠᠨ	харсан	7
цонхыг	ᠨᠢ	нь	14
цонхыг	ᠬᠠᠭᠠᠵᠤ	хааж	6
цоо	ᠰᠢᠨ᠎ᠡ	шинэ	698
цоо	ᠰᠢᠨ᠎ᠡ ᠪᠡᠷ	шинээр	67
цоо	ᠰᠢᠨᠡᠬᠡᠨ	шинэхэн	55
цоодол	ᠭᠤᠸᠠᠢ	гуай	6
цоодол	ᠳ	д	5
цоож	ᠨᠢ	нь	5
цоожтой	ᠬᠠᠭᠠᠯᠭᠠᠨ ᠤ	хаалганы	19
цооног	ᠭᠠᠷᠭᠠᠭᠰᠠᠨ	гаргасан	6
цооног	ᠭᠠᠷᠭᠠᠵᠤ	гаргаж	5
цоорох	ᠡᠪᠡᠳᠴᠢᠨ	өвчин	12
цоорхой	ᠨᠢ	нь	8
цоорхой	ᠪᠠᠶᠢᠭ᠎ᠠ	байгаа	5
цоорхой	ᠭᠡᠷ	гэр	5
цоорхойг	ᠨᠥᠬᠥᠬᠥ	нөхөх	17
цоорхойг	ᠠᠰᠢᠭᠯᠠᠨ	ашиглан	15
цоорхойг	ᠨᠥᠬᠥᠵᠦ	нөхөж	8
цоохор	ᠢᠷᠪᠢᠰ	ирвэс	51
цоохор	ᠴᠡᠷᠢᠭ ᠦᠨ	цэргийн	8
цоохор	ᠮᠣᠷᠢ	морь	5
цор	ᠭᠠᠭᠴᠠ	ганц	110
цор	ᠭᠠᠭᠴᠠᠭᠠᠷ	ганцаар	11
цор	ᠭᠠᠭᠴᠠᠭᠠᠷ ᠢᠶᠠᠨ	ганцаараа	7
цорын	ᠭᠠᠭᠴᠠ	ганц	799
цорын	ᠭᠠᠭᠴᠠᠬᠠᠨ	ганцхан	9
цох	ᠨᠢ	нь	6
цохиж	ᠪᠠᠶᠢᠭ᠎ᠠ	байгаа	16
цохиж	ᠶᠠᠪᠤᠨ᠎ᠠ	явна	16
цохиж	ᠭᠣᠣᠯ	гоол	11
цохилох	ᠵᠢᠷᠦᠬᠡ	зүрх	33
цохилох	ᠵᠢᠷᠦᠬᠡ ᠲᠡᠢ	зүрхтэй	13
цохилт	ᠪᠣᠯᠤᠭᠰᠠᠨ	болсон	42
цохилт	ᠪᠣᠯᠵᠤ	болж	29
цохилт	ᠬᠢᠵᠦ	хийж	22
цохилтоор	ᠲᠣᠭᠠᠨ ᠤ	тооны	7
цохилтоор	ᠢᠯᠠᠭᠰᠠᠨ	ялсан	7
цохилтоор	ᠭᠣᠣᠯ	гоол	6
цохилтыг	ᠠᠮᠵᠢᠯᠲᠠᠲᠠᠢ	амжилттай	7
цохилтыг	ᠬᠢᠵᠦ	хийж	7
цохилтыг	ᠬᠢᠭᠰᠡᠨ	хийсэн	5
цохилтын	ᠬᠦᠴᠢ ᠶᠢ	хүчийг	7
цохилтын	ᠲᠡᠮᠡᠴᠡᠭᠡᠨ	тэмцээн	5
цохиод	ᠯᠠ	л	8
цохиод	ᠠᠪᠤᠭᠰᠠᠨ	авсан	7
цохисон	ᠴᠤ	ч	12
цохисон	ᠶᠠᠭᠤᠮ᠎ᠠ	юм	12
цохисон	ᠨᠢ	нь	8
цохих	ᠨᠢ	нь	7
цочир	ᠬᠦᠢᠲᠡᠷᠡᠬᠦ	хүйтрэх	10
цочмог	ᠬᠠᠯᠳᠠᠪᠤᠷᠢᠲᠤ	халдварт	23
цочмог	ᠪᠣᠯᠤᠨ	болон	15
цочмог	ᠬᠣᠣᠷᠳᠠᠯᠭ᠎ᠠ	хордлого	13
цуваа	ᠭᠠᠷᠤᠭ᠎ᠠ ᠲᠠᠢ	гараатай	33
цуваа	ᠲᠠᠰᠤᠷᠠᠬᠤ ᠦᠭᠡᠢ	тасрахгүй	19
цуваа	ᠭᠠᠷ ᠢᠶᠠᠨ	гараа	9
цувааг	ᠲᠠᠨᠢᠯᠴᠠᠭᠤᠯᠤᠶ᠎ᠠ	танилцуулъя	6
цуврал	ᠲᠡᠮᠡᠴᠡᠭᠡᠨ ᠳᠦ	тэмцээнд	51
цуврал	ᠲᠡᠮᠡᠴᠡᠭᠡᠨ	тэмцээн	45
цуврал	ᠺᠢᠨᠣᠨ ᠤ	киноны	43
цуг	ᠶᠠᠪᠤᠭᠰᠠᠨ	явсан	11
цуг	ᠶᠠᠪᠤᠵᠤ	явж	10
цуг	ᠪᠠᠶᠢᠳᠠᠭ	байдаг	9
цуглаад	ᠪᠠᠶᠢᠨ᠎ᠠ	байна	30
цуглаад	ᠪᠠᠶᠢᠭ᠎ᠠ	байгаа	14
цуглаан	ᠵᠣᠬᠢᠶᠠᠨ	зохион	71
цуглаан	ᠬᠢᠬᠦ	хийх	42
цуглаан	ᠬᠢᠵᠦ	хийж	26
цугларсан	ᠪᠠᠶᠢᠨ᠎ᠠ	байна	14
цугларсан	ᠨᠤᠲᠠᠯᠠᠬᠤ	нотлох	9
цугларсан	ᠨᠣᠮ ᠢ	номыг	8
цугларч	ᠪᠠᠶᠢᠨ᠎ᠠ	байна	9
цугларч	ᠪᠠᠶᠢᠭ᠎ᠠ	байгаа	7
цугларч	ᠪᠠᠶᠢᠭᠰᠠᠨ	байсан	5
цугласан	ᠣᠯᠠᠨ	олон	31
цугласан	ᠪᠠᠶᠢᠭᠰᠠᠨ	байсан	16
цугласан	ᠶᠠᠭᠤᠮ᠎ᠠ	юм	14
цуглах	ᠨᠢ	нь	5
цуглуулаад	ᠪᠠᠶᠢᠭ᠎ᠠ	байгаа	14
цуглуулаад	ᠪᠠᠶᠢᠨ᠎ᠠ	байна	7
цуглуулаад	ᠡᠮᠨᠡᠯᠭᠡ	эмнэлэг	6
цуглуулах	ᠦᠢᠯᠡ	үйл	14
цуглуулах	ᠨᠢ	нь	13
цуглуулах	ᠶᠠᠭᠤᠮ᠎ᠠ	юм	12
цуглуулга	ᠨᠢ	нь	16
цуглуулга	ᠪᠤᠢ	бий	5
цуглуулга	ᠶᠠᠭᠤᠮ᠎ᠠ	юм	5
цуглуулж	ᠪᠠᠶᠢᠭ᠎ᠠ	байгаа	34
цуглуулж	ᠴᠢᠳᠠᠭᠰᠠᠨ	чадсан	30
цуглуулж	ᠡᠬᠢᠯᠡᠭᠰᠡᠨ	эхэлсэн	22
цул	ᠮᠢᠬ᠎ᠠ	мах	115
цул	ᠨᠢ	нь	19
цул	ᠪᠣᠯᠵᠤ	болж	16
цус	ᠴᠢᠰᠤᠨ	цусан	157
цус	ᠬᠠᠷᠪᠤᠯᠲᠠ	харвалт	56
цус	ᠬᠠᠷᠪᠤᠬᠤ	харвах	41
цусаа	ᠥᠭᠴᠦ	өгч	33
цусаа	ᠪᠡᠯᠡᠭᠯᠡᠵᠦ	бэлэглэж	29
цусаа	ᠥᠭᠬᠦ	өгөх	27
цусаар	ᠳᠠᠮᠵᠢᠨ	дамжин	12
цусаар	ᠪᠥᠭᠡᠯᠵᠢᠬᠦ	бөөлжих	11
цусаар	ᠬᠠᠨᠢᠶᠠᠯᠭᠠᠬᠤ	ханиалгах	7
цусан	ᠳᠠᠬᠢ	дахь	144
цусан	ᠪᠦᠲᠦᠭᠡᠭᠳᠡᠬᠦᠨ	бүтээгдэхүүн	39
цусан	ᠰᠠᠭᠤᠯᠭ᠎ᠠ	суулга	35
цусанд	ᠨᠢ	нь	25
цусанд	ᠪᠠᠶᠢᠭ᠎ᠠ	байгаа	8
цусанд	ᠪᠠᠶᠢᠳᠠᠭ	байдаг	7
цусархаг	ᠬᠠᠮ	хам	6
цусны	ᠳᠠᠷᠤᠯᠲᠠ	даралт	196
цусны	ᠡᠮᠭᠡᠭ	эмгэг	122
цусны	ᠡᠷᠭᠢᠯᠲᠡ	эргэлт	41
цустай	ᠰᠠᠭᠤᠯᠭᠠᠬᠤ	суулгах	8
цустай	ᠴᠡᠷ	цэр	6
цусыг	ᠨᠢ	нь	26
цутгаж	ᠪᠠᠶᠢᠭ᠎ᠠ	байгаа	14
цутгаж	ᠪᠤᠢ	буй	8
цутгаж	ᠪᠠᠶᠢᠨ᠎ᠠ	байна	7
цутгамал	ᠲᠡᠮᠦᠷ	төмөр	7
цуу	ᠶᠠᠷᠢᠶ᠎ᠠ	яриа	65
цуу	ᠯᠠᠬ᠎ᠠ	лах	17
цуу	ᠶᠠᠷᠢᠭ᠎ᠠ ᠶᠢ	яриаг	8
цуур	ᠬᠥᠭᠵᠢᠮ᠎ᠡ	хөгжим	10
цуур	ᠬᠥᠭᠵᠢᠮ ᠢ	хөгжмийг	6
цуур	ᠬᠥᠭᠵᠢᠮ ᠦᠨ	хөгжмийн	5
цуурхал	ᠲᠠᠷᠠᠭᠠᠵᠤ	тарааж	7
цуутай	ᠬᠤᠷᠳᠤᠨ	хурдан	5
цуцлах	ᠬᠦᠷᠲᠡᠯ᠎ᠡ	хүртэл	34
цуцлах	ᠲᠤᠬᠠᠢ	тухай	31
цуцлах	ᠰᠢᠢᠳᠪᠦᠷᠢ	шийдвэр	25
цэвэр	ᠠᠭᠠᠷ	агаар	459
цэвэр	ᠤᠰᠤᠨ ᠤ	усны	370
цэвэр	ᠤᠰᠤ	ус	157
цэвэрлэгч	ᠬᠡᠢ	хий	5
цэвэрлэгч	ᠬᠦᠷᠲᠡᠯ᠎ᠡ	хүртэл	5
цэвэрлэгээ	ᠬᠢᠬᠦ	хийх	109
цэвэрлэгээ	ᠬᠢᠵᠦ	хийж	47
цэвэрлэгээ	ᠦᠢᠯᠡᠴᠢᠯᠡᠭᠡ	үйлчилгээ	23
цэвэрлэж	ᠪᠠᠶᠢᠬᠤ	байх	23
цэвэрлэж	ᠴᠢᠳᠠᠬᠤ ᠦᠭᠡᠢ	чадахгүй	21
цэвэрлэж	ᠪᠠᠶᠢᠨ᠎ᠠ	байна	15
цэвэрлэн	ᠣᠢ ᠶᠢᠨ	ойн	6
цэвэрлэх	ᠪᠠᠶᠢᠭᠤᠯᠤᠮᠵᠢ	байгууламж	252
цэвэрлэх	ᠠᠵᠢᠯ ᠢ	ажлыг	25
цэвэрлэх	ᠱᠠᠭᠠᠷᠳᠠᠯᠭ᠎ᠠ ᠲᠠᠢ	шаардлагатай	17
цэвэрхэн	ᠪᠠᠶᠢᠬᠤ	байх	11
цэвэрхэн	ᠪᠠᠶᠢᠯᠭᠠᠵᠤ	байлгаж	7
цэвэрхэн	ᠪᠠᠶᠢᠯᠭᠠᠬᠤ	байлгах	7
цэвэрч	ᠳᠡᠭᠦᠷᠭᠡ	дүүрэг	10
цэвэрч	ᠰᠤᠮᠤ	сум	10
цэвэрч	ᠬᠣᠷᠤᠭ᠎ᠠ	хороо	10
цэвэршүүлэх	ᠦᠢᠯᠡᠳᠪᠦᠷᠢ	үйлдвэр	20
цэвэршүүлэх	ᠬᠦᠴᠦᠨ	хүчин	13
цэвэршүүлэх	ᠪᠠᠶᠢᠭᠤᠯᠤᠮᠵᠢ	байгууламж	9
цэг	ᠳᠡᠭᠡᠷ᠎ᠡ	дээр	114
цэг	ᠨᠢ	нь	80
цэг	ᠪᠠᠶᠢᠭᠤᠯᠬᠤ	байгуулах	34
цэгийг	ᠲᠣᠳᠣᠷᠬᠠᠶᠢᠯᠠᠵᠤ	тодорхойлж	41
цэгийг	ᠲᠠᠯᠪᠢᠭᠰᠠᠨ	тавьсан	25
цэгийг	ᠨᠢ	нь	9
цэгийн	ᠦᠢᠯᠡᠴᠢᠯᠡᠭᠡ	үйлчилгээ	28
цэгийн	ᠮᠠᠰᠰᠠᠵᠢ	массаж	16
цэгийн	ᠲᠣᠭ᠎ᠠ ᠶᠢ	тоог	12
цэгт	ᠨᠢ	нь	27
цэгт	ᠬᠦᠷᠴᠦ	хүрч	10
цэгт	ᠠᠭᠠᠷ ᠤᠨ	агаарын	9
цэгтээ	ᠬᠦᠷᠴᠦ	хүрч	47
цэгтээ	ᠬᠦᠷᠦᠭᠰᠡᠨ	хүрсэн	36
цэгтээ	ᠬᠦᠷ᠎ᠡ ᠳᠦ	хүрээд	9
цэгцлэх	ᠴᠠᠭ	цаг	22
цэгцлэх	ᠱᠠᠭᠠᠷᠳᠠᠯᠭ᠎ᠠ ᠲᠠᠢ	шаардлагатай	22
цэгцлэх	ᠶᠣᠰᠣᠲᠠᠢ	ёстой	20
цэдэн	ᠡᠰᠢ	иш	26
цэл	ᠵᠠᠯᠠᠭᠤᠬᠠᠨ	залуухан	35
цэл	ᠵᠠᠯᠠᠭᠤ	залуу	26
цэл	ᠵᠠᠯᠠᠭᠤ ᠪᠠᠷ ᠢᠶᠠᠨ	залуугаараа	8
цэлгэр	ᠠᠭᠤᠳᠠᠮ	уудам	6
цэлмэг	ᠡᠬᠡ	эх	28
цэлмэг	ᠬᠥᠬᠡ	хөх	25
цэлмэг	ᠲᠩᠷᠢ	тэнгэр	13
цэлмүүн	ᠷᠧᠶᠢᠫᠧᠷ	реппер	10
цэмцгэр	ᠤᠷᠴᠢᠨ ᠳᠤ	орчинд	11
цэмцгэр	ᠪᠠᠶᠢᠯᠭᠠᠬᠤ	байлгах	9
цэн	ᠲᠣᠭᠣᠷᠤᠤ	тогоруу	46
цэн	ᠲᠣᠭᠣᠷᠤᠤᠨ ᠤ	тогорууны	11
цэн	ᠨᠢ	нь	10
цэнгэг	ᠤᠰᠤᠨ ᠤ	усны	86
цэнгэг	ᠤᠰᠤ	ус	35
цэнгэг	ᠤᠰᠤ ᠲᠠᠢ	устай	15
цэнгэл	ᠨᠠᠭᠠᠳᠤᠮ ᠤᠨ	наадмын	13
цэнгэл	ᠰᠤᠮᠤ ᠶᠢᠨ	сумын	11
цэнгэл	ᠪᠠᠶᠠᠷ	баяр	10
цэнгэлийн	ᠮᠠᠩᠯᠠᠢ	манлай	16
цэнгээний	ᠭᠠᠵᠠᠷ	газар	53
цэнгээний	ᠭᠠᠵᠠᠷ ᠲᠤ	газарт	12
цэнгээний	ᠭᠠᠵᠠᠷ ᠢᠶᠠᠷ	газраар	9
цэнгүүн	ᠵᠣᠬᠢᠶᠠᠨ	зохион	8
цэнгүүн	ᠨᠢ	нь	7
цэнгүүн	ᠱᠣᠤ	шоу	6
цэндсүрэн	ᠡᠬᠡ	эх	5
цэнийг	ᠨᠢ	нь	38
цэнийг	ᠨᠡᠮᠡᠭᠳᠡᠭᠦᠯᠬᠦ	нэмэгдүүлэх	27
цэнийг	ᠥᠰᠬᠡᠬᠦ	өсгөх	18
цэнтэй	ᠪᠠᠶᠢᠳᠠᠭ	байдаг	9
цэнхэр	ᠳᠡᠯᠭᠡᠴᠡ ᠪᠡᠷ	дэлгэцээр	43
цэнхэр	ᠶᠠᠭᠠᠨ	ягаан	43
цэнхэр	ᠥᠩᠭᠡ ᠶᠢᠨ	өнгийн	43
цэнэ	ᠨᠢ	нь	36
цэнэ	ᠠᠴᠢ	ач	18
цэнэ	ᠪᠠᠭᠤᠷᠴᠢ	буурч	14
цэнэг	ᠨᠢ	нь	19
цэнэг	ᠳᠠᠭᠤᠰᠬᠤ	дуусах	9
цэнэг	ᠠᠪᠬᠤ	авах	5
цэнэглэх	ᠪᠣᠯᠤᠮᠵᠢ ᠲᠠᠢ	боломжтой	47
цэнэглэх	ᠪᠣᠯᠤᠮᠵᠢ	боломж	9
цэнэглэх	ᠪᠣᠯᠤᠮᠵᠢ ᠶᠢ	боломжийг	7
цэнэгүй	ᠪᠣᠯᠵᠤ	болж	6
цэнэгүй	ᠪᠣᠯᠤᠨ᠎ᠠ	болно	5
цэнэтэй	ᠲᠣᠭᠯᠠᠭᠴᠢ	тоглогч	65
цэнэтэй	ᠵᠦᠢᠯ	зүйл	26
цэнэтэй	ᠪᠠᠶᠢᠳᠠᠭ	байдаг	17
цэнээ	ᠠᠯᠳᠠᠵᠤ	алдаж	16
цэнээ	ᠠᠯᠳᠠᠭ᠎ᠠ ᠦᠭᠡᠢ	алдаагүй	14
цэнээ	ᠠᠯᠠᠳᠠᠬᠤ ᠦᠭᠡᠢ	алдахгүй	9
цэр	ᠨᠢᠰᠤ	нус	21
цэр	ᠭᠡᠶᠢᠨ	гийн	15
цэр	ᠨᠢ	нь	9
цэргийн	ᠠᠯᠪᠠ	алба	238
цэргийн	ᠠᠯᠪᠠᠨ	албан	183
цэргийн	ᠠᠷᠰᠯᠠᠨ	арслан	93
цэргээс	ᠬᠠᠯᠠᠭᠳᠠᠵᠤ	халагдаж	9
цэргээс	ᠢᠷᠡᠭᠡᠳ	ирээд	7
цэргүүд	ᠯᠠ	л	6
цэргүүд	ᠪᠠᠶᠢᠭᠰᠠᠨ	байсан	5
цэрэг	ᠴᠠᠭᠳᠠᠭ᠎ᠠ	цагдаа	37
цэрэг	ᠲᠧᠭᠨᠢᠭ ᠦᠨ	техникийн	33
цэрэг	ᠳᠠᠶᠢᠨ ᠤ	дайны	28
цэрэгт	ᠪᠠᠶᠢᠬᠤ ᠳᠤ ᠪᠠᠨ	байхдаа	14
цэрэгт	ᠶᠠᠪᠤᠭᠠᠳ	яваад	11
цэрэгт	ᠶᠠᠪᠤᠬᠤ	явах	9
цэс	ᠨᠢ	нь	11
цэс	ᠷᠦᠦ	рүү	6
цэх	ᠪᠠᠷᠢᠵᠤ	барьж	6
цэх	ᠰᠢᠯᠤᠭᠤᠨ	шулуун	5
цэц	ᠳᠡᠭᠡᠷ᠎ᠡ	дээр	50
цэц	ᠶᠡᠬᠡ	их	19
цэц	ᠣᠨ ᠤ	оны	19
цэцгийг	ᠲᠠᠷᠢᠬᠤ	тарих	7
цэцгийг	ᠦᠨᠳᠦᠰᠦᠨ ᠦ	үндэсний	6
цэцгийн	ᠪᠠᠭᠯᠠᠭ᠎ᠠ	баглаа	35
цэцгийн	ᠳᠡᠯᠪᠢ	дэлбээ	26
цэцгийн	ᠦᠷ᠎ᠡ	үр	19
цэцгэн	ᠳᠡᠭᠡᠷ᠎ᠡ	дээр	6
цэцгэн	ᠵᠦᠢᠷᠯᠡᠯ	зүйрлэл	5
цэцгээ	ᠠᠯᠤᠩᠭᠤᠸ᠎ᠠ	алунгоо	8
цэцгээ	ᠨᠠᠷᠠ	нар	6
цэцгээр	ᠡᠪᠡᠳᠴᠢᠯᠡᠭᠰᠡᠨ	өвчилсөн	14
цэцгээр	ᠡᠪᠡᠳᠦᠭᠰᠡᠨ	өвдсөн	9
цэцгээр	ᠡᠪᠡᠳᠴᠢᠯᠡᠬᠦ	өвчлөх	6
цэцэ	ᠪᠣᠯᠤᠨ	болон	8
цэцэг	ᠰᠢᠭ	шиг	66
цэцэг	ᠨᠢ	нь	49
цэцэг	ᠡᠷᠭᠦᠵᠦ	өргөж	42
цэцэглэж	ᠪᠠᠶᠢᠨ᠎ᠠ	байна	16
цэцэглэж	ᠪᠠᠶᠢᠭ᠎ᠠ	байгаа	13
цэцэглэх	ᠨᠢ	нь	5
цэцэглэх	ᠴᠠᠭ ᠢᠶᠠᠷ	цагаар	5
цэцэгс	ᠨᠢ	нь	8
цэцэгс	ᠳᠡᠯᠭᠡᠷᠴᠢ	дэлгэрч	5
цэцэгсийн	ᠬᠦᠯᠡᠮᠵᠢ	хүлэмж	59
цэцэгсийн	ᠦᠨᠦᠷ	үнэр	7
цэцэгсийн	ᠳᠤᠮᠳᠠ	дунд	6
цэцэгт	ᠪᠠᠶᠢᠴᠠ ᠪᠠᠨ	байцаа	11
цэцэн	ᠨᠡᠭᠦᠳᠡᠯ	нүүдэл	68
цэцэн	ᠬᠠᠲᠤᠨ	хатан	30
цэцэн	ᠦᠭᠡ	үг	29
цэцэрлэг	ᠰᠤᠷᠭᠠᠭᠤᠯᠢ	сургууль	142
цэцэрлэг	ᠰᠤᠷᠭᠠᠭᠤᠯᠢ ᠶᠢᠨ	сургуулийн	133
цэцэрлэг	ᠪᠠᠷᠢᠬᠤ	барих	106
цэцэрлэгийн	ᠪᠠᠭᠰᠢ	багш	131
цэцэрлэгийн	ᠡᠷᠬᠢᠯᠡᠭᠴᠢ	эрхлэгч	107
цэцэрлэгийн	ᠴᠣᠭᠴᠠᠯᠠᠪᠤᠷᠢ	цогцолбор	96
цэцэрлэгт	ᠬᠦᠷᠢᠶᠡᠯᠡᠩ	хүрээлэн	301
цэцэрлэгт	ᠬᠦᠷᠢᠶᠡᠯᠡᠩ ᠳᠦ	хүрээлэнд	225
цэцэрлэгт	ᠬᠠᠮᠤᠷᠤᠭᠳᠠᠵᠤ	хамрагдаж	73
цэцэрлэгтээ	ᠶᠠᠪᠤᠵᠤ	явж	7
цэцээ	ᠭᠦᠨ	гүн	79
цэцээ	ᠭᠦᠨ ᠦ	гүний	14
цээ	ᠨᠢᠭᠢ	ний	16
цээж	ᠵᠢᠷᠤᠭ	зураг	73
цээж	ᠵᠢᠷᠤᠭ ᠲᠠᠢ	зурагтай	40
цээж	ᠬᠤᠷᠤᠰᠬᠤ	хорсох	26
цээжин	ᠳᠣᠲᠣᠷ᠎ᠠ	дотор	22
цээжин	ᠳᠣᠲᠣᠷ᠎ᠠ ᠪᠠᠨ	дотроо	13
цээжин	ᠳ᠋ᠡᠬᠢ	дэх	12
цээжинд	ᠮᠢᠨᠢ	минь	23
цээжинд	ᠨᠢ	нь	18
цээжинд	ᠤᠷᠤᠰᠢᠬᠤ	орших	10
цээжлэх	ᠪᠢᠰᠢ	биш	5
цээжний	ᠭᠦᠨᠳᠡ	гүнд	10
цээжний	ᠷᠧᠨ᠋ᠲ᠋ᠭᠧᠨ	рентген	10
цээжний	ᠵᠢᠷᠤᠭ	зураг	5
цээжээ	ᠳᠡᠯᠡᠳᠦᠭᠡᠳ	дэлдээд	19
цээжээ	ᠳᠡᠯᠡᠳᠴᠦ	дэлдэж	16
цээжээ	ᠳᠡᠯᠳᠡᠬᠦ	дэлдэх	7
цээжээр	ᠡᠪᠡᠳᠬᠦ	өвдөх	11
цээжээр	ᠮᠡᠳᠡᠳᠡᠭ	мэддэг	6
цээжээр	ᠬᠥᠨᠳᠡᠭᠦᠷᠯᠡᠬᠦ	хөндүүрлэх	6
цээл	ᠰᠤᠮᠤ ᠶᠢᠨ	сумын	83
цээл	ᠰᠤᠮᠤᠨ ᠳᠤ	суманд	20
цээл	ᠰᠤᠮᠤ ᠶᠢ	сумыг	8
цээнд	ᠬᠦᠷᠦᠭᠰᠡᠨ	хүрсэн	16
цээнд	ᠬᠦᠷᠴᠦ	хүрч	13
цээнд	ᠬᠦᠷᠡᠯ ᠢᠶᠡᠨ	хүрлээ	5
цээнэ	ᠡᠬᠡ	эх	8
цээр	ᠵᠥᠷᠢᠴᠡᠭᠰᠡᠨ	зөрчсөн	7
цээр	ᠲᠣᠭᠲᠠᠭᠠᠭᠰᠠᠨ	тогтоосон	7
цээр	ᠲᠣᠭᠲᠠᠭᠠᠨ	тогтоон	6
цээрлэх	ᠬᠡᠷᠡᠭᠲᠡᠢ	хэрэгтэй	21
цээрлэх	ᠬᠣᠣᠷᠳᠠᠯᠭ᠎ᠠ	хордлого	5
цүнх	ᠲᠦᠷᠡᠶᠢᠪᠴᠢ	түрийвч	8
цүнх	ᠪᠠᠷᠢᠵᠤ	барьж	7
цүнх	ᠭᠤᠲᠤᠯ	гутал	7
цөл	ᠪᠠᠶᠢᠳᠠᠯ	байдал	16
цөл	ᠪᠠᠶᠢᠳᠠᠯ ᠳᠤ	байдалд	10
цөл	ᠪᠣᠯᠤᠨ	болон	8
цөлд	ᠤᠷᠤᠰᠢᠬᠤ	орших	5
цөм	ᠨᠢ	нь	74
цөм	ᠬᠥᠲᠥᠯᠪᠦᠷᠢ	хөтөлбөр	67
цөм	ᠪᠣᠯᠤᠭᠰᠠᠨ	болсон	43
цөмрөх	ᠠᠶᠤᠯ ᠠᠴᠠ	аюулаас	32
цөмөөрөө	ᠠᠯᠠᠭ᠎ᠠ ᠪᠠᠨ	алгаа	6
цөс	ᠨᠣᠶᠢᠷ	нойр	52
цөс	ᠨᠢ	нь	9
цөс	ᠬᠣᠳᠣᠭᠣᠳᠣ	ходоод	8
цөөлж	ᠲᠣᠰᠤᠨ	тосон	6
цөөлөх	ᠬᠡᠷᠡᠭᠲᠡᠢ	хэрэгтэй	9
цөөлөх	ᠪᠣᠳᠣᠯᠭ᠎ᠠ	бодлого	8
цөөлөх	ᠨᠢ	нь	6
цөөн	ᠬᠡᠳᠦᠨ	хэдэн	299
цөөн	ᠬᠣᠷᠤᠮ	хором	278
цөөн	ᠲᠣᠭᠠᠨ ᠤ	тооны	255
цөөнгүй	ᠪᠠᠶᠢᠨ᠎ᠠ	байна	149
цөөнгүй	ᠪᠤᠢ	бий	144
цөөнгүй	ᠪᠠᠶᠢᠳᠠᠭ	байдаг	110
цөөнх	ᠪᠣᠯᠤᠭᠰᠠᠨ	болсон	45
цөөнх	ᠨᠢ	нь	22
цөөнх	ᠪᠣᠯᠵᠤ	болж	14
цөөрсөн	ᠪᠠᠶᠢᠨ᠎ᠠ	байна	7
цөөрсөн	ᠶᠠᠭᠤᠮ᠎ᠠ	юм	7
цөөрсөн	ᠨᠢ	нь	6
цөөрөм	ᠤᠰᠤᠨ	усан	11
цөөрөм	ᠭᠣᠣᠯ	гол	7
цөөрөм	ᠪᠠᠭ᠎ᠠ	бага	6
цөөхөн	ᠬᠡᠳᠦᠨ	хэдэн	103
цөөхөн	ᠬᠦᠮᠦᠨ	хүн	93
цөөхөн	ᠪᠠᠶᠢᠳᠠᠭ	байдаг	51
ч	ᠭᠡᠰᠡᠨ	гэсэн	5489
ч	ᠡᠨᠡ	энэ	2623
ч	ᠶᠠᠭᠤᠮ᠎ᠠ	юм	2546
чагнах	ᠲᠥᠬᠥᠭᠡᠷᠦᠮᠵᠢ	төхөөрөмж	23
чад	ᠰᠠᠩ	сан	29
чад	ᠸᠠᠷ	вар	25
чад	ᠳᠠᠭ	даг	18
чадаагүй	ᠪᠠᠶᠢᠨ᠎ᠠ	байна	242
чадаагүй	ᠶᠠᠭᠤᠮ᠎ᠠ	юм	201
чадаагүй	ᠴᠤ	ч	137
чадав	ᠤᠤ	уу	54
чадав	ᠠ	аа	23
чадаж	ᠪᠠᠶᠢᠨ᠎ᠠ	байна	534
чадаж	ᠪᠠᠶᠢᠭ᠎ᠠ	байгаа	381
чадаж	ᠪᠠᠶᠢᠪᠠᠯ	байвал	57
чадал	ᠪᠦᠬᠦᠢ	бүхий	186
чадал	ᠨᠢ	нь	106
чадал	ᠰᠠᠶᠢᠲᠠᠢ	сайтай	28
чадалгүй	ᠪᠠᠶᠢᠭᠰᠠᠭᠠᠷ	байсаар	23
чадалгүй	ᠤᠨᠠᠭᠰᠠᠨ	унасан	22
чадалгүй	ᠨᠠᠰᠤ	нас	14
чадалтай	ᠶᠠᠭᠤᠮ᠎ᠠ	юм	78
чадалтай	ᠴᠠᠬᠢᠯᠭᠠᠨ	цахилгаан	67
чадалтай	ᠦᠢᠯᠡᠳᠪᠦᠷᠢ	үйлдвэр	56
чадан	ᠶᠠᠳᠠᠨ	ядан	52
чадах	ᠤᠤ	уу	617
чадах	ᠶᠠᠭᠤᠮ᠎ᠠ	юм	364
чадах	ᠪᠤᠢ	вэ	189
чадахаа	ᠪᠣᠯᠢᠭᠰᠠᠨ	больсон	50
чадахаа	ᠪᠠᠶᠢᠭᠰᠠᠨ	байсан	39
чадахаа	ᠪᠣᠯᠢᠵᠤ	больж	22
чадахаар	ᠪᠠᠶᠢᠨ᠎ᠠ	байна	10
чадахаар	ᠪᠠᠶᠢᠭ᠎ᠠ	байгаа	6
чадахаар	ᠪᠣᠯᠵᠠᠢ	болжээ	6
чадахгүй	ᠪᠠᠶᠢᠭ᠎ᠠ	байгаа	1114
чадахгүй	ᠪᠠᠶᠢᠨ᠎ᠠ	байна	1001
чадахгүй	ᠪᠣᠯ	бол	627
чадахгүйгээс	ᠬᠣᠶᠢᠰᠢ	хойш	44
чадахгүйгээс	ᠪᠣᠯᠵᠤ	болж	11
чадахгүйгээс	ᠪᠣᠯᠤᠭᠠᠳ	болоод	8
чадвал	ᠮᠣᠩᠭᠣᠯ	монгол	51
чадвал	ᠪᠢᠳᠡ	бид	50
чадвал	ᠡᠨᠡ	энэ	49
чадвар	ᠨᠢ	нь	248
чадвар	ᠰᠠᠶᠢᠲᠠᠢ	сайтай	102
чадвар	ᠪᠦᠬᠦᠢ	бүхий	100
чадваргүй	ᠪᠣᠯᠤᠭᠰᠠᠨ	болсон	42
чадваргүй	ᠪᠣᠯᠵᠤ	болж	28
чадваргүй	ᠪᠣᠯᠬᠤ	болох	20
чадварлаг	ᠪᠣᠯᠪᠠᠰᠤᠨ	боловсон	74
чадварлаг	ᠤᠷᠠᠨ	уран	53
чадварлаг	ᠪᠠᠭ	баг	25
чадвартай	ᠪᠠᠶᠢᠬᠤ	байх	112
чадвартай	ᠪᠣᠯᠬᠤ	болох	59
чадвартай	ᠠᠵᠤ	аж	43
чаддаг	ᠪᠠᠶᠢᠬᠤ	байх	116
чаддаг	ᠶᠠᠭᠤᠮ᠎ᠠ	юм	106
чаддаг	ᠪᠠᠶᠢᠨ᠎ᠠ	байна	64
чаддаггүй	ᠶᠠᠭᠤᠮ᠎ᠠ	юм	127
чаддаггүй	ᠪᠠᠶᠢᠭᠰᠠᠨ	байсан	94
чаддаггүй	ᠭᠡᠰᠡᠨ	гэсэн	23
чаддагүй	ᠶᠠᠭᠤᠮ᠎ᠠ	юм	11
чадлаа	ᠭᠡᠵᠦ	гэж	28
чадлаа	ᠰᠢᠦ	шүү	16
чадлаа	ᠳᠠᠶᠢᠴᠢᠯᠠᠨ	дайчлан	15
чадлаар	ᠨᠢ	нь	41
чадлаар	ᠠᠰᠢᠭᠯᠠᠵᠤ	ашиглаж	7
чадлаар	ᠠᠵᠢᠯᠯᠠᠵᠤ	ажиллаж	5
чадлаараа	ᠠᠵᠢᠯᠯᠠᠵᠤ	ажиллаж	68
чадлаараа	ᠠᠵᠢᠯᠯᠠᠬᠤ	ажиллах	19
чадлаараа	ᠬᠢᠴᠢᠶᠡᠵᠦ	хичээж	8
чадлыг	ᠨᠡᠮᠡᠭᠳᠡᠭᠦᠯᠬᠦ	нэмэгдүүлэх	106
чадлыг	ᠮᠪᠲ	мвт	46
чадлыг	ᠨᠢ	нь	44
чадлын	ᠬᠤᠪᠢ ᠳᠤ	хувьд	62
чадлын	ᠴᠠᠬᠢᠯᠭᠠᠨ	цахилгаан	7
чадлын	ᠠᠦ᠋ᠲ᠋ᠣᠮᠠᠲ	автомат	6
чадна	ᠭᠡᠵᠦ	гэж	295
чадна	ᠭᠡᠳᠡᠭ ᠲᠦ	гэдэгт	151
чадна	ᠭᠡᠰᠡᠨ	гэсэн	115
чадсан	ᠶᠠᠭᠤᠮ᠎ᠠ	юм	407
чадсан	ᠪᠠᠶᠢᠨ᠎ᠠ	байна	264
чадсан	ᠨᠢ	нь	201
чадсангүй	ᠭᠡᠵᠦ	гэж	13
чадсангүй	ᠡ	ээ	12
чадсангүй	ᠪᠤᠢ	вэ	11
чам	ᠰᠢᠭ	шиг	85
чам	ᠷᠤ	руу	77
чам	ᠳᠡᠭᠡᠷ᠎ᠡ	дээр	52
чамаас	ᠥᠭᠡᠷ᠎ᠡ	өөр	57
чамаас	ᠪᠢ	би	24
чамаас	ᠢᠯᠡᠭᠦᠦ	илүү	21
чамаасаа	ᠪᠢ	би	17
чамайг	ᠪᠢ	би	159
чамайг	ᠬᠠᠶᠢᠷᠠᠯᠠᠬᠤ	хайрлах	46
чамайг	ᠯᠠ	л	39
чамайгаа	ᠪᠢ	би	133
чамайгаа	ᠬᠠᠶᠢᠷᠠᠯᠠᠵᠤ	хайрлаж	14
чамайгаа	ᠬᠠᠶᠢᠷᠠᠯᠠᠶ᠎ᠠ	хайрлая	13
чамгүй	ᠣᠯᠠᠨ	олон	115
чамгүй	ᠶᠡᠬᠡ	их	51
чамгүй	ᠥᠨᠳᠥᠷ	өндөр	22
чамгүйгээр	ᠪᠢ	би	15
чамд	ᠬᠠᠶᠢᠷᠠᠲᠠᠢ	хайртай	214
чамд	ᠯᠠ	л	45
чамд	ᠪᠢ	би	44
чамдаа	ᠪᠢ	би	242
чамдаа	ᠬᠠᠶᠢᠷᠠᠲᠠᠢ	хайртай	123
чамдаа	ᠥᠭᠭᠦᠭᠰᠡᠨ	өгсөн	34
чамин	ᠲᠠᠩᠰᠤᠭ	тансаг	28
чамин	ᠬᠢᠴᠡ ᠲᠡᠢ	хийцтэй	9
чамин	ᠭᠠᠩᠭᠠᠨ	ганган	6
чамруу	ᠯᠠ	л	15
чамруу	ᠪᠢ	би	8
чамтай	ᠬᠠᠮᠲᠤ	хамт	56
чамтай	ᠪᠢ	би	41
чамтай	ᠯᠠ	л	34
чамтайгаа	ᠪᠢ	би	34
чамтайгаа	ᠬᠠᠮᠲᠤ	хамт	20
чамтайгаа	ᠯᠠ	л	15
чанадад	ᠪᠠᠶᠢᠭ᠎ᠠ	байгаа	22
чанадад	ᠰᠠᠭᠤᠭ᠎ᠠ	суугаа	16
чанадад	ᠠᠵᠢᠯᠯᠠᠵᠤ	ажиллаж	15
чанар	ᠠᠶᠤᠯ ᠦᠭᠡᠢ	аюулгүй	276
чанар	ᠨᠢ	нь	240
чанар	ᠮᠠᠭᠤ ᠲᠠᠢ	муутай	92
чанараа	ᠠᠯᠳᠠᠵᠤ	алдаж	13
чанараа	ᠠᠯᠠᠳᠠᠳᠠᠭ	алддаг	9
чанараа	ᠠᠯᠠᠳᠠᠬᠤ ᠦᠭᠡᠢ	алдахгүй	7
чанараар	ᠨᠢ	нь	14
чанараар	ᠳᠡᠯᠡᠬᠡᠢ ᠳᠦ	дэлхийд	13
чанаргүй	ᠵᠡᠭᠡᠯᠢ	зээл	96
чанаргүй	ᠪᠠᠷᠢᠯᠭ᠎ᠠ	барилга	13
чанаргүй	ᠵᠠᠮ	зам	11
чанаржуулах	ᠵᠡᠷᠭᠡ	зэрэг	8
чанарт	ᠠᠬᠢᠴᠠ	ахиц	52
чанарт	ᠠᠩᠬᠠᠷᠴᠤ	анхаарч	22
чанарт	ᠥᠭᠡᠷᠡᠴᠢᠯᠡᠯᠲᠡ	өөрчлөлт	20
чанартай	ᠪᠦᠲᠦᠭᠡᠭᠳᠡᠬᠦᠨ	бүтээгдэхүүн	84
чанартай	ᠪᠣᠯᠪᠠᠰᠤᠷᠠᠯ	боловсрол	71
чанартай	ᠰᠠᠶᠢᠨ	сайн	62
чанарыг	ᠰᠠᠶᠢᠵᠢᠷᠠᠭᠤᠯᠬᠤ	сайжруулах	232
чанарыг	ᠨᠢ	нь	110
чанарыг	ᠳᠡᠭᠡᠭᠰᠢᠯᠡᠭᠦᠯᠬᠦ	дээшлүүлэх	59
чанарын	ᠱᠠᠭᠠᠷᠳᠠᠯᠭ᠎ᠠ	шаардлага	170
чанарын	ᠬᠤᠪᠢ ᠳᠤ	хувьд	152
чанарын	ᠰᠢᠨᠡᠴᠢᠯᠡᠯ	шинэчлэл	77
чанасан	ᠴᠠᠢ	цай	5
чанга	ᠳᠠᠭᠤ ᠪᠠᠷ	дуугаар	26
чанга	ᠬᠠᠲᠠᠭᠤ	хатуу	26
чанга	ᠪᠠᠶᠢᠭᠰᠠᠨ	байсан	18
чангаар	ᠬᠠᠰᠬᠢᠷᠴᠢ	хашгирч	5
чангалах	ᠬᠡᠷᠡᠭᠲᠡᠢ	хэрэгтэй	13
чангалах	ᠪᠣᠳᠣᠯᠭ᠎ᠠ	бодлого	9
чангалах	ᠶᠣᠰᠣᠲᠠᠢ	ёстой	8
чангарах	ᠲᠥᠯᠥᠪᠲᠡᠢ	төлөвтэй	12
чангарах	ᠲᠤᠰᠤᠮ	тусам	7
чангарах	ᠬᠠᠨᠳᠤᠯᠭ᠎ᠠ	хандлага	6
чангарч	ᠪᠠᠶᠢᠭ᠎ᠠ	байгаа	30
чангарч	ᠪᠠᠶᠢᠨ᠎ᠠ	байна	19
чангарч	ᠤᠪᠰ	увс	9
чангатгах	ᠬᠡᠷᠡᠭᠲᠡᠢ	хэрэгтэй	22
чангатгах	ᠨᠢ	нь	11
чангатгах	ᠶᠣᠰᠣᠲᠠᠢ	ёстой	5
чанд	ᠰᠠᠬᠢᠵᠤ	сахиж	21
чанд	ᠰᠠᠬᠢᠬᠤ	сахих	19
чанд	ᠬᠠᠲᠠᠭᠤ	хатуу	10
чандлан	ᠰᠠᠬᠢᠵᠤ	сахиж	14
чандлан	ᠪᠠᠷᠢᠮᠲᠠᠯᠠᠵᠤ	баримталж	8
чандлан	ᠨᠢᠭᠤᠴᠠᠯᠠᠵᠤ	нууцалж	8
чандмань	ᠰᠤᠮᠤ ᠶᠢᠨ	сумын	85
чандмань	ᠡᠷᠳᠡᠨᠢ	эрдэнэ	54
чандмань	ᠰᠤᠮᠤ	сум	16
чансаа	ᠥᠨᠳᠥᠷ	өндөр	75
чансаа	ᠲᠣᠭᠲᠠᠭᠠᠬᠤ	тогтоох	29
чансаа	ᠨᠢ	нь	15
чармайж	ᠪᠠᠶᠢᠨ᠎ᠠ	байна	38
чармайж	ᠪᠠᠶᠢᠭ᠎ᠠ	байгаа	33
чармайж	ᠪᠤᠢ	буй	12
чармайлт	ᠭᠠᠷᠭᠠᠵᠤ	гаргаж	60
чармайлт	ᠭᠠᠷᠭᠠᠨ	гарган	49
чармайлт	ᠭᠠᠷᠭᠠᠬᠤ	гаргах	18
чармайн	ᠠᠵᠢᠯᠯᠠᠵᠤ	ажиллаж	36
чармайн	ᠠᠵᠢᠯᠯᠠᠬᠤ	ажиллах	11
чармайн	ᠠᠵᠢᠯᠯᠠᠭᠰᠠᠨ	ажилласан	5
чацаргана	ᠵᠢᠮᠢᠰ	жимс	8
чацаргана	ᠨᠢ	нь	8
чи	ᠮᠢᠨᠢ	минь	1362
чи	ᠨᠠᠮᠠᠢ	намайг	255
чи	ᠮᠢᠨᠦ	миний	212
чив	ᠴᠢᠮᠡᠭᠡ ᠦᠭᠡᠢ	чимээгүй	49
чив	ᠰᠡᠭᠦᠯ	сүүл	8
чиг	ᠬᠠᠨᠳᠤᠯᠭ᠎ᠠ	хандлага	481
чиг	ᠡᠭᠦᠷᠭᠡ ᠶᠢ	үүргийг	480
чиг	ᠡᠭᠦᠷᠭᠡ	үүрэг	477
чиглэл	ᠪᠠᠲᠤᠯᠠᠬᠤ	батлах	353
чиглэл	ᠥᠭᠬᠦ	өгөх	225
чиглэл	ᠥᠭᠭᠦᠭᠰᠡᠨ	өгсөн	191
чиглэн	ᠠᠵᠢᠯᠯᠠᠵᠤ	ажиллаж	5
чиглэнэ	ᠪᠤᠢ	вэ	6
чиглэсэн	ᠠᠷᠭ᠎ᠠ	арга	80
чиглэсэн	ᠦᠢᠯᠡ	үйл	76
чиглэсэн	ᠣᠯᠠᠨ	олон	58
чиглэх	ᠶᠠᠭᠤᠮ᠎ᠠ	юм	28
чиглэх	ᠶᠣᠰᠣᠲᠠᠢ	ёстой	28
чиглэх	ᠨᠢ	нь	14
чиглүүлэх	ᠨᠢ	нь	19
чиглүүлэх	ᠶᠠᠭᠤᠮ᠎ᠠ	юм	11
чиглүүлэх	ᠶᠣᠰᠣᠲᠠᠢ	ёстой	11
чигт	ᠨᠢ	нь	129
чигтээ	ᠯᠠ	л	5
чигээр	ᠨᠢ	нь	225
чигээрээ	ᠯᠠ	л	19
чигээрээ	ᠶᠠᠪᠤᠪᠠᠯ	явбал	7
чигээрээ	ᠪᠠᠶᠢᠬᠤ	байх	6
чийг	ᠬᠤᠪᠢ	хувь	257
чийг	ᠥᠭᠴᠦ	өгч	6
чийг	ᠶᠡᠬᠡ ᠲᠡᠢ	ихтэй	5
чийгтэй	ᠴᠡᠪᠡᠷᠯᠡᠭᠡ	цэвэрлэгээ	40
чийгтэй	ᠤᠷᠴᠢᠨ ᠳᠤ	орчинд	11
чийгтэй	ᠨᠣᠶᠢᠲᠠᠨ	нойтон	10
чийдэн	ᠨᠢ	нь	6
чийрэг	ᠮᠣᠩᠭᠣᠯ	монгол	60
чийрэг	ᠪᠡᠶ᠎ᠡ	бие	13
чийрэг	ᠪᠠᠶᠢᠬᠤ	байх	8
чимгээ	ᠤᠪᠰ	увс	6
чимж	ᠪᠤᠢ	буй	15
чимж	ᠪᠠᠶᠢᠭ᠎ᠠ	байгаа	8
чимж	ᠪᠠᠶᠢᠨ᠎ᠠ	байна	7
чимсэн	ᠶᠠᠭᠤᠮ᠎ᠠ	юм	10
чимэг	ᠪᠣᠯᠤᠭᠰᠠᠨ	болсон	42
чимэг	ᠣᠨ ᠳᠤ	онд	21
чимэг	ᠬᠦᠷᠲᠡᠭᠰᠡᠨ	хүртсэн	19
чимэглэл	ᠨᠢ	нь	11
чимэглэл	ᠪᠦᠬᠦᠢ	бүхий	7
чимэглэл	ᠭᠡᠳ	гээд	6
чимэгтэй	ᠮᠡᠳᠡᠭᠡ	мэдээ	16
чимэгтэй	ᠰᠠᠶᠢᠬᠠᠨ	сайхан	8
чимэгтэй	ᠮᠡᠳᠡᠭᠡᠯᠡᠯ	мэдээлэл	6
чимэх	ᠶᠠᠭᠤᠮ᠎ᠠ	юм	5
чимээ	ᠱᠤᠤᠭᠢᠶᠠᠨ	шуугиан	17
чимээ	ᠶᠡᠬᠡ ᠲᠡᠢ	ихтэй	16
чимээ	ᠠᠨᠢᠷ ᠦᠭᠡᠢ	аниргүй	10
чимээг	ᠰᠤᠨᠤᠰᠬᠤ	сонсох	5
чимээгүй	ᠲᠠᠬᠤᠯ	тахал	28
чимээгүй	ᠪᠠᠶᠢᠭᠰᠠᠨ	байсан	23
чимээгүй	ᠪᠣᠯᠤᠭᠰᠠᠨ	болсон	20
чин	ᠰᠡᠳᠬᠢᠯ ᠡᠴᠡ ᠪᠡᠨ	сэтгэлээсээ	443
чин	ᠰᠡᠳᠬᠢᠯ ᠦᠨ	сэтгэлийн	238
чин	ᠬᠦᠰᠡᠯ	хүсэл	112
чингис	ᠬᠠᠭᠠᠨ	хаан	1018
чингис	ᠬᠠᠭᠠᠨ ᠤ	хааны	781
чингис	ᠵᠣᠴᠢᠳ	зочид	40
чингисийн	ᠲᠠᠯᠠᠪᠠᠢ ᠳᠤ	талбайд	365
чингисийн	ᠲᠠᠯᠠᠪᠠᠢ	талбай	88
чингисийн	ᠥᠷᠭᠡᠨ	өргөн	37
чингэлэг	ᠢᠯᠡ	ил	8
чингэлэг	ᠲᠡᠭᠡᠭᠡᠪᠦᠷᠢ	тээвэр	7
чингэлэг	ᠳᠦᠭᠦᠷᠡᠩ	дүүрэн	5
чингэс	ᠬᠠᠭᠠᠨ	хаан	42
чингэс	ᠬᠠᠭᠠᠨ ᠤ	хааны	32
чиний	ᠮᠢᠨᠢ	минь	172
чиний	ᠲᠥᠯᠥᠭᠡ	төлөө	118
чиний	ᠲᠤᠬᠠᠢ	тухай	56
чинийх	ᠭᠡᠵᠦ	гэж	14
чинийх	ᠯᠠ	л	10
чинийх	ᠰᠢᠦ	шүү	5
чинийхээ	ᠬᠠᠶᠢᠷᠠᠨ ᠳᠤ	хайранд	12
чинийхээ	ᠳᠡᠷᠭᠡᠳᠡ	дэргэд	11
чинийхээ	ᠲᠥᠯᠥᠭᠡ	төлөө	10
чинь	ᠪᠢ	би	354
чинь	ᠡᠨᠡ	энэ	116
чинь	ᠨᠢᠭᠡ	нэг	113
чинээ	ᠶᠡᠬᠡ	их	25
чинээ	ᠰᠠᠨᠠᠭ᠎ᠠ ᠦᠭᠡᠢ	санаагүй	12
чинээ	ᠰᠠᠶᠢᠨ	сайн	11
чинээлэг	ᠳᠤᠮᠳᠠᠴᠢ	дундаж	21
чинээлэг	ᠬᠦᠮᠦᠰ	хүмүүс	12
чинээлэг	ᠬᠦᠮᠦᠰ ᠦᠨ	хүмүүсийн	10
чирч	ᠶᠠᠪᠤᠬᠤ	явах	9
чирч	ᠢᠷᠡᠭᠰᠡᠨ	ирсэн	8
чирч	ᠶᠠᠪᠤᠳᠠᠭ	явдаг	7
чирэгдэл	ᠪᠠᠭᠠᠲᠠᠢ	багатай	18
чирэгдэл	ᠶᠡᠬᠡ ᠲᠡᠢ	ихтэй	12
чирэгдэл	ᠪᠣᠯᠵᠤ	болж	11
чирээд	ᠯᠠ	л	8
чих	ᠬᠠᠮᠠᠷ	хамар	148
чих	ᠲᠠᠪᠢᠨ	тавин	57
чих	ᠨᠢ	нь	52
чихийг	ᠨᠢ	нь	16
чихийг	ᠮᠢᠯᠢᠶᠠᠵᠤ	мялааж	6
чихийг	ᠮᠢᠨᠢ	минь	5
чихний	ᠬᠠᠵᠠᠭᠤ ᠪᠠᠷ	хажуугаар	11
чихний	ᠠᠷᠤ ᠶᠢᠨ	арын	10
чихний	ᠠᠷᠤ	ар	6
чихрийн	ᠰᠢᠵᠢᠩ	шижин	276
чихрийн	ᠴᠠᠭᠠᠰᠤ	цаас	12
чихрийн	ᠨᠢᠰᠢᠩᠭᠦ	нишингэ	11
чихэвч	ᠨᠢ	нь	53
чихэвч	ᠲᠤᠰ	тус	6
чихэвч	ᠶᠠᠭᠤᠮ᠎ᠠ	юм	5
чихэж	ᠪᠣᠯᠬᠤ ᠦᠭᠡᠢ	болохгүй	7
чихэнд	ᠴᠢᠮᠡᠭ ᠲᠡᠢ	чимэгтэй	52
чихэнд	ᠮᠢᠨᠢ	минь	23
чихэнд	ᠨᠢ	нь	21
чихэр	ᠵᠢᠮᠢᠰ	жимс	44
чихэр	ᠪᠣᠣᠪᠣ	боов	21
чихэр	ᠰᠢᠭ	шиг	14
чихэрлэг	ᠤᠮᠳᠠᠭ᠎ᠠ	ундаа	8
чихэрлэг	ᠵᠦᠢᠯ	зүйл	7
чихэрлэг	ᠬᠣᠭᠣᠯᠠ	хоол	7
чихээ	ᠨᠠᠭᠠᠵᠤ	нааж	5
чихээд	ᠪᠠᠶᠢᠭ᠎ᠠ	байгаа	7
чихээд	ᠪᠠᠶᠢᠨ᠎ᠠ	байна	7
чихээд	ᠯᠠ	л	6
чойжоо	ᠮᠠᠨᠢ	маань	10
чоно	ᠪᠣᠷᠣᠭᠠᠨ ᠢᠶᠠᠷ	борооноор	35
чоно	ᠪᠠ	ба	24
чоно	ᠰᠢᠭ	шиг	20
чонон	ᠰᠦᠯᠳᠡ	сүлд	159
чонын	ᠠᠷᠠᠰᠤ	арьс	11
чонын	ᠲᠣᠭ᠎ᠠ	тоо	11
чонын	ᠠᠯᠲᠠᠨ	алтан	7
чулуу	ᠨᠢ	нь	41
чулуу	ᠰᠢᠭ	шиг	33
чулуу	ᠡᠭᠦᠰᠬᠦ	үүсэх	17
чулууг	ᠬᠠᠤᠯᠢ	хууль	7
чулууг	ᠠᠪᠴᠤ	авч	6
чулууг	ᠨᠢ	нь	6
чулуун	ᠳᠡᠭᠡᠷ᠎ᠡ	дээр	26
чулуун	ᠣᠪᠣᠭ᠎ᠠ	овоо	12
чулуун	ᠨ	н	8
чулуунбаатар	ᠵ	ж	48
чулуунбаатар	ᠨᠠᠷᠠ	нар	18
чулуунбаатар	ᠨᠠᠷ ᠤᠨ	нарын	16
чулууны	ᠣᠷᠳᠣ	орд	9
чулууны	ᠪᠢᠴᠢᠭ	бичиг	7
чулууны	ᠨᠥᠭᠡᠴᠡ	нөөц	6
чулуут	ᠰᠤᠮᠤ ᠶᠢᠨ	сумын	22
чулуут	ᠰᠤᠮᠤ	сум	8
чуулах	ᠨᠢ	нь	13
чуулах	ᠶᠠᠭᠤᠮ᠎ᠠ	юм	9
чуулах	ᠭᠡᠵᠦ	гэж	6
чуулга	ᠠᠭᠤᠯᠵᠠᠯᠲᠠ	уулзалт	615
чуулга	ᠪᠦᠬᠦ	бүх	8
чуулга	ᠪᠦᠷᠢᠨ	бүрэн	7
чуулган	ᠳᠡᠭᠡᠷ᠎ᠡ	дээр	149
чуулган	ᠥᠨᠥᠳᠥᠷ	өнөөдөр	88
чуулган	ᠡᠨᠡ	энэ	49
чуулж	ᠪᠠᠶᠢᠨ᠎ᠠ	байна	25
чуулж	ᠪᠤᠢ	буй	13
чуулж	ᠪᠠᠶᠢᠭ᠎ᠠ	байгаа	7
чуулсан	ᠬᠤᠷᠳᠤᠨ	хурдан	6
чухал	ᠠᠴᠢ	ач	924
чухал	ᠡᠭᠦᠷᠭᠡ	үүрэг	493
чухал	ᠶᠠᠭᠤᠮ᠎ᠠ	юм	492
чухалчлах	ᠪᠣᠯᠤᠭᠰᠠᠨ	болсон	10
чухалчлах	ᠨᠢ	нь	6
чухалчлах	ᠶᠣᠰᠣᠲᠠᠢ	ёстой	5
чухам	ᠶᠠᠮᠠᠷ	ямар	393
чухам	ᠶᠠᠭᠤ	юу	213
чухам	ᠡᠨᠡ	энэ	124
чүү	ᠠᠢ	ай	5
чөдөр	ᠲᠤᠱᠠ	тушаа	69
чөдөр	ᠪᠣᠯᠵᠤ	болж	13
чөлөө	ᠲᠤᠰᠠᠭᠠᠷ	тусгаар	193
чөлөө	ᠨᠢ	нь	45
чөлөө	ᠠᠪᠤᠭᠰᠠᠨ	авсан	39
чөлөөг	ᠨᠢ	нь	52
чөлөөг	ᠬᠠᠩᠭᠠᠬᠤ	хангах	26
чөлөөг	ᠬᠠᠮᠠᠭᠠᠯᠠᠬᠤ	хамгаалах	21
чөлөөгөө	ᠣᠯᠵᠤ	олж	16
чөлөөгөө	ᠡᠳ᠋ᠯᠡᠵᠦ	эдэлж	8
чөлөөгөө	ᠬᠠᠰᠤᠭᠤᠯᠤᠭᠰᠠᠨ	хасуулсан	7
чөлөөлж	ᠣᠷᠣᠨ ᠳᠤ	оронд	29
чөлөөлж	ᠪᠠᠶᠢᠭ᠎ᠠ	байгаа	21
чөлөөлж	ᠲᠡᠭᠦᠨ ᠦ	түүний	20
чөлөөлнө	ᠭᠡᠵᠦ	гэж	13
чөлөөлнө	ᠭᠡᠰᠡᠨ	гэсэн	11
чөлөөлнө	ᠭᠡᠳ	гээд	5
чөлөөлөгдсөн	ᠶᠠᠭᠤᠮ᠎ᠠ	юм	17
чөлөөлөгдсөн	ᠨᠢ	нь	14
чөлөөлөгдсөн	ᠪᠠᠶᠢᠨ᠎ᠠ	байна	12
чөлөөлөгдөж	ᠪᠠᠶᠢᠭ᠎ᠠ	байгаа	20
чөлөөлөгдөж	ᠪᠠᠶᠢᠭᠰᠠᠨ	байсан	7
чөлөөлөгдөх	ᠬᠦᠰᠡᠯᠲᠡ	хүсэлт	60
чөлөөлөгдөх	ᠪᠣᠯᠤᠮᠵᠢ ᠲᠠᠢ	боломжтой	20
чөлөөлөгдөх	ᠶᠠᠭᠤᠮ᠎ᠠ	юм	15
чөлөөлөх	ᠲᠤᠬᠠᠢ	тухай	609
чөлөөлөх	ᠠᠰᠠᠭᠤᠳᠠᠯ ᠢ	асуудлыг	65
чөлөөлөх	ᠰᠢᠢᠳᠪᠦᠷᠢ	шийдвэр	55
чөлөөнд	ᠨᠢ	нь	18
чөлөөнд	ᠬᠦᠷᠬᠦ	хүрэх	11
чөлөөнд	ᠬᠠᠯᠠᠳᠠᠵᠤ	халдаж	10
чөлөөний	ᠲᠤᠬᠠᠢ	тухай	144
чөлөөний	ᠪᠠᠶᠢᠳᠠᠯ ᠤᠨ	байдлын	45
чөлөөний	ᠲᠥᠯᠥᠭᠡ	төлөө	31
чөлөөт	ᠪᠥᠬᠡ ᠶᠢᠨ	бөхийн	2464
чөлөөт	ᠪᠥᠬᠡ	бөх	604
чөлөөт	ᠪᠥᠰᠡ	бүс	408
чөлөөтэй	ᠢᠯᠡᠷᠬᠡᠶᠢᠯᠡᠬᠦ	илэрхийлэх	82
чөлөөтэй	ᠪᠠᠶᠢᠬᠤ	байх	38
чөлөөтэй	ᠰᠤᠩᠭᠤᠬᠤ	сонгох	35
чөмөг	ᠰᠢᠯᠵᠢᠭᠦᠯᠦᠨ	шилжүүлэн	31
чөтгөр	ᠪᠤᠤ	бүү	19
чөтгөр	ᠯᠠ	л	5
чөтгөр	ᠴᠤ	ч	5
чөтгөрийн	ᠲᠣᠭᠣᠷᠢᠭ	тойрог	17
чөтгөрийн	ᠲᠣᠭᠣᠷᠢᠭ ᠲᠤ	тойрогт	6
чөтгөрийн	ᠲᠤᠬᠠᠢ	тухай	6
ш	ᠳ᠋ᠡ	дээ	495
ш	ᠱ	ш	38
ш	ᠦ᠋	үү	28
шаа	ᠴᠠᠭᠳᠠᠭ᠎ᠠ	цагдаа	13
шаазан	ᠡᠳ᠋ᠯᠡᠯ	эдлэл	12
шаазан	ᠲᠠᠪᠠᠭ	таваг	6
шаазгай	ᠬᠠᠮᠢᠭ᠎ᠠ ᠠᠴᠠ	хаанаас	9
шаазгай	ᠶᠠᠭᠤᠨ ᠳᠤ	юунд	7
шаазгай	ᠪᠤᠭᠤ	буга	6
шаар	ᠰᠢᠭ	шиг	14
шаар	ᠳᠠᠬᠤ	дах	6
шаардагдах	ᠬᠥᠷᠦᠩᠭᠡ ᠶᠢ	хөрөнгийг	60
шаардагдах	ᠰᠠᠶ᠋ᠢ	сая	41
шаардагдах	ᠨᠢ	нь	32
шаардаж	ᠪᠠᠶᠢᠨ᠎ᠠ	байна	333
шаардаж	ᠪᠠᠶᠢᠭ᠎ᠠ	байгаа	271
шаардаж	ᠪᠠᠶᠢᠭᠰᠠᠨ	байсан	72
шаардана	ᠭᠡᠵᠦ	гэж	8
шаардана	ᠭᠡᠰᠡᠨ	гэсэн	7
шаардана	ᠭᠡᠳᠡᠭ ᠢ	гэдгийг	6
шаардах	ᠨᠢ	нь	55
шаардах	ᠪᠢᠴᠢᠭ	бичиг	46
шаардах	ᠪᠣᠯᠤᠭᠰᠠᠨ	болсон	25
шаардлага	ᠬᠠᠩᠭᠠᠭᠰᠠᠨ	хангасан	531
шаардлага	ᠲᠠᠯᠪᠢᠵᠤ	тавьж	368
шаардлага	ᠪᠤᠢ	бий	352
шаардлагагүй	ᠭᠡᠵᠦ	гэж	300
шаардлагагүй	ᠭᠡᠰᠡᠨ	гэсэн	90
шаардлагагүй	ᠪᠣᠯᠵᠤ	болж	68
шаардлагатай	ᠪᠠᠶᠢᠭ᠎ᠠ	байгаа	916
шаардлагатай	ᠭᠡᠵᠦ	гэж	797
шаардлагатай	ᠪᠠᠶᠢᠨ᠎ᠠ	байна	782
шаардсан	ᠠᠵᠢᠯ	ажил	48
шаардсан	ᠪᠠᠶᠢᠨ᠎ᠠ	байна	41
шаардсан	ᠶᠠᠭᠤᠮ᠎ᠠ	юм	31
шав	ᠲᠠᠯᠪᠢᠬᠤ	тавих	80
шав	ᠲᠠᠯᠪᠢᠭᠰᠠᠨ	тавьсан	14
шав	ᠲᠠᠯᠪᠢᠵᠤ	тавьж	12
шавар	ᠨᠢ	нь	11
шавар	ᠱᠠᠯᠪᠠᠭ	шалбааг	8
шавар	ᠰᠢᠪᠬᠠᠢ	шавхай	7
шавь	ᠨᠠᠷᠠ	нар	238
шавь	ᠨᠠᠷᠠ ᠪᠠᠨ	нараа	65
шавь	ᠨᠠᠷ ᠤᠨ	нарын	60
шавьж	ᠤᠰᠠᠳᠭᠠᠬᠤ	устгах	21
шавьж	ᠮᠡᠷᠡᠭᠴᠢ	мэрэгч	7
шавьж	ᠪᠣᠯᠤᠨ	болон	5
шагай	ᠰᠢᠭ	шиг	11
шагай	ᠬᠠᠷᠪᠤᠵᠤ	харваж	6
шагай	ᠨᠢᠰᠠᠯᠬᠤ	няслах	5
шагнал	ᠭᠠᠷᠳᠠᠭᠤᠯᠬᠤ	гардуулах	622
шагнал	ᠬᠦᠷᠲᠡᠭᠰᠡᠨ	хүртсэн	244
шагнал	ᠬᠦᠷᠲᠡᠵᠦ	хүртэж	157
шагналт	ᠢᠷᠠᠭᠤ	яруу	227
шагналт	ᠠᠷᠠᠳ ᠤᠨ	ардын	138
шагналт	ᠵᠣᠬᠢᠶᠠᠯᠴᠢ	зохиолч	116
шагнах	ᠶᠠᠭᠤᠮ᠎ᠠ	юм	55
шагнах	ᠠᠵᠤ	аж	15
шагнах	ᠠᠵᠡᠢ	ажээ	10
шагнуулж	ᠪᠠᠶᠢᠭᠰᠠᠨ	байсан	13
шагнуулж	ᠪᠠᠶᠢᠴᠠᠢ	байжээ	7
шагнуулж	ᠲᠡᠭᠦᠨ ᠦ	түүний	5
шадар	ᠰᠠᠶᠢᠳ	сайд	1027
шадар	ᠰᠠᠶᠢᠳ ᠤᠨ	сайдын	171
шадар	ᠲᠤᠰᠯᠠᠬᠤ	туслах	47
шал	ᠥᠭᠡᠷ᠎ᠡ	өөр	172
шал	ᠭᠠᠯᠲᠤ	галт	40
шал	ᠭᠠ	га	38
шалан	ᠳᠡᠭᠡᠷ᠎ᠡ	дээр	84
шалга	ᠷᠤ	руу	12
шалга	ᠭᠡᠰᠡᠨ	гэсэн	6
шалга	ᠭᠡᠵᠦ	гэж	5
шалгаад	ᠪᠠᠶᠢᠭ᠎ᠠ	байгаа	19
шалгаад	ᠯᠠ	л	10
шалгаад	ᠦᠵᠡᠬᠦ ᠳᠦ	үзэхэд	10
шалгагч	ᠨᠠᠷᠠ	нар	7
шалгадаг	ᠪᠠᠶᠢᠭᠰᠠᠨ	байсан	23
шалгадаг	ᠶᠠᠭᠤᠮ᠎ᠠ	юм	19
шалгадаг	ᠪᠠᠶᠢᠭᠤᠯᠤᠯᠭ᠎ᠠ	байгууллага	10
шалгаж	ᠪᠠᠶᠢᠭ᠎ᠠ	байгаа	1282
шалгаж	ᠡᠬᠢᠯᠡᠭᠰᠡᠨ	эхэлсэн	570
шалгаж	ᠪᠠᠶᠢᠨ᠎ᠠ	байна	545
шалгалт	ᠬᠢᠵᠦ	хийж	335
шалгалт	ᠬᠢᠭᠰᠡᠨ	хийсэн	195
шалгалт	ᠬᠢᠬᠦ	хийх	179
шалгалтаа	ᠥᠭᠴᠦ	өгч	30
шалгалтаа	ᠥᠭᠭᠦᠭᠰᠡᠨ	өгсөн	13
шалгалтаа	ᠥᠭᠬᠦ	өгөх	10
шалган	ᠨᠡᠪᠲᠡᠷᠡᠭᠦᠯᠬᠦ	нэвтрүүлэх	145
шалган	ᠰᠢᠢᠳᠪᠦᠷᠢᠯᠡᠬᠦ	шийдвэрлэх	50
шалган	ᠪᠦᠷᠢᠳᠬᠡᠬᠦ	бүртгэх	44
шалгана	ᠭᠡᠵᠦ	гэж	18
шалгана	ᠭᠡᠰᠡᠨ	гэсэн	9
шалгана	ᠭᠡᠳᠡᠭ	гэдэг	8
шалгарах	ᠡᠷᠬᠡ ᠶᠢᠨ	эрхийн	64
шалгарах	ᠨᠢ	нь	31
шалгарах	ᠪᠣᠯᠤᠮᠵᠢ ᠲᠠᠢ	боломжтой	24
шалгарна	ᠭᠡᠵᠦ	гэж	17
шалгарна	ᠭᠡᠳᠡᠭ	гэдэг	8
шалгарсан	ᠪᠠᠶᠢᠨ᠎ᠠ	байна	409
шалгарсан	ᠶᠠᠭᠤᠮ᠎ᠠ	юм	287
шалгарсан	ᠪᠣᠯ	бол	146
шалгаруулах	ᠲᠡᠮᠡᠴᠡᠭᠡᠨ	тэмцээн	1787
шалгаруулах	ᠲᠡᠮᠡᠴᠡᠭᠡᠨ ᠳᠦ	тэмцээнд	1389
шалгаруулах	ᠳᠠᠬᠢ	дахь	111
шалгаруулсан	ᠪᠠᠶᠢᠨ᠎ᠠ	байна	61
шалгаруулсан	ᠶᠠᠭᠤᠮ᠎ᠠ	юм	45
шалгаруулсан	ᠪᠥᠭᠡᠳ	бөгөөд	21
шалгасан	ᠶᠠᠭᠤᠮ᠎ᠠ	юм	90
шалгасан	ᠪᠠᠶᠢᠨ᠎ᠠ	байна	52
шалгасан	ᠪᠥᠭᠡᠳ	бөгөөд	38
шалгах	ᠠᠵᠢᠯᠯᠠᠭ᠎ᠠ	ажиллагаа	82
шалгах	ᠶᠣᠰᠣᠲᠠᠢ	ёстой	79
шалгах	ᠠᠵᠢᠯ ᠤᠨ	ажлын	71
шалгуулах	ᠬᠦᠰᠡᠯᠲᠡ	хүсэлт	45
шалгуулах	ᠬᠡᠷᠡᠭᠲᠡᠢ	хэрэгтэй	20
шалгуулах	ᠶᠣᠰᠣᠲᠠᠢ	ёстой	20
шалгуур	ᠦᠵᠡᠭᠦᠯᠦᠯᠲᠡ	үзүүлэлт	136
шалгуур	ᠨᠢ	нь	101
шалгуур	ᠲᠠᠯᠪᠢᠵᠤ	тавьж	46
шалгуурт	ᠲᠡᠩᠴᠡᠭᠰᠡᠨ	тэнцсэн	15
шалгуурт	ᠨᠢ	нь	9
шалгуурт	ᠲᠡᠩᠴᠡᠵᠦ	тэнцэж	8
шалдаа	ᠪᠠᠭᠤᠵᠤ	бууж	13
шалдаа	ᠪᠠᠭᠤᠭᠰᠠᠨ	буусан	11
шалдаа	ᠤᠨᠠᠭᠰᠠᠨ	унасан	5
шалтаг	ᠰᠢᠯᠲᠠᠭᠠᠨ	шалтгаан	42
шалтаг	ᠪᠣᠯᠵᠤ	болж	14
шалтаг	ᠮᠤᠩᠳᠠᠬᠤ ᠦᠭᠡᠢ	мундахгүй	14
шалтгаалан	ᠮᠠᠨ ᠤ	манай	14
шалтгаалан	ᠡᠨᠡ	энэ	12
шалтгаалан	ᠮᠢᠩᠭᠠᠨ	мянган	10
шалтгаалах	ᠵᠦᠢᠯ	зүйл	26
шалтгаалах	ᠶᠠᠭᠤᠮ᠎ᠠ	юм	23
шалтгаалах	ᠨᠢ	нь	21
шалтгаалж	ᠪᠠᠶᠢᠨ᠎ᠠ	байна	59
шалтгаалж	ᠪᠠᠶᠢᠭ᠎ᠠ	байгаа	35
шалтгаалж	ᠡᠨᠡ	энэ	10
шалтгаалсан	ᠭᠡᠵᠦ	гэж	11
шалтгаалсан	ᠪᠠᠶᠢᠳᠠᠭ	байдаг	10
шалтгаалсан	ᠨᠠᠰᠤ	нас	10
шалтгаан	ᠨᠢ	нь	1832
шалтгаан	ᠪᠣᠯᠵᠤ	болж	265
шалтгаан	ᠪᠣᠯᠤᠭᠰᠠᠨ	болсон	200
шалтгаангүйгээр	ᠠᠵᠢᠯ ᠠᠴᠠ	ажлаас	8
шалтгаангүйгээр	ᠢᠷᠡᠭᠡ ᠦᠭᠡᠢ	ирээгүй	6
шалтгаангүйгээр	ᠦᠵᠡᠯᠭᠡ	үзлэг	5
шамдан	ᠠᠵᠢᠯᠯᠠᠵᠤ	ажиллаж	7
шамдан	ᠰᠤᠷᠤᠯᠴᠠᠵᠤ	суралцаж	6
шан	ᠬᠠᠷᠠᠮᠵᠢ	харамж	41
шаналал	ᠮᠢᠨᠢ	минь	6
шаналан	ᠬᠡᠪᠲᠡᠵᠦ	хэвтэж	10
шаналж	ᠪᠤᠢ	буй	44
шаналж	ᠪᠠᠶᠢᠭ᠎ᠠ	байгаа	36
шаналж	ᠪᠠᠶᠢᠨ᠎ᠠ	байна	11
шанд	ᠨᠢ	нь	17
шанд	ᠨᠠᠭᠤᠷ	нуур	5
шандас	ᠰᠣᠷᠢᠵᠤ	сорьж	7
шандас	ᠰᠣᠷᠢᠭᠰᠠᠨ	сорьсон	5
шандаст	ᠬᠦᠯᠢᠭ	хүлэг	28
шандаст	ᠬᠤᠷᠳᠤᠨ	хурдан	25
шантарч	ᠪᠠᠶᠢᠭᠰᠠᠨ	байсан	6
шантарч	ᠪᠣᠯᠬᠤ ᠦᠭᠡᠢ	болохгүй	5
шантрах	ᠦᠶ᠎ᠡ	үе	32
шантрах	ᠨᠢ	нь	6
шантрах	ᠵᠦᠢᠯ	зүйл	5
шанхай	ᠬᠣᠲᠠ ᠶᠢᠨ	хотын	50
шанхай	ᠬᠣᠲᠠᠳ	хотод	38
шанхай	ᠬᠣᠲᠠ	хот	14
шар	ᠠᠶᠢᠷᠠᠭ	айраг	207
шар	ᠬᠠᠭᠤᠳᠠᠰᠤ	хуудас	124
шар	ᠥᠩᠭᠡ ᠶᠢᠨ	өнгийн	49
шарах	ᠱᠦᠭᠦᠢ	шүүгээ	17
шарга	ᠰᠤᠮᠤ ᠶᠢᠨ	сумын	68
шарга	ᠳᠠᠭ᠎ᠠ	даага	66
шарга	ᠠᠵᠢᠷᠭ᠎ᠠ	азарга	26
шаргал	ᠨᠠᠷᠠᠨ	наран	13
шаргал	ᠦᠰᠦᠲᠦ	үст	13
шаргал	ᠥᠩᠭᠡ ᠲᠡᠢ	өнгөтэй	11
шаргуу	ᠠᠵᠢᠯᠯᠠᠵᠤ	ажиллаж	40
шаргуу	ᠬᠥᠳᠡᠯᠮᠦᠷᠢᠯᠡᠵᠦ	хөдөлмөрлөж	17
шаргуу	ᠠᠵᠢᠯᠯᠠᠬᠤ	ажиллах	10
шарилж	ᠯᠤᠤᠯᠢ	лууль	14
шарсан	ᠲᠥᠮᠥᠰᠥ	төмс	13
шарсан	ᠬᠠᠭᠤᠷᠤᠭᠰᠠᠨ	хуурсан	11
шарсан	ᠮᠢᠬ᠎ᠠ	мах	10
шарх	ᠰᠣᠷᠪᠢ	сорви	39
шарх	ᠨᠢ	нь	29
шарх	ᠠᠪᠤᠭᠰᠠᠨ	авсан	11
шархтай	ᠪᠠᠶᠢᠭᠰᠠᠨ	байсан	10
шархтай	ᠨᠢ	нь	5
шархыг	ᠨᠢ	нь	10
шарын	ᠭᠣᠣᠯ	гол	178
шарын	ᠭᠣᠣᠯ ᠤᠨ	голын	23
шарын	ᠡᠵᠡᠨ	эзэн	12
шат	ᠱᠠᠲᠤᠨ ᠤ	шатны	150
шат	ᠨᠢ	нь	112
шат	ᠳᠠᠮᠵᠢᠯᠭ᠎ᠠ	дамжлага	95
шатааж	ᠠᠮᠢ	амь	12
шатааж	ᠪᠠᠶᠢᠨ᠎ᠠ	байна	11
шатааж	ᠪᠠᠶᠢᠭ᠎ᠠ	байгаа	9
шатаар	ᠶᠠᠪᠤᠵᠤ	явж	8
шатаар	ᠠᠬᠢᠵᠤ	ахиж	5
шатаар	ᠨᠢ	нь	5
шатаасан	ᠬᠡᠷᠡᠭ	хэрэг	9
шатаах	ᠲᠧᠭᠨᠣᠯᠣᠭᠢ	технологи	12
шатаах	ᠵᠤᠤᠬ᠎ᠠ	зуух	10
шатаах	ᠭᠡᠵᠦ	гэж	8
шатаж	ᠪᠠᠶᠢᠨ᠎ᠠ	байна	44
шатаж	ᠪᠠᠶᠢᠭᠰᠠᠨ ᠢ	байсныг	31
шатаж	ᠪᠠᠶᠢᠭ᠎ᠠ	байгаа	18
шатар	ᠲᠣᠭᠯᠠᠵᠤ	тоглож	38
шатар	ᠰᠢᠷᠡᠭᠡᠨ ᠦ	ширээний	32
шатар	ᠳᠠᠭᠠᠮ	даам	24
шатах	ᠲᠤᠰᠤᠯᠠᠬᠤ	тослох	29
шатах	ᠬᠡᠢ	хий	16
шатах	ᠬᠡᠢ ᠶᠢᠨ	хийн	16
шатахуун	ᠲᠦᠭᠡᠭᠡᠬᠦ	түгээх	136
шатахуун	ᠢᠮᠫᠣᠷᠲᠯᠠᠭᠴᠢ	импортлогч	116
шатахуун	ᠨᠡᠶᠢᠯᠡᠭᠦᠯᠬᠦ	нийлүүлэх	30
шатлал	ᠷᠤ	руу	8
шатлал	ᠪᠦᠬᠦᠢ	бүхий	6
шатлал	ᠬᠣᠭᠣᠷᠣᠨᠳᠣ ᠶᠢᠨ	хоорондын	5
шатны	ᠰᠢᠭᠦᠬᠦ	шүүх	919
шатны	ᠰᠢᠭᠦᠬᠦ ᠳᠦ	шүүхэд	702
шатны	ᠳ᠋ᠤᠭᠠᠷ	дугаар	228
шатсан	ᠪᠠᠶᠢᠨ᠎ᠠ	байна	23
шатсан	ᠪᠥᠭᠡᠳ	бөгөөд	10
шатсан	ᠶᠠᠭᠤᠮ᠎ᠠ	юм	6
шатыг	ᠠᠮᠵᠢᠯᠲᠠᠲᠠᠢ	амжилттай	11
шатыг	ᠳᠠᠪᠠᠵᠤ	давж	9
шатыг	ᠬᠡᠷᠡᠭᠵᠢᠭᠦᠯᠬᠦ	хэрэгжүүлэх	8
шахаад	ᠪᠠᠶᠢᠭ᠎ᠠ	байгаа	13
шахаад	ᠯᠠ	л	9
шахаад	ᠪᠠᠶᠢᠭᠰᠠᠨ	байсан	7
шахаж	ᠪᠠᠶᠢᠭ᠎ᠠ	байгаа	60
шахаж	ᠪᠠᠶᠢᠨ᠎ᠠ	байна	41
шахаж	ᠱᠠᠭᠠᠷᠳᠠᠵᠤ	шаардаж	31
шахалт	ᠦᠵᠡᠭᠦᠯᠵᠦ	үзүүлж	47
шахалт	ᠦᠵᠡᠭᠦᠯᠬᠦ	үзүүлэх	27
шахалт	ᠱᠠᠭᠠᠷᠳᠠᠯᠭ᠎ᠠ	шаардлага	23
шахам	ᠵᠢᠯ	жил	47
шахам	ᠬᠤᠪᠢ	хувь	33
шахам	ᠵᠢᠯ ᠦᠨ	жилийн	22
шахан	ᠭᠠᠷᠭᠠᠬᠤ	гаргах	13
шахан	ᠵᠠᠶᠢᠯᠠᠭᠤᠯᠬᠤ	зайлуулах	6
шахан	ᠵᠠᠶᠢᠯᠠᠭᠤᠯᠵᠤ	зайлуулж	6
шахах	ᠨᠢ	нь	15
шахах	ᠵᠡᠷᠭᠡ	зэрэг	8
шахах	ᠭᠡᠵᠦ	гэж	7
шахмал	ᠲᠦᠯᠡᠰᠢ	түлш	60
шахмал	ᠡᠮ	эм	16
шахмал	ᠦᠷᠢᠯ	үрэл	10
шахсан	ᠭᠡᠬᠦ	гэх	7
шахсан	ᠰᠢᠦ	шүү	7
шахсан	ᠶᠠᠭᠤᠮ᠎ᠠ	юм	7
шахуу	ᠶᠠᠭᠤᠮ᠎ᠠ	юм	24
шахуу	ᠪᠠᠶᠢᠭᠰᠠᠨ	байсан	13
шахуу	ᠴᠤ	ч	9
шашин	ᠰᠢᠲᠦᠯᠭᠡ	шүтлэг	67
шашин	ᠰᠢᠲᠦᠬᠦ	шүтэх	22
шашин	ᠰᠣᠶᠣᠯ ᠤᠨ	соёлын	12
шив	ᠳ᠋ᠡ	дээ	48
шив	ᠰᠢᠨᠡᠬᠡᠨ	шинэхэн	12
шивнэн	ᠬᠡᠯᠡᠭᠰᠡᠨ	хэлсэн	5
шивээ	ᠣᠪᠣᠭ᠎ᠠ	овоо	180
шивээ	ᠬᠦᠷᠢᠨ	хүрэн	25
шивээ	ᠬᠦᠷᠡᠩ ᠦᠨ	хүрэнгийн	9
шивээс	ᠬᠢᠯᠭᠡᠭᠰᠡᠨ	хийлгэсэн	10
шивээс	ᠬᠢᠳᠡᠭ	хийдэг	6
шивээс	ᠬᠢᠯᠭᠡᠵᠦ	хийлгэж	5
шивээхүрэн	ᠳ᠋ᠡᠬᠢ	дэх	6
шивээхүрэн	ᠰᠡᠬᠡ	сэхэ	5
шиг	ᠪᠠᠶᠢᠨ᠎ᠠ	байна	1261
шиг	ᠯᠠ	л	613
шиг	ᠰᠠᠨᠠᠭᠳᠠᠳᠠᠭ	санагддаг	412
шигтгээ	ᠪᠣᠯᠤᠭᠰᠠᠨ	болсон	7
шигтгээ	ᠨᠢ	нь	7
шигтгээ	ᠪᠣᠯᠤᠨ	болон	5
шигээ	ᠯᠠ	л	32
шигээ	ᠰᠠᠨᠠᠵᠤ	санаж	14
шигээ	ᠰᠠᠭᠤᠵᠤ	сууж	13
шид	ᠨᠢ	нь	10
шидийг	ᠨᠢ	нь	5
шидийн	ᠮᠡᠲᠦ	мэт	9
шидийн	ᠭᠡᠮᠡᠷ	гэмээр	8
шидийн	ᠶᠠᠭᠤᠮ᠎ᠠ	юм	8
шидсэн	ᠴᠢᠯᠠᠭᠤ	чулуу	11
шидсэн	ᠨᠢ	нь	5
шидтэй	ᠡᠳ᠋	эд	5
шидэж	ᠪᠠᠶᠢᠭ᠎ᠠ	байгаа	7
шидэж	ᠪᠠᠶᠢᠭᠰᠠᠨ	байсан	6
шидэт	ᠳ᠋ᠧᠨᠯᠦ	дэнлүү	21
шидэт	ᠦᠯᠢᠭᠡᠷ ᠦᠨ	үлгэрийн	6
шидэт	ᠳᠣᠬᠢᠭᠤᠷ	дохиур	5
шидэх	ᠨᠢ	нь	5
шижин	ᠡᠪᠡᠳᠴᠢᠨ	өвчин	43
шижин	ᠡᠪᠡᠳᠴᠢᠲᠡᠢ	өвчтэй	29
шижин	ᠳᠠᠷᠤᠯᠲᠠ	даралт	8
шижир	ᠠᠯᠲᠠ	алт	18
шижир	ᠡᠷᠳᠡᠨᠢ	эрдэнэ	9
ший	ᠳ᠋ᠡᠬᠢ	дэх	22
ший	ᠳᠡᠯ	дэл	6
ший	ᠳᠡᠭᠳᠡᠵᠦ	дэгдэж	5
шийд	ᠪᠤᠢ	вэ	17
шийд	ᠭᠠᠷᠤᠭᠰᠠᠨ	гарсан	16
шийд	ᠰᠡᠨ	сэн	16
шийдвэр	ᠭᠠᠷᠭᠠᠭᠰᠠᠨ	гаргасан	1299
шийдвэр	ᠭᠠᠷᠭᠠᠬᠤ	гаргах	987
шийдвэр	ᠭᠦᠢᠴᠡᠳᠭᠡᠬᠦ	гүйцэтгэх	714
шийдвэрлэж	ᠪᠠᠶᠢᠭ᠎ᠠ	байгаа	75
шийдвэрлэж	ᠥᠭᠬᠦ ᠶᠢ	өгөхийг	52
шийдвэрлэж	ᠴᠢᠳᠠᠬᠤ ᠦᠭᠡᠢ	чадахгүй	46
шийдвэрлэн	ᠠᠵᠢᠯᠯᠠᠵᠤ	ажиллаж	5
шийдвэрлэнэ	ᠭᠡᠵᠦ	гэж	37
шийдвэрлэнэ	ᠭᠡᠰᠡᠨ	гэсэн	35
шийдвэрлэнэ	ᠭᠡᠳᠡᠭ ᠢᠶᠡᠨ	гэдгээ	14
шийдвэрлэсэн	ᠪᠠᠶᠢᠨ᠎ᠠ	байна	401
шийдвэрлэсэн	ᠶᠠᠭᠤᠮ᠎ᠠ	юм	163
шийдвэрлэсэн	ᠲᠤᠬᠠᠢ	тухай	95
шийдвэрлэх	ᠲᠤᠬᠠᠢ	тухай	284
шийдвэрлэх	ᠠᠷᠭ᠎ᠠ	арга	178
шийдвэрлэх	ᠶᠠᠭᠤᠮ᠎ᠠ	юм	178
шийдвэрлээд	ᠪᠠᠶᠢᠭ᠎ᠠ	байгаа	28
шийдвэрлээд	ᠪᠠᠶᠢᠨ᠎ᠠ	байна	27
шийдвэрлээд	ᠵᠣᠭᠰᠣᠬᠤ ᠦᠭᠡᠢ	зогсохгүй	10
шийдвэрлүүлэх	ᠪᠣᠯᠤᠮᠵᠢ ᠲᠠᠢ	боломжтой	8
шийдвэрлүүлэх	ᠨᠢ	нь	8
шийдвэрлүүлэх	ᠲᠠᠯ᠎ᠠ ᠪᠠᠷ	талаар	8
шийдвэртэй	ᠠᠷᠭ᠎ᠠ	арга	31
шийдвэртэй	ᠠᠯᠬᠤᠮ	алхам	23
шийдвэртэй	ᠰᠠᠨᠠᠯ	санал	21
шийддэг	ᠪᠠᠶᠢᠭᠰᠠᠨ	байсан	45
шийддэг	ᠪᠠᠶᠢᠬᠤ	байх	36
шийддэг	ᠶᠠᠭᠤᠮ᠎ᠠ	юм	32
шийдлээ	ᠬᠦᠯᠢᠶᠡᠵᠦ	хүлээж	23
шийдлээ	ᠬᠦᠯᠢᠶᠡᠭᠰᠡᠨ	хүлээсэн	16
шийдлээ	ᠣᠯᠵᠤ	олж	11
шийднэ	ᠭᠡᠵᠦ	гэж	75
шийднэ	ᠭᠡᠰᠡᠨ	гэсэн	48
шийднэ	ᠭᠡᠳᠡᠭ	гэдэг	22
шийдсэн	ᠶᠠᠭᠤᠮ᠎ᠠ	юм	143
шийдсэн	ᠪᠠᠶᠢᠨ᠎ᠠ	байна	117
шийдсэн	ᠪᠣᠯ	бол	82
шийдэж	ᠴᠢᠳᠠᠬᠤ ᠦᠭᠡᠢ	чадахгүй	176
шийдэж	ᠪᠠᠶᠢᠭ᠎ᠠ	байгаа	118
шийдэж	ᠪᠠᠶᠢᠨ᠎ᠠ	байна	84
шийдэл	ᠨᠢ	нь	97
шийдэл	ᠪᠦᠬᠦᠢ	бүхий	58
шийдэл	ᠭᠠᠷᠭᠠᠬᠤ	гаргах	42
шийдэмгий	ᠠᠷᠭ᠎ᠠ	арга	10
шийдэмгий	ᠠᠯᠬᠤᠮ	алхам	9
шийдэмгий	ᠪᠠᠶᠢᠳᠠᠯ	байдал	6
шийдэх	ᠶᠣᠰᠣᠲᠠᠢ	ёстой	353
шийдэх	ᠬᠡᠷᠡᠭᠲᠡᠢ	хэрэгтэй	203
шийдэх	ᠨᠢ	нь	193
шийдэхгүй	ᠪᠣᠯ	бол	84
шийдэхгүй	ᠶᠠᠭᠤᠮ᠎ᠠ	юм	5
шийдээд	ᠶᠠᠪᠤᠬᠤ	явах	81
шийдээд	ᠪᠠᠶᠢᠭ᠎ᠠ	байгаа	44
шийдээд	ᠶᠠᠪᠤᠵᠤ	явж	34
шийдүүлэх	ᠭᠡᠵᠦ	гэж	15
шийдүүлэх	ᠶᠣᠰᠣᠲᠠᠢ	ёстой	8
шийдүүлэх	ᠪᠣᠯᠤᠮᠵᠢ	боломж	7
шийтгэж	ᠪᠠᠶᠢᠭ᠎ᠠ	байгаа	13
шийтгэж	ᠪᠣᠯᠬᠤ ᠦᠭᠡᠢ	болохгүй	8
шийтгэж	ᠪᠠᠶᠢᠨ᠎ᠠ	байна	5
шийтгэл	ᠬᠦᠯᠢᠶᠡᠯᠭᠡᠨ᠎ᠡ	хүлээлгэнэ	39
шийтгэл	ᠣᠨᠣᠭᠳᠠᠭᠤᠯᠬᠤ	оногдуулах	29
шийтгэл	ᠨᠢ	нь	24
шийтгэнэ	ᠭᠡᠵᠦ	гэж	53
шийтгэнэ	ᠬᠡᠮᠡᠨ	хэмээн	25
шийтгэнэ	ᠭᠡᠳᠡᠭ	гэдэг	8
шийтгэх	ᠬᠠᠤᠯᠢ ᠶᠢᠨ	хуулийн	226
шийтгэх	ᠲᠣᠭᠲᠠᠭᠠᠯ	тогтоол	70
шийтгэх	ᠲᠤᠬᠠᠢ	тухай	58
шийтгүүлэх	ᠠᠵᠤ	аж	14
шийтгүүлэх	ᠬᠠᠤᠯᠢ ᠶᠢᠨ	хуулийн	5
шил	ᠰᠢᠯᠢ ᠪᠡᠨ	шилээ	53
шил	ᠨᠢ	нь	46
шил	ᠳᠠᠷᠤᠨ	даран	31
шилдгийг	ᠰᠢᠯᠭᠠᠷᠠᠭᠤᠯᠬᠤ	шалгаруулах	44
шилдгийг	ᠨᠢ	нь	22
шилдгийг	ᠲᠣᠳᠣᠷᠠᠭᠤᠯᠬᠤ	тодруулах	18
шилдэг	ᠤᠷᠠᠨ	уран	307
шилдэг	ᠡᠮᠡᠭᠲᠡᠢ	эмэгтэй	305
шилдэг	ᠡᠷᠡᠭᠲᠡᠢ	эрэгтэй	277
шилж	ᠰᠤᠩᠭᠤᠬᠤ	сонгох	15
шилж	ᠰᠣᠩᠭᠣᠵᠤ	сонгож	11
шилж	ᠰᠣᠩᠭᠣᠨ	сонгон	9
шилжиж	ᠪᠠᠶᠢᠨ᠎ᠠ	байна	92
шилжиж	ᠪᠠᠶᠢᠭ᠎ᠠ	байгаа	80
шилжиж	ᠪᠤᠢ	буй	35
шилжилт	ᠬᠥᠳᠡᠯᠭᠡᠭᠡᠨ ᠦ	хөдөлгөөний	153
шилжилт	ᠬᠥᠳᠡᠯᠭᠡᠭᠡᠨ	хөдөлгөөн	138
шилжилт	ᠬᠢᠵᠦ	хийж	16
шилжилтийн	ᠦᠶ᠎ᠡ ᠳᠦ	үед	48
шилжилтийн	ᠦᠶ᠎ᠡ ᠶᠢᠨ	үеийн	31
шилжилтийн	ᠦᠶ᠎ᠡ	үе	23
шилжинэ	ᠭᠡᠰᠡᠨ	гэсэн	23
шилжинэ	ᠭᠡᠳᠡᠭ	гэдэг	14
шилжинэ	ᠭᠡᠵᠦ	гэж	8
шилжих	ᠰᠥᠨᠢ	шөнө	219
шилжих	ᠨᠢ	нь	46
шилжих	ᠶᠠᠭᠤᠮ᠎ᠠ	юм	43
шилжсэн	ᠪᠠᠶᠢᠨ᠎ᠠ	байна	64
шилжсэн	ᠨᠢ	нь	33
шилжсэн	ᠶᠠᠭᠤᠮ᠎ᠠ	юм	23
шилжүүлсэн	ᠪᠠᠶᠢᠨ᠎ᠠ	байна	362
шилжүүлсэн	ᠶᠠᠭᠤᠮ᠎ᠠ	юм	130
шилжүүлсэн	ᠨᠢ	нь	79
шилжүүлэг	ᠬᠢᠭᠰᠡᠨ	хийсэн	5
шилжүүлэн	ᠰᠠᠭᠤᠯᠭᠠᠬᠤ	суулгах	554
шилжүүлэн	ᠠᠴᠢᠬ᠎ᠠ	ачих	114
шилжүүлэн	ᠥᠭᠭᠦᠭᠰᠡᠨ	өгсөн	46
шилжүүлэх	ᠲᠤᠬᠠᠢ	тухай	169
шилжүүлэх	ᠶᠠᠭᠤᠮ᠎ᠠ	юм	67
шилжүүлэх	ᠨᠢ	нь	58
шилийг	ᠨᠢ	нь	8
шилийг	ᠺᠣᠮᠫᠢᠶᠦ᠋ᠲ᠋ᠧᠷ	компьютер	6
шилийн	ᠪᠣᠭᠳᠠ	богд	63
шилийн	ᠭᠣᠣᠯ	гол	27
шилийн	ᠰᠠᠶᠢᠨ	сайн	18
шилмэл	ᠵᠠᠭᠪᠤᠷ	загвар	63
шилмэл	ᠮᠠᠯ	мал	18
шилмэл	ᠮᠠᠯ ᠤᠨ	малын	6
шилний	ᠬᠡᠦᠬᠡᠳ	хүүхэд	15
шилний	ᠴᠠᠭᠠᠨ᠎ᠠ ᠠᠴᠠ	цаанаас	14
шилтгээн	ᠲᠥᠷᠥ	төр	8
шилэн	ᠳᠠᠩᠰᠠ	данс	185
шилэн	ᠺᠠᠪᠧᠯ	кабель	25
шилэн	ᠳᠡᠭᠡᠷ᠎ᠡ	дээр	12
шилээ	ᠳᠠᠷᠤᠨ	даран	40
шилээ	ᠳᠠᠷᠤᠭᠰᠠᠨ	дарсан	11
шилээр	ᠬᠢᠭᠰᠡᠨ	хийсэн	5
шим	ᠲᠡᠵᠢᠭᠡᠯ	тэжээл	44
шим	ᠨᠢ	нь	21
шим	ᠰᠢᠭᠦᠰᠦ ᠶᠢ	шүүсийг	8
шимийг	ᠨᠢ	нь	115
шимийг	ᠬᠦᠷᠲᠡᠵᠦ	хүртэж	32
шимийг	ᠬᠦᠷᠲᠡᠬᠦ	хүртэх	25
шимт	ᠪᠣᠳᠠᠰ	бодис	9
шимт	ᠬᠥᠷᠦᠰ	хөрс	6
шимт	ᠲᠡᠵᠢᠭᠡᠯ	тэжээл	5
шимтгэл	ᠲᠥᠯᠦᠭᠰᠡᠨ	төлсөн	97
шимтгэл	ᠲᠥᠯᠦᠵᠦ	төлж	62
шимтгэл	ᠤᠯᠭᠤᠬᠤ	төлөх	46
шимтэн	ᠦᠵᠡᠳᠡᠭ	үздэг	31
шимтэн	ᠦᠵᠡᠵᠦ	үзэж	20
шимтэн	ᠤᠩᠰᠢᠳᠠᠭ	уншдаг	11
шин	ᠵᠢᠯ	жил	19
шин	ᠭᠡᠶᠢᠨ	гийн	8
шин	ᠭᠡᠰᠡᠨ	гэсэн	5
шингэж	ᠪᠠᠶᠢᠨ᠎ᠠ	байна	10
шингэж	ᠪᠠᠶᠢᠭ᠎ᠠ	байгаа	7
шингэн	ᠲᠦᠯᠡᠰᠢ	түлш	106
шингэн	ᠵᠦᠢᠯ	зүйл	50
шингэн	ᠰᠦ᠋	сүү	26
шингэрүүлэх	ᠪᠣᠯᠤᠨ	болон	11
шингэрүүлэх	ᠲᠥᠰᠥᠯ	төсөл	10
шингэрүүлэх	ᠦᠢᠯᠡᠳᠪᠦᠷᠢ	үйлдвэр	8
шингэсэн	ᠪᠦᠲᠦᠭᠡᠭᠳᠡᠬᠦᠨ	бүтээгдэхүүн	108
шингэсэн	ᠡᠴᠦᠰ ᠦᠨ	эцсийн	33
шингэсэн	ᠪᠠᠶᠢᠳᠠᠭ	байдаг	24
шингэх	ᠬᠦᠷᠲᠡᠯ᠎ᠡ	хүртэл	6
шингээж	ᠴᠢᠳᠠᠬᠤ ᠦᠭᠡᠢ	чадахгүй	13
шингээж	ᠠᠪᠬᠤ	авах	10
шингээж	ᠠᠪᠳᠠᠭ	авдаг	8
шингээн	ᠪᠠᠶᠢᠵᠤ	байж	5
шингээсэн	ᠪᠦᠲᠦᠭᠡᠭᠳᠡᠬᠦᠨ	бүтээгдэхүүн	32
шингээсэн	ᠡᠴᠦᠰ ᠦᠨ	эцсийн	10
шингээсэн	ᠨᠢ	нь	6
шингээх	ᠴᠢᠳᠠᠪᠤᠷᠢ	чадвар	11
шингээх	ᠴᠢᠳᠠᠪᠤᠷᠢ ᠲᠠᠢ	чадвартай	10
шингээх	ᠪᠣᠯᠤᠮᠵᠢ ᠲᠠᠢ	боломжтой	6
шинж	ᠲᠡᠮᠳᠡᠭ	тэмдэг	931
шинж	ᠴᠢᠨᠠᠷᠲᠠᠢ	чанартай	300
шинж	ᠴᠢᠨᠠᠷ	чанар	127
шинжгүй	ᠪᠠᠶᠢᠨ᠎ᠠ	байна	7
шинжилгээ	ᠬᠢᠵᠦ	хийж	273
шинжилгээ	ᠬᠢᠬᠦ	хийх	224
шинжилгээ	ᠬᠢᠭᠰᠡᠨ	хийсэн	116
шинжлэх	ᠤᠬᠠᠭᠠᠨ ᠤ	ухааны	4727
шинжлэх	ᠤᠬᠠᠭᠠᠨ	ухаан	1347
шинжлэх	ᠤᠬᠠᠭᠠᠨ ᠳᠤ	ухаанд	170
шинжтэй	ᠪᠠᠶᠢᠨ᠎ᠠ	байна	75
шинжтэй	ᠦᠢᠯᠡᠳᠦᠯ	үйлдэл	62
шинжтэй	ᠪᠣᠯᠵᠤ	болж	44
шинжээч	ᠡᠮᠴᠢ	эмч	36
шинжээч	ᠨᠠᠷᠠ	нар	30
шинжээч	ᠣᠷᠴᠢᠭᠤᠯᠤᠭᠴᠢ	орчуулагч	13
шинийг	ᠰᠠᠨᠠᠭᠠᠴᠢᠯᠠᠭᠴᠢ	санаачлагч	48
шинийг	ᠡᠷᠢᠯᠬᠢᠯᠡᠵᠦ	эрэлхийлж	20
шинийг	ᠰᠠᠨᠠᠭᠠᠴᠢᠯᠠᠬᠤ	санаачлах	10
шинийн	ᠪᠠᠶᠠᠷ ᠤᠨ	баярын	110
шинийн	ᠪᠠᠶᠠᠷᠲᠤ	баярт	84
шинийн	ᠨᠳ	нд	72
шинэ	ᠵᠢᠯ ᠦᠨ	жилийн	855
шинэ	ᠤᠷᠠᠨ	уран	727
шинэ	ᠲᠡᠮᠦᠷ	төмөр	515
шинэтгэл	ᠬᠢᠬᠦ	хийх	21
шинэтгэл	ᠬᠢᠨ᠎ᠡ	хийнэ	13
шинэтгэл	ᠬᠢᠵᠦ	хийж	11
шинэхэн	ᠤᠷᠠᠨ	уран	67
шинэхэн	ᠠᠪᠤᠷᠭᠤ	аварга	17
шинэхэн	ᠭᠠᠪᠢᠶᠠᠲᠤ	гавьяат	12
шинэчилсэн	ᠨᠠᠶᠢᠷᠠᠭᠤᠯᠭ᠎ᠠ	найруулга	1010
шинэчилсэн	ᠪᠠᠶᠢᠨ᠎ᠠ	байна	42
шинэчилсэн	ᠬᠥᠲᠥᠯᠪᠦᠷᠢ	хөтөлбөр	36
шинэчлэгдэх	ᠶᠣᠰᠣᠲᠠᠢ	ёстой	27
шинэчлэгдэх	ᠨᠢ	нь	14
шинэчлэгдэх	ᠶᠠᠭᠤᠮ᠎ᠠ	юм	7
шинэчлэл	ᠬᠢᠬᠦ	хийх	288
шинэчлэл	ᠬᠢᠵᠦ	хийж	171
шинэчлэл	ᠨᠢ	нь	68
шинэчлэн	ᠪᠠᠲᠤᠯᠠᠬᠤ	батлах	222
шинэчлэн	ᠪᠠᠲᠤᠯᠠᠭᠰᠠᠨ	баталсан	125
шинэчлэн	ᠲᠣᠭᠲᠠᠭᠠᠬᠤ	тогтоох	92
шинэчлэх	ᠱᠠᠭᠠᠷᠳᠠᠯᠭ᠎ᠠ ᠲᠠᠢ	шаардлагатай	78
шинэчлэх	ᠱᠠᠭᠠᠷᠳᠠᠯᠭ᠎ᠠ	шаардлага	54
шинэчлэх	ᠠᠵᠢᠯ	ажил	49
шинээр	ᠪᠤᠢ	бий	340
шинээр	ᠪᠠᠷᠢᠬᠤ	барих	209
шинээр	ᠪᠠᠶᠢᠭᠤᠯᠤᠭᠳᠠᠭᠰᠠᠨ	байгуулагдсан	143
шир	ᠪᠣᠯᠪᠠᠰᠤᠷᠠᠭᠤᠯᠬᠤ	боловсруулах	76
шир	ᠠᠩᠭᠢ ᠶᠢᠨ	ангийн	15
шир	ᠪᠡᠯᠡᠳᠬᠡᠵᠦ	бэлтгэж	8
ширгэж	ᠪᠠᠶᠢᠭ᠎ᠠ	байгаа	16
ширгэж	ᠪᠠᠶᠢᠨ᠎ᠠ	байна	12
ширгэж	ᠪᠤᠢ	буй	6
ширтэн	ᠪᠢ	би	5
ширтэн	ᠰᠠᠭᠤᠵᠤ	сууж	5
ширхэг	ᠬᠤᠪᠢᠴᠠᠭ᠎ᠠ	хувьцаа	497
ширхэг	ᠨᠢ	нь	68
ширхэг	ᠮᠣᠳᠣ	мод	64
ширхэгийг	ᠨᠢ	нь	13
ширхэгийг	ᠲᠤᠰ	тус	6
ширхэгийг	ᠬᠤᠳᠠᠯᠳᠤᠨ	худалдан	6
ширхэгтэй	ᠨᠢ	нь	5
ширээ	ᠰᠠᠨᠳᠠᠯᠢ	сандал	64
ширээ	ᠨᠢ	нь	27
ширээ	ᠪᠣᠯᠤᠨ	болон	13
ширээн	ᠳᠡᠭᠡᠷ᠎ᠡ	дээр	177
ширээн	ᠳᠡᠭᠡᠷ᠎ᠡ ᠪᠡᠨ	дээрээ	24
ширээн	ᠳᠡᠭᠡᠷᠡᠬᠢ	дээрх	16
ширээнд	ᠰᠠᠭᠤᠵᠤ	сууж	10
ширээнд	ᠰᠠᠭᠤᠭᠰᠠᠨ	суусан	10
ширээнд	ᠰᠠᠭᠤᠬᠤ ᠶᠢ	суухыг	6
ширээний	ᠠᠷᠠᠳ	ард	196
ширээний	ᠲᠧᠨᠨᠢᠰ	теннис	148
ширээний	ᠠᠭᠤᠯᠵᠠᠯᠲᠠ	уулзалт	44
ширүүн	ᠥᠷᠢᠰᠦᠯᠳᠦᠭᠡᠨ	өрсөлдөөн	64
ширүүн	ᠲᠡᠮᠡᠴᠡᠯ	тэмцэл	28
ширүүн	ᠠᠭᠤᠷ	уур	28
шог	ᠵᠢᠷᠤᠭᠠᠴᠢ	зураач	12
шог	ᠵᠢᠷᠤᠭ	зураг	12
шог	ᠶᠠᠷᠢᠶ᠎ᠠ	яриа	12
шогийн	ᠮᠡᠳᠡᠷᠡᠮᠵᠢ	мэдрэмж	7
шогийн	ᠲᠣᠭᠯᠠᠯᠲᠠ	тоглолт	6
шон	ᠳᠡᠭᠡᠷ᠎ᠡ	дээр	6
шон	ᠮᠥᠷᠭᠥᠭᠰᠡᠨ	мөргөсөн	6
шонхор	ᠰᠢᠪᠠᠭᠤ	шувуу	35
шонхор	ᠰᠢᠪᠠᠭᠤ ᠶᠢ	шувууг	21
шонхор	ᠨᠢ	нь	12
шоо	ᠮᠧᠲ᠋ᠷ	метр	279
шоо	ᠺᠮ	км	18
шоо	ᠳᠥᠷᠪᠡᠯᠵᠢᠨ	дөрвөлжин	8
шоовдор	ᠨᠠᠷᠠ	нар	16
шоовдор	ᠳᠡᠳ᠋	дэд	9
шоовдор	ᠬᠡᠦᠬᠡᠳ	хүүхэд	8
шоргоолж	ᠰᠢᠭ	шиг	16
шорон	ᠷᠤ	руу	35
шорон	ᠶᠠᠭᠤᠮ᠎ᠠ	юм	8
шорон	ᠪᠣᠯᠭᠠᠭᠰᠠᠨ	болгосон	6
шоронгийн	ᠬᠠᠭᠠᠯᠭ᠎ᠠ	хаалга	27
шоронгийн	ᠳᠠᠷᠤᠭ᠎ᠠ	дарга	5
шоронгоос	ᠭᠠᠷᠴᠤ	гарч	16
шоронгоос	ᠭᠠᠷᠤᠭᠠᠳ	гараад	8
шоронд	ᠢᠯᠠ	ял	26
шоронд	ᠣᠷᠣᠵᠤ	орж	24
шоронд	ᠣᠷᠣᠭᠰᠠᠨ	орсон	23
шороо	ᠲᠣᠭᠣᠰᠣ	тоос	21
шороо	ᠮᠢᠨᠢ	минь	9
шороо	ᠴᠤ	ч	9
шороог	ᠨᠢ	нь	14
шороог	ᠨᠦᠬᠡᠨ ᠦ	нүхний	8
шороогоо	ᠬᠠᠶᠢᠷᠠᠯᠠᠨ	хайрлан	8
шороогоо	ᠤᠬᠠᠵᠤ	ухаж	5
шороон	ᠰᠢᠭᠤᠷᠭ᠎ᠠ	шуурга	678
шороон	ᠪᠣᠯᠤᠨ	болон	177
шороон	ᠵᠠᠮ ᠢᠶᠠᠷ	замаар	43
шороонд	ᠳᠠᠷᠤᠭᠳᠠᠭᠰᠠᠨ	дарагдсан	11
шороонд	ᠳᠠᠷᠤᠭᠳᠠᠵᠤ	дарагдаж	5
шороонд	ᠨᠢ	нь	5
шороотой	ᠪᠥᠬᠡ	бөх	5
шороотой	ᠬᠤᠳᠬᠤᠵᠤ	хутгаж	5
шоу	ᠲᠣᠭᠯᠠᠯᠲᠠ	тоглолт	114
шоу	ᠲᠡᠮᠡᠴᠡᠭᠡᠨ	тэмцээн	30
шоу	ᠬᠢᠵᠦ	хийж	29
шоуны	ᠦᠶ᠎ᠡ ᠪᠡᠷ	үеэр	41
шоуны	ᠰᠢᠯᠢᠳᠡᠭ	шилдэг	11
шоуны	ᠬᠣᠶᠠᠳᠤᠭᠠᠷ	хоёрдугаар	10
шошго	ᠨᠢ	нь	14
шошго	ᠳᠡᠭᠡᠷ᠎ᠡ	дээр	11
шошго	ᠪᠦᠬᠦᠢ	бүхий	5
шувуу	ᠰᠢᠭ	шиг	58
шувуу	ᠨᠢ	нь	29
шувуу	ᠵᠡᠷᠭᠡ	зэрэг	13
шувууг	ᠦᠨᠳᠦᠰᠦᠨ ᠦ	үндэсний	6
шувууд	ᠨᠢ	нь	29
шувууд	ᠰᠢᠭ	шиг	24
шувууд	ᠪᠤᠴᠠᠯ᠎ᠠ	буцлаа	9
шувуудын	ᠵᠢᠷᠭᠢᠭᠡᠨ	жиргээн	6
шувуудын	ᠨᠢᠭᠡ	нэг	6
шувуудын	ᠵᠢᠷᠭᠢᠭᠡ	жиргээ	5
шувууны	ᠠᠵᠤ	аж	55
шувууны	ᠲᠣᠮᠣᠭᠣ	томуу	48
шувууны	ᠮᠢᠬ᠎ᠠ	мах	32
шувуухай	ᠮᠢᠨᠢ	минь	12
шувуухай	ᠬᠦᠷᠢᠨ	хүрэн	11
шувуухай	ᠰᠢᠭ	шиг	5
шугам	ᠰᠦᠯᠵᠢᠶ᠎ᠡ	сүлжээ	176
шугам	ᠪᠠᠷᠢᠬᠤ	барих	78
шугам	ᠳᠡᠳ᠋	дэд	58
шугамын	ᠪᠠᠷᠢᠯᠭ᠎ᠠ	барилга	27
шугамын	ᠠᠵᠢᠯ	ажил	15
шугамын	ᠪᠦᠲᠦᠭᠡᠨ	бүтээн	8
шударга	ᠶᠣᠰᠣ	ёс	2291
шударга	ᠪᠤᠰᠤ	бус	501
шударга	ᠥᠷᠢᠰᠦᠯᠳᠦᠭᠡᠨ	өрсөлдөөн	477
шударгаар	ᠠᠵᠢᠯᠯᠠᠵᠤ	ажиллаж	15
шударгаар	ᠠᠵᠢᠯᠯᠠᠬᠤ	ажиллах	10
шударгаар	ᠪᠡᠶᠡᠯᠡᠭᠦᠯᠬᠦ	биелүүлэх	8
шудрага	ᠶᠣᠰᠣ	ёс	35
шудрага	ᠶᠣᠰᠣ ᠶᠢ	ёсыг	19
шудрага	ᠪᠤᠰᠤ	бус	16
шулуун	ᠰᠢᠳᠤᠷᠭᠤ	шударга	22
шулуун	ᠭᠡᠳᠡᠰᠦ	гэдэс	15
шулуун	ᠵᠠᠮ ᠢᠶᠠᠷ	замаар	7
шулуухан	ᠬᠡᠯᠡᠬᠦ ᠳᠦ	хэлэхэд	57
шулуухан	ᠬᠡᠯᠡᠬᠦ	хэлэх	11
шулуухан	ᠬᠡᠯᠡᠭᠰᠡᠨ	хэлсэн	6
шумуул	ᠣᠷᠣᠵᠤ	орж	5
шунал	ᠨᠢ	нь	8
шунал	ᠲᠠᠴᠢᠶᠠᠯ	тачаал	7
шунал	ᠬᠦᠰᠡᠯ	хүсэл	6
шуранхай	ᠬᠠᠳᠤᠵᠤ	хадаж	5
шутис	ᠡᠶᠢᠨ	ийн	622
шутис	ᠳ	д	52
шутис	᠍ ᠤᠨ	ын	30
шуу	ᠯᠠᠯᠤ	лал	7
шуу	ᠯᠠᠬ᠎ᠠ	лах	5
шуугиад	ᠪᠠᠶᠢᠭ᠎ᠠ	байгаа	15
шуугиад	ᠯᠠ	л	10
шуугиад	ᠪᠠᠶᠢᠭᠰᠠᠨ	байсан	5
шуугиан	ᠲᠠᠷᠢᠵᠤ	тарьж	150
шуугиан	ᠲᠠᠷᠢᠭᠰᠠᠨ	тарьсан	130
шуугиан	ᠲᠠᠷᠢᠭᠠᠳ	тариад	84
шуугиантай	ᠤᠷᠴᠢᠨ ᠳᠤ	орчинд	5
шуугиж	ᠪᠠᠶᠢᠨ᠎ᠠ	байна	32
шуугиж	ᠪᠠᠶᠢᠭᠰᠠᠨ	байсан	23
шуугиж	ᠪᠠᠶᠢᠭ᠎ᠠ	байгаа	11
шууд	ᠬᠥᠷᠥᠩᠭᠡ	хөрөнгө	909
шууд	ᠯᠠ	л	351
шууд	ᠬᠣᠯᠪᠣᠭᠠᠲᠠᠢ	холбоотой	221
шуудай	ᠨᠢ	нь	14
шуудай	ᠬᠣᠭ	хог	12
шуудан	ᠬᠠᠷᠢᠯᠴᠠᠭ᠎ᠠ	харилцаа	170
шуудан	ᠰᠣᠨᠢᠨ	сонин	31
шуудан	ᠬᠣᠯᠪᠣᠭ᠎ᠠ	холбоо	14
шуудангаар	ᠢᠯᠡᠭᠡᠬᠦ	илгээх	9
шуудангаар	ᠢᠯᠡᠭᠡᠭᠰᠡᠨ	илгээсэн	5
шуудангаар	ᠶᠠᠪᠤᠭᠤᠯᠬᠤ	явуулах	5
шуудхан	ᠬᠡᠯᠡᠬᠦ ᠳᠦ	хэлэхэд	74
шуудхан	ᠯᠠ	л	14
шуудхан	ᠬᠡᠯᠡᠶ᠎ᠡ	хэлье	5
шуурга	ᠰᠢᠭᠤᠷᠤᠨ᠎ᠠ	шуурна	1294
шуурга	ᠰᠢᠭᠤᠷᠴᠢ	шуурч	81
шуурга	ᠰᠢᠭᠤᠷᠠᠬᠤ	шуурах	29
шуурганд	ᠲᠦᠭᠡᠷᠢᠬᠦ	төөрөх	12
шуурхай	ᠵᠣᠬᠢᠶᠠᠨ	зохион	89
шуурхай	ᠠᠷᠭ᠎ᠠ	арга	70
шуурхай	ᠠᠵᠢᠯᠯᠠᠵᠤ	ажиллаж	63
шуурч	ᠶᠡᠬᠡᠩᠬᠢ	ихэнх	17
шуурч	ᠬᠦᠢᠲᠡᠨ ᠦ	хүйтний	10
шуурч	ᠪᠠᠶᠢᠭ᠎ᠠ	байгаа	7
шшгег	᠍ ᠤᠨ	ын	594
шшгег	ᠲ	т	34
шшгег	ᠡᠶᠢᠨ	ийн	7
шээ	ᠪᠠᠭ ᠤᠨ	багийн	13
шээ	ᠪᠠᠭ	баг	10
шээ	ᠨᠢ	нь	8
шээс	ᠪᠡᠯᠭᠡ ᠶᠢᠨ	бэлгийн	16
шээс	ᠪᠢᠣᠬᠢᠮᠢ	биохими	12
шээс	ᠨᠢ	нь	12
шүд	ᠨᠢ	нь	56
шүд	ᠡᠷᠡᠦ	эрүү	56
шүд	ᠴᠣᠭᠣᠷᠠᠬᠤ	цоорох	55
шүдийг	ᠨᠢ	нь	16
шүдлэн	ᠨᠠᠰᠤᠨ ᠤ	насны	40
шүдлэн	ᠬᠢᠵᠠᠯᠠᠩ	хязаалан	17
шүдлэн	ᠦᠷᠦᠭᠡ	үрээ	7
шүдэнз	ᠲᠠᠲᠠᠭᠰᠠᠨ	татсан	10
шүдээ	ᠵᠥᠪ	зөв	21
шүдээ	ᠤᠬᠢᠶᠠᠬᠤ	угаах	9
шүдээ	ᠵᠠᠭᠤᠭᠠᠳ	зуугаад	8
шүлгийг	ᠨᠢ	нь	39
шүлгийг	ᠰᠡᠳᠬᠦᠯᠴᠢ	сэтгүүлч	8
шүлгийг	ᠢᠷᠠᠭᠤ	яруу	8
шүлгийн	ᠲᠡᠭᠦᠪᠦᠷᠢ	түүвэр	19
шүлгийн	ᠨᠠᠭᠠᠳᠤᠮ	наадам	9
шүлгийн	ᠲᠤᠬᠠᠢ	тухай	9
шүлгээ	ᠤᠩᠰᠢᠵᠤ	уншиж	49
шүлгээ	ᠤᠩᠰᠢᠭᠰᠠᠨ	уншсан	12
шүлгээ	ᠤᠩᠰᠢᠬᠤ	унших	10
шүлгээрээ	ᠣᠨ ᠳᠤ	онд	5
шүлс	ᠨᠢ	нь	11
шүлс	ᠶᠡᠬᠡ	их	5
шүлсээ	ᠢᠯᠡ	ил	19
шүлсээ	ᠬᠠᠶᠠᠵᠤ	хаяж	5
шүлхий	ᠡᠪᠡᠳᠴᠢᠨ	өвчин	98
шүлхий	ᠨᠢ	нь	15
шүлхий	ᠪᠣᠯᠤᠨ	болон	9
шүлэг	ᠪᠢᠴᠢᠵᠦ	бичиж	36
шүлэг	ᠪᠢᠴᠢᠳᠡᠭ	бичдэг	29
шүлэг	ᠢᠷᠠᠭᠤ	яруу	26
шүтдэг	ᠪᠠᠭ᠎ᠠ ᠪᠠᠨ	багаа	5
шүтдэг	ᠪᠠᠶᠢᠭᠰᠠᠨ	байсан	5
шүтдэг	ᠶᠠᠭᠤᠮ᠎ᠠ	юм	5
шүтлэг	ᠦᠵᠡᠯ	үзэл	12
шүтлэг	ᠨᠠᠰᠤ	нас	5
шүтэж	ᠢᠷᠡᠭᠰᠡᠨ	ирсэн	32
шүтэж	ᠶᠠᠪᠤᠳᠠᠭ	явдаг	11
шүтэж	ᠠᠮᠢᠳᠤᠷᠠᠳᠠᠭ	амьдардаг	5
шүтэн	ᠪᠠᠷᠢᠯᠳᠤᠯᠭ᠎ᠠ	барилдлага	87
шүтэн	ᠪᠢᠰᠢᠷᠡᠳᠡᠭ	биширдэг	22
шүтэн	ᠪᠢᠰᠢᠷᠡᠵᠦ	биширч	18
шүтэх	ᠡᠰᠡ	эс	14
шүтэх	ᠡᠷᠬᠡ	эрх	11
шүтэх	ᠦᠵᠡᠯ	үзэл	8
шүтээн	ᠪᠣᠯᠤᠭᠰᠠᠨ	болсон	31
шүтээн	ᠨᠢ	нь	16
шүтээн	ᠤᠤᠯ	уул	9
шүхэр	ᠨᠢ	нь	8
шүү	ᠳ᠋ᠡ	дээ	16074
шүү	ᠭᠡᠳᠡᠭ ᠢ	гэдгийг	314
шүү	ᠭᠡᠵᠦ	гэж	295
шүүгч	ᠨᠠᠷᠠ	нар	161
шүүгч	ᠪ	б	114
шүүгч	ᠴ	ц	90
шүүгчийн	ᠡᠷᠬᠡ	эрх	152
шүүгчийн	ᠠᠯᠪᠠᠨ	албан	129
шүүгчийн	ᠣᠷᠣᠨ	орон	97
шүүгээ	ᠨᠢ	нь	7
шүүгээ	ᠵᠡᠷᠭᠡ	зэрэг	5
шүүж	ᠪᠠᠶᠢᠨ᠎ᠠ	байна	52
шүүж	ᠪᠠᠶᠢᠭ᠎ᠠ	байгаа	48
шүүж	ᠪᠠᠶᠢᠭᠰᠠᠨ	байсан	31
шүүмж	ᠰᠤᠳᠤᠯᠤᠭᠠᠴᠢ	судлаач	10
шүүмж	ᠬᠡᠯᠡᠭᠰᠡᠨ	хэлсэн	8
шүүмж	ᠤᠳᠬ᠎ᠠ	утга	7
шүүмжлэгч	ᠰᠤᠳᠤᠯᠤᠭᠠᠴᠢ	судлаач	7
шүүмжлэгч	ᠨᠢ	нь	5
шүүмжлэл	ᠳᠠᠭᠠᠭᠤᠯᠵᠤ	дагуулж	50
шүүмжлэл	ᠶᠡᠬᠡ	их	47
шүүмжлэл	ᠳᠠᠭᠠᠭᠤᠯᠤᠭᠰᠠᠨ	дагуулсан	46
шүүмжлэх	ᠬᠦᠮᠦᠰ	хүмүүс	41
шүүмжлэх	ᠬᠦᠮᠦᠨ	хүн	40
шүүмжлэх	ᠨᠢ	нь	33
шүүн	ᠲᠠᠰᠤᠯᠬᠤ	таслах	307
шүүн	ᠬᠡᠯᠡᠯᠴᠡᠵᠦ	хэлэлцэж	23
шүүн	ᠲᠤᠩᠭᠠᠬᠤ	тунгаах	18
шүүрч	ᠠᠪᠤᠭᠠᠳ	аваад	30
шүүрч	ᠠᠪᠤᠭᠰᠠᠨ	авсан	5
шүүс	ᠨᠢ	нь	15
шүүс	ᠦᠨᠴᠢ	унц	12
шүүс	ᠬᠡᠷᠡᠭᠯᠡᠬᠦ	хэрэглэх	9
шүүсийг	ᠨᠢ	нь	17
шүүх	ᠬᠤᠷᠠᠯ	хурал	2288
шүүх	ᠬᠤᠷᠠᠯ ᠤᠨ	хурлын	574
шүүх	ᠪᠦᠷᠢᠯᠳᠦᠬᠦᠨ	бүрэлдэхүүн	506
шүүхэд	ᠭᠣᠮᠣᠳᠠᠯ	гомдол	366
шүүхэд	ᠰᠢᠯᠵᠢᠭᠦᠯᠦᠭᠰᠡᠨ	шилжүүлсэн	229
шүүхэд	ᠬᠠᠨᠳᠤᠭᠰᠠᠨ	хандсан	185
шөл	ᠬᠢᠵᠦ	хийж	10
шөл	ᠨᠢ	нь	8
шөл	ᠠᠭᠠᠷᠴᠠ	аарц	6
шөнийг	ᠪᠢ	би	5
шөнийн	ᠴᠠᠭ ᠢᠶᠠᠷ	цагаар	115
шөнийн	ᠴᠡᠩᠭᠡᠭᠡᠨ ᠦ	цэнгээний	37
шөнийн	ᠴᠠᠭ ᠲᠤ	цагт	35
шөнө	ᠪᠣᠯᠵᠤ	болж	66
шөнө	ᠪᠣᠯᠤᠯ᠎ᠠ	боллоо	58
шөнө	ᠪᠣᠯᠤᠭᠰᠠᠨ	болсон	55
шөнөгүй	ᠠᠵᠢᠯᠯᠠᠵᠤ	ажиллаж	27
шөнөгүй	ᠯᠠ	л	9
шөнөдөө	ᠭᠷᠠᠳᠦᠶᠢᠰ	градус	4587
шөнөдөө	ᠬᠡᠮ	хэм	519
шөнөдөө	ᠨᠤᠲᠤᠭ ᠤᠨ	нутгийн	467
шөнөөр	ᠴᠤ	ч	11
шөнөөр	ᠵᠡᠭᠦᠳᠦᠨ ᠳᠦ	зүүдэнд	5
шөрмөс	ᠨᠢ	нь	28
шөрмөс	ᠲᠠᠲᠠᠵᠤ	татаж	8
шөрмөс	ᠲᠠᠲᠠᠬᠤ	татах	6
ыг	ᠨᠢ	нь	221
ыг	ᠵᠣᠬᠢᠶᠠᠨ	зохион	116
ыг	ᠡᠨᠡ	энэ	74
ын	ᠭᠡᠰᠢᠭᠦᠨ	гишүүн	11665
ын	ᠳᠠᠷᠤᠭ᠎ᠠ	дарга	7445
ын	ᠵᠢᠩᠳᠡ	жинд	2667
э	ᠭ	г	65
э	ᠨᠢ	нь	33
э	ᠭᠡᠶᠢᠨ	гийн	20
эв	ᠨᠢᠭᠡᠳᠦᠯ	нэгдэл	271
эв	ᠰᠠᠨᠠᠭᠠᠨ ᠤ	санааны	77
эв	ᠨᠠᠶᠢᠷᠲᠠᠢ	найртай	25
эвгүй	ᠪᠠᠶᠢᠳᠠᠯ ᠳᠤ	байдалд	58
эвгүй	ᠦᠨᠦᠷ	үнэр	36
эвгүй	ᠶᠠᠭᠤᠮ᠎ᠠ	юм	15
эвдрэл	ᠭᠡᠮᠲᠦᠯ	гэмтэл	46
эвдрэл	ᠭᠠᠷᠴᠤ	гарч	7
эвдсэн	ᠪᠠᠶᠢᠨ᠎ᠠ	байна	25
эвдсэн	ᠶᠠᠭᠤᠮ᠎ᠠ	юм	15
эвдсэн	ᠨᠢ	нь	7
эвдэж	ᠪᠠᠶᠢᠭ᠎ᠠ	байгаа	13
эвдэж	ᠪᠠᠶᠢᠨ᠎ᠠ	байна	13
эвдэж	ᠴᠢᠳᠠᠭᠰᠠᠨ	чадсан	13
эвдэрсэн	ᠭᠠᠵᠠᠷ ᠤᠨ	газрын	10
эвдэрсэн	ᠲᠣᠬᠢᠶᠠᠯᠳᠤᠯ ᠳᠤ	тохиолдолд	8
эвдэрсэн	ᠭᠠᠵᠠᠷ ᠢ	газрыг	6
эвдэрхий	ᠬᠦᠮᠦᠨ	хүн	45
эвдэрхий	ᠬᠦᠮᠦᠰ	хүмүүс	19
эвдэрч	ᠣᠷᠬᠢᠭᠳᠠᠭᠰᠠᠨ	орхигдсон	8
эвдээд	ᠪᠠᠶᠢᠨ᠎ᠠ	байна	14
эвдээд	ᠪᠠᠶᠢᠭ᠎ᠠ	байгаа	8
эвийг	ᠨᠢ	нь	18
эвийн	ᠭᠡᠷ ᠢᠶᠡᠨ	гэрээ	20
эвлэл	ᠬᠠᠮᠲᠤᠷᠠᠨ	хамтран	16
эвлэл	ᠮᠣᠩᠭᠣᠯ ᠤᠨ	монголын	10
эвлэл	ᠠᠵᠢᠯ	ажил	9
эвлэлдэн	ᠨᠢᠭᠡ ᠳᠦ ᠬᠢ	нэгдэх	45
эвлэлдэн	ᠨᠢᠭᠡᠳᠴᠦ	нэгдэж	37
эвлэлдэн	ᠨᠢᠭᠡᠳᠦᠭᠰᠡᠨ	нэгдсэн	7
эвлэрч	ᠴᠢᠳᠠᠬᠤ ᠦᠭᠡᠢ	чадахгүй	18
эвлэрч	ᠪᠣᠯᠬᠤ ᠦᠭᠡᠢ	болохгүй	5
эвсэл	ᠵᠠᠰᠠᠭ ᠤᠨ	засгийн	29
эвсэл	ᠨᠡᠷᠡ	нэр	27
эвсэл	ᠪᠣᠯᠵᠤ	болж	24
эвтэй	ᠨᠠᠶᠢᠷᠲᠠᠢ	найртай	28
эвтэй	ᠳᠥᠷᠪᠡᠨ	дөрвөн	18
эвтэй	ᠪᠠᠶᠢᠬᠤ ᠳᠤ ᠪᠠᠨ	байхдаа	15
эвтэйхэн	ᠪᠠᠶᠢᠳᠠᠭ	байдаг	5
эвэр	ᠰᠢᠭ	шиг	18
эвэр	ᠪᠦᠷᠢᠶ᠎ᠡ	бүрээ	8
эвэр	ᠨᠢ	нь	5
эгзэгтэй	ᠦᠶ᠎ᠡ ᠳᠦ	үед	40
эгзэгтэй	ᠴᠠᠭ	цаг	26
эгзэгтэй	ᠮᠥᠴᠢᠳ	мөчид	11
эгнээ	ᠪᠦᠬᠦᠢ	бүхий	11
эгнээ	ᠰᠠᠭᠤᠳᠠᠯ ᠠᠴᠠ ᠪᠠᠨ	суудлаасаа	9
эгнээнд	ᠪᠠᠭᠠᠳᠴᠤ	багтаж	14
эгнээнд	ᠨᠢᠭᠡᠳᠦᠭᠰᠡᠨ	нэгдсэн	14
эгнээнд	ᠰᠢᠯᠵᠢᠭᠰᠡᠨ	шилжсэн	12
эгц	ᠳᠣᠭᠣᠭᠰᠢ	доош	12
эгц	ᠪᠣᠰᠤᠭ᠎ᠠ	босоо	9
эгч	ᠨᠢ	нь	172
эгч	ᠳᠡᠭᠦᠦ	дүү	85
эгч	ᠨᠠᠷᠠ	нар	71
эгчийг	ᠨᠢ	нь	8
эгчийн	ᠮᠠᠨᠢ	маань	8
эгчийн	ᠬᠡᠦᠬᠡᠳ	хүүхэд	5
эгшиг	ᠠᠶᠠᠯᠭᠤ	аялгуу	8
эгшиг	ᠨᠢ	нь	8
эгшиг	ᠠᠶᠠᠯᠭᠤ ᠶᠢ	аялгууг	5
эгшиглэж	ᠪᠠᠶᠢᠭ᠎ᠠ	байгаа	8
эгшиглэж	ᠪᠠᠶᠢᠨ᠎ᠠ	байна	8
эгшиглэж	ᠪᠠᠶᠢᠭᠰᠠᠨ	байсан	8
эгшиглэн	ᠰᠠᠩ	сан	7
эгшиглэн	ᠭ	г	5
эгшиглэн	ᠡᠬᠡ	эх	5
эгшиглэнэ	ᠭᠡᠰᠡᠨ	гэсэн	6
эгшиглэсэн	ᠶᠠᠭᠤᠮ᠎ᠠ	юм	21
эгшиглэсэн	ᠪᠥᠭᠡᠳ	бөгөөд	5
эгшиглэх	ᠶᠠᠭᠤᠮ᠎ᠠ	юм	56
эгшиглэх	ᠨᠢ	нь	53
эгшиглэх	ᠭᠡᠵᠦ	гэж	28
эгшиглүүлж	ᠪᠠᠶᠢᠭ᠎ᠠ	байгаа	5
эгшиглүүлж	ᠪᠠᠶᠢᠭᠰᠠᠨ	байсан	5
эгшиглүүлэх	ᠨᠢ	нь	33
эгшиглүүлэх	ᠶᠠᠭᠤᠮ᠎ᠠ	юм	20
эгшиглүүлэх	ᠭᠡᠵᠦ	гэж	10
эгэл	ᠵᠢᠷ ᠦᠨ	жирийн	150
эгэл	ᠪᠢᠰᠢ	биш	16
эгэл	ᠳᠠᠷᠤᠤᠬᠠᠨ	даруухан	15
эгэлгүй	ᠬᠤᠷᠳᠤᠨ	хурдан	8
эгээ	ᠯᠠ	л	54
эд	ᠬᠥᠷᠦᠩᠭᠡ ᠶᠢ	хөрөнгийг	621
эд	ᠬᠥᠷᠥᠩᠭᠡ	хөрөнгө	554
эд	ᠵᠦᠢᠯ ᠢ	зүйлийг	176
эдгэрэх	ᠪᠣᠯᠤᠮᠵᠢ ᠲᠠᠢ	боломжтой	29
эдгэрэх	ᠪᠦᠷᠢᠨ	бүрэн	9
эдгэрэх	ᠨᠢ	нь	9
эдгээж	ᠪᠠᠶᠢᠨ᠎ᠠ	байна	6
эдгээр	ᠨᠢ	нь	424
эдгээр	ᠠᠰᠠᠭᠤᠳᠠᠯ ᠢ	асуудлыг	118
эдгээр	ᠬᠠᠤᠯᠢ ᠶᠢᠨ	хуулийн	118
эдгээх	ᠭᠡᠳ	гээд	5
эдгээх	ᠬᠡᠴᠡᠭᠦᠦ	хэцүү	5
эдлэж	ᠪᠠᠶᠢᠭ᠎ᠠ	байгаа	16
эдлэж	ᠪᠠᠶᠢᠭᠰᠠᠨ	байсан	9
эдлэж	ᠪᠤᠢ	буй	9
эдлэл	ᠵᠡᠷᠭᠡ	зэрэг	11
эдлэл	ᠨᠡᠬᠡᠮᠡᠯ	нэхмэл	10
эдлэл	ᠬᠡᠷᠡᠭᠯᠡᠯ	хэрэглэл	8
эдлэн	ᠭᠠᠵᠠᠷ	газар	8
эдлэх	ᠪᠣᠯᠤᠮᠵᠢ ᠲᠠᠢ	боломжтой	45
эдлэх	ᠶᠣᠰᠣᠲᠠᠢ	ёстой	33
эдлэх	ᠪᠣᠯᠤᠮᠵᠢ	боломж	25
эдлээд	ᠭᠠᠷᠴᠤ	гарч	9
эдлээд	ᠪᠠᠶᠢᠭ᠎ᠠ	байгаа	8
эдлээд	ᠰᠠᠭᠤᠵᠤ	сууж	7
эдлүүлэх	ᠰᠢᠢᠳᠪᠦᠷᠢ	шийдвэр	35
эдлүүлэх	ᠱᠠᠭᠠᠷᠳᠠᠯᠭ᠎ᠠ ᠦᠭᠡᠢ	шаардлагагүй	7
эдлүүлэх	ᠲᠥᠷᠥ ᠶᠢᠨ	төрийн	6
эдний	ᠨᠢᠭᠡ	нэг	13
эдний	ᠳᠤᠮᠳᠠ ᠠᠴᠠ	дундаас	7
эдний	ᠳᠤᠮᠳᠠ	дунд	5
эдэлбэр	ᠭᠠᠵᠠᠷ ᠲᠤ	газарт	31
эдэлбэр	ᠭᠠᠵᠠᠷ ᠤᠨ	газрын	19
эдэлбэр	ᠭᠠᠵᠠᠷ	газар	10
эдэлгээ	ᠳᠠᠬᠤ	даах	6
эдэлгээ	ᠨᠢ	нь	5
эдэлгээ	ᠰᠠᠶᠢᠲᠠᠢ	сайтай	5
эдэлдэг	ᠪᠠᠶᠢᠭᠰᠠᠨ	байсан	7
эдэлдэг	ᠪᠣᠯ	бол	6
эдэлдэг	ᠶᠠᠭᠤᠮ᠎ᠠ	юм	6
эдэлж	ᠪᠠᠶᠢᠭ᠎ᠠ	байгаа	247
эдэлж	ᠪᠤᠢ	буй	163
эдэлж	ᠪᠠᠶᠢᠭᠰᠠᠨ	байсан	103
эдэлсэн	ᠪᠣᠯ	бол	12
эдэлсэн	ᠨᠢ	нь	6
эдэлсэн	ᠶᠠᠯ᠎ᠠ ᠶᠢᠨ	ялын	5
эе	ᠡᠪ ᠢᠶᠡᠨ	эвээ	17
эе	ᠥᠪ	өв	5
эелдэг	ᠳᠠᠷᠤᠤ	даруу	15
эелдэг	ᠵᠥᠭᠡᠯᠡᠨ	зөөлөн	10
эерэг	ᠦᠷ᠎ᠡ	үр	208
эерэг	ᠨᠥᠯᠥᠭᠡ	нөлөө	205
эерэг	ᠰᠠᠶᠢᠨ	сайн	135
эзгүй	ᠪᠠᠶᠢᠭ᠎ᠠ	байгаа	25
эзгүй	ᠪᠠᠶᠢᠭᠰᠠᠨ	байсан	23
эзгүй	ᠬᠣᠶᠢᠭᠤᠷ	хойгуур	23
эзгүйд	ᠤᠷᠤᠯᠠᠬᠤ	орлох	6
эзгүйд	ᠴᠤ	ч	5
эзлэн	ᠣᠷᠣᠰᠢᠳᠠᠭ	оршдог	10
эзлэн	ᠤᠷᠤᠰᠢᠬᠤ	орших	6
эзлэх	ᠬᠤᠪᠢ	хувь	308
эзлэх	ᠪᠠᠶᠢᠷᠢ	байр	109
эзлэх	ᠬᠤᠪ ᠤᠨ	хувийн	55
эзлээд	ᠪᠠᠶᠢᠭᠰᠠᠨ	байсан	14
эзлээд	ᠪᠠᠶᠢᠨ᠎ᠠ	байна	13
эзлээд	ᠪᠠᠶᠢᠭ᠎ᠠ	байгаа	10
эзний	ᠠᠯᠪᠠ	алба	12
эзнийг	ᠨᠢ	нь	38
эзнийг	ᠲᠣᠳᠣᠷᠠᠭᠤᠯᠤᠭᠰᠠᠨ	тодруулсан	6
эзнээ	ᠬᠦᠯᠢᠶᠡᠵᠦ	хүлээж	17
эзнээ	ᠣᠯᠤᠭᠰᠠᠨ	олсон	9
эзнээ	ᠣᠯᠵᠤ	олж	7
эзэгтэй	ᠨᠠᠷᠠ	нар	13
эзэгтэй	ᠨᠠᠷ ᠤᠨ	нарын	7
эзэгтэй	ᠲᠠ	та	7
эзэд	ᠨᠢ	нь	136
эзэд	ᠪᠣᠯᠤᠭᠰᠠᠨ	болсон	122
эзэд	ᠪᠣᠯᠤᠯ᠎ᠠ	боллоо	84
эзэлдэг	ᠪᠠᠶᠢᠨ᠎ᠠ	байна	78
эзэлдэг	ᠪᠠᠶᠢᠭᠰᠠᠨ	байсан	44
эзэлдэг	ᠪᠥᠭᠡᠳ	бөгөөд	44
эзэлж	ᠪᠠᠶᠢᠨ᠎ᠠ	байна	520
эзэлж	ᠪᠠᠶᠢᠭ᠎ᠠ	байгаа	438
эзэлж	ᠪᠠᠶᠢᠭᠰᠠᠨ	байсан	184
эзэлсэн	ᠪᠠᠶᠢᠨ᠎ᠠ	байна	184
эзэлсэн	ᠪᠣᠯ	бол	59
эзэлсэн	ᠶᠠᠭᠤᠮ᠎ᠠ	юм	43
эзэмшил	ᠭᠠᠵᠠᠷ ᠤᠨ	газрын	15
эзэмшил	ᠨᠢ	нь	11
эзэмшил	ᠬᠤᠪᠢ	хувь	11
эзэмших	ᠡᠷᠬᠡ ᠶᠢ	эрхийг	64
эзэмших	ᠶᠣᠰᠣᠲᠠᠢ	ёстой	63
эзэмших	ᠠᠰᠢᠭᠯᠠᠬᠤ	ашиглах	61
эзэмшүүлэх	ᠠᠰᠢᠭᠯᠠᠭᠤᠯᠬᠤ	ашиглуулах	18
эзэмшүүлэх	ᠠᠰᠠᠭᠤᠳᠠᠯ ᠢ	асуудлыг	14
эзэмшүүлэх	ᠨᠢ	нь	14
эзэн	ᠪᠣᠯᠤᠭᠰᠠᠨ	болсон	439
эзэн	ᠴᠢᠩᠭᠢᠰ	чингис	363
эзэн	ᠬᠠᠭᠠᠨ ᠤ	хааны	343
эзэнгүй	ᠪᠠᠶᠢᠭᠰᠠᠨ	байсан	19
эзэнгүй	ᠪᠠᠶᠢᠭ᠎ᠠ	байгаа	17
эзэнгүй	ᠠᠶᠢᠯ	айл	12
эзэнд	ᠨᠢ	нь	32
эзэндээ	ᠣᠴᠢᠭᠰᠠᠨ	очсон	12
эзэндээ	ᠬᠦᠷᠴᠦ	хүрч	12
эзэндээ	ᠦᠨᠡᠨᠴᠢ	үнэнч	7
эзэнт	ᠭᠦᠷᠦᠨ	гүрэн	63
эзэнт	ᠭᠦᠷᠦᠨ ᠢ	гүрнийг	24
эзэнт	ᠤᠯᠤᠰ ᠲᠤ	улсад	19
эзэнтэй	ᠪᠣᠯᠭᠠᠬᠤ	болгох	22
эзэнтэй	ᠪᠣᠯᠤᠭᠰᠠᠨ	болсон	19
эзэнтэй	ᠲᠤᠰ	тус	18
экологи	ᠨᠣᠭᠣᠭᠠᠨ	ногоон	89
экологи	ᠪᠠᠶᠢᠭᠠᠯᠢ	байгаль	21
экологи	ᠪᠣᠯᠤᠨ	болон	13
экспорт	ᠢᠮᠫᠣᠷᠲ	импорт	85
экспорт	ᠨᠢ	нь	43
экспорт	ᠬᠤᠪᠢᠶᠠᠷᠢ	хувиар	36
экспортлогч	ᠣᠷᠣᠨ	орон	68
экспортлогч	ᠪᠣᠯᠬᠤ	болох	12
экспортлогч	ᠠᠵᠤ	аж	8
экспортлох	ᠪᠣᠯᠤᠮᠵᠢ	боломж	54
экспортлох	ᠪᠣᠯᠤᠮᠵᠢ ᠲᠠᠢ	боломжтой	51
экспортлох	ᠢᠮᠫᠤᠷᠲᠯᠠᠬᠤ	импортлох	22
экспортод	ᠭᠠᠷᠭᠠᠬᠤ	гаргах	102
экспортод	ᠭᠠᠷᠭᠠᠵᠤ	гаргаж	94
экспортод	ᠭᠠᠷᠭᠠᠭᠰᠠᠨ	гаргасан	39
эл	ᠠᠰᠠᠭᠤᠳᠠᠯ ᠢ	асуудлыг	231
эл	ᠡᠳᠦᠷ	өдөр	147
эл	ᠬᠡᠷᠡᠭ ᠢ	хэргийг	70
элбэг	ᠪᠠᠶᠢᠳᠠᠭ	байдаг	123
элбэг	ᠪᠠᠶᠢᠨ᠎ᠠ	байна	34
элбэг	ᠪᠣᠯᠤᠭᠰᠠᠨ	болсон	25
элгэн	ᠨᠤᠲᠤᠭ	нутаг	33
элгэн	ᠰᠠᠳᠤᠨ	садан	22
элгэн	ᠲᠠᠷᠠᠭ	тараг	20
элгэнд	ᠮᠢᠨᠢ	минь	5
элгэнд	ᠮᠠᠭᠤ	муу	5
элдвийн	ᠶᠠᠭᠤᠮ᠎ᠠ	юм	13
элдвийн	ᠮᠠᠭᠤ	муу	6
элдвээр	ᠬᠡᠯᠡᠵᠦ	хэлж	22
элдвээр	ᠬᠠᠷᠢᠶᠠᠵᠤ	харааж	9
элдвээр	ᠲᠠᠶᠢᠳᠬᠤᠷᠠᠭᠤᠯᠵᠤ	тайтгаруулж	8
элдэв	ᠲᠥᠷᠦᠯ ᠦᠨ	төрлийн	61
элдэв	ᠶᠠᠭᠤᠮ᠎ᠠ	юм	34
элдэв	ᠵᠦᠢᠯ	зүйл	28
электрон	ᠪᠠᠷ᠎ᠠ	бараа	45
электрон	ᠪᠠᠷᠠᠭᠠᠨ ᠤ	барааны	20
электрон	ᠬᠡᠯᠪᠡᠷᠢ ᠪᠡᠷ	хэлбэрээр	13
элс	ᠬᠠᠶᠢᠷᠭᠤ	хайрга	51
элс	ᠪᠣᠯᠤᠨ	болон	7
элс	ᠨᠢ	нь	7
элсний	ᠨᠠᠭᠠᠳᠤᠮ ᠳᠤ	наадамд	22
элсний	ᠨᠡᠭᠦᠳᠡᠯ	нүүдэл	18
элсний	ᠸᠣᠯᠧᠢᠪᠣᠯ	волейбол	13
элсэгч	ᠶᠡᠬᠡ	их	5
элсэлт	ᠠᠪᠴᠤ	авч	45
элсэлт	ᠠᠪᠬᠤ	авах	20
элсэлт	ᠠᠪᠤᠨ᠎ᠠ	авна	12
элсэн	ᠰᠢᠬᠢᠷ	чихэр	105
элсэн	ᠰᠤᠷᠤᠯᠴᠠᠬᠤ	суралцах	93
элсэн	ᠣᠷᠣᠭᠰᠠᠨ	орсон	77
элч	ᠲᠥᠯᠥᠭᠡᠯᠡᠭᠴᠢ	төлөөлөгч	30
элч	ᠨᠠᠷᠠ	нар	11
элч	ᠳᠠᠭᠤᠴᠢᠨ	дуучин	10
элчин	ᠰᠠᠶᠢᠳ	сайд	2069
элчин	ᠰᠠᠶᠢᠳ ᠤᠨ	сайдын	1128
элчин	ᠰᠠᠶᠢᠳ ᠤᠳ	сайдууд	47
элэг	ᠰᠢᠯᠵᠢᠭᠦᠯᠦᠨ	шилжүүлэн	355
элэг	ᠪᠦᠲᠦᠨ	бүтэн	98
элэг	ᠰᠥᠰᠥ	цөс	92
элэгдэж	ᠬᠠᠭᠤᠴᠢᠷᠠᠭᠰᠠᠨ	хуучирсан	9
элэгдэл	ᠬᠣᠷᠣᠭᠳᠠᠯ	хорогдол	8
элэгсэг	ᠳᠣᠲᠣᠨᠣ	дотно	27
элэгсэг	ᠳᠣᠲᠣᠨᠣ ᠪᠠᠷ	дотноор	6
эм	ᠡᠮᠨᠡᠯᠭᠡ ᠶᠢᠨ	эмнэлгийн	255
эм	ᠲᠠᠷᠢᠶ᠎ᠠ	тариа	217
эм	ᠨᠢ	нь	129
эмгэг	ᠨᠢ	нь	34
эмгэг	ᠪᠣᠯᠤᠨ	болон	16
эмгэг	ᠡᠭᠦᠰᠬᠡᠭᠴᠢ	үүсгэгч	15
эмгэн	ᠬᠢᠮᠤᠰᠤ	хумс	10
эмгэн	ᠰᠢᠭ	шиг	7
эмгэн	ᠡᠪᠦᠭᠡᠨ	өвгөн	7
эмгэнэл	ᠢᠯᠡᠷᠬᠡᠶᠢᠯᠡᠵᠦ	илэрхийлж	23
эмгэнэл	ᠢᠯᠡᠷᠬᠡᠶᠢᠯᠡᠭᠰᠡᠨ	илэрхийлсэн	19
эмгэнэл	ᠢᠯᠡᠷᠬᠡᠶᠢᠯᠡᠶ᠎ᠡ	илэрхийлье	19
эмгэнэлтэй	ᠨᠢ	нь	17
эмгэнэлтэй	ᠬᠡᠷᠡᠭ	хэрэг	8
эмгэнэлтэй	ᠶᠠᠪᠤᠳᠠᠯ	явдал	8
эмзэг	ᠠᠰᠠᠭᠤᠳᠠᠯ	асуудал	42
эмзэг	ᠪᠠᠶᠢᠳᠠᠯ ᠢ	байдлыг	37
эмзэг	ᠰᠡᠳᠦᠪ	сэдэв	21
эмзэглэж	ᠪᠠᠶᠢᠨ᠎ᠠ	байна	31
эмзэглэж	ᠪᠠᠶᠢᠭ᠎ᠠ	байгаа	21
эмзэглэж	ᠶᠠᠪᠤᠳᠠᠭ	явдаг	15
эмийн	ᠰᠠᠩ	сан	259
эмийн	ᠲᠠᠯ᠎ᠠ ᠪᠠᠷ	талаар	131
эмийн	ᠦᠢᠯᠡᠳᠪᠦᠷᠢ	үйлдвэр	73
эмнэг	ᠬᠠᠩᠭᠠᠯ	хангал	25
эмнэл	ᠵᠦᠢ ᠶᠢᠨ	зүйн	46
эмнэл	ᠭᠡᠶᠢᠨ	гийн	37
эмнэлгийн	ᠲᠤᠰᠠᠯᠠᠮᠵᠢ	тусламж	605
эмнэлгийн	ᠡᠮᠴᠢ	эмч	393
эмнэлгийн	ᠲᠣᠨᠣᠭ	тоног	218
эмнэлэг	ᠨᠢ	нь	218
эмнэлэг	ᠳᠡᠭᠡᠷ᠎ᠡ	дээр	179
эмнэлэг	ᠷᠦᠦ	рүү	130
эмнэлэгийн	ᠲᠤᠰᠠᠯᠠᠮᠵᠢ	тусламж	21
эмнэлэгийн	ᠡᠮᠴᠢ	эмч	20
эмнэлэгийн	ᠪᠠᠷᠢᠯᠭ᠎ᠠ ᠶᠢᠨ	барилгын	11
эмнэлэгт	ᠬᠡᠪᠲᠡᠨ	хэвтэн	191
эмнэлэгт	ᠬᠡᠪᠲᠡᠵᠦ	хэвтэж	142
эмнэлэгт	ᠬᠠᠩᠳᠠᠬᠤ	хандах	64
эмс	᠍ ᠤᠨ	ын	36
эмт	ᠲᠥᠪ	төв	12
эмт	ᠡᠶᠢᠨ	ийн	10
эмх	ᠵᠠᠮᠪᠠᠷᠠᠭ᠎ᠠ ᠦᠭᠡᠢ	замбараагүй	232
эмх	ᠴᠡᠭᠴᠡ	цэгц	19
эмх	ᠵᠢᠷᠤᠮ	журам	10
эмхэтгэн	ᠲᠠᠨᠢᠯᠴᠠᠭᠤᠯᠳᠠᠭ	танилцуулдаг	7
эмхэтгэн	ᠭᠠᠷᠭᠠᠭᠰᠠᠨ	гаргасан	5
эмч	ᠨᠠᠷᠠ	нар	2068
эмч	ᠨᠠᠷ ᠤᠨ	нарын	1013
эмч	ᠰᠤᠪᠢᠯᠠᠭᠴᠢ	сувилагч	344
эмчийг	ᠠᠵᠢᠯ ᠠᠴᠠ	ажлаас	13
эмчийг	ᠳᠠᠭᠤᠳᠠᠵᠤ	дуудаж	11
эмчийг	ᠨᠢᠭᠡ	нэг	5
эмчилгээ	ᠬᠢᠯᠭᠡᠵᠦ	хийлгэж	200
эмчилгээ	ᠬᠢᠯᠭᠡᠬᠦ	хийлгэх	192
эмчилгээ	ᠨᠢ	нь	151
эмчилгээгээ	ᠬᠢᠯᠭᠡᠵᠦ	хийлгэж	12
эмчилж	ᠪᠠᠶᠢᠭ᠎ᠠ	байгаа	45
эмчилж	ᠪᠠᠶᠢᠨ᠎ᠠ	байна	30
эмчилж	ᠴᠢᠳᠠᠬᠤ ᠦᠭᠡᠢ	чадахгүй	24
эмчлэгдэж	ᠪᠠᠶᠢᠭ᠎ᠠ	байгаа	22
эмчлэгдэж	ᠪᠠᠶᠢᠨ᠎ᠠ	байна	17
эмчлэгдэх	ᠪᠣᠯᠤᠮᠵᠢ ᠦᠭᠡᠢ	боломжгүй	36
эмчлэгдэх	ᠪᠣᠯᠤᠮᠵᠢ ᠲᠠᠢ	боломжтой	16
эмчлэгдэх	ᠪᠣᠯᠤᠮᠵᠢ	боломж	7
эмчлэх	ᠪᠣᠯᠤᠮᠵᠢ ᠲᠠᠢ	боломжтой	41
эмчлэх	ᠪᠣᠯᠤᠮᠵᠢ ᠦᠭᠡᠢ	боломжгүй	32
эмчлэх	ᠠᠷᠭ᠎ᠠ	арга	30
эмчлүүлж	ᠪᠠᠶᠢᠭ᠎ᠠ	байгаа	310
эмчлүүлж	ᠪᠠᠶᠢᠨ᠎ᠠ	байна	112
эмчлүүлж	ᠪᠤᠢ	буй	101
эмчлүүлэх	ᠱᠠᠭᠠᠷᠳᠠᠯᠭ᠎ᠠ ᠲᠠᠢ	шаардлагатай	72
эмчлүүлэх	ᠭᠡᠵᠦ	гэж	20
эмчлүүлэх	ᠪᠣᠯᠤᠮᠵᠢ ᠦᠭᠡᠢ	боломжгүй	19
эмэг	ᠲᠡᠢ	тэй	52
эмэг	ᠡᠬᠡ	эх	35
эмэг	ᠡᠬᠡ ᠪᠡᠨ	эхээ	6
эмэгтэй	ᠪᠠᠭ	баг	436
эмэгтэй	ᠬᠦᠮᠦᠨ	хүн	391
эмэгтэй	ᠬᠦᠮᠦᠨ ᠦ	хүний	259
эмэгтэйн	ᠳᠦᠷᠦ	дүр	29
эмэгтэйн	ᠳᠦᠷᠢ ᠶᠢ	дүрийг	26
эмэгтэйн	ᠲᠤᠬᠠᠢ	тухай	21
эмэгтэйчүүд	ᠨᠢ	нь	51
эмэгтэйчүүд	ᠪᠠᠶᠢᠳᠠᠭ	байдаг	28
эмэгтэйчүүд	ᠪᠠᠶᠢᠨ᠎ᠠ	байна	27
эмэгчин	ᠬᠠᠴᠢᠭ	хачиг	10
эмэгчин	ᠨᠢ	нь	8
эмээ	ᠡᠪᠦᠭᠡ	өвөө	66
эмээ	ᠨᠢ	нь	65
эмээ	ᠮᠠᠨᠢ	маань	36
эмээгийн	ᠬᠥᠷᠥᠭ	хөрөг	6
эмээж	ᠪᠠᠶᠢᠨ᠎ᠠ	байна	23
эмээж	ᠪᠠᠶᠢᠭ᠎ᠠ	байгаа	20
эмээж	ᠪᠠᠶᠢᠭᠰᠠᠨ	байсан	16
эмээл	ᠬᠠᠵᠠᠭᠠᠷ	хазаар	27
эмээл	ᠨᠢ	нь	6
эмээлт	ᠪᠠᠷᠠᠭᠤᠨ	баруун	8
эмээлт	ᠮᠣᠷᠢ	морь	7
эмээх	ᠵᠦᠢᠯ	зүйл	7
эмя	ᠨ ᠤ	ны	469
эмя	ᠨᠳ	нд	62
эмя	ᠪᠣᠯᠤᠨ	болон	26
эн	ᠲᠡᠩᠴᠡᠭᠦᠦ	тэнцүү	142
эн	ᠲᠡᠷᠢᠭᠦᠨ ᠳᠦ	тэргүүнд	75
эн	ᠲᠡᠩᠴᠡᠭᠦᠬᠡᠨ	тэнцүүхэн	43
энгийн	ᠢᠷᠭᠡᠳ	иргэд	86
энгийн	ᠨᠢᠭᠡ	нэг	79
энгийн	ᠨᠢᠭᠡᠨ	нэгэн	74
энгэр	ᠡᠭᠡᠭᠡᠪᠦᠷ	ээвэр	8
энгэр	ᠳᠡᠭᠡᠷ᠎ᠡ	дээр	7
энгэр	ᠨᠢ	нь	5
энгэрийн	ᠲᠡᠮᠳᠡᠭ	тэмдэг	43
энгэрийн	ᠳ᠋ᠤᠭᠠᠷ	дугаар	8
энгэрийн	ᠬᠣᠭ ᠤᠨ	хогийн	7
энгэрт	ᠨᠢ	нь	21
энгэрт	ᠭᠢᠯᠠᠯᠵᠠᠬᠤ	гялалзах	13
энгэрт	ᠴᠢᠨᠢ	чинь	6
энгэртээ	ᠵᠡᠭᠦᠭᠰᠡᠨ	зүүсэн	14
энгэртээ	ᠲᠡᠪᠡᠷᠢᠴᠢ	тэвэрч	7
энгэртээ	ᠵᠡᠭᠦᠵᠦ	зүүж	6
энгэрээ	ᠮᠢᠯᠢᠶᠠᠭᠰᠠᠨ	мялаасан	58
энгэрээ	ᠮᠢᠯᠢᠶᠠᠯ᠎ᠠ	мялаалаа	30
энгэрээ	ᠮᠢᠯᠢᠶᠠᠵᠤ	мялааж	16
энгүй	ᠲᠠᠯ᠎ᠠ	тал	15
энгүй	ᠶᠡᠬᠡ	их	8
энд	ᠳᠠᠷᠤᠵᠤ	дарж	1053
энд	ᠲᠡᠨᠳᠡ	тэнд	287
энд	ᠨᠢᠭᠡ	нэг	207
эндсэн	ᠪᠠᠶᠢᠨ᠎ᠠ	байна	14
эндсэн	ᠬᠠᠷᠠᠮᠰᠠᠯᠲᠠᠢ	харамсалтай	9
эндсэн	ᠭᠡᠰᠡᠨ	гэсэн	6
эндэгдэл	ᠪᠣᠯᠵᠤ	болж	13
эндэгдэл	ᠪᠠᠭᠤᠷᠠᠭᠰᠠᠨ	буурсан	12
эндэгдэл	ᠪᠠᠭᠤᠷᠴᠢ	буурч	12
эндэж	ᠪᠠᠶᠢᠨ᠎ᠠ	байна	11
эндэж	ᠡᠮᠦᠨᠡᠬᠢ	өмнөх	8
эндэж	ᠪᠠᠶᠢᠭ᠎ᠠ	байгаа	6
эндэх	ᠠᠵᠢᠯ ᠢᠶᠠᠨ	ажлаа	6
эндэх	ᠨᠢ	нь	6
эндэх	ᠶᠠᠪᠤᠳᠠᠯ	явдал	5
эндээ	ᠯᠠ	л	6
эндээс	ᠬᠠᠷᠠᠬᠤ ᠳᠤ	харахад	167
эндээс	ᠯᠠ	л	83
эндээс	ᠦᠵᠡᠨ᠎ᠡ	үзнэ	58
эндүүрэл	ᠪᠣᠯᠤᠨ᠎ᠠ	болно	12
эндүүрэл	ᠪᠠᠶᠢᠬᠤ ᠦᠭᠡᠢ	байхгүй	8
эндүүрэл	ᠶᠠᠭᠤᠮ᠎ᠠ	юм	6
энерги	ᠡᠷᠴᠢ	эрч	11
энерги	ᠠᠰᠢᠭᠯᠠᠬᠤ	ашиглах	10
энерги	ᠰᠢᠩᠭᠡᠭᠰᠡᠨ	шингэсэн	7
энийг	ᠯᠠ	л	22
энийг	ᠨᠢ	нь	16
энийг	ᠶᠠᠵ	яаж	9
энтертайнмент	ᠷᠧᠶᠢᠫᠧᠷ	реппер	10
энтертайнмент	ᠱᠣᠤ	шоу	7
энтертайнмент	ᠡᠬᠡ	эх	7
энх	ᠡᠷᠳᠡᠨᠢ	эрдэнэ	1428
энх	ᠠᠮᠤᠭᠤᠯᠠᠩ	амгалан	577
энх	ᠲᠠᠶᠢᠪᠤᠩ	тайван	275
энхбат	ᠤ	у	84
энхбат	ᠠ	а	35
энхбат	ᠨᠠᠷᠠ	нар	34
энхболд	ᠶᠡᠷᠦᠩᠬᠡᠢ	ерөнхий	143
энхболд	ᠤᠡᠬ	уих	142
энхболд	ᠥᠨᠥᠳᠥᠷ	өнөөдөр	138
энхжин	ᠨᠠᠷᠠ	нар	13
энхийг	ᠰᠠᠬᠢᠭᠤᠯᠬᠤ	сахиулах	196
энхийг	ᠳᠡᠮᠵᠢᠬᠦ	дэмжих	87
энхийг	ᠬᠦᠰᠡᠨ	хүсэн	11
энхийн	ᠲᠥᠯᠥᠭᠡ	төлөө	42
энхийн	ᠵᠠᠮ ᠢᠶᠠᠷ	замаар	20
энхийн	ᠴᠠᠭᠠᠨ	цагаан	17
энхмандах	ᠡᠬᠡ	эх	10
энхмандах	ᠨᠠᠷᠠ	нар	7
энхрий	ᠢᠯᠳᠠᠮ	ялдам	20
энхрий	ᠬᠠᠶᠢᠷᠠᠲᠤ	хайрт	16
энхрий	ᠴᠢ	чи	15
энхрийхэн	ᠮᠢᠨᠢ	минь	5
энхрийхэн	ᠴᠢ	чи	5
энхтайваны	ᠥᠷᠭᠡᠨ	өргөн	58
энхтайваны	ᠭᠦᠭᠦᠷᠭᠡᠨ	гүүрэн	14
энхтайваны	ᠬᠣᠩᠭᠣᠷ	хонгор	11
энхээ	ᠬᠦᠷᠡᠯ	хүрэл	10
энхээ	ᠭᠡᠭᠴᠢ	гэгч	9
энхээ	ᠨᠢ	нь	5
энэ	ᠨᠢ	нь	12920
энэ	ᠮᠡᠳᠡᠭᠡ	мэдээ	10037
энэ	ᠰᠠᠷ᠎ᠠ ᠶᠢᠨ	сарын	9606
энэнээс	ᠢᠯᠡᠭᠦᠦ	илүү	9
энэнээс	ᠥᠭᠡᠷ᠎ᠡ	өөр	6
энэнээс	ᠴᠤ	ч	5
энэрэл	ᠬᠠᠶᠢᠷ᠎ᠠ	хайр	14
энэрэл	ᠨᠢᠭᠦᠯᠡᠰᠦᠯ	нигүүлсэл	12
энэрэл	ᠪ	б	9
энэрэнгүй	ᠠᠷᠠᠳᠴᠢᠯᠠᠭᠰᠠᠨ	ардчилсан	6
энэрэнгүй	ᠰᠡᠳᠬᠢᠯ ᠲᠡᠢ	сэтгэлтэй	6
энэрэнгүй	ᠦᠵᠡᠯ	үзэл	6
энэтхэг	ᠤᠯᠤᠰ ᠤᠨ	улсын	245
энэтхэг	ᠤᠯᠤᠰ	улс	89
энэтхэг	ᠤᠯᠤᠰ ᠲᠤ	улсад	81
энэхэн	ᠬᠣᠷᠸ᠎ᠠ ᠳᠤ	хорвоод	15
энэхэн	ᠬᠣᠷᠸ᠎ᠠ	хорвоо	13
энэхэн	ᠣᠷᠴᠢᠯᠠᠩ ᠳᠤ	орчлонд	10
энэхүү	ᠠᠷᠭ᠎ᠠ	арга	436
энэхүү	ᠬᠠᠤᠯᠢ ᠶᠢᠨ	хуулийн	430
энэхүү	ᠲᠡᠮᠡᠴᠡᠭᠡᠨ ᠳᠦ	тэмцээнд	415
энүүхэнд	ᠪᠠᠶᠢᠨ᠎ᠠ	байна	6
эр	ᠬᠦᠮᠦᠨ	хүн	336
эр	ᠬᠦᠮᠦᠨ ᠦ	хүний	196
эр	ᠵᠣᠷᠢᠭ	зориг	159
эрвээхэй	ᠬᠠᠲᠤᠭᠲᠠᠢ	хатагтай	7
эрвээхэй	ᠵᠠᠩᠭᠢᠶ᠎ᠠ	зангиа	6
эрвээхэй	ᠬᠣᠶᠠᠷ	хоёр	5
эргийн	ᠳᠠᠭᠠᠤ	дагуу	14
эргийн	ᠪᠣᠭᠣᠮᠲᠠ	боомт	5
эргийн	ᠴᠠᠭ ᠢᠶᠠᠷ	цагаар	5
эргэдэг	ᠶᠠᠭᠤᠮ᠎ᠠ	юм	5
эргэж	ᠬᠠᠷᠠᠬᠤ	харах	209
эргэж	ᠢᠷᠡᠬᠦ	ирэх	40
эргэж	ᠢᠷᠡᠭᠡᠳ	ирээд	40
эргэлдэж	ᠪᠠᠶᠢᠭ᠎ᠠ	байгаа	112
эргэлдэж	ᠪᠤᠢ	буй	34
эргэлдэж	ᠪᠠᠶᠢᠨ᠎ᠠ	байна	33
эргэлдэх	ᠮᠥᠩᠭᠥᠨ ᠦ	мөнгөний	17
эргэлдэх	ᠪᠣᠯᠤᠭᠰᠠᠨ	болсон	10
эргэлзэж	ᠪᠠᠶᠢᠨ᠎ᠠ	байна	61
эргэлзэж	ᠪᠠᠶᠢᠭ᠎ᠠ	байгаа	49
эргэлзэж	ᠪᠠᠶᠢᠭᠰᠠᠨ	байсан	35
эргэлзэх	ᠬᠡᠷᠡᠭ ᠦᠭᠡᠢ	хэрэггүй	26
эргэлзэх	ᠵᠦᠢᠯ ᠦᠭᠡᠢ	зүйлгүй	23
эргэлзэх	ᠵᠦᠢᠯ	зүйл	22
эргэлзэхгүй	ᠪᠠᠶᠢᠨ᠎ᠠ	байна	168
эргэлзэхгүй	ᠪᠠᠶᠢᠭ᠎ᠠ	байгаа	25
эргэлзээ	ᠲᠥᠷᠦᠭᠦᠯᠵᠦ	төрүүлж	54
эргэлзээ	ᠲᠥᠷᠦᠭᠦᠯᠦᠭᠰᠡᠨ	төрүүлсэн	20
эргэлзээ	ᠲᠥᠷᠥᠭᠦᠯᠬᠦ	төрүүлэх	19
эргэлзээгүй	ᠶᠠᠭᠤᠮ᠎ᠠ	юм	5
эргэлт	ᠪᠤᠴᠠᠯᠲᠠ ᠦᠭᠡᠢ	буцалтгүй	90
эргэлт	ᠨᠢ	нь	27
эргэлт	ᠬᠢᠵᠦ	хийж	21
эргэлтэнд	ᠤᠷᠤᠭᠤᠯᠬᠤ	оруулах	54
эргэлтэнд	ᠣᠷᠣᠭᠤᠯᠵᠤ	оруулж	33
эргэлтэнд	ᠣᠷᠣᠵᠤ	орж	12
эргэн	ᠲᠣᠭᠣᠷᠢᠨ ᠳᠤ	тойронд	326
эргэн	ᠲᠥᠯᠭᠡᠳᠡᠬᠦ	төлөгдөх	242
эргэн	ᠲᠣᠭᠣᠷᠢᠨ	тойрон	166
эргэнэ	ᠡ	ээ	7
эргэнэ	ᠭᠡᠵᠦ	гэж	6
эргэсэн	ᠶᠠᠭᠤᠮ᠎ᠠ	юм	12
эргэсэн	ᠪᠠᠶᠢᠨ᠎ᠠ	байна	9
эргэх	ᠨᠢ	нь	24
эргэх	ᠬᠣᠯᠪᠣᠭ᠎ᠠ	холбоо	24
эргэх	ᠬᠣᠯᠪᠣᠭᠠᠲᠠᠢ	холбоотой	21
эргэцүүлж	ᠨᠢᠭᠡ	нэг	9
эргэцүүлж	ᠪᠣᠳᠣᠬᠤ	бодох	6
эргэцүүлэн	ᠪᠣᠳᠣᠬᠤ	бодох	7
эргэцүүлэн	ᠪᠣᠳᠣᠵᠤ	бодож	6
эргэцүүлэн	ᠪᠣᠳᠣᠬᠤ ᠳᠤ	бодоход	6
эргээд	ᠬᠠᠷᠠᠬᠤ ᠳᠤ	харахад	121
эргээд	ᠯᠠ	л	60
эргээд	ᠨᠢᠭᠡ	нэг	55
эргүүл	ᠬᠢᠵᠦ	хийж	22
эргүүл	ᠬᠢᠨᠠᠯᠲᠠ	хяналт	10
эргүүл	ᠠᠵᠢᠯᠯᠠᠵᠤ	ажиллаж	9
эргүүлж	ᠠᠪᠬᠤ	авах	24
эргүүлж	ᠠᠰᠢᠭᠯᠠᠬᠤ	ашиглах	13
эргүүлж	ᠣᠯᠵᠤ	олж	11
эргүүлэн	ᠲᠠᠲᠠᠬᠤ	татах	194
эргүүлэн	ᠲᠠᠲᠠᠵᠤ	татаж	97
эргүүлэн	ᠠᠪᠬᠤ	авах	71
эргүүлэх	ᠨᠢ	нь	7
эргүүлэх	ᠪᠣᠯᠤᠮᠵᠢ ᠶᠢ	боломжийг	5
эргүүлээд	ᠮᠣᠩᠭᠣᠯ ᠤᠨ	монголын	6
эрдмийн	ᠲᠢᠶᠠᠲ᠋ᠷ ᠲᠤ	театрт	147
эрдмийн	ᠲᠢᠶᠠᠲ᠋ᠷ	театр	104
эрдмийн	ᠵᠡᠷᠭᠡ	зэрэг	77
эрдэм	ᠰᠢᠨᠵᠢᠯᠡᠭᠡ	шинжилгээ	288
эрдэм	ᠮᠡᠳᠡᠯᠭᠡ	мэдлэг	35
эрдэм	ᠨᠣᠮ ᠤᠨ	номын	31
эрдэмтэй	ᠬᠦᠮᠦᠨ	хүн	14
эрдэмтэн	ᠰᠤᠳᠤᠯᠤᠭᠠᠴᠢᠳ	судлаачид	368
эрдэмтэн	ᠪᠠᠭᠰᠢ	багш	188
эрдэмтэн	ᠰᠤᠳᠤᠯᠤᠭᠠᠴᠢ	судлаач	117
эрдэнийг	ᠭᠠᠳᠠᠭᠰᠢ	гадагш	11
эрдэнийг	ᠪᠣᠯᠪᠠᠰᠤᠷᠠᠯ	боловсрол	5
эрдэнийг	ᠬᠤᠪ ᠤᠨ	хувийн	5
эрдэнийн	ᠬᠤᠪᠢ	хувь	50
эрдэнийн	ᠠᠭᠤᠷᠬᠠᠶᠢᠴᠢᠨ	уурхайчин	44
эрдэнийн	ᠬᠦᠷᠢᠨ	хүрэн	32
эрдэнэ	ᠨᠠᠷᠠ	нар	244
эрдэнэ	ᠣᠴᠢᠷ	очир	219
эрдэнэ	ᠰᠤᠮᠤ ᠶᠢᠨ	сумын	130
эрдэнэс	ᠲᠠᠪᠤᠨᠲᠣᠯᠣᠭᠠᠢ	тавантолгой	1725
эрдэнэс	ᠲᠠᠪᠤᠨ	таван	613
эрдэнэс	ᠮᠣᠩᠭᠣᠯ	монгол	157
эрдэнэт	ᠦᠢᠯᠡᠳᠪᠦᠷᠢ	үйлдвэр	341
эрдэнэт	ᠬᠣᠲᠠᠳ	хотод	127
эрдэнэт	ᠬᠣᠲᠠ ᠶᠢᠨ	хотын	93
эрдэнэцагаан	ᠰᠤᠮᠤ ᠶᠢᠨ	сумын	19
эрдэнэцагаан	ᠰᠤᠮᠤᠨ ᠳᠤ	суманд	12
эрдэнэцагаан	ᠰᠤᠮᠤ	сум	8
эрдэнэчимэг	ᠭᠡᠰᠢᠭᠦᠨ	гишүүн	50
эрдэнэчимэг	ᠨᠠᠷᠠ	нар	38
эрдэнэчимэг	ᠰ	с	21
эрдэнээс	ᠲᠣᠳᠣᠷᠠᠭᠤᠯᠤᠯ᠎ᠠ	тодрууллаа	15
эрдэс	ᠪᠠᠶᠠᠯᠢᠭ	баялаг	365
эрдэс	ᠪᠣᠳᠠᠰ	бодис	77
эрдэс	ᠲᠦᠭᠦᠬᠡᠢ	түүхий	46
эрж	ᠬᠠᠶᠢᠵᠤ	хайж	50
эрж	ᠬᠠᠶᠢᠬᠤ	хайх	43
эрж	ᠬᠠᠶᠢᠳᠠᠭ	хайдаг	14
эрийг	ᠨᠠᠰᠤ	нас	9
эрийн	ᠭᠤᠷᠪᠠᠨ	гурван	77
эрийн	ᠴᠡᠭᠡᠨ ᠳᠦ	цээнд	61
эрийн	ᠬᠡᠶᠢᠮᠣᠷᠢ	хийморь	34
эрин	ᠦᠶ᠎ᠡ	үе	121
эрин	ᠵᠠᠭᠤᠨ ᠳᠤ	зуунд	47
эрин	ᠦᠶ᠎ᠡ ᠳᠦ	үед	39
эринд	ᠠᠮᠢᠳᠤᠷᠠᠵᠤ	амьдарч	6
эрлийз	ᠳᠡᠭᠡᠳᠦ	дээд	30
эрлийз	ᠮᠣᠷᠢᠳ ᠤᠨ	морьдын	25
эрлийз	ᠠᠳᠤᠭᠤ	адуу	19
эрлийн	ᠠᠵᠢᠯ ᠤᠨ	ажлын	19
эрлийн	ᠭᠡᠷ ᠢᠶᠡᠨ	гэрээ	17
эрлийн	ᠪᠠᠭ	баг	12
эрмэлзэл	ᠳᠦᠭᠦᠷᠡᠩ	дүүрэн	19
эрмэлзэл	ᠨᠢ	нь	17
эрмэлзэл	ᠪᠤᠢ	бий	9
эрмэлзэх	ᠪᠣᠯᠤᠨ᠎ᠠ	болно	9
эрмэлзэх	ᠪᠣᠯᠵᠠᠢ	болжээ	5
эрмэлзэх	ᠨᠢ	нь	5
эрс	ᠲᠡᠰ	тэс	150
эрс	ᠨᠡᠮᠡᠭᠳᠡᠵᠦ	нэмэгдэж	136
эрс	ᠨᠡᠮᠡᠭᠳᠡᠭᠰᠡᠨ	нэмэгдсэн	113
эрсдэл	ᠥᠨᠳᠥᠷ	өндөр	91
эрсдэл	ᠪᠠᠭᠠᠲᠠᠢ	багатай	81
эрсдэл	ᠪᠤᠢ	бий	69
эрсдэх	ᠨᠢ	нь	9
эрсдэх	ᠶᠠᠪᠤᠳᠠᠯ	явдал	9
эрсдэх	ᠲᠣᠬᠢᠶᠠᠯᠳᠤᠯ	тохиолдол	6
эрсийн	ᠰᠦᠷᠯᠢᠭ	сүрлэг	6
эрт	ᠪᠠᠶᠢᠨ᠎ᠠ	байна	136
эрт	ᠳᠡᠭᠡᠷ᠎ᠡ	дээр	111
эрт	ᠦᠶ᠎ᠡ ᠳᠦ	үед	86
эртний	ᠰᠠᠶᠢᠬᠠᠨ	сайхан	31
эртний	ᠲᠡᠦᠬᠡ ᠲᠡᠢ	түүхтэй	29
эртний	ᠲᠡᠦᠬᠡᠲᠦ	түүхт	28
эртнээс	ᠨᠠᠰᠢ	нааш	23
эртнээс	ᠯᠠ	л	21
эртнээс	ᠲᠥᠯᠥᠪᠯᠡᠵᠦ	төлөвлөж	13
эртхэн	ᠰᠢᠭ	шиг	12
эртхэн	ᠬᠡᠯᠡᠬᠦ ᠦᠭᠡᠢ	хэлэхгүй	7
эрх	ᠵᠦᠢ ᠶᠢᠨ	зүйн	6011
эрх	ᠠᠰᠢᠭ ᠢ	ашгийг	1563
эрх	ᠴᠢᠯᠦᠭᠡ	чөлөө	1103
эрхгүй	ᠪᠣᠯᠤᠭᠰᠠᠨ	болсон	35
эрхгүй	ᠪᠣᠯᠵᠤ	болж	32
эрхгүй	ᠯᠠ	л	30
эрхий	ᠮᠡᠷᠭᠡᠨ	мэргэн	31
эрхий	ᠳᠣᠯᠣᠪᠣᠷ	долоовор	14
эрхий	ᠬᠤᠷᠤᠤ	хуруу	14
эрхийг	ᠨᠢ	нь	808
эрхийг	ᠬᠠᠮᠠᠭᠠᠯᠠᠬᠤ	хамгаалах	566
эрхийг	ᠠᠪᠤᠭᠰᠠᠨ	авсан	116
эрхийн	ᠲᠥᠯᠥᠭᠡ	төлөө	407
эрхийн	ᠦᠨᠳᠦᠰᠦᠨ ᠦ	үндэсний	331
эрхийн	ᠲᠤᠬᠠᠢ	тухай	194
эрхлэгч	ᠠᠵᠤ	аж	85
эрхлэгч	ᠵ	ж	70
эрхлэгч	ᠳ᠋ᠣᠺᠲ᠋ᠣᠷ	доктор	54
эрхлэж	ᠪᠠᠶᠢᠭ᠎ᠠ	байгаа	15
эрхлэж	ᠪᠤᠢ	буй	8
эрхлэж	ᠪᠠᠶᠢᠨ᠎ᠠ	байна	5
эрхлэн	ᠭᠠᠷᠭᠠᠭᠰᠠᠨ	гаргасан	48
эрхлэн	ᠭᠠᠷᠭᠠᠳᠠᠭ	гаргадаг	47
эрхлэн	ᠭᠠᠷᠭᠠᠵᠤ	гаргаж	38
эрхлэх	ᠭᠠᠵᠠᠷ ᠤᠨ	газрын	795
эрхлэх	ᠲᠤᠰᠬᠠᠢ	тусгай	209
эрхлэх	ᠠᠰᠠᠭᠤᠳᠠᠯ ᠤᠨ	асуудлын	187
эрхлээд	ᠶᠠᠪᠤᠵᠤ	явж	11
эрхлээд	ᠵᠢᠯ	жил	6
эрхлээд	ᠯᠠ	л	6
эрхлүүлж	ᠪᠠᠶᠢᠭ᠎ᠠ	байгаа	6
эрхмийн	ᠨᠢᠭᠡ	нэг	6
эрхмийн	ᠨᠡᠷᠡ	нэр	6
эрхмийн	ᠬᠤᠪᠢ ᠳᠤ	хувьд	6
эрхт	ᠡᠯᠴᠢᠨ	элчин	906
эрхт	ᠪᠠᠶᠢᠳᠠᠯ	байдал	36
эрхт	ᠪᠠᠶᠢᠳᠠᠯ ᠢ	байдлыг	32
эрхтэй	ᠪᠣᠯᠤᠭᠰᠠᠨ	болсон	265
эрхтэй	ᠪᠣᠯᠬᠤ	болох	161
эрхтэй	ᠪᠣᠯᠵᠤ	болж	113
эрхтэн	ᠰᠢᠯᠵᠢᠭᠦᠯᠦᠨ	шилжүүлэн	91
эрхтэн	ᠰᠢᠯᠵᠢᠭᠦᠯᠬᠦ	шилжүүлэх	36
эрхтэн	ᠨᠢ	нь	32
эрхшээлд	ᠣᠷᠣᠭᠰᠠᠨ	орсон	6
эрхэлдэг	ᠠᠵᠤ	аж	79
эрхэлдэг	ᠪᠣᠯ	бол	22
эрхэлдэг	ᠪᠠᠶᠢᠭᠰᠠᠨ	байсан	21
эрхэлж	ᠪᠠᠶᠢᠭ᠎ᠠ	байгаа	351
эрхэлж	ᠪᠤᠢ	буй	212
эрхэлж	ᠪᠠᠶᠢᠭᠰᠠᠨ	байсан	93
эрхэлнэ	ᠭᠡᠵᠦ	гэж	9
эрхэлсэн	ᠲᠥᠷᠥ ᠶᠢᠨ	төрийн	205
эрхэлсэн	ᠳᠡᠳ᠋	дэд	196
эрхэлсэн	ᠣᠷᠣᠯᠠᠭᠴᠢ	орлогч	108
эрхэм	ᠭᠡᠰᠢᠭᠦᠨ	гишүүн	242
эрхэм	ᠭᠡᠰᠢᠭᠦᠳ	гишүүд	241
эрхэм	ᠬᠦᠨᠳᠦᠳ	хүндэт	175
эрхэмлэж	ᠢᠷᠡᠭᠰᠡᠨ	ирсэн	15
эрхэмлэж	ᠪᠠᠶᠢᠭ᠎ᠠ	байгаа	7
эрхэмлэж	ᠪᠠᠶᠢᠨ᠎ᠠ	байна	6
эрхэмлэн	ᠳᠡᠭᠡᠳᠦᠯᠡᠳᠡᠭ	дээдэлдэг	18
эрхэмлэн	ᠳᠡᠭᠡᠳᠦᠯᠡᠵᠦ	дээдэлж	14
эрхэмлэн	ᠳᠡᠭᠡᠳᠦᠯᠡᠬᠦ	дээдлэх	13
эрхэмлэх	ᠶᠣᠰᠣᠲᠠᠢ	ёстой	10
эрхэмлэх	ᠨᠢ	нь	9
эрхэмлэх	ᠬᠡᠷᠡᠭᠲᠡᠢ	хэрэгтэй	8
эрхэмсэг	ᠨᠣᠶᠠᠨ	ноён	245
эрхэмсэг	ᠬᠠᠲᠤᠭᠲᠠᠢ	хатагтай	41
эрхэмсэг	ᠶᠡᠷᠦᠩᠬᠡᠶᠢᠯᠡᠭᠴᠢ	ерөнхийлөгч	24
эрхэнд	ᠬᠠᠯᠠᠳᠠᠵᠤ	халдаж	36
эрхэнд	ᠪᠠᠶᠢᠭ᠎ᠠ	байгаа	16
эрхэнд	ᠭᠠᠷᠤᠭᠰᠠᠨ	гарсан	16
эрхэс	ᠡᠬᠡ	эх	20
эрхэт	ᠡᠯᠴᠢᠨ	элчин	38
эрхээ	ᠠᠪᠤᠭᠰᠠᠨ	авсан	267
эрхээ	ᠠᠪᠴᠤ	авч	96
эрхээ	ᠠᠪᠤᠭᠠᠳ	аваад	77
эрхээр	ᠱᠠᠩᠨᠠᠬᠤ	шагнах	11
эрхээр	ᠨᠢ	нь	10
эрхээр	ᠱᠠᠩᠨᠠᠭᠤᠯᠬᠤ	шагнуулах	10
эрч	ᠬᠦᠴᠦ	хүч	364
эрч	ᠬᠦᠴᠢᠲᠡᠢ	хүчтэй	291
эрч	ᠬᠦᠴᠢ ᠶᠢ	хүчийг	88
эрчим	ᠬᠦᠴᠦᠨ ᠦ	хүчний	6469
эрчим	ᠬᠦᠴᠦ	хүч	2079
эрчим	ᠬᠦᠴᠢ ᠶᠢ	хүчийг	457
эрчимтэй	ᠬᠥᠭᠵᠢᠵᠦ	хөгжиж	268
эрчимтэй	ᠠᠵᠢᠯᠯᠠᠵᠤ	ажиллаж	57
эрчимтэй	ᠥᠰᠴᠢ	өсч	49
эрчтэй	ᠬᠥᠭᠵᠢᠵᠦ	хөгжиж	16
эрчтэй	ᠨᠢᠭᠲᠠ	нягт	7
эрчтэй	ᠨᠡᠮᠡᠭᠳᠡᠵᠦ	нэмэгдэж	6
эрчээ	ᠠᠪᠴᠤ	авч	20
эрчээ	ᠠᠯᠠᠳᠠᠬᠤ ᠦᠭᠡᠢ	алдахгүй	14
эрчээ	ᠠᠯᠠᠳᠠᠯ ᠦᠭᠡᠢ	алдалгүй	7
эрчээрээ	ᠶᠠᠪᠤᠪᠠᠯ	явбал	6
эрчүүд	ᠨᠢ	нь	30
эрчүүд	ᠴᠤ	ч	20
эрчүүд	ᠮᠠᠨᠢ	маань	19
эрчүүдийг	ᠠᠭᠤᠴᠢᠯᠠ	уучил	5
эрчүүдийг	ᠦᠵᠡᠨ	үзэн	5
эрчүүдийн	ᠡᠷᠡᠭᠦᠯ	эрүүл	33
эрчүүдийн	ᠬᠤᠪᠢ ᠳᠤ	хувьд	32
эрчүүдийн	ᠳᠤᠮᠳᠠ	дунд	12
эрчүүдэд	ᠵᠣᠷᠢᠭᠤᠯᠤᠭᠰᠠᠨ	зориулсан	15
эрчүүдэд	ᠲᠣᠳᠣ	тод	6
эрэг	ᠳᠡᠭᠡᠷ᠎ᠡ	дээр	145
эрэг	ᠳᠠᠭᠠᠤ	дагуу	98
эрэг	ᠳᠡᠭᠡᠷᠡᠬᠢ	дээрх	25
эрэгт	ᠤᠷᠤᠰᠢᠬᠤ	орших	9
эрэгт	ᠠᠮᠠᠷᠠᠵᠤ	амарч	5
эрэгт	ᠪᠠᠶᠢᠷᠢᠯᠠᠬᠤ	байрлах	5
эрэгтэй	ᠡᠮᠡᠭᠲᠡᠢ	эмэгтэй	1375
эрэгтэй	ᠪᠠᠭ	баг	359
эрэгтэй	ᠴᠢᠯᠦᠭᠡᠲᠦ	чөлөөт	168
эрэгтэйчүүд	ᠡᠮᠡᠭᠲᠡᠶᠢᠴᠦᠳ	эмэгтэйчүүд	13
эрэгтэйчүүд	ᠨᠢ	нь	12
эрэгтэйчүүд	ᠡᠵᠡᠯᠡᠵᠦ	эзэлж	9
эрэлд	ᠭᠠᠷᠤᠭᠰᠠᠨ	гарсан	12
эрэлд	ᠬᠠᠳᠴᠤ	хатаж	10
эрэлд	ᠭᠠᠷᠴᠤ	гарч	9
эрэлт	ᠬᠡᠷᠡᠭᠴᠡᠭᠡ	хэрэгцээ	239
эрэлт	ᠶᠡᠬᠡ ᠲᠡᠢ	ихтэй	108
эрэлт	ᠨᠡᠶᠢᠯᠡᠭᠦᠯᠦᠯᠲᠡ	нийлүүлэлт	79
эрэлттэй	ᠪᠠᠶᠢᠭ᠎ᠠ	байгаа	91
эрэлттэй	ᠬᠤᠪᠢᠴᠠᠭ᠎ᠠ	хувьцаа	40
эрэлттэй	ᠪᠠᠶᠢᠨ᠎ᠠ	байна	27
эрэлхийлж	ᠪᠠᠶᠢᠨ᠎ᠠ	байна	33
эрэлхийлж	ᠪᠠᠶᠢᠭ᠎ᠠ	байгаа	32
эрэлхийлж	ᠪᠤᠢ	буй	15
эрэлхэг	ᠵᠣᠷᠢᠭ	зориг	10
эрэлхэг	ᠵᠣᠷᠢᠭᠲᠠᠢ	зоригтой	7
эрэлхэг	ᠵᠣᠷᠢᠭᠲᠤ	зоригт	5
эрэмбэ	ᠳᠠᠷᠠᠭᠠᠯᠠᠯ	дараалал	17
эрэмбэ	ᠳᠠᠷᠠᠭ᠎ᠠ	дараа	6
эрэмгий	ᠳᠠᠶᠢᠴᠢᠨ	дайчин	7
эрэмгий	ᠵᠣᠷᠢᠭᠲᠠᠢ	зоригтой	5
эрэн	ᠰᠤᠷᠪᠤᠯᠵᠢᠯᠠᠬᠤ	сурвалжлах	274
эрэн	ᠬᠠᠶᠢᠬᠤ	хайх	108
эрэн	ᠬᠠᠶᠢᠵᠤ	хайж	19
эрэх	ᠬᠠᠶᠢᠬᠤ	хайх	60
эрээн	ᠬᠣᠲᠠ ᠶᠢᠨ	хотын	60
эрээн	ᠬᠣᠲᠠᠳ	хотод	53
эрээн	ᠬᠣᠲᠠ	хот	36
эрүү	ᠨᠡᠭᠦᠷ ᠦᠨ ᠦ	нүүрний	112
эрүү	ᠡᠭᠦᠰᠬᠡᠨ	үүсгэн	82
эрүү	ᠢᠷᠭᠡᠨ	иргэн	60
эрүүгийн	ᠬᠠᠤᠯᠢ ᠶᠢᠨ	хуулийн	2109
эрүүгийн	ᠬᠡᠷᠡᠭ	хэрэг	1578
эрүүгийн	ᠬᠡᠷᠡᠭ ᠦᠨ	хэргийн	920
эрүүл	ᠮᠡᠨᠳᠦ ᠶᠢᠨ	мэндийн	14889
эрүүл	ᠮᠡᠨᠳᠦ	мэнд	2492
эрүүл	ᠮᠡᠨᠳᠦ ᠶᠢ	мэндийг	911
эрүүлжүүлэх	ᠪᠠᠶᠢᠷᠢᠨ ᠳᠤ	байранд	19
эрүүлжүүлэх	ᠪᠠᠶᠢᠷᠢ	байр	11
эрүүлжүүлэх	ᠠᠷᠭ᠎ᠠ	арга	10
эс	ᠪᠥᠭᠡᠰᠦ	бөгөөс	154
эс	ᠬᠦᠰᠡᠭᠰᠡᠨ	хүссэн	54
эс	ᠨᠢ	нь	35
эсвэл	ᠥᠭᠡᠷ᠎ᠡ	өөр	149
эсвэл	ᠨᠢᠭᠡ	нэг	80
эсвэл	ᠬᠡᠨ	хэн	68
эсгий	ᠭᠤᠲᠤᠯ	гутал	19
эсгий	ᠤᠷᠠᠯᠢᠭ	урлаг	13
эсгий	ᠭᠡᠷ ᠲᠦ	гэрт	10
эсийг	ᠨᠢ	нь	7
эсийг	ᠢᠯᠭᠠᠵᠤ	ялгаж	7
эсийг	ᠠᠯᠢ	аль	5
эсрэг	ᠭᠡᠮᠲᠦ	гэмт	229
эсрэг	ᠦᠨᠳᠦᠰᠦᠨ ᠦ	үндэсний	192
эсрэг	ᠬᠠᠤᠯᠢ	хууль	142
эсрэгээр	ᠨᠢ	нь	55
эсрэгээр	ᠡᠷᠭᠢᠵᠦ	эргэж	7
эсрэгээрээ	ᠡᠷᠭᠢᠵᠦ	эргэж	12
эсрэгээрээ	ᠡᠨᠡ	энэ	11
эсрэгээрээ	ᠪᠠᠶᠢᠨ᠎ᠠ	байна	7
эсхүл	ᠨᠢᠭᠡ	нэг	53
эсхүл	ᠲᠠᠪᠤᠨ	таван	40
эсхүл	ᠬᠣᠶᠠᠷ	хоёр	40
эсэн	ᠮᠡᠨᠳᠦ	мэнд	178
эсэн	ᠪᠤᠰᠤ ᠶᠢᠨ	бусын	10
эсэргүүцэж	ᠪᠠᠶᠢᠭ᠎ᠠ	байгаа	231
эсэргүүцэж	ᠪᠠᠶᠢᠨ᠎ᠠ	байна	140
эсэргүүцэж	ᠪᠠᠶᠢᠭᠰᠠᠨ	байсан	94
эсэргүүцэл	ᠪᠢᠴᠢᠭᠰᠡᠨ	бичсэн	32
эсэргүүцэл	ᠦᠵᠡᠭᠦᠯᠵᠦ	үзүүлж	19
эсэргүүцэл	ᠢᠯᠡᠷᠬᠡᠶᠢᠯᠡᠵᠦ	илэрхийлж	15
эсэргүүцэх	ᠬᠦᠮᠦᠨ	хүн	12
эсэргүүцэх	ᠨᠢ	нь	11
эсэргүүцэх	ᠬᠦᠮᠦᠰ	хүмүүс	8
эсэргүүцээд	ᠪᠠᠶᠢᠭ᠎ᠠ	байгаа	65
эсэргүүцээд	ᠪᠠᠶᠢᠨ᠎ᠠ	байна	9
эсэргүүцээд	ᠪᠠᠶᠢᠬᠤ	байх	7
эсэх	ᠨᠢ	нь	998
эсэх	ᠠᠰᠠᠭᠤᠳᠠᠯ ᠢ	асуудлыг	488
эсэх	ᠲᠠᠯ᠎ᠠ ᠪᠠᠷ	талаар	416
эсэхийг	ᠨᠢ	нь	240
эсэхийг	ᠰᠢ ᠳᠦ ᠬᠢ	шийдэх	88
эсэхийг	ᠰᠢᠢᠳᠪᠦᠷᠢᠯᠡᠬᠦ	шийдвэрлэх	71
эсэхээ	ᠰᠢ ᠳᠦ ᠬᠢ	шийдэх	39
эсэхээ	ᠰᠢᠢᠳᠦᠨ᠎ᠡ	шийднэ	32
эсэхээ	ᠴᠤ	ч	17
эсээ	ᠪᠢᠴᠢᠭᠰᠡᠨ	бичсэн	7
эсээ	ᠪᠢᠴᠢᠯᠭᠡ ᠶᠢᠨ	бичлэгийн	6
этгээд	ᠨᠢ	нь	135
этгээд	ᠲᠡᠭᠦᠨ ᠦ	түүний	31
этгээд	ᠲᠥᠷᠥ ᠶᠢᠨ	төрийн	20
эх	ᠰᠤᠷᠪᠤᠯᠵᠢ	сурвалж	8109
эх	ᠣᠷᠣᠨ ᠳᠤ ᠪᠠᠨ	орондоо	2620
эх	ᠡᠭᠦᠰᠪᠦᠷᠢ	үүсвэр	1528
эхдээ	ᠲᠤᠰᠯᠠᠬᠤ	туслах	8
эхдээ	ᠬᠠᠶᠠᠭᠳᠠᠵᠤ	хаягдаж	6
эхийг	ᠨᠢ	нь	78
эхийг	ᠤᠷᠮᠠᠰᠢᠭᠤᠯᠬᠤ	урамшуулах	34
эхийг	ᠪᠠᠷᠢᠭᠴᠢ	баригч	24
эхийн	ᠡᠨᠳᠡᠭᠳᠡᠯ	эндэгдэл	59
эхийн	ᠰᠦ᠋	сүү	44
эхийн	ᠰᠦᠮ᠎ᠡ	сүм	38
эхийнхээ	ᠭᠠᠷ ᠲᠤ	гарт	9
эхлэв	ᠪᠣᠯᠤᠯᠲᠠᠢ	бололтой	29
эхлэв	ᠦ᠋	үү	29
эхлэв	ᠡ	ээ	9
эхлэе	ᠭᠡᠵᠦ	гэж	9
эхлэж	ᠪᠠᠶᠢᠨ᠎ᠠ	байна	28
эхлэж	ᠪᠠᠶᠢᠭ᠎ᠠ	байгаа	24
эхлэж	ᠪᠠᠶᠢᠭᠰᠠᠨ	байсан	7
эхлэл	ᠨᠢ	нь	92
эхлэл	ᠪᠣᠯᠭᠠᠵᠤ	болгож	47
эхлэл	ᠪᠣᠯᠤᠭᠰᠠᠨ	болсон	44
эхлэлийг	ᠲᠠᠯᠪᠢᠭᠰᠠᠨ	тавьсан	54
эхлэлийг	ᠲᠠᠯᠪᠢᠵᠤ	тавьж	38
эхлэлийг	ᠲᠠᠯᠪᠢᠯ᠎ᠠ	тавилаа	16
эхлэлтэй	ᠶᠠᠭᠤᠮ᠎ᠠ	юм	8
эхлэлтэй	ᠪᠥᠭᠡᠳ	бөгөөд	6
эхлэлтэй	ᠪᠤᠢ	вэ	5
эхлэн	ᠵᠢᠯ	жил	97
эхлэн	ᠮᠣᠩᠭᠣᠯ	монгол	81
эхлэн	ᠳᠠᠭᠠᠵᠤ	дагаж	69
эхлэнгүүт	ᠡᠨᠡ	энэ	5
эхлэнэ	ᠭᠡᠵᠦ	гэж	28
эхлэнэ	ᠭᠡᠳᠡᠭ ᠢ	гэдгийг	5
эхлэнэ	ᠭᠡᠰᠡᠨ	гэсэн	5
эхлэсэн	ᠶᠠᠭᠤᠮ᠎ᠠ	юм	13
эхлэсэн	ᠨᠢ	нь	12
эхлэсэн	ᠪᠠᠶᠢᠨ᠎ᠠ	байна	9
эхлэх	ᠶᠠᠭᠤᠮ᠎ᠠ	юм	560
эхлэх	ᠭᠡᠵᠦ	гэж	377
эхлэх	ᠪᠥᠭᠡᠳ	бөгөөд	268
эхлэхгүй	ᠪᠣᠯ	бол	21
эхлэхэд	ᠪᠡᠯᠡᠨ	бэлэн	58
эхлэхэд	ᠬᠣᠨᠣᠭ	хоног	42
эхлэхэд	ᠯᠠ	л	22
эхлэхээс	ᠡᠮᠦᠨ᠎ᠡ	өмнө	260
эхлэхээс	ᠨᠢ	нь	16
эхлэхээс	ᠴᠠᠭ ᠤᠨ	цагийн	12
эхлээд	ᠪᠠᠶᠢᠨ᠎ᠠ	байна	720
эхлээд	ᠪᠠᠶᠢᠭ᠎ᠠ	байгаа	464
эхлээд	ᠯᠠ	л	163
эхлүүлж	ᠪᠠᠶᠢᠭ᠎ᠠ	байгаа	93
эхлүүлж	ᠪᠠᠶᠢᠨ᠎ᠠ	байна	83
эхлүүлж	ᠪᠠᠶᠢᠭᠰᠠᠨ	байсан	76
эхлүүлсэн	ᠪᠥᠭᠡᠳ	бөгөөд	105
эхлүүлсэн	ᠪᠠᠶᠢᠨ᠎ᠠ	байна	98
эхлүүлсэн	ᠶᠠᠭᠤᠮ᠎ᠠ	юм	88
эхлүүлэн	ᠠᠵᠢᠯᠯᠠᠵᠤ	ажиллаж	7
эхлүүлэх	ᠭᠡᠵᠦ	гэж	60
эхлүүлэх	ᠶᠠᠭᠤᠮ᠎ᠠ	юм	53
эхлүүлэх	ᠨᠢ	нь	41
эхний	ᠡᠭᠡᠯᠵᠢᠨ ᠳᠦ	ээлжинд	1542
эхний	ᠡᠳᠦᠷ	өдөр	668
эхний	ᠲᠣᠭᠣᠷᠢᠭ ᠲᠤ	тойрогт	467
эхнийх	ᠨᠢ	нь	269
эхнийх	ᠪᠣᠯᠬᠤ	болох	5
эхнэр	ᠨᠢ	нь	188
эхнэр	ᠨᠥᠬᠥᠷ	нөхөр	98
эхнэр	ᠮᠠᠨᠢ	маань	71
эхнэртэй	ᠪᠣᠯᠬᠤ ᠶᠢ	болохыг	11
эхнэртэй	ᠨᠢ	нь	10
эхнэртэй	ᠪᠣᠯᠤᠮᠠᠷ	болмоор	7
эхнэрээ	ᠬᠥᠨᠥᠭᠡᠭᠰᠡᠨ	хөнөөсөн	9
эхнэрээ	ᠬᠠᠷᠠᠳᠠᠨ	хардан	7
эхнээс	ᠨᠢ	нь	350
эхнээс	ᠯᠠ	л	54
эхнээс	ᠬᠡᠷᠡᠭᠵᠢᠵᠦ	хэрэгжиж	13
эхнээсээ	ᠯᠠ	л	74
эхнээсээ	ᠲᠣᠳᠣᠷᠠᠵᠤ	тодорч	20
эхнээсээ	ᠦᠷ᠎ᠡ	үр	20
эхтэй	ᠨᠢ	нь	36
эхтэй	ᠬᠠᠯᠬ᠎ᠠ	халх	20
эхтэй	ᠶᠠᠭᠤᠮ᠎ᠠ	юм	13
эхчүүд	ᠬᠡᠦᠬᠡᠳ ᠢᠶᠡᠨ	хүүхдээ	99
эхчүүд	ᠨᠢ	нь	55
эхчүүд	ᠪᠣᠯᠤᠨ	болон	47
эхэд	ᠨᠢ	нь	42
эхэд	ᠤᠷᠮᠠᠰᠢᠭᠤᠯᠤᠯ	урамшуулал	8
эхэд	ᠣᠯᠭᠣᠬᠤ	олгох	7
эхэл	ᠰᠡᠨ	сэн	104
эхэл	ᠯᠡ	лээ	27
эхэл	ᠴᠢᠬᠡᠭᠰᠡᠨ	чихсэн	7
эхэлдэг	ᠶᠠᠭᠤᠮ᠎ᠠ	юм	60
эхэлдэг	ᠪᠠᠶᠢᠨ᠎ᠠ	байна	54
эхэлдэг	ᠪᠥᠭᠡᠳ	бөгөөд	28
эхэлж	ᠪᠠᠶᠢᠨ᠎ᠠ	байна	938
эхэлж	ᠪᠠᠶᠢᠭ᠎ᠠ	байгаа	523
эхэлж	ᠪᠠᠶᠢᠭᠰᠠᠨ	байсан	197
эхэлжээ	ᠭᠡᠵᠦ	гэж	7
эхэллээ	ᠭᠡᠵᠦ	гэж	54
эхэллээ	ᠭᠡᠰᠡᠨ	гэсэн	16
эхэллээ	ᠰᠢᠦ	шүү	15
эхэлнэ	ᠭᠡᠵᠦ	гэж	92
эхэлнэ	ᠭᠡᠰᠡᠨ	гэсэн	55
эхэлнэ	ᠳ᠋ᠡ	дээ	28
эхэлсэн	ᠪᠠᠶᠢᠨ᠎ᠠ	байна	1038
эхэлсэн	ᠪᠥᠭᠡᠳ	бөгөөд	817
эхэлсэн	ᠶᠠᠭᠤᠮ᠎ᠠ	юм	754
эхэлчихсэн	ᠪᠠᠶᠢᠭ᠎ᠠ	байгаа	39
эхэлчихсэн	ᠪᠠᠶᠢᠨ᠎ᠠ	байна	32
эхэлчихсэн	ᠪᠠᠶᠢᠭᠰᠠᠨ	байсан	11
эхэн	ᠦᠶ᠎ᠡ ᠳᠦ	үед	99
эхэн	ᠦᠶᠡᠳᠡᠭᠡ	үедээ	72
эхэн	ᠦᠶᠡᠰ	үеэс	66
эхэнд	ᠬᠠᠭᠤᠴᠢᠨ	хуучин	140
эхэнд	ᠤᠡᠬ	уих	75
эхэнд	ᠮᠣᠩᠭᠣᠯ	монгол	66
эхэндээ	ᠴᠤ	ч	12
эхэндээ	ᠵᠢᠭᠠᠬᠠᠨ	жаахан	11
эхэндээ	ᠨᠢᠭᠡ	нэг	9
эхээ	ᠬᠠᠶᠢᠷᠠᠯᠠᠬᠤ	хайрлах	16
эхээ	ᠳᠡᠭᠡᠳᠦᠯᠡᠬᠦ	дээдлэх	7
эхээр	ᠨᠢ	нь	359
эхээр	ᠪᠣᠯᠤᠭᠰᠠᠨ	болсон	20
эхээр	ᠮᠣᠩᠭᠣᠯ	монгол	19
эхээс	ᠲᠦᠷᠦᠭᠰᠡᠨ	төрсөн	31
эхээс	ᠨᠢ	нь	25
эхээс	ᠬᠡᠦᠬᠡᠳ ᠲᠦ	хүүхдэд	15
эцгийн	ᠮᠢᠨᠢ	минь	8
эцсийн	ᠪᠠᠶᠢᠳᠠᠯ ᠢᠶᠠᠷ	байдлаар	373
эцсийн	ᠪᠦᠲᠦᠭᠡᠭᠳᠡᠬᠦᠨ	бүтээгдэхүүн	262
эцсийн	ᠰᠢᠢᠳᠪᠦᠷᠢ	шийдвэр	226
эцэг	ᠡᠬᠡᠴᠦᠳ	эхчүүд	1140
эцэг	ᠡᠬᠡ	эх	1107
эцэг	ᠡᠬᠡ ᠶᠢᠨ	эхийн	442
эцэс	ᠭᠡᠬᠦ ᠳᠦ	гэхэд	122
эцэс	ᠲᠡᠭᠦᠰᠬᠡᠯ ᠦᠭᠡᠢ	төгсгөлгүй	94
эцэс	ᠰᠡᠭᠦᠯ ᠳᠦ ᠪᠡᠨ	сүүлдээ	31
эцэслэн	ᠰᠢᠢᠳᠪᠦᠷᠢᠯᠡᠬᠦ	шийдвэрлэх	67
эцэслэн	ᠰᠢ ᠳᠦ ᠬᠢ	шийдэх	36
эцэслэн	ᠰᠢᠢᠳᠪᠦᠷᠢᠯᠡᠨ᠎ᠡ	шийдвэрлэнэ	27
эцэслэх	ᠶᠠᠭᠤᠮ᠎ᠠ	юм	13
эцэслэх	ᠶᠣᠰᠣᠲᠠᠢ	ёстой	12
эцэслэх	ᠨᠢ	нь	5
эцэст	ᠨᠢ	нь	1220
эцэст	ᠡᠨᠡ	энэ	44
эцэст	ᠰᠠᠶ᠋ᠢ	сая	27
эцэстээ	ᠡᠨᠡ	энэ	13
эцэстээ	ᠡᠶᠢᠮᠦ	ийм	9
эцэстээ	ᠬᠠᠶᠢᠰᠠᠩ	хайсан	6
эчнээ	ᠲᠠᠨᠢᠯ	танил	16
эчнээ	ᠠᠩᠭᠢ	анги	5
ээ	ᠭᠡᠵᠦ	гэж	186
ээ	ᠬᠥ	хө	140
ээ	ᠪᠢ	би	131
ээд	ᠣᠨ ᠤ	оны	392
ээд	ᠣᠨ ᠠᠴᠠ	оноос	140
ээд	ᠣᠨ ᠳᠤ	онд	102
ээж	ᠨᠢ	нь	608
ээж	ᠮᠢᠨᠢ	минь	387
ээж	ᠠᠪᠤ	аав	219
ээждээ	ᠬᠠᠶᠢᠷᠠᠲᠠᠢ	хайртай	12
ээждээ	ᠯᠠ	л	11
ээждээ	ᠵᠣᠷᠢᠭᠤᠯᠵᠤ	зориулж	10
ээжид	ᠨᠢ	нь	46
ээжид	ᠮᠢᠨᠢ	минь	13
ээжий	ᠮᠢᠨᠢ	минь	62
ээжий	ᠡᠵᠢᠢ	ээжий	5
ээжийг	ᠨᠢ	нь	31
ээжийг	ᠮᠢᠨᠢ	минь	28
ээжийг	ᠮᠠᠨᠢ	маань	9
ээжийгээ	ᠪᠠᠶᠠᠷᠯᠠᠭᠤᠯᠵᠤ	баярлуулж	11
ээжийгээ	ᠪᠢ	би	8
ээжийгээ	ᠯᠠ	л	6
ээжийн	ᠮᠢᠨᠢ	минь	92
ээжийн	ᠲᠤᠬᠠᠢ	тухай	23
ээжийн	ᠮᠠᠨᠢ	маань	22
ээжийнх	ᠨᠢ	нь	73
ээжийнхээ	ᠬᠠᠮᠲᠤ	хамт	15
ээжийнхээ	ᠲᠤᠬᠠᠢ	тухай	12
ээжийнхээ	ᠠᠴᠢ ᠶᠢ	ачийг	10
ээжтэй	ᠨᠢ	нь	35
ээжтэй	ᠬᠦᠮᠦᠨ	хүн	6
ээжтэй	ᠬᠠᠮᠲᠤ	хамт	5
ээжтэйгээ	ᠬᠠᠮᠲᠤ	хамт	50
ээжтэйгээ	ᠠᠮᠢᠳᠤᠷᠠᠳᠠᠭ	амьдардаг	6
ээжтэйгээ	ᠤᠲᠠᠰᠤ ᠪᠠᠷ	утсаар	6
ээжээ	ᠨᠠᠳᠠ ᠲᠠᠢ	надтай	17
ээжээ	ᠪᠢ	би	10
ээжээ	ᠲᠠ	та	7
ээжээс	ᠨᠢ	нь	22
ээжүүд	ᠮᠢᠨᠢ	минь	14
ээжүүд	ᠮᠠᠨᠢ	маань	11
ээжүүд	ᠬᠡᠦᠬᠡᠳ ᠢᠶᠡᠨ	хүүхдээ	7
ээл	ᠵᠢᠩᠳᠡ	жинд	6
ээл	ᠲᠡᠢ	тэй	6
ээл	ᠢᠪᠡᠭᠡᠯ᠎ᠡ	ивээлээ	5
ээлж	ᠨᠢ	нь	20
ээлж	ᠳᠠᠷᠠᠭᠠᠯᠠᠯᠠᠨ	дарааллан	14
ээлж	ᠲᠣᠭᠲᠠᠭᠠᠯ	тогтоол	10
ээлжинд	ᠰᠠᠶ᠋ᠢ	сая	41
ээлжинд	ᠡᠨᠡ	энэ	29
ээлжинд	ᠪᠢᠳᠡ	бид	23
ээлжит	ᠪᠤᠰᠤ	бус	1120
ээлжит	ᠬᠤᠷᠠᠯᠳᠤᠭᠠᠨ	хуралдаан	289
ээлжит	ᠴᠢᠭᠤᠯᠭᠠᠨ	чуулган	106
ээлжлэн	ᠵᠣᠬᠢᠶᠠᠨ	зохион	7
ээлжлэн	ᠭᠠᠷᠴᠤ	гарч	6
ээлтэй	ᠣᠷᠴᠢᠨ	орчин	48
ээлтэй	ᠲᠧᠭᠨᠣᠯᠣᠭᠢ	технологи	37
ээлтэй	ᠡᠷᠴᠢᠮ	эрчим	29
ээмэг	ᠪᠥᠭᠡᠵᠢ	бөгж	26
ээмэг	ᠪᠥᠭᠡᠵᠢ ᠪᠡᠨ	бөгжөө	11
ээмэг	ᠵᠡᠭᠦᠯᠲᠡ	зүүлт	8
ээр	ᠪᠠᠭᠤᠯᠭᠠᠵᠤ	буулгаж	44
ээр	ᠬᠣᠵᠢᠵᠤ	хожиж	42
ээр	ᠳᠠᠮᠵᠢᠭᠤᠯᠤᠨ	дамжуулан	35
ю	ᠯᠢᠩ	лин	18
ю	ᠨᠠ	на	10
ю	ᠮ	м	7
юм	ᠪᠠᠶᠢᠨ᠎ᠠ	байна	24014
юм	ᠪᠤᠢ	бэ	5806
юм	ᠪᠣᠯ	бол	5772
юмаа	ᠭᠡᠬᠦ ᠳᠦ	гэхэд	163
юмаа	ᠬᠥ	хө	52
юмаа	ᠳ᠋ᠠ	даа	28
юман	ᠳᠡᠭᠡᠷ᠎ᠡ	дээр	67
юман	ᠴᠢᠨᠡᠭᠡᠨ	чинээ	24
юман	ᠳᠡᠭᠡᠷ᠎ᠡ ᠪᠡᠨ	дээрээ	15
юманд	ᠶᠡᠬᠡ	их	8
юманд	ᠬᠡᠮᠵᠢᠶ᠎ᠡ	хэмжээ	8
юманд	ᠠᠷᠭ᠎ᠠ	арга	7
юмгүй	ᠯᠠ	л	14
юмгүй	ᠪᠣᠯᠤᠭᠰᠠᠨ	болсон	7
юмгүй	ᠪᠠᠶᠢᠭᠰᠠᠨ	байсан	6
юмдаа	ᠴᠢ	чи	6
юмдаа	ᠴᠢᠮᠠᠢ ᠪᠠᠨ	чамайгаа	5
юмдаг	ᠤᠤ	уу	13
юмнаас	ᠠᠶᠤᠵᠤ	айж	6
юмнаас	ᠪᠣᠯᠤᠭᠠᠳ	болоод	5
юмнууд	ᠨᠢ	нь	6
юмны	ᠦᠨ᠎ᠡ	үнэ	103
юмны	ᠲᠥᠯᠥᠭᠡ	төлөө	15
юмны	ᠤᠴᠢᠷ	учир	12
юмсан	ᠭᠡᠵᠦ	гэж	319
юмсан	ᠭᠡᠰᠡᠨ	гэсэн	95
юмсан	ᠭᠡᠳᠡᠭ	гэдэг	31
юмтай	ᠬᠦᠮᠦᠨ	хүн	14
юмтай	ᠬᠡᠯᠡᠬᠦ	хэлэх	5
юмуу	ᠳ᠋ᠠ	даа	44
юмуу	ᠡᠰᠡᠪᠡᠯ	эсвэл	39
юмуу	ᠶᠠᠮᠠᠷ	ямар	10
юндэн	ᠭᠡ ᠪᠡᠨ	гөөгөө	21
юу	ᠴᠤ	ч	1901
юу	ᠭᠡᠵᠦ	гэж	1513
юу	ᠪᠤᠢ	вэ	1323
юуг	ᠴᠤ	ч	149
юуг	ᠨᠢ	нь	87
юуг	ᠬᠡᠯᠡᠭᠡᠳ	хэлээд	70
юугаа	ᠴᠤ	ч	57
юугаа	ᠬᠢᠵᠦ	хийж	11
юугаа	ᠬᠢᠬᠦ	хийх	6
юугаар	ᠴᠤ	ч	103
юугаар	ᠢᠯᠭᠠᠭ᠎ᠠ ᠲᠠᠢ	ялгаатай	7
юугаар	ᠨᠢ	нь	6
юугаараа	ᠢᠯᠭᠠᠭ᠎ᠠ ᠲᠠᠢ	ялгаатай	83
юугаараа	ᠣᠨᠴᠠᠯᠢᠭ	онцлог	60
юугаараа	ᠥᠭᠡᠷ᠎ᠡ	өөр	20
юугүй	ᠯᠠ	л	7
юун	ᠲᠦᠷᠦᠭᠦᠨ ᠳᠦ	түрүүнд	183
юун	ᠳᠡᠭᠡᠷ᠎ᠡ	дээр	159
юун	ᠲᠦᠷᠦᠭᠦᠨ	түрүүн	83
юунаас	ᠪᠣᠯᠵᠤ	болж	205
юунаас	ᠴᠤ	ч	90
юунаас	ᠢᠯᠡᠭᠦᠦ	илүү	62
юунд	ᠴᠤ	ч	116
юунд	ᠵᠠᠷᠤᠴᠠᠭᠤᠯᠬᠤ	зарцуулах	90
юунд	ᠪᠠᠶᠢᠨ᠎ᠠ	байна	77
юундаа	ᠪᠠᠶᠢᠨ᠎ᠠ	байна	30
юундаа	ᠴᠤ	ч	10
юундаа	ᠪᠠᠶᠢᠳᠠᠭ	байдаг	8
юуны	ᠡᠮᠦᠨ᠎ᠡ	өмнө	879
юуны	ᠲᠦᠷᠦᠭᠦᠨ ᠳᠦ	түрүүнд	246
юуны	ᠤᠴᠢᠷ	учир	109
юутай	ᠴᠤ	ч	436
юутай	ᠬᠣᠯᠪᠣᠭᠠᠲᠠᠢ	холбоотой	99
юутай	ᠰᠠᠶᠢᠬᠠᠨ	сайхан	23
юү	ᠭᠡᠳᠡᠭ ᠢ	гэдгийг	31
юү	ᠭᠡᠳᠡᠭ	гэдэг	20
юү	ᠪᠤᠢ	вэ	9
я	ᠭ	г	5
я	ᠬᠦᠷᠲᠡᠯ᠎ᠡ	хүртэл	5
яа	ᠶᠠ	яа	21
яа	ᠬᠥ	хө	19
яа	ᠬᠥ	хөө	7
яав	ᠳ᠋ᠠ	даа	46
яав	ᠴᠤ	ч	31
яав	ᠯᠠ	л	9
яавал	ᠳᠡᠭᠡᠷ᠎ᠡ	дээр	11
яавал	ᠪᠢᠳᠡ	бид	10
яавал	ᠡᠨᠡ	энэ	7
яагаа	ᠴᠤ	ч	50
яагаа	ᠪᠣᠯ	бол	10
яагаад	ᠭᠡᠪᠡᠯ	гэвэл	1785
яагаад	ᠭᠡᠬᠦ ᠪᠡᠷ	гэхээр	371
яагаад	ᠡᠶᠢᠮᠦ	ийм	359
яадаг	ᠶᠠᠭᠤᠮ᠎ᠠ	юм	168
яадаг	ᠪᠤᠢ	вэ	27
яадаг	ᠪᠣᠯ	бол	26
яаж	ᠴᠤ	ч	498
яаж	ᠮᠡᠳᠡᠬᠦ	мэдэх	110
яаж	ᠡᠶᠢᠭᠡᠳ	ийгээд	103
яалаа	ᠭᠡᠵᠦ	гэж	61
яалаа	ᠳ᠋ᠠ	даа	20
яалаа	ᠬᠥ	хө	5
яалт	ᠴᠤ	ч	270
яалтай	ᠪᠢᠯᠡ	билээ	37
яалтай	ᠴᠤ	ч	28
яалтай	ᠪᠤᠢ	вэ	8
яам	ᠪᠣᠯᠤᠨ	болон	366
яам	ᠨᠢ	нь	239
яам	ᠮᠣᠩᠭᠣᠯ ᠤᠨ	монголын	188
яамаа	ᠲᠠᠲᠠᠨ	татан	6
яамаа	ᠨᠡᠭᠡᠭᠡᠵᠦ	нээж	5
яамаар	ᠳᠠᠮᠵᠢᠭᠤᠯᠤᠨ	дамжуулан	23
яана	ᠳ᠋ᠠ	даа	42
яана	ᠠ	аа	35
яана	ᠭᠡᠰᠡᠨ	гэсэн	15
яаравчлах	ᠬᠡᠷᠡᠭᠲᠡᠢ	хэрэгтэй	13
яаравчлах	ᠨᠢ	нь	5
яаравчлах	ᠶᠣᠰᠣᠲᠠᠢ	ёстой	5
яаралтай	ᠲᠤᠰᠠᠯᠠᠮᠵᠢ	тусламж	174
яаралтай	ᠲᠦᠷᠭᠡᠨ	түргэн	160
яаралтай	ᠠᠷᠭ᠎ᠠ	арга	99
яаран	ᠰᠠᠨᠳᠤᠷᠤᠨ	сандран	45
яаран	ᠶᠠᠭᠠᠷᠠᠨ	яаран	12
яаран	ᠪᠠᠲᠤᠯᠠᠬᠤ	батлах	5
яарах	ᠬᠡᠷᠡᠭ ᠦᠭᠡᠢ	хэрэггүй	16
яарах	ᠱᠠᠭᠠᠷᠳᠠᠯᠭ᠎ᠠ ᠦᠭᠡᠢ	шаардлагагүй	9
яарах	ᠨᠢ	нь	5
яарахгүй	ᠪᠠᠶᠢᠭ᠎ᠠ	байгаа	22
яарахгүй	ᠪᠠᠶᠢᠨ᠎ᠠ	байна	9
яармаг	ᠨᠢ	нь	39
яармаг	ᠳᠠᠬᠢ	дахь	35
яармаг	ᠵᠣᠬᠢᠶᠠᠨ	зохион	15
яаруу	ᠰᠠᠨᠳᠤᠷᠤᠤ	сандруу	17
яарч	ᠪᠠᠶᠢᠨ᠎ᠠ	байна	29
яарч	ᠪᠠᠶᠢᠭ᠎ᠠ	байгаа	15
яарч	ᠰᠠᠨᠳᠤᠷᠤᠨ	сандран	14
яасан	ᠶᠠᠭᠤᠮ᠎ᠠ	юм	292
яасан	ᠴᠤ	ч	95
яасан	ᠪᠤᠢ	бэ	65
яах	ᠪᠤᠢ	вэ	2133
яах	ᠠᠷᠭ᠎ᠠ ᠦᠭᠡᠢ	аргагүй	784
яах	ᠶᠠᠭᠤᠮ᠎ᠠ	юм	416
яахаа	ᠮᠡᠳᠡᠬᠦ ᠦᠭᠡᠢ	мэдэхгүй	41
яахаа	ᠴᠤ	ч	10
яахаа	ᠮᠡᠳᠡᠬᠦ ᠪᠡᠨ	мэдэхээ	8
яахав	ᠳ᠋ᠡ	дээ	211
яахав	ᠭᠡᠳ	гээд	23
яахав	ᠭᠡᠵᠦ	гэж	22
яахын	ᠠᠷᠭ᠎ᠠ ᠦᠭᠡᠢ	аргагүй	145
яая	ᠭᠡᠬᠦᠪ	гэхэв	35
яая	ᠳ᠋ᠠ	даа	34
яая	ᠭᠡᠬᠦ	гэх	19
яв	ᠴᠠᠪ	цав	37
яв	ᠭᠡᠵᠦ	гэж	28
яв	ᠰᠠᠩ	сан	23
яваа	ᠶᠠᠭᠤᠮ᠎ᠠ	юм	170
яваа	ᠨᠢ	нь	143
яваа	ᠬᠦᠮᠦᠨ	хүн	89
явааг	ᠨᠢ	нь	29
явааг	ᠬᠠᠷᠠᠭᠠᠳ	хараад	7
явааг	ᠬᠠᠷᠠᠵᠤ	харж	7
яваагүй	ᠶᠠᠭᠤᠮ᠎ᠠ	юм	18
яваагүй	ᠴᠤ	ч	10
яваагүй	ᠡ	ээ	8
яваад	ᠪᠠᠶᠢᠭ᠎ᠠ	байгаа	282
яваад	ᠪᠠᠶᠢᠨ᠎ᠠ	байна	269
яваад	ᠪᠠᠶᠢᠬᠤ	байх	113
яваандаа	ᠡᠨᠡ	энэ	7
яваандаа	ᠲᠥᠷᠥ ᠶᠢᠨ	төрийн	6
яваарай	ᠭᠡᠵᠦ	гэж	21
яваарай	ᠭᠡᠰᠡᠨ	гэсэн	7
яваарай	ᠭᠡᠳᠡᠭ	гэдэг	5
яваасай	ᠭᠡᠵᠦ	гэж	39
яваасай	ᠯᠠ	л	5
яваг	ᠳᠠᠬᠤ	дах	6
яваг	ᠭᠡᠳ	гээд	5
явагдах	ᠪᠥᠭᠡᠳ	бөгөөд	111
явагдах	ᠶᠠᠭᠤᠮ᠎ᠠ	юм	111
явагдах	ᠶᠣᠰᠣᠲᠠᠢ	ёстой	39
явагч	ᠬᠡᠷᠡᠭᠰᠡᠯ	хэрэгсэл	5
яван	ᠶᠠᠪᠤᠭᠰᠠᠭᠠᠷ	явсаар	31
явах	ᠶᠣᠰᠣᠲᠠᠢ	ёстой	635
явах	ᠨᠢ	нь	556
явах	ᠶᠠᠭᠤᠮ᠎ᠠ	юм	307
явахаа	ᠪᠣᠯᠢᠭᠰᠠᠨ	больсон	9
явахаа	ᠮᠡᠳᠡᠬᠦ ᠦᠭᠡᠢ	мэдэхгүй	7
явахаа	ᠴᠤ	ч	5
явахаар	ᠪᠣᠯᠤᠭᠰᠠᠨ	болсон	28
явахаар	ᠪᠣᠯᠵᠤ	болж	11
явахаар	ᠪᠣᠯᠵᠠᠢ	болжээ	10
явахаас	ᠥᠭᠡᠷ᠎ᠡ	өөр	40
явахаас	ᠡᠮᠦᠨ᠎ᠡ	өмнө	16
явахаас	ᠭᠠᠳᠠᠨ᠎ᠠ	гадна	12
явахад	ᠨᠢ	нь	95
явахад	ᠬᠡᠴᠡᠭᠦᠦ	хэцүү	28
явахад	ᠠᠶᠤᠯ ᠦᠭᠡᠢ	аюулгүй	24
явахгүй	ᠪᠣᠯ	бол	58
явахгүй	ᠪᠠᠶᠢᠬᠤ	байх	55
явахгүй	ᠪᠠᠶᠢᠨ᠎ᠠ	байна	50
явахдаа	ᠡᠨᠡ	энэ	13
явахдаа	ᠴᠤ	ч	10
явахдаа	ᠯᠠ	л	9
явахыг	ᠴᠢᠨᠢ	чинь	13
явахыг	ᠯᠠ	л	12
явахыг	ᠨᠢ	нь	11
явахын	ᠲᠤᠯᠠᠳᠠ	тулд	60
явахын	ᠡᠮᠦᠨ᠎ᠡ	өмнө	37
явахын	ᠣᠷᠣᠨ ᠳᠤ	оронд	20
явбал	ᠪᠦᠲᠦᠨ᠎ᠡ	бүтнэ	13
явбал	ᠪᠢᠳᠡ	бид	10
явбал	ᠶᠠᠮᠠᠷ	ямар	9
явган	ᠰᠢᠭᠤᠷᠭ᠎ᠠ	шуурга	227
явган	ᠬᠦᠮᠦᠨ ᠦ	хүний	160
явган	ᠵᠣᠷᠴᠢᠭᠴᠢ	зорчигч	96
явдаг	ᠶᠠᠭᠤᠮ᠎ᠠ	юм	263
явдаг	ᠪᠠᠶᠢᠭᠰᠠᠨ	байсан	226
явдаг	ᠪᠤᠢ	вэ	87
явдаггүй	ᠶᠠᠭᠤᠮ᠎ᠠ	юм	17
явдаггүй	ᠪᠠᠶᠢᠯ᠎ᠠ	байлаа	5
явдал	ᠶᠠᠭᠤᠮ᠎ᠠ	юм	810
явдал	ᠨᠢ	нь	267
явдал	ᠪᠣᠯᠤᠭᠰᠠᠨ	болсон	248
явдалд	ᠪᠢᠳᠡ	бид	9
явдалд	ᠨᠢ	нь	8
явдалд	ᠲᠠᠯᠠᠷᠬᠠᠵᠤ	талархаж	8
явдалтай	ᠲᠡᠮᠡᠴᠡᠬᠦ	тэмцэх	18
явдалтай	ᠬᠣᠯᠪᠣᠭᠠᠲᠠᠢ	холбоотой	17
явдалтай	ᠬᠣᠯᠪᠣᠭᠳᠠᠭᠤᠯᠤᠨ	холбогдуулан	16
явдлаар	ᠳᠦᠭᠦᠷᠡᠩ	дүүрэн	44
явдлаас	ᠬᠣᠶᠢᠰᠢ	хойш	37
явдлаас	ᠪᠣᠯᠵᠤ	болж	19
явдлаас	ᠤᠷᠢᠳᠴᠢᠯᠠᠨ	урьдчилан	17
явдлыг	ᠲᠠᠰᠤᠯᠤᠨ	таслан	24
явдлыг	ᠵᠣᠭᠰᠣᠬᠤ	зогсоох	22
явдлыг	ᠬᠠᠷᠠᠭᠤᠯᠤᠭᠰᠠᠨ	харуулсан	18
явж	ᠪᠠᠶᠢᠭ᠎ᠠ	байгаа	2235
явж	ᠪᠠᠶᠢᠨ᠎ᠠ	байна	2140
явж	ᠪᠠᠶᠢᠭᠰᠠᠨ	байсан	671
явлаа	ᠭᠡᠵᠦ	гэж	24
явлаа	ᠪᠢ	би	23
явлаа	ᠭᠡᠬᠦ ᠳᠦ	гэхэд	20
явмаар	ᠪᠠᠶᠢᠨ᠎ᠠ	байна	41
явмаар	ᠪᠠᠶᠢᠭ᠎ᠠ	байгаа	5
явна	ᠭᠡᠵᠦ	гэж	169
явна	ᠳ᠋ᠠ	даа	138
явна	ᠭᠡᠰᠡᠨ	гэсэн	124
явсаар	ᠪᠠᠶᠢᠭᠠᠳ	байгаад	113
явсаар	ᠢᠷᠡᠭᠰᠡᠨ	ирсэн	29
явсаар	ᠨᠢᠭᠡ	нэг	20
явсан	ᠶᠠᠭᠤᠮ᠎ᠠ	юм	272
явсан	ᠴᠤ	ч	167
явсан	ᠨᠢ	нь	148
явсангүй	ᠡ	ээ	6
явснаас	ᠬᠣᠶᠢᠰᠢ	хойш	28
явснаас	ᠵᠠᠮ	зам	5
явсны	ᠳᠠᠷᠠᠭ᠎ᠠ	дараа	41
явсны	ᠡᠴᠦᠰ ᠲᠦ	эцэст	20
явсны	ᠬᠤᠪᠢ ᠳᠤ	хувьд	11
явсныг	ᠨᠢ	нь	14
явсныг	ᠴᠢᠨᠢ	чинь	6
явсныг	ᠪᠢ	би	5
явтал	ᠨᠢ	нь	5
явуу	ᠯᠠᠬ᠎ᠠ	лах	39
явуу	ᠪᠠᠭᠰᠢ	багш	10
явуу	ᠨᠠᠶᠢᠷᠠᠭᠴᠢ	найрагч	5
явуул	ᠳᠠᠭ	даг	30
явуул	ᠰᠠᠩ	сан	17
явуул	ᠭᠡᠰᠡᠨ	гэсэн	10
явуулаагүй	ᠶᠠᠭᠤᠮ᠎ᠠ	юм	11
явуулаагүй	ᠪᠣᠯ	бол	10
явуулаагүй	ᠪᠠᠶᠢᠨ᠎ᠠ	байна	9
явуулаад	ᠪᠠᠶᠢᠨ᠎ᠠ	байна	35
явуулаад	ᠪᠠᠶᠢᠭ᠎ᠠ	байгаа	23
явуулаад	ᠯᠠ	л	13
явуулах	ᠶᠠᠭᠤᠮ᠎ᠠ	юм	209
явуулах	ᠨᠢ	нь	206
явуулах	ᠶᠣᠰᠣᠲᠠᠢ	ёстой	182
явуулахад	ᠪᠠᠶᠢᠩᠭᠤ ᠶᠢᠨ	байнгын	33
явуулахад	ᠨᠢ	нь	23
явуулахад	ᠪᠡᠯᠡᠨ	бэлэн	21
явуулахгүй	ᠪᠠᠶᠢᠬᠤ	байх	42
явуулахгүй	ᠪᠣᠯ	бол	35
явуулахгүй	ᠭᠡᠰᠡᠨ	гэсэн	20
явуулдаг	ᠠᠵᠤ	аж	112
явуулдаг	ᠶᠠᠭᠤᠮ᠎ᠠ	юм	106
явуулдаг	ᠪᠥᠭᠡᠳ	бөгөөд	91
явуулж	ᠪᠠᠶᠢᠭ᠎ᠠ	байгаа	1668
явуулж	ᠪᠤᠢ	буй	1004
явуулж	ᠪᠠᠶᠢᠨ᠎ᠠ	байна	805
явууллаа	ᠭᠡᠵᠦ	гэж	7
явууллаа	ᠭᠡᠳ	гээд	6
явууллаа	ᠭᠡᠬᠦ ᠳᠦ	гэхэд	5
явуулна	ᠭᠡᠵᠦ	гэж	75
явуулна	ᠭᠡᠰᠡᠨ	гэсэн	43
явуулна	ᠭᠡᠳᠡᠭ	гэдэг	30
явуулсан	ᠪᠠᠶᠢᠨ᠎ᠠ	байна	194
явуулсан	ᠶᠠᠭᠤᠮ᠎ᠠ	юм	128
явуулсан	ᠪᠥᠭᠡᠳ	бөгөөд	86
явц	ᠨᠢ	нь	96
явц	ᠶᠠᠮᠠᠷ	ямар	79
явц	ᠦᠷ᠎ᠡ	үр	77
явцуу	ᠡᠷᠬᠡ	эрх	54
явцуу	ᠬᠦᠷᠢᠶᠡᠨ ᠳᠦ	хүрээнд	24
явцуу	ᠠᠰᠢᠭ	ашиг	11
явчих	ᠶᠠᠭᠤᠮ᠎ᠠ	юм	34
явчих	ᠪᠣᠯᠤᠮᠵᠢ ᠲᠠᠢ	боломжтой	10
явчих	ᠰᠢᠭ	шиг	10
явчихаж	ᠪᠠᠶᠢᠭ᠎ᠠ	байгаа	36
явчихаж	ᠪᠠᠶᠢᠨ᠎ᠠ	байна	18
явчихаж	ᠴᠢᠳᠠᠬᠤ ᠦᠭᠡᠢ	чадахгүй	5
явчихдаг	ᠶᠠᠭᠤᠮ᠎ᠠ	юм	25
явчихдаг	ᠪᠠᠶᠢᠭᠰᠠᠨ	байсан	19
явчихдаг	ᠪᠣᠯᠤᠭᠰᠠᠨ	болсон	7
явчихлаа	ᠰᠢᠦ	шүү	11
явчихлаа	ᠭᠡᠵᠦ	гэж	8
явчихна	ᠭᠡᠵᠦ	гэж	10
явчихна	ᠰᠢᠦ	шүү	10
явчихна	ᠭᠡᠰᠡᠨ	гэсэн	7
явчихсан	ᠶᠠᠭᠤᠮ᠎ᠠ	юм	25
явчихсан	ᠪᠠᠶᠢᠭᠰᠠᠨ	байсан	23
явчихсан	ᠪᠠᠶᠢᠳᠠᠭ	байдаг	11
явъя	ᠭᠡᠵᠦ	гэж	48
явъя	ᠳ᠋ᠠ	даа	39
явъя	ᠭᠡᠰᠡᠨ	гэсэн	34
явья	ᠭᠡᠰᠡᠨ	гэсэн	10
явья	ᠳ᠋ᠠ	даа	7
явья	ᠭᠡᠵᠦ	гэж	6
яг	ᠯᠠ	л	1201
яг	ᠣᠳᠣ	одоо	1158
яг	ᠡᠨᠡ	энэ	662
ягаан	ᠲᠤᠶᠠᠭ᠎ᠠ	туяа	49
ягаан	ᠥᠩᠭᠡ ᠶᠢᠨ	өнгийн	27
ягаан	ᠥᠩᠭᠡ ᠲᠡᠢ	өнгөтэй	24
ядаад	ᠪᠠᠶᠢᠬᠤ	байх	12
ядаад	ᠯᠠ	л	8
ядаад	ᠡᠴᠦᠰᠲᠦᠭᠡ	эцэстээ	8
ядаж	ᠯᠠ	л	372
ядаж	ᠪᠠᠶᠢᠬᠤ ᠳᠤ	байхад	109
ядаж	ᠨᠢᠭᠡ	нэг	65
ядан	ᠬᠦᠯᠢᠶᠡᠵᠦ	хүлээж	131
ядан	ᠬᠦᠯᠢᠶᠡᠳᠡᠭ	хүлээдэг	40
ядан	ᠬᠦᠯᠢᠶᠡᠭᠰᠡᠨ	хүлээсэн	17
ядаргаа	ᠲᠠᠶᠢᠯᠬᠤ	тайлах	10
ядаргаа	ᠨᠢ	нь	6
ядардаг	ᠪᠠᠶᠢᠬᠤ	байх	6
ядардаг	ᠶᠠᠭᠤᠮ᠎ᠠ	юм	6
ядарсан	ᠦᠶᠡᠳᠡᠭᠡ	үедээ	14
ядарсан	ᠠᠷᠠᠳ	ард	12
ядарсан	ᠴᠤ	ч	11
ядарч	ᠪᠠᠶᠢᠨ᠎ᠠ	байна	28
ядарч	ᠰᠤᠯᠢᠳᠠᠬᠤ	сульдах	18
ядарч	ᠲᠤᠶᠢᠯᠳᠠᠭᠰᠠᠨ	туйлдсан	12
ядах	ᠶᠠᠭᠤᠮ᠎ᠠ ᠦᠭᠡᠢ	юмгүй	45
ядах	ᠨᠢ	нь	10
ядах	ᠶᠠᠭᠤᠮ᠎ᠠ	юм	9
ядахдаа	ᠯᠠ	л	37
ядахдаа	ᠨᠢᠭᠡ	нэг	6
ядрах	ᠲᠣᠯᠣᠭᠠᠢ	толгой	13
ядрах	ᠰᠤᠯᠢᠳᠠᠬᠤ	сульдах	10
ядрах	ᠰᠠᠭᠤᠯᠭᠠᠬᠤ	суулгах	7
ядсан	ᠠᠷᠭ᠎ᠠ	арга	5
ядуу	ᠪᠠᠭᠤᠷᠠᠢ	буурай	75
ядуу	ᠵᠦᠳᠡᠭᠦᠦ	зүдүү	37
ядуу	ᠢᠷᠭᠡᠳ ᠦᠨ	иргэдийн	24
ядуугийн	ᠢᠯᠭᠠᠭ᠎ᠠ	ялгаа	53
ядуугийн	ᠵᠣᠪᠠᠯᠠᠩ	зовлон	9
ядуугийн	ᠵᠥᠷᠢᠭᠦᠦ	зөрүү	6
ядуурал	ᠪᠠᠭᠤᠷᠠᠭᠰᠠᠨ	буурсан	21
ядуурал	ᠪᠠᠭᠤᠷᠴᠢ	буурч	12
ядуурал	ᠪᠠᠭᠤᠷᠠᠬᠤ ᠦᠭᠡᠢ	буурахгүй	9
язгуур	ᠤᠷᠠᠯᠢᠭ ᠤᠨ	урлагийн	239
язгуур	ᠡᠷᠬᠡ	эрх	106
язгуур	ᠤᠷᠠᠯᠢᠭ	урлаг	58
ял	ᠣᠨᠣᠭᠠᠭᠰᠠᠨ	оноосон	550
ял	ᠡᠳ᠋ᠯᠡᠵᠦ	эдэлж	498
ял	ᠰᠢᠳᠬᠡᠨ᠎ᠡ	шийтгэнэ	270
ялаа	ᠡᠳ᠋ᠯᠡᠵᠦ	эдэлж	43
ялаа	ᠡᠳ᠋ᠯᠡᠭᠡᠳ	эдлээд	15
ялаа	ᠵᠣᠣᠮ᠎ᠠ	жоом	7
ялаад	ᠪᠠᠶᠢᠨ᠎ᠠ	байна	13
ялаад	ᠪᠠᠶᠢᠭᠰᠠᠨ	байсан	13
ялаад	ᠪᠠᠶᠢᠭ᠎ᠠ	байгаа	7
ялагдаж	ᠪᠠᠶᠢᠭᠰᠠᠨ	байсан	83
ялагдаж	ᠣᠨᠣᠭ᠎ᠠ	оноо	58
ялагдаж	ᠬᠦᠷᠡᠯ	хүрэл	37
ялагдал	ᠬᠦᠯᠢᠶᠡᠭᠰᠡᠨ	хүлээсэн	184
ялагдал	ᠬᠦᠯᠢᠶᠡᠯ᠎ᠡ	хүлээлээ	78
ялагдал	ᠬᠦᠯᠢᠶᠡᠵᠦ	хүлээж	69
ялагч	ᠨᠢ	нь	42
ялагч	ᠪᠣᠯᠤᠭᠰᠠᠨ	болсон	31
ялагч	ᠪᠣᠯᠵᠤ	болж	12
ялалт	ᠪᠠᠶᠢᠭᠤᠯᠤᠭᠰᠠᠨ	байгуулсан	417
ялалт	ᠪᠠᠶᠢᠭᠤᠯᠵᠤ	байгуулж	296
ялалт	ᠪᠠᠶᠢᠭᠤᠯᠤᠯ᠎ᠠ	байгууллаа	197
ялалтын	ᠵᠢᠯ ᠦᠨ	жилийн	174
ялалтын	ᠪᠠᠶᠠᠷ ᠤᠨ	баярын	44
ялалтын	ᠲᠥᠯᠥᠭᠡ	төлөө	21
ялан	ᠳᠡᠶᠢᠯᠵᠦ	дийлж	24
ялан	ᠳᠡᠶᠢᠯᠦᠭᠰᠡᠨ	дийлсэн	8
ялан	ᠳᠡᠶᠢᠯᠬᠦ	дийлэх	7
ялангуяа	ᠰᠡᠭᠦᠯ ᠦᠨ	сүүлийн	68
ялангуяа	ᠤᠤᠯ	уул	66
ялангуяа	ᠮᠠᠨ ᠤ	манай	61
ялах	ᠨᠢ	нь	22
ялах	ᠪᠣᠯᠤᠮᠵᠢ	боломж	21
ялах	ᠶᠣᠰᠣᠲᠠᠢ	ёстой	15
ялгаа	ᠨᠢ	нь	117
ялгаа	ᠪᠠᠶᠢᠬᠤ ᠦᠭᠡᠢ	байхгүй	91
ялгаа	ᠪᠤᠢ	бий	63
ялгааг	ᠨᠢ	нь	24
ялгааг	ᠠᠷᠢᠯᠭᠠᠬᠤ	арилгах	14
ялгааг	ᠲᠣᠳᠣᠷᠬᠠᠢ	тодорхой	11
ялгаагүй	ᠯᠠ	л	20
ялгаагүй	ᠶᠠᠭᠤᠮ᠎ᠠ	юм	16
ялгаагүй	ᠡᠨᠡ	энэ	13
ялгаатай	ᠨᠢ	нь	128
ялгаатай	ᠶᠠᠭᠤᠮ᠎ᠠ	юм	68
ялгаатай	ᠪᠤᠢ	вэ	62
ялгаж	ᠰᠠᠯᠭᠠᠵᠤ	салгаж	86
ялгаж	ᠰᠠᠯᠭᠠᠬᠤ	салгах	52
ялгаж	ᠠᠪᠤᠭᠠᠳ	аваад	14
ялгарал	ᠨᠢ	нь	7
ялгарал	ᠪᠠᠭᠠᠲᠠᠢ	багатай	6
ялгарал	ᠰᠠᠶᠢᠲᠠᠢ	сайтай	5
ялгарах	ᠣᠨᠴᠠᠯᠢᠭ	онцлог	35
ялгарах	ᠭᠣᠣᠯ	гол	29
ялгарах	ᠶᠠᠭᠤᠮ᠎ᠠ	юм	15
ялгаруулах	ᠴᠢᠳᠠᠪᠤᠷᠢ ᠲᠠᠢ	чадвартай	5
ялгарч	ᠪᠤᠢ	буй	28
ялгарч	ᠪᠠᠶᠢᠭ᠎ᠠ	байгаа	26
ялгарч	ᠪᠠᠶᠢᠳᠠᠭ	байдаг	19
ялгах	ᠭᠡᠬᠦ	гэх	10
ялгах	ᠨᠢ	нь	10
ялгах	ᠪᠣᠯᠤᠮᠵᠢ ᠦᠭᠡᠢ	боломжгүй	9
ялгахгүй	ᠪᠠᠶᠢᠬᠤ	байх	7
ялгуун	ᠲᠤᠰ	тус	14
ялгуун	ᠤᠶᠠᠩᠭ᠎ᠠ	уянга	5
ялгуусан	ᠬᠡᠮᠡᠬᠦ	хэмээх	22
ялгуусан	ᠬᠡᠮᠡᠭᠴᠢ	хэмээгч	8
ялдам	ᠰᠠᠶᠢᠬᠠᠨ	сайхан	10
ялдам	ᠪᠦᠰᠡᠭᠦᠢ	бүсгүй	5
ялдам	ᠴᠢᠨᠤ	чиний	5
ялж	ᠠᠯᠲᠠᠨ	алтан	93
ялж	ᠪᠠᠶᠢᠭᠰᠠᠨ	байсан	82
ялж	ᠬᠦᠷᠡᠯ	хүрэл	71
ялимгүй	ᠥᠰᠦᠭᠰᠡᠨ	өссөн	6
ялимгүй	ᠪᠠᠭᠤᠷᠠᠭᠰᠠᠨ	буурсан	5
ялимгүй	ᠴᠤ	ч	5
яллагч	ᠴ	ц	20
яллагч	ᠨᠢ	нь	15
яллагч	ᠰ	с	11
яллах	ᠳ᠋ᠦᠩᠨᠡᠯᠲᠡ	дүгнэлт	543
яллах	ᠲᠣᠭᠲᠠᠭᠠᠯ	тогтоол	12
яллах	ᠭᠡᠵᠦ	гэж	11
ялна	ᠭᠡᠵᠦ	гэж	23
ялна	ᠭᠡᠳᠡᠭ ᠲᠦ	гэдэгт	13
ялна	ᠭᠡᠰᠡᠨ	гэсэн	12
ялсан	ᠶᠠᠭᠤᠮ᠎ᠠ	юм	111
ялсан	ᠴᠤ	ч	105
ялсан	ᠪᠣᠯ	бол	66
ялтан	ᠰᠢᠯᠵᠢᠭᠦᠯᠬᠦ	шилжүүлэх	121
ялтан	ᠰᠤᠯᠢᠯᠴᠠᠬᠤ	солилцох	37
ялтан	ᠨ	н	30
ялын	ᠳᠡᠭᠡᠳᠦ	дээд	45
ялын	ᠪᠣᠳᠣᠯᠭ᠎ᠠ	бодлого	26
ялын	ᠲᠣᠭᠲᠠᠭᠠᠯ	тогтоол	20
ямаа	ᠦᠬᠡᠷ	үхэр	9
ямаа	ᠲᠡᠮᠡᠭᠡ	тэмээ	8
ямаа	ᠭᠡᠬᠦ	гэх	6
ямагт	ᠰᠠᠨᠠᠵᠤ	санаж	11
ямагт	ᠪᠡᠯᠡᠨ	бэлэн	9
ямагт	ᠰᠠᠶᠢᠨ	сайн	8
ямар	ᠴᠤ	ч	8652
ямар	ᠨᠢᠭᠡᠨ	нэгэн	4097
ямар	ᠨᠢᠭᠡ	нэг	2354
ямарваа	ᠨᠢᠭᠡᠨ	нэгэн	122
ямарваа	ᠨᠢᠭᠡ	нэг	77
ямарваа	ᠵᠥᠷᠢᠴᠡᠯ	зөрчил	5
ямартай	ᠴᠤ	ч	1345
ямархан	ᠴᠢᠳᠠᠯ ᠲᠠᠢ	чадалтай	5
ямарч	ᠪᠠᠶᠢᠭᠰᠠᠨ	байсан	52
ямарч	ᠲᠣᠬᠢᠶᠠᠯᠳᠤᠯ ᠳᠤ	тохиолдолд	7
ямарч	ᠬᠠᠮᠢᠶ᠎ᠠ ᠦᠭᠡᠢ	хамаагүй	7
янаг	ᠠᠮᠠᠷᠠᠭ ᠤᠨ	амрагийн	22
янаг	ᠮᠢᠨᠢ	минь	11
янгир	ᠢᠮᠠᠭ᠎ᠠ	ямаа	15
яндангаас	ᠭᠠᠷᠴᠤ	гарч	32
яндангаас	ᠭᠠᠷᠬᠤ	гарах	8
янжинлхам	ᠭ	г	9
янжинлхам	ᠣᠨᠣᠭ᠎ᠠ ᠪᠠᠷ	оноогоор	6
янжинлхам	ᠨᠠᠷᠠ	нар	5
янз	ᠪᠦᠷᠢ ᠶᠢᠨ	бүрийн	2019
янз	ᠪᠦᠷᠢ ᠪᠡᠷ	бүрээр	354
янз	ᠪᠦᠷ	бүр	205
янзаар	ᠲᠠᠶᠢᠯᠪᠤᠷᠢᠯᠠᠵᠤ	тайлбарлаж	17
янзаар	ᠯᠠ	л	14
янзаар	ᠬᠦᠯᠢᠶᠡᠵᠦ	хүлээж	11
янзаараа	ᠪᠣᠯ	бол	11
янзаараа	ᠪᠠᠶᠢᠬᠤ	байх	5
янзага	ᠰᠢᠭ	шиг	11
янзтай	ᠪᠠᠶᠢᠭᠰᠠᠨ	байсан	8
янзтай	ᠪᠠᠶᠢᠨ᠎ᠠ	байна	6
япон	ᠤᠯᠤᠰ ᠤᠨ	улсын	1277
япон	ᠤᠯᠤᠰ ᠲᠤ	улсад	519
япон	ᠤᠯᠤᠰ	улс	319
японоос	ᠣᠷᠣᠵᠤ	орж	9
японоос	ᠢᠷᠡᠭᠰᠡᠨ	ирсэн	8
японоос	ᠣᠷᠣᠭᠤᠯᠵᠤ	оруулж	8
япончууд	ᠮᠣᠩᠭᠣᠯ ᠤᠨ	монголын	9
япончууд	ᠴᠤ	ч	9
япончууд	ᠯᠠ	л	6
яргуй	ᠰᠢᠭ	шиг	9
яриа	ᠬᠡᠯᠡᠯᠴᠡᠭᠡ	хэлэлцээ	415
яриа	ᠴᠤ	ч	149
яриа	ᠬᠡᠯᠡᠯᠴᠡᠭᠡᠷ	хэлэлцээр	123
яриаг	ᠨᠢ	нь	28
яриаг	ᠰᠣᠨᠣᠰᠤᠭᠠᠳ	сонсоод	14
яриаг	ᠬᠦᠷᠭᠡᠶ᠎ᠡ	хүргэе	14
яриагүй	ᠪᠠᠶᠢᠨ᠎ᠠ	байна	20
яриагүй	ᠰᠢᠦ	шүү	12
яриагүй	ᠶᠠᠭᠤᠮ᠎ᠠ	юм	11
яриад	ᠪᠠᠶᠢᠭ᠎ᠠ	байгаа	663
яриад	ᠪᠠᠶᠢᠨ᠎ᠠ	байна	225
яриад	ᠪᠠᠶᠢᠬᠤ	байх	129
ярианаас	ᠨᠢ	нь	15
ярианаас	ᠬᠠᠷᠠᠬᠤ ᠳᠤ	харахад	6
ярианаас	ᠯᠠ	л	5
ярианд	ᠨᠢ	нь	8
ярианд	ᠣᠯᠠᠨ	олон	6
ярианд	ᠴᠢᠨᠢ	чинь	5
яриандаа	ᠳᠤᠷᠢᠳᠠᠭᠰᠠᠨ	дурьдсан	5
ярианы	ᠰᠡᠳᠦᠪ	сэдэв	52
ярианы	ᠪᠡᠷᠬᠡᠰᠢᠶᠡᠯ ᠲᠡᠢ	бэрхшээлтэй	26
ярианы	ᠭᠣᠣᠯ	гол	23
яригдаж	ᠪᠠᠶᠢᠭ᠎ᠠ	байгаа	652
яригдаж	ᠪᠠᠶᠢᠨ᠎ᠠ	байна	341
яригдаж	ᠪᠠᠶᠢᠭᠰᠠᠨ	байсан	246
яригдах	ᠪᠣᠯᠤᠭᠰᠠᠨ	болсон	60
яригдах	ᠶᠠᠭᠤᠮ᠎ᠠ	юм	36
яригдах	ᠶᠣᠰᠣᠲᠠᠢ	ёстой	34
яригдсан	ᠶᠠᠭᠤᠮ᠎ᠠ	юм	23
яригдсан	ᠴᠤ	ч	22
яригдсан	ᠠᠰᠠᠭᠤᠳᠠᠯ	асуудал	17
ярилаа	ᠭᠡᠵᠦ	гэж	14
ярилаа	ᠭᠡᠳ	гээд	13
ярилаа	ᠰᠢᠦ	шүү	7
ярилцаад	ᠰᠠᠭᠤᠵᠤ	сууж	11
ярилцаад	ᠯᠠ	л	10
ярилцаад	ᠶᠠᠪᠤᠵᠤ	явж	10
ярилцаж	ᠪᠠᠶᠢᠭ᠎ᠠ	байгаа	246
ярилцаж	ᠪᠠᠶᠢᠨ᠎ᠠ	байна	200
ярилцаж	ᠰᠠᠨᠠᠯ	санал	123
ярилцан	ᠰᠠᠨᠠᠯ	санал	14
ярилцана	ᠭᠡᠵᠦ	гэж	16
ярилцана	ᠭᠡᠰᠡᠨ	гэсэн	13
ярилцана	ᠭᠡᠳᠡᠭ	гэдэг	6
ярилцах	ᠶᠠᠭᠤᠮ᠎ᠠ	юм	108
ярилцах	ᠶᠣᠰᠣᠲᠠᠢ	ёстой	73
ярилцах	ᠨᠢ	нь	64
ярилцсан	ᠶᠠᠭᠤᠮ᠎ᠠ	юм	394
ярилцсан	ᠪᠠᠶᠢᠨ᠎ᠠ	байна	170
ярилцсан	ᠴᠤ	ч	32
ярилцъя	ᠭᠡᠵᠦ	гэж	14
яримаар	ᠪᠠᠶᠢᠨ᠎ᠠ	байна	30
ярина	ᠤᠤ	уу	37
ярина	ᠭᠡᠵᠦ	гэж	24
ярина	ᠰᠢᠦ	шүү	23
ярих	ᠨᠢ	нь	384
ярих	ᠶᠠᠭᠤᠮ᠎ᠠ	юм	287
ярих	ᠶᠣᠰᠣᠲᠠᠢ	ёстой	257
ярихаар	ᠯᠠ	л	14
ярихаар	ᠪᠣᠯᠤᠭᠰᠠᠨ	болсон	8
ярихаар	ᠬᠦᠮᠦᠰ	хүмүүс	5
ярихаас	ᠥᠭᠡᠷ᠎ᠡ	өөр	28
ярихаас	ᠡᠮᠦᠨ᠎ᠡ	өмнө	20
ярихаас	ᠢᠯᠡᠭᠦᠦ	илүү	17
ярихад	ᠡᠷᠲᠡ	эрт	23
ярихад	ᠨᠢ	нь	16
ярихад	ᠬᠡᠴᠡᠭᠦᠦ	хэцүү	11
ярихгүй	ᠶᠠᠭᠤ	юу	140
ярихгүй	ᠪᠠᠶᠢᠨ᠎ᠠ	байна	34
ярихгүй	ᠪᠠᠶᠢᠭ᠎ᠠ	байгаа	32
ярихдаа	ᠡᠨᠡ	энэ	6
ярихыг	ᠨᠢ	нь	15
ярихыг	ᠰᠣᠨᠣᠰᠤᠭᠰᠠᠨ	сонссон	13
ярихыг	ᠬᠦᠰᠡᠬᠦ ᠦᠭᠡᠢ	хүсэхгүй	10
ярихын	ᠲᠤᠯᠠᠳᠠ	тулд	32
ярихын	ᠡᠮᠦᠨ᠎ᠡ	өмнө	17
ярихын	ᠣᠷᠣᠨ ᠳᠤ	оронд	6
яруу	ᠨᠠᠶᠢᠷᠠᠭᠴᠢ	найрагч	1670
яруу	ᠨᠠᠶᠢᠷᠠᠭ ᠤᠨ	найргийн	753
яруу	ᠨᠠᠶᠢᠷᠠᠭ	найраг	323
яръя	ᠭᠡᠵᠦ	гэж	7
ярь	ᠰᠠᠩ	сан	25
ярь	ᠳᠠᠭ	даг	9
ярь	ᠯᠠ	л	6
ярьвал	ᠶᠡᠬᠡ	их	5
ярьвал	ᠡᠨᠡ	энэ	5
ярьдаг	ᠪᠠᠶᠢᠭᠰᠠᠨ	байсан	209
ярьдаг	ᠶᠠᠭᠤᠮ᠎ᠠ	юм	174
ярьдаг	ᠴᠤ	ч	85
ярьж	ᠪᠠᠶᠢᠨ᠎ᠠ	байна	1563
ярьж	ᠪᠠᠶᠢᠭ᠎ᠠ	байгаа	1165
ярьж	ᠪᠠᠶᠢᠭᠰᠠᠨ	байсан	870
ярьсаар	ᠪᠠᠶᠢᠭᠠᠳ	байгаад	52
ярьсаар	ᠢᠷᠡᠭᠰᠡᠨ	ирсэн	27
ярьсаар	ᠪᠠᠶᠢᠭ᠎ᠠ	байгаа	17
ярьсан	ᠶᠠᠭᠤᠮ᠎ᠠ	юм	447
ярьсан	ᠪᠠᠶᠢᠨ᠎ᠠ	байна	311
ярьсан	ᠨᠢ	нь	105
ярьцгааж	ᠪᠠᠶᠢᠨ᠎ᠠ	байна	39
ярьцгааж	ᠪᠠᠶᠢᠭᠰᠠᠨ	байсан	14
ярьцгааж	ᠪᠠᠶᠢᠪᠠ	байв	8
ярья	ᠯᠠ	л	29
ярья	ᠭᠡᠵᠦ	гэж	13
ярья	ᠭᠡᠰᠡᠨ	гэсэн	6
яс	ᠨᠢ	нь	35
яс	ᠦᠨᠳᠦᠰᠦ	үндэс	24
яс	ᠶᠠᠭᠤᠮᠠᠨ	юман	21
ясан	ᠡᠷᠭᠢ	эрэг	23
ясан	ᠲᠣᠯᠣᠭᠠᠢ	толгой	9
ясан	ᠡᠷᠭᠢ ᠶᠢᠨ	эргийн	7
ясны	ᠴᠢᠮᠦᠭᠡ	чөмөг	28
ясны	ᠮᠡᠰᠡ	мэс	7
ясны	ᠭᠤᠯᠢᠷ	гурил	6
яст	ᠮᠡᠯᠡᠬᠡᠢ	мэлхий	49
ясыг	ᠨᠢ	нь	18
ясыг	ᠬᠠᠤᠯᠢ	хууль	9
ясыг	ᠭᠠᠷ ᠢᠶᠠᠷ ᠢᠶᠠᠨ	гараараа	8
ятга	ᠬᠥᠭᠵᠢᠮ ᠦᠨ	хөгжмийн	16
ятга	ᠬᠥᠭᠵᠢᠮ ᠢ	хөгжмийг	7
ятга	ᠮᠣᠷᠢᠨ	морин	6
ятгын	ᠬᠠᠲᠤᠨ	хатан	28
ятгын	ᠭᠣᠴᠣᠯᠠᠯ	гоцлол	5
ёо	ᠶᠣᠣ	ёо	12
ёроол	ᠨᠢ	нь	14
ёроол	ᠷᠤ	руу	8
ёроол	ᠳᠠᠬᠢ	дахь	6
ёроолд	ᠨᠢ	нь	13
ёс	ᠵᠦᠢ ᠶᠢᠨ	зүйн	786
ёс	ᠵᠦᠢ	зүй	345
ёс	ᠵᠦᠢᠲᠡᠢ	зүйтэй	237
ёсгүй	ᠭᠡᠵᠦ	гэж	73
ёсгүй	ᠭᠡᠰᠡᠨ	гэсэн	49
ёсгүй	ᠶᠠᠭᠤᠮ᠎ᠠ	юм	39
ёслол	ᠥᠨᠥᠳᠥᠷ	өнөөдөр	106
ёслол	ᠲᠡᠭᠦᠯᠳᠡᠷ	төгөлдөр	99
ёслол	ᠳᠡᠭᠡᠷ᠎ᠡ	дээр	50
ёсны	ᠠᠶᠢᠯᠴᠢᠯᠠᠯ	айлчлал	526
ёсны	ᠬᠡᠯᠡᠯᠴᠡᠭᠡ	хэлэлцээ	182
ёсны	ᠮᠡᠳᠡᠭᠡᠯᠡᠯ	мэдээлэл	128
ёсоор	ᠮᠡᠳᠡᠭᠳᠡᠭᠰᠡᠨ	мэдэгдсэн	104
ёсоор	ᠭᠠᠳᠠᠭᠠᠳᠤ	гадаад	84
ёсоор	ᠥᠨᠥᠳᠥᠷ	өнөөдөр	64
ёстой	ᠭᠡᠵᠦ	гэж	1990
ёстой	ᠶᠠᠭᠤᠮ᠎ᠠ	юм	1543
ёстой	ᠭᠡᠰᠡᠨ	гэсэн	1172
ёстойг	ᠰᠠᠨᠠᠭᠤᠯᠵᠤ	сануулж	19
ёстойг	ᠰᠠᠨᠠᠭᠤᠯᠤᠭᠰᠠᠨ	сануулсан	13
ёстойг	ᠴᠤ	ч	11
ёстойгоо	ᠯᠠ	л	7
ёстойгоо	ᠮᠡᠳᠡᠵᠦ	мэдэж	6
ёстойгоо	ᠮᠡᠳᠡᠬᠦ ᠦᠭᠡᠢ	мэдэхгүй	5
ёсыг	ᠪᠡᠬᠢᠵᠢᠭᠦᠯᠬᠦ	бэхжүүлэх	49
ёсыг	ᠲᠣᠭᠲᠠᠭᠠᠬᠤ	тогтоох	34
ёсыг	ᠬᠠᠮᠠᠭᠠᠯᠠᠬᠤ	хамгаалах	18
ү	ᠷ	р	64
ү	ᠽ	з	37
ү	ᠨ	н	35
үг	ᠦ᠋	үү	774
үг	ᠶᠠᠭᠤᠮ᠎ᠠ	юм	747
үг	ᠪᠢᠰᠢ	биш	491
үгийг	ᠨᠢ	нь	140
үгийг	ᠪᠦᠷᠢᠨ	бүрэн	78
үгийг	ᠴᠢᠨᠢ	чинь	41
үгийн	ᠰᠠᠩ	сан	17
үгийн	ᠰᠠᠩ ᠳᠤ	санд	17
үгийн	ᠤᠳᠬ᠎ᠠ ᠶᠢ	утгыг	16
үгний	ᠴᠠᠭᠠᠨ᠎ᠠ	цаана	13
үгний	ᠲᠣᠪᠴᠢᠯᠠᠯ	товчлол	7
үгний	ᠤᠳᠬ᠎ᠠ	утга	7
үгнээс	ᠭᠠᠷᠤᠯ ᠲᠠᠢ	гаралтай	27
үгнээс	ᠨᠢ	нь	17
үгнээс	ᠣᠨᠴᠠᠯᠠᠬᠤ	онцлох	12
үгс	ᠨᠢ	нь	28
үгс	ᠴᠢᠨᠢ	чинь	15
үгс	ᠮᠢᠨᠢ	минь	10
үгсийг	ᠮᠢᠨᠢ	минь	7
үгсийг	ᠨᠢ	нь	5
үгсийн	ᠴᠢᠭᠤᠯᠭᠠᠨ	чуулган	14
үгсийн	ᠰᠠᠩ	сан	12
үгсийн	ᠰᠠᠩ ᠳᠤ	санд	9
үгтэй	ᠪᠠᠶᠢᠬᠤ	байх	7
үгтэй	ᠳᠠᠭᠤᠤ	дуу	7
үгтэй	ᠶᠠᠭᠤᠮ᠎ᠠ	юм	6
үгэн	ᠳᠡᠭᠡᠷ᠎ᠡ	дээр	16
үгэн	ᠳ᠋ᠡ	дээ	7
үгэнд	ᠨᠢ	нь	29
үгэнд	ᠴᠢᠨᠢ	чинь	20
үгэнд	ᠣᠷᠣᠬᠤ ᠦᠭᠡᠢ	орохгүй	16
үгэндээ	ᠮᠣᠩᠭᠣᠯ	монгол	40
үгэндээ	ᠡᠵᠡᠨ	эзэн	27
үгэндээ	ᠤᠡᠬ	уих	15
үгээ	ᠬᠡᠯᠡᠵᠦ	хэлж	78
үгээ	ᠬᠡᠯᠡᠬᠦ	хэлэх	60
үгээ	ᠬᠡᠯᠡᠨ᠎ᠡ	хэлнэ	24
үгээр	ᠬᠡᠯᠡᠪᠡᠯ	хэлбэл	388
үгээр	ᠪᠣᠯ	бол	64
үгээр	ᠬᠡᠯᠡᠬᠦ ᠳᠦ	хэлэхэд	45
үгүй	ᠶᠠᠭᠤ	юу	707
үгүй	ᠡ	ээ	338
үгүй	ᠪᠣᠯ	бол	280
үгүйг	ᠨᠢ	нь	21
үгүйг	ᠮᠡᠳᠡᠬᠦ ᠦᠭᠡᠢ	мэдэхгүй	8
үгүйг	ᠪᠢ	би	6
үгүйлж	ᠪᠠᠶᠢᠨ᠎ᠠ	байна	8
үгүйлж	ᠪᠠᠶᠢᠭ᠎ᠠ	байгаа	6
үгүйлэн	ᠰᠠᠨᠠᠨ᠎ᠠ	санана	12
үгүйлэн	ᠰᠠᠨᠠᠬᠤ ᠶᠢᠨ	санахын	6
үгүйлэн	ᠰᠠᠨᠠᠬᠤ	санах	5
үгүйсгэж	ᠪᠠᠶᠢᠭ᠎ᠠ	байгаа	52
үгүйсгэж	ᠪᠣᠯᠬᠤ ᠦᠭᠡᠢ	болохгүй	51
үгүйсгэж	ᠪᠠᠶᠢᠨ᠎ᠠ	байна	36
үгүйсгэхгүй	ᠪᠠᠶᠢᠨ᠎ᠠ	байна	36
үгүйсгэхгүй	ᠶᠠᠭᠤᠮ᠎ᠠ	юм	33
үгүйсгэхгүй	ᠪᠠᠶᠢᠭ᠎ᠠ	байгаа	23
үгүйсгээд	ᠪᠠᠶᠢᠭ᠎ᠠ	байгаа	9
үгүйсгээд	ᠪᠠᠶᠢᠬᠤ	байх	5
үгүйтэй	ᠪᠠᠶᠢᠭ᠎ᠠ	байгаа	5
үгүйтэй	ᠪᠠᠶᠢᠭᠰᠠᠨ	байсан	5
үгүйтэй	ᠪᠣᠯᠵᠤ	болж	5
үд	ᠬᠣᠲᠠᠳ	хотод	32
үд	ᠬᠣᠲᠠ ᠶᠢᠨ	хотын	27
үд	ᠳᠤᠮᠳᠠ ᠶᠢᠨ	дундын	15
үдийн	ᠴᠠᠢ	цай	90
үдийн	ᠵᠣᠭᠣᠭ	зоог	38
үдийн	ᠴᠠᠶᠢᠨ ᠤ	цайны	23
үдсэн	ᠶᠠᠭᠤᠮ᠎ᠠ	юм	14
үдсэн	ᠴᠤ	ч	7
үдсэн	ᠪᠠᠶᠢᠨ᠎ᠠ	байна	6
үдшийг	ᠬᠠᠮᠲᠤ ᠳᠤ ᠪᠠᠨ	хамтдаа	22
үдшийг	ᠳᠣᠷᠭᠢᠶ᠎ᠠ	доргио	17
үдшийг	ᠪᠤᠲᠠ	бут	8
үдшийн	ᠪᠦᠷᠦᠢ	бүрий	26
үдшийн	ᠴᠠᠭ ᠢᠶᠠᠷ	цагаар	22
үдшийн	ᠴᠡᠩᠭᠡᠭᠦᠨ	цэнгүүн	15
үдэж	ᠪᠠᠶᠢᠨ᠎ᠠ	байна	47
үдэж	ᠪᠠᠶᠢᠭ᠎ᠠ	байгаа	35
үдэж	ᠰᠢᠨ᠎ᠡ	шинэ	16
үдэн	ᠭᠠᠷᠭᠠᠬᠤ	гаргах	27
үдэн	ᠭᠠᠷᠭᠠᠵᠤ	гаргаж	8
үдэх	ᠶᠣᠰᠣᠯᠠᠯ	ёслол	6
үдэх	ᠠᠷᠭ᠎ᠠ	арга	5
үдэх	ᠭᠡᠵᠦ	гэж	5
үдэш	ᠪᠦᠷ	бүр	53
үдэш	ᠪᠠᠶᠢᠯ᠎ᠠ	байлаа	21
үдэш	ᠨᠢ	нь	15
үдэшлэг	ᠵᠣᠬᠢᠶᠠᠨ	зохион	16
үдэшлэг	ᠳᠡᠭᠡᠷ᠎ᠡ	дээр	11
үдэшлэг	ᠡᠨᠡ	энэ	9
үдээс	ᠬᠣᠶᠢᠰᠢ	хойш	560
үдээс	ᠬᠣᠶᠢᠰᠢᠬᠢ	хойшхи	413
үдээс	ᠡᠮᠦᠨᠡᠬᠢ	өмнөх	407
үе	ᠦᠶ᠎ᠡ ᠶᠢᠨ	үеийн	996
үе	ᠱᠠᠲᠤ	шат	317
үе	ᠦᠶ᠎ᠡ	үе	273
үед	ᠨᠢ	нь	808
үед	ᠡᠨᠡ	энэ	402
үед	ᠪᠢ	би	299
үедээ	ᠯᠠ	л	86
үедээ	ᠲᠡᠭᠡᠭᠡᠪᠦᠷᠢ ᠶᠢᠨ	тээврийн	46
үедээ	ᠥᠪᠯᠡᠭᠦᠯᠬᠦ	өвлүүлэх	36
үеийг	ᠪᠣᠳᠣᠪᠠᠯ	бодвол	37
үеийг	ᠳᠠᠪᠠᠨ	даван	21
үеийг	ᠠᠰᠢᠭᠯᠠᠵᠤ	ашиглаж	17
үеийн	ᠤᠷᠠᠨ	уран	167
үеийн	ᠵᠠᠰᠠᠭ ᠤᠨ	засгийн	165
үеийн	ᠲᠧᠭᠨᠢᠭ	техник	163
үеийнх	ᠰᠢᠭ	шиг	38
үеийнх	ᠨᠢ	нь	35
үеийнх	ᠰᠢᠭ ᠢᠶᠡᠨ	шигээ	15
үеийнхний	ᠳᠤᠮᠳᠠ	дунд	14
үеийнхний	ᠣᠯᠢᠮᠫ ᠤᠨ	олимпийн	11
үеийнхний	ᠣᠯᠠᠨ	олон	7
үеийнхэн	ᠮᠠᠨᠢ	маань	23
үеийнхэн	ᠨᠢ	нь	20
үеийнхэн	ᠳᠤᠮᠳᠠ ᠪᠠᠨ	дундаа	12
үеийнхээ	ᠲᠠᠯ᠎ᠠ ᠪᠠᠷ	талаар	8
үеийнхээ	ᠬᠠᠮᠤᠭ ᠤᠨ	хамгийн	7
үеийнхээ	ᠨᠡᠶᠢᠭᠡᠮ ᠤᠨ	нийгмийн	6
үер	ᠤᠰᠤᠨ ᠤ	усны	151
үер	ᠪᠣᠯᠵᠤ	болж	13
үер	ᠪᠠᠭᠤᠵᠤ	бууж	10
үерийн	ᠠᠶᠤᠯᠲᠠᠢ	аюултай	56
үерийн	ᠤᠰᠤ	ус	28
үерийн	ᠳᠠᠯᠠᠨ	далан	24
үерхэж	ᠪᠠᠶᠢᠭᠰᠠᠨ	байсан	9
үерхэж	ᠡᠬᠢᠯᠡᠭᠰᠡᠨ	эхэлсэн	5
үерхэж	ᠶᠠᠪᠤᠭᠰᠠᠨ	явсан	5
үерхэл	ᠨᠥᠬᠥᠷᠯᠡᠯ	нөхөрлөл	10
үеэ	ᠪᠣᠳᠣᠪᠠᠯ	бодвол	173
үеэ	ᠣᠯᠤᠭᠰᠠᠨ	олсон	98
үеэ	ᠪᠣᠳᠣᠬᠤ ᠳᠤ	бодоход	51
үеэр	ᠮᠣᠩᠭᠣᠯ	монгол	463
үеэр	ᠤᠡᠬ	уих	356
үеэр	ᠬᠣᠶᠠᠷ	хоёр	298
үеэс	ᠯᠠ	л	157
үеэс	ᠡᠬᠢᠯᠡᠨ	эхлэн	103
үеэс	ᠬᠣᠶᠢᠰᠢ	хойш	92
үеээ	ᠪᠣᠳᠣᠪᠠᠯ	бодвол	6
үз	ᠳ᠋ᠡ	дээ	49
үз	ᠯᠠ	л	37
үз	ᠰᠡᠨ	сэн	16
үзвэл	ᠡᠨᠡ	энэ	74
үзвэл	ᠮᠣᠩᠭᠣᠯ	монгол	38
үзвэл	ᠮᠠᠨ ᠤ	манай	28
үзвэр	ᠦᠢᠯᠡᠴᠢᠯᠡᠭᠡ	үйлчилгээ	40
үзвэр	ᠦᠵᠡᠬᠦ	үзэх	6
үздэг	ᠶᠠᠭᠤᠮ᠎ᠠ	юм	159
үздэг	ᠪᠠᠶᠢᠨ᠎ᠠ	байна	119
үздэг	ᠪᠠᠶᠢᠭᠰᠠᠨ	байсан	111
үзлийг	ᠲᠦᠭᠡᠭᠡᠨ	түгээн	10
үзлийг	ᠬᠣᠶᠢᠴᠢ	хойч	8
үзлийг	ᠯᠠ	л	5
үзлэг	ᠬᠢᠵᠦ	хийж	124
үзлэг	ᠬᠢᠬᠦ	хийх	107
үзлэг	ᠰᠢᠯᠭᠠᠯᠲᠠ	шалгалт	66
үзлээ	ᠭᠡᠵᠦ	гэж	17
үзлээ	ᠭᠡᠬᠦ ᠳᠦ	гэхэд	12
үзлээ	ᠬᠡᠮᠡᠨ	хэмээн	12
үзмэр	ᠪᠤᠢ	бий	9
үзмэр	ᠡᠳ᠋	эд	8
үзмэр	ᠪᠣᠯᠤᠭᠰᠠᠨ	болсон	7
үзмээр	ᠪᠠᠶᠢᠨ᠎ᠠ	байна	36
үзмээр	ᠰᠠᠨᠠᠭᠳᠠᠭᠠᠳ	санагдаад	10
үзнэ	ᠦ᠋	үү	1120
үзнэ	ᠭᠡᠵᠦ	гэж	43
үзнэ	ᠭᠡᠳᠡᠭ	гэдэг	28
үзсэн	ᠪᠠᠶᠢᠨ᠎ᠠ	байна	694
үзсэн	ᠶᠠᠭᠤᠮ᠎ᠠ	юм	320
үзсэн	ᠴᠤ	ч	147
үзсэнээс	ᠬᠣᠶᠢᠰᠢ	хойш	6
үзсээр	ᠪᠠᠶᠢᠭᠠᠳ	байгаад	10
үзсээр	ᠪᠠᠶᠢᠨ᠎ᠠ	байна	10
үзсээр	ᠪᠠᠶᠢᠭ᠎ᠠ	байгаа	9
үзье	ᠭᠡᠵᠦ	гэж	45
үзье	ᠯᠠ	л	42
үзье	ᠭᠡᠰᠡᠨ	гэсэн	34
үзэв	ᠦ᠋	үү	42
үзэг	ᠴᠠᠭᠠᠰᠤ	цаас	31
үзэг	ᠨᠢ	нь	14
үзэг	ᠨᠢᠭᠡᠲᠦ	нэгт	13
үзэгдэл	ᠪᠣᠯᠤᠭᠰᠠᠨ	болсон	69
үзэгдэл	ᠪᠣᠯᠵᠤ	болж	64
үзэгдэл	ᠪᠢᠰᠢ	биш	48
үзэгдэх	ᠣᠷᠴᠢᠨ	орчин	36
үзэгдэх	ᠪᠣᠯᠤᠭᠰᠠᠨ	болсон	13
үзэгдэх	ᠨᠢ	нь	9
үзэгдээд	ᠪᠠᠶᠢᠭ᠎ᠠ	байгаа	8
үзэгдээд	ᠪᠠᠶᠢᠳᠠᠭ	байдаг	7
үзэглэх	ᠭᠡᠵᠦ	гэж	5
үзэглэх	ᠶᠠᠭᠤᠮ᠎ᠠ	юм	5
үзэглэх	ᠦᠶ᠎ᠡ ᠪᠡᠷ	үеэр	5
үзэгч	ᠲᠠ	та	91
үзэгч	ᠣᠯᠠᠨ ᠳᠤ ᠪᠠᠨ	олондоо	50
үзэгч	ᠲᠦᠮᠡᠨ ᠳᠦ ᠪᠡᠨ	түмэндээ	48
үзэж	ᠪᠠᠶᠢᠭ᠎ᠠ	байгаа	2757
үзэж	ᠪᠠᠶᠢᠨ᠎ᠠ	байна	2743
үзэж	ᠪᠤᠢ	буй	464
үзэл	ᠪᠠᠷᠢᠮᠲᠠᠯᠠᠯ	баримтлал	518
үзэл	ᠪᠣᠳᠣᠯ	бодол	463
үзэл	ᠪᠣᠳᠣᠯ ᠢᠶᠠᠨ	бодлоо	443
үзэлгүй	ᠶᠠᠬᠤᠪ	яахав	8
үзэлтэй	ᠬᠦᠮᠦᠨ	хүн	20
үзэлтэй	ᠬᠦᠮᠦᠰ	хүмүүс	12
үзэлтэй	ᠭᠡᠵᠦ	гэж	8
үзэм	ᠨᠢ	нь	8
үзэмж	ᠰᠠᠶᠢᠲᠠᠢ	сайтай	14
үзэмж	ᠲᠥᠷᠬᠥ ᠶᠢ	төрхийг	13
үзэмж	ᠲᠡᠭᠦᠰ	төгс	8
үзэн	ᠶᠠᠳᠠᠳᠠᠭ	яддаг	70
үзэн	ᠶᠠᠳᠠᠬᠤ	ядах	57
үзэн	ᠶᠠᠳᠠᠵᠤ	ядаж	56
үзэсгэлэн	ᠬᠤᠳᠠᠯᠳᠤᠭ᠎ᠠ	худалдаа	273
үзэсгэлэн	ᠶᠠᠭᠠᠷᠮᠠᠭ	яармаг	152
үзэсгэлэн	ᠨᠢ	нь	137
үзэсгэлэнг	ᠵᠣᠬᠢᠶᠠᠨ	зохион	89
үзэсгэлэнг	ᠨᠡᠭᠡᠭᠡᠵᠦ	нээж	32
үзэсгэлэнг	ᠡᠨᠡ	энэ	24
үзэсгэлэнгээ	ᠭᠠᠷᠭᠠᠵᠤ	гаргаж	45
үзэсгэлэнгээ	ᠭᠠᠷᠭᠠᠬᠤ	гаргах	23
үзэсгэлэнгээ	ᠭᠠᠷᠭᠠᠭᠰᠠᠨ	гаргасан	21
үзэсгэлэнд	ᠣᠷᠣᠯᠴᠠᠵᠤ	оролцож	79
үзэсгэлэнд	ᠮᠣᠩᠭᠣᠯ	монгол	56
үзэсгэлэнд	ᠤᠷᠤᠯᠴᠠᠬᠤ	оролцох	40
үзэсгэлэнт	ᠪᠠᠶᠢᠭᠠᠯᠢ	байгаль	47
үзэсгэлэнт	ᠭᠠᠵᠠᠷ	газар	32
үзэсгэлэнт	ᠪᠦᠰᠡᠭᠦᠢ	бүсгүй	28
үзэсгэлэнтэй	ᠬᠠᠷᠠᠭᠳᠠᠳᠠᠭ	харагддаг	13
үзэсгэлэнтэй	ᠰᠠᠶᠢᠬᠠᠨ	сайхан	12
үзэсгэлэнтэй	ᠬᠠᠷᠠᠭᠳᠠᠵᠤ	харагдаж	6
үзэх	ᠪᠣᠯᠤᠮᠵᠢ ᠲᠠᠢ	боломжтой	363
үзэх	ᠨᠢ	нь	254
үзэх	ᠶᠠᠭᠤᠮ᠎ᠠ	юм	254
үзэхгүй	ᠪᠠᠶᠢᠨ᠎ᠠ	байна	45
үзэхгүй	ᠪᠠᠶᠢᠭ᠎ᠠ	байгаа	43
үзэхгүй	ᠪᠣᠯ	бол	17
үзэхийг	ᠬᠦᠰᠡᠪᠡᠯ	хүсвэл	37
үзэхийг	ᠬᠦᠰᠡᠭᠰᠡᠨ	хүссэн	36
үзэхийг	ᠬᠦᠰᠴᠢ	хүсч	24
үзэхийн	ᠬᠢᠵᠠᠭᠠᠷ	хязгаар	49
үзэхийн	ᠲᠤᠯᠠᠳᠠ	тулд	40
үзэхийн	ᠵᠡᠷᠭᠡᠴᠡᠭᠡ	зэрэгцээ	7
үзэхэд	ᠮᠠᠨ ᠤ	манай	40
үзэхэд	ᠡᠨᠡ	энэ	28
үзэхэд	ᠮᠣᠩᠭᠣᠯ	монгол	26
үзэхээр	ᠢᠷᠡᠭᠰᠡᠨ	ирсэн	37
үзэхээр	ᠪᠣᠯᠤᠭᠰᠠᠨ	болсон	28
үзэхээр	ᠪᠣᠯᠵᠠᠢ	болжээ	18
үзээгүй	ᠬᠦᠮᠦᠨ	хүн	37
үзээгүй	ᠶᠠᠭᠤᠮ᠎ᠠ	юм	27
үзээгүй	ᠴᠤ	ч	24
үзээд	ᠪᠠᠶᠢᠭ᠎ᠠ	байгаа	111
үзээд	ᠯᠠ	л	56
үзээд	ᠪᠠᠶᠢᠨ᠎ᠠ	байна	45
үзээрэй	ᠭᠡᠵᠦ	гэж	27
үзүүл	ᠰᠡᠨ	сэн	12
үзүүл	ᠳᠡᠭ	дэг	9
үзүүл	ᠭᠡᠰᠡᠨ	гэсэн	6
үзүүлж	ᠪᠠᠶᠢᠭ᠎ᠠ	байгаа	550
үзүүлж	ᠪᠤᠢ	буй	335
үзүүлж	ᠪᠠᠶᠢᠨ᠎ᠠ	байна	332
үзүүлнэ	ᠭᠡᠵᠦ	гэж	143
үзүүлнэ	ᠭᠡᠳᠡᠭ ᠲᠦ	гэдэгт	50
үзүүлнэ	ᠭᠡᠰᠡᠨ	гэсэн	31
үзүүлсэн	ᠪᠠᠶᠢᠨ᠎ᠠ	байна	173
үзүүлсэн	ᠶᠠᠭᠤᠮ᠎ᠠ	юм	136
үзүүлсэн	ᠨᠢ	нь	82
үзүүлсээр	ᠢᠷᠡᠭᠰᠡᠨ	ирсэн	22
үзүүлсээр	ᠪᠠᠶᠢᠭ᠎ᠠ	байгаа	15
үзүүлсээр	ᠪᠠᠶᠢᠨ᠎ᠠ	байна	14
үзүүлье	ᠭᠡᠵᠦ	гэж	15
үзүүлье	ᠭᠡᠰᠡᠨ	гэсэн	11
үзүүлэгч	ᠪᠠᠶᠢᠭᠤᠯᠤᠯᠭ᠎ᠠ	байгууллага	7
үзүүлэлт	ᠶᠠᠭᠤᠮ᠎ᠠ	юм	399
үзүүлэлт	ᠨᠢ	нь	241
үзүүлэлт	ᠠᠵᠤ	аж	109
үзүүлэн	ᠠᠵᠢᠯᠯᠠᠵᠤ	ажиллаж	20
үзүүлэн	ᠬᠠᠮᠲᠤᠷᠠᠨ	хамтран	14
үзүүлэн	ᠲᠠᠨᠢᠭᠤᠯᠬᠤ	таниулах	7
үзүүлэх	ᠲᠤᠬᠠᠢ	тухай	266
үзүүлэх	ᠶᠠᠭᠤᠮ᠎ᠠ	юм	243
үзүүлэх	ᠨᠢ	нь	155
үзүүлэхгүй	ᠪᠠᠶᠢᠬᠤ	байх	25
үзүүлэхгүй	ᠪᠠᠶᠢᠭ᠎ᠠ	байгаа	17
үзүүлэхгүй	ᠪᠠᠶᠢᠨ᠎ᠠ	байна	17
үзүүлээгүй	ᠭᠡᠵᠦ	гэж	18
үзүүлээгүй	ᠴᠤ	ч	12
үзүүлээгүй	ᠪᠠᠶᠢᠨ᠎ᠠ	байна	11
үзүүр	ᠲᠦᠷᠦᠭᠦᠨ ᠳᠦ	түрүүнд	105
үзүүр	ᠲᠦᠷᠦᠭᠦᠦ	түрүү	42
үзүүр	ᠨᠢ	нь	22
үзүүрийг	ᠨᠢ	нь	9
үзүүрт	ᠭᠡᠷᠡᠯ	гэрэл	25
үзүүрт	ᠰᠡᠳᠬᠢᠯ ᠢᠶᠡᠷ	сэтгэлээр	13
үзүүрт	ᠨᠢ	нь	8
үзүүрээс	ᠠᠳᠬᠤᠭ᠎ᠠ ᠳᠤ	атгаад	8
үзүүштэй	ᠲᠣᠭᠯᠠᠯᠲᠠ	тоглолт	8
үзүүштэй	ᠰᠠᠶᠢᠬᠠᠨ	сайхан	6
үзүүштэй	ᠪᠣᠯᠭᠠᠬᠤ	болгох	5
үй	ᠣᠯᠠᠨ	олон	52
үй	ᠲᠦᠮᠡᠨ	түмэн	30
үй	ᠣᠯᠠᠨ ᠢᠶᠠᠷ ᠢᠶᠠᠨ	олноороо	23
үйл	ᠠᠵᠢᠯᠯᠠᠭ᠎ᠠ	ажиллагаа	10760
үйл	ᠶᠠᠪᠤᠳᠠᠯ	явдал	1720
үйл	ᠶᠠᠪᠤᠴᠠ	явц	764
үйлдвэр	ᠬᠥᠳᠡᠭᠡ	хөдөө	1360
үйлдвэр	ᠪᠠᠶᠢᠭᠤᠯᠬᠤ	байгуулах	284
үйлдвэр	ᠨᠢ	нь	274
үйлдвэрлэгдсэн	ᠣᠨ	он	12
үйлдвэрлэгдсэн	ᠪᠥᠭᠡᠳ	бөгөөд	7
үйлдвэрлэгдсэн	ᠪᠦᠲᠦᠭᠡᠭᠳᠡᠬᠦᠨ	бүтээгдэхүүн	6
үйлдвэрлэгч	ᠺᠣᠮᠫᠠᠨᠢ	компани	109
үйлдвэрлэгч	ᠨᠠᠷᠠ	нар	61
үйлдвэрлэгч	ᠣᠷᠣᠨ	орон	47
үйлдвэрлэж	ᠪᠠᠶᠢᠭ᠎ᠠ	байгаа	238
үйлдвэрлэж	ᠪᠠᠶᠢᠨ᠎ᠠ	байна	129
үйлдвэрлэж	ᠪᠤᠢ	буй	78
үйлдвэрлэл	ᠦᠢᠯᠡᠴᠢᠯᠡᠭᠡ	үйлчилгээ	143
үйлдвэрлэл	ᠨᠢ	нь	87
үйлдвэрлэл	ᠡᠷᠬᠢᠯᠡᠳᠡᠭ	эрхэлдэг	75
үйлдвэрлэн	ᠵᠠᠬ᠎ᠠ	зах	20
үйлдвэрлэн	ᠭᠠᠷᠭᠠᠵᠤ	гаргаж	17
үйлдвэрлэн	ᠭᠠᠷᠭᠠᠳᠠᠭ	гаргадаг	9
үйлдвэрлэсэн	ᠪᠠᠷ᠎ᠠ	бараа	45
үйлдвэрлэсэн	ᠨᠢ	нь	37
үйлдвэрлэсэн	ᠪᠠᠶᠢᠨ᠎ᠠ	байна	30
үйлдвэрлэх	ᠬᠦᠴᠦᠨ	хүчин	170
үйлдвэрлэх	ᠪᠣᠯᠤᠮᠵᠢ ᠲᠠᠢ	боломжтой	83
үйлдвэрлэх	ᠪᠣᠯᠤᠮᠵᠢ	боломж	43
үйлдлийг	ᠲᠠᠰᠤᠯᠤᠨ	таслан	60
үйлдлийг	ᠨᠢ	нь	47
үйлдлийг	ᠬᠠᠤᠯᠢ	хууль	19
үйлдсэн	ᠭᠡᠮ	гэм	99
үйлдсэн	ᠪᠣᠯ	бол	77
үйлдсэн	ᠭᠡᠬᠦ	гэх	77
үйлдэж	ᠰᠢᠭᠦᠬᠦ ᠳᠦ	шүүхэд	49
үйлдэж	ᠪᠠᠶᠢᠭ᠎ᠠ	байгаа	46
үйлдэж	ᠪᠠᠶᠢᠨ᠎ᠠ	байна	42
үйлдэл	ᠨᠢ	нь	304
үйлдэл	ᠬᠢᠵᠦ	хийж	101
үйлдэл	ᠭᠡᠵᠦ	гэж	87
үйлдэн	ᠰᠢᠭᠦᠬᠦ ᠳᠦ	шүүхэд	44
үйлдэн	ᠬᠠᠨ	хан	5
үйлдэн	ᠬᠡᠷᠡᠭ ᠢ	хэргийг	5
үйлийг	ᠬᠢᠬᠦ ᠳᠦ	хийхэд	123
үйлийг	ᠡᠬᠢᠯᠡᠬᠦ	эхлэх	30
үйлийг	ᠬᠡᠪᠰᠢᠭᠦᠯᠬᠦ	хэвшүүлэх	15
үйлийн	ᠦᠷ᠎ᠡ	үр	40
үйлийн	ᠭᠤᠷᠪᠠᠨ	гурван	17
үйлийн	ᠦᠷ᠎ᠡ ᠶᠢᠨ	үрийн	16
үйлс	ᠨᠢ	нь	25
үйлс	ᠪᠣᠯᠭᠠᠨ	болгон	16
үйлс	ᠲᠠᠨᠢ	тань	13
үйлсийг	ᠨᠢ	нь	15
үйлсийг	ᠳᠡᠮᠵᠢᠬᠦ	дэмжих	10
үйлсийг	ᠰᠤᠷᠲᠠᠯᠴᠢᠯᠠᠬᠤ	сурталчлах	9
үйлсийн	ᠲᠥᠯᠥᠭᠡ	төлөө	38
үйлсийн	ᠠᠶᠠᠨ ᠳᠤ	аянд	35
үйлсийн	ᠠᠶᠠᠨ	аян	23
үйлсэд	ᠬᠤᠪᠢ	хувь	44
үйлсэд	ᠨᠢ	нь	30
үйлсэд	ᠭᠠᠷ	гар	25
үйлч	ᠯᠦᠦ	лүү	9
үйлчилгээ	ᠦᠵᠡᠭᠦᠯᠬᠦ	үзүүлэх	430
үйлчилгээ	ᠦᠵᠡᠭᠦᠯᠵᠦ	үзүүлж	222
үйлчилгээ	ᠨᠢ	нь	201
үйлчилж	ᠪᠠᠶᠢᠭ᠎ᠠ	байгаа	355
үйлчилж	ᠪᠠᠶᠢᠨ᠎ᠠ	байна	148
үйлчилж	ᠪᠤᠢ	буй	123
үйлчлэгч	ᠨᠠᠷᠠ	нар	12
үйлчлэгч	ᠪᠣᠳᠠᠰ	бодис	8
үйлчлэгч	ᠪᠠᠶᠢᠭᠤᠯᠤᠯᠭ᠎ᠠ	байгууллага	7
үйлчлэл	ᠨᠢ	нь	12
үйлчлэх	ᠶᠣᠰᠣᠲᠠᠢ	ёстой	86
үйлчлэх	ᠶᠠᠭᠤᠮ᠎ᠠ	юм	55
үйлчлэх	ᠬᠤᠭᠤᠴᠠᠭ᠎ᠠ	хугацаа	28
үйлчлэхгүй	ᠪᠠᠶᠢᠨ᠎ᠠ	байна	14
үйлчлэхгүй	ᠪᠠᠶᠢᠬᠤ	байх	10
үйлчлэхгүй	ᠭᠡᠰᠡᠨ	гэсэн	7
үйлчлүүлж	ᠪᠠᠶᠢᠭ᠎ᠠ	байгаа	51
үйлчлүүлж	ᠪᠤᠢ	буй	42
үйлчлүүлж	ᠪᠠᠶᠢᠭᠰᠠᠨ	байсан	25
үйлээ	ᠦᠵᠡᠵᠦ	үзэж	22
үйлээ	ᠦᠵᠡᠭᠰᠡᠨ	үзсэн	5
үймээн	ᠰᠠᠮᠠᠭᠤᠨ	самуун	34
үймээн	ᠭᠠᠷᠤᠭᠰᠠᠨ	гарсан	5
үймээн	ᠳᠡᠭᠳᠡᠵᠦ	дэгдэж	5
үл	ᠬᠥᠳᠡᠯᠬᠦ	хөдлөх	1369
үл	ᠬᠠᠮᠢᠶᠠᠷᠤᠨ	хамааран	293
үл	ᠣᠶᠢᠯᠠᠭᠠᠯᠴᠠᠯ	ойлголцол	193
үлгэр	ᠵᠢᠱᠢᠶ᠎ᠡ	жишээ	352
үлгэр	ᠳᠠᠭᠤᠷᠢᠶᠠᠯᠠ	дууриал	126
үлгэр	ᠳᠠᠭᠤᠷᠢᠶᠠᠯ	дуурайл	75
үлгэрийг	ᠪᠢ	би	5
үлгэрийн	ᠶᠠᠭᠤᠮ᠎ᠠ	юм	23
үлгэрийн	ᠳᠠᠯᠠᠢ	далай	12
үлгэрийн	ᠪᠠᠭᠠᠲᠤᠷ	баатар	10
үлгэрт	ᠭᠠᠷᠳᠠᠭ	гардаг	25
үлгэрт	ᠯᠠ	л	5
үлддэг	ᠶᠠᠭᠤᠮ᠎ᠠ	юм	24
үлддэг	ᠪᠠᠶᠢᠭᠰᠠᠨ	байсан	15
үлддэг	ᠪᠠᠶᠢᠨ᠎ᠠ	байна	12
үлдлээ	ᠳ᠋ᠡ	дээ	10
үлдлээ	ᠭᠡᠵᠦ	гэж	8
үлдлээ	ᠭᠡᠰᠡᠨ	гэсэн	8
үлдсэн	ᠨᠢ	нь	323
үлдсэн	ᠶᠠᠭᠤᠮ᠎ᠠ	юм	164
үлдсэн	ᠪᠠᠶᠢᠨ᠎ᠠ	байна	138
үлдсэнийг	ᠨᠢ	нь	141
үлдэгдэл	ᠲᠡᠷᠪᠤᠮ	тэрбум	35
үлдэгдэл	ᠪᠣᠯᠬᠤ	болох	31
үлдэгдэл	ᠰᠠᠶ᠋ᠢ	сая	26
үлдэгдэлтэй	ᠪᠠᠶᠢᠨ᠎ᠠ	байна	22
үлдэгдэлтэй	ᠪᠠᠶᠢᠭ᠎ᠠ	байгаа	9
үлдэж	ᠪᠠᠶᠢᠭ᠎ᠠ	байгаа	268
үлдэж	ᠪᠠᠶᠢᠨ᠎ᠠ	байна	235
үлдэж	ᠪᠤᠢ	буй	104
үлдэнэ	ᠭᠡᠰᠡᠨ	гэсэн	47
үлдэнэ	ᠭᠡᠵᠦ	гэж	42
үлдэнэ	ᠭᠡᠳᠡᠭ	гэдэг	14
үлдэх	ᠨᠢ	нь	162
үлдэх	ᠶᠣᠰᠣᠲᠠᠢ	ёстой	76
үлдэх	ᠶᠠᠭᠤᠮ᠎ᠠ	юм	73
үлдэхгүй	ᠨᠢ	нь	13
үлдэхгүй	ᠪᠠᠶᠢᠬᠤ	байх	7
үлдэхгүй	ᠪᠣᠯ	бол	6
үлдэхийг	ᠯᠠ	л	5
үлдэхийг	ᠬᠦᠰᠴᠢ	хүсч	5
үлдэхийг	ᠬᠦᠰᠡᠭᠡ ᠦᠭᠡᠢ	хүсээгүй	5
үлдэхийн	ᠲᠤᠯᠠᠳᠠ	тулд	118
үлдэхийн	ᠲᠥᠯᠥᠭᠡ	төлөө	54
үлдэхийн	ᠲᠥᠯᠦᠭᠡᠬᠢ	төлөөх	21
үлдэхэд	ᠨᠢ	нь	6
үлдэхээр	ᠰᠢᠢᠳᠡᠭᠰᠡᠨ	шийдсэн	6
үлдэхээр	ᠪᠣᠯᠵᠤ	болж	5
үлдээгээд	ᠶᠠᠪᠤᠭᠰᠠᠨ	явсан	22
үлдээгээд	ᠪᠤᠰᠤᠳ ᠢ	бусдыг	6
үлдээгээд	ᠶᠠᠪᠤᠳᠠᠭ	явдаг	6
үлдээгүй	ᠶᠠᠭᠤᠮ᠎ᠠ	юм	10
үлдээгүй	ᠪᠣᠯᠤᠯᠲᠠᠢ	бололтой	7
үлдээгүй	ᠭᠡᠳᠡᠭ ᠢ	гэдгийг	7
үлдээд	ᠪᠠᠶᠢᠨ᠎ᠠ	байна	280
үлдээд	ᠪᠠᠶᠢᠭ᠎ᠠ	байгаа	164
үлдээд	ᠪᠠᠶᠢᠭᠰᠠᠨ	байсан	42
үлдээе	ᠭᠡᠵᠦ	гэж	8
үлдээе	ᠭᠡᠰᠡᠨ	гэсэн	7
үлдээе	ᠳ᠋ᠡ	дээ	7
үлдээж	ᠪᠠᠶᠢᠭ᠎ᠠ	байгаа	39
үлдээж	ᠪᠠᠶᠢᠨ᠎ᠠ	байна	27
үлдээж	ᠴᠢᠳᠠᠭᠰᠠᠨ	чадсан	15
үлдээн	ᠭᠠᠷ ᠤᠨ	гарын	6
үлдээн	ᠪᠤᠰᠤᠳ	бусад	5
үлдээнэ	ᠭᠡᠵᠦ	гэж	10
үлдээнэ	ᠭᠡᠰᠡᠨ	гэсэн	7
үлдээнэ	ᠭᠡᠳᠡᠭ	гэдэг	5
үлдээсэн	ᠪᠠᠶᠢᠨ᠎ᠠ	байна	85
үлдээсэн	ᠶᠠᠭᠤᠮ᠎ᠠ	юм	82
үлдээсэн	ᠨᠢ	нь	29
үлдээх	ᠨᠢ	нь	62
үлдээх	ᠦ᠋	үү	32
үлдээх	ᠶᠣᠰᠣᠲᠠᠢ	ёстой	31
үлэг	ᠭᠦᠷᠪᠡᠯ	гүрвэл	70
үлэмж	ᠶᠡᠬᠡ	их	37
үлэмж	ᠬᠡᠮᠵᠢᠶ᠎ᠡ ᠪᠡᠷ	хэмжээгээр	34
үлэмж	ᠳᠠᠷᠬᠠᠨ	дархан	32
үлэмжийн	ᠴᠢᠨᠠᠷ	чанар	22
үлэмжийн	ᠰᠠᠶᠢᠬᠠᠨ	сайхан	6
үлэмжийн	ᠰᠢᠳᠢᠲᠦ	шидэт	6
үлээвэр	ᠨᠠᠶᠢᠷᠠᠯ	найрал	40
үлээвэр	ᠬᠥᠭᠵᠢᠮ ᠦᠨ	хөгжмийн	19
үлээвэр	ᠬᠥᠭᠵᠢᠮ᠎ᠡ	хөгжим	13
үлээх	ᠰᠠᠯᠬᠢ	салхи	12
үлээх	ᠰᠠᠯᠬᠢᠨ ᠳᠤ	салхинд	7
үндсийг	ᠪᠠᠲᠤᠯᠠᠬᠤ	батлах	51
үндсийг	ᠨᠢ	нь	27
үндсийг	ᠲᠠᠯᠪᠢᠭᠰᠠᠨ	тавьсан	21
үндсэн	ᠬᠠᠤᠯᠢ ᠶᠢᠨ	хуулийн	3737
үндсэн	ᠬᠠᠤᠯᠢ	хууль	1163
үндсэн	ᠳᠡᠭᠡᠷ᠎ᠡ	дээр	1141
үндсэндээ	ᠡᠨᠡ	энэ	35
үндсэндээ	ᠬᠣᠶᠠᠷ	хоёр	27
үндсэндээ	ᠳᠠᠭᠤᠰᠴᠢ	дуусч	22
үндсэрхэг	ᠦᠵᠡᠯ	үзэл	27
үндсэрхэг	ᠦᠵᠡᠯ ᠲᠡᠢ	үзэлтэй	21
үндсэрхэг	ᠦᠵᠡᠯ ᠢ	үзлийг	10
үндэс	ᠨᠢ	нь	242
үндэс	ᠰᠠᠭᠤᠷᠢ	суурь	210
үндэс	ᠨᠢᠭᠢ	ний	113
үндэсгүй	ᠮᠡᠳᠡᠭᠡᠯᠡᠯ	мэдээлэл	14
үндэсгүй	ᠬᠤᠳᠠᠯ	худал	14
үндэсгүй	ᠵᠦᠢᠯ	зүйл	13
үндэслэл	ᠨᠢ	нь	134
үндэслэл	ᠪᠠᠶᠢᠬᠤ ᠦᠭᠡᠢ	байхгүй	102
үндэслэл	ᠪᠣᠯᠤᠭᠰᠠᠨ	болсон	57
үндэслэн	ᠮᠣᠩᠭᠣᠯ	монгол	54
үндэслэн	ᠵᠠᠰᠠᠭ ᠤᠨ	засгийн	44
үндэслэн	ᠤᠯᠤᠰ ᠤᠨ	улсын	44
үндэсний	ᠶᠡᠬᠡ	их	1497
үндэсний	ᠠᠶᠤᠯ ᠦᠭᠡᠢ	аюулгүй	1304
үндэсний	ᠪᠥᠬᠡ ᠶᠢᠨ	бөхийн	980
үндэстэн	ᠳᠠᠮᠨᠠᠭᠰᠠᠨ	дамнасан	191
үндэстэн	ᠬᠣᠯᠪᠣᠭ᠎ᠠ	холбоо	26
үндэстэн	ᠬᠣᠭᠣᠷᠣᠨᠳᠣ ᠶᠢᠨ	хоорондын	15
үнс	ᠨᠤᠷᠮ᠎ᠠ	нурам	29
үнс	ᠪᠣᠯᠤᠭᠰᠠᠨ	болсон	9
үнс	ᠪᠣᠯᠤᠨ	болон	8
үнсье	ᠦᠨᠦᠰᠦᠶ᠎ᠡ	үнсье	9
үнсье	ᠪᠢ	би	6
үнсэж	ᠪᠠᠶᠢᠭᠰᠠᠨ	байсан	8
үнсэх	ᠤᠷᠤᠭᠤᠯ	уруул	6
үнсээд	ᠯᠠ	л	5
үнэ	ᠨᠢ	нь	789
үнэ	ᠴᠡᠨ᠎ᠡ ᠲᠡᠢ	цэнэтэй	669
үнэ	ᠲᠣᠭᠲᠠᠪᠤᠷᠢᠵᠢᠭᠤᠯᠬᠤ	тогтворжуулах	637
үнэг	ᠲᠤᠷᠵᠢ	турж	15
үнэг	ᠬᠢᠷᠰᠠ	хярс	14
үнэг	ᠴᠢᠨᠣ᠎ᠠ	чоно	12
үнэгүй	ᠲᠠᠲᠠᠵᠤ	татаж	44
үнэгүй	ᠬᠦᠷᠭᠡᠵᠦ	хүргэж	44
үнэгүй	ᠦᠵᠡᠯᠭᠡ	үзлэг	28
үнэд	ᠬᠦᠷᠭᠡᠬᠦ	хүргэх	36
үнэд	ᠨᠥᠯᠦᠭᠡᠯᠡᠵᠦ	нөлөөлж	27
үнэд	ᠤᠷᠤᠬᠤ	орох	19
үнэлгээ	ᠨᠢ	нь	141
үнэлгээ	ᠬᠢᠬᠦ	хийх	117
үнэлгээ	ᠠᠪᠤᠭᠰᠠᠨ	авсан	111
үнэлж	ᠪᠠᠶᠢᠭ᠎ᠠ	байгаа	101
үнэлж	ᠪᠠᠶᠢᠨ᠎ᠠ	байна	92
үнэлж	ᠪᠠᠷᠠᠰᠢ ᠦᠭᠡᠢ	баршгүй	70
үнэлсэн	ᠪᠠᠶᠢᠨ᠎ᠠ	байна	35
үнэлсэн	ᠨᠢ	нь	33
үнэлсэн	ᠶᠠᠭᠤᠮ᠎ᠠ	юм	24
үнэлэгдэх	ᠪᠣᠯᠤᠭᠰᠠᠨ	болсон	14
үнэлэгдэх	ᠨᠢ	нь	6
үнэлэгдэх	ᠣᠷᠣᠨ	орон	6
үнэлэлт	ᠳ᠋ᠦᠩᠨᠡᠯᠲᠡ	дүгнэлт	233
үнэлэлт	ᠥᠭᠴᠦ	өгч	24
үнэлэлт	ᠥᠭᠬᠦ	өгөх	17
үнэлэх	ᠳᠦᠲᠦᠨᠡᠬᠦ	дүгнэх	40
үнэлэх	ᠨᠢ	нь	28
үнэлэх	ᠭᠠᠵᠠᠷ	газар	23
үнэлээд	ᠪᠠᠶᠢᠭ᠎ᠠ	байгаа	13
үнэлүүлэх	ᠨᠢ	нь	9
үнэлүүлэх	ᠪᠣᠯᠤᠮᠵᠢ	боломж	6
үнэмлэх	ᠠᠪᠬᠤ	авах	33
үнэмлэх	ᠣᠯᠭᠣᠬᠤ	олгох	30
үнэмлэх	ᠪᠣᠯᠤᠨ	болон	29
үнэмлэхүй	ᠠᠪᠤᠷᠭᠤ	аварга	32
үнэмлэхүй	ᠵᠢᠩᠳᠡ	жинд	23
үнэмлэхүй	ᠢᠯᠠᠯᠲᠠ	ялалт	21
үнэн	ᠵᠥᠪ	зөв	576
үнэн	ᠦ᠋	үү	453
үнэн	ᠬᠡᠷᠡᠭᠲᠦ ᠪᠡᠨ	хэрэгтээ	406
үнэнд	ᠨᠡᠶᠢᠴᠡᠬᠦ ᠦᠭᠡᠢ	нийцэхгүй	20
үнэнд	ᠨᠡᠶᠢᠴᠡᠨ᠎ᠡ	нийцнэ	11
үнэнд	ᠡᠳᠦᠷ	өдөр	10
үнэндээ	ᠪᠣᠯ	бол	236
үнэндээ	ᠡᠨᠡ	энэ	109
үнэндээ	ᠴᠤ	ч	67
үнэний	ᠲᠥᠯᠥᠭᠡ	төлөө	45
үнэний	ᠬᠤᠪᠢ ᠲᠠᠢ	хувьтай	26
үнэний	ᠬᠤᠪᠢ	хувь	15
үнэнийг	ᠬᠡᠯᠡᠬᠦ ᠳᠦ	хэлэхэд	288
үнэнийг	ᠯᠠ	л	24
үнэнийг	ᠨᠢ	нь	23
үнэнч	ᠪᠠᠶᠢᠬᠤ	байх	53
үнэнч	ᠪᠠᠶᠢᠵᠤ	байж	39
үнэнч	ᠰᠢᠳᠤᠷᠭᠤ	шударга	39
үнэнчээр	ᠵᠢᠳᠬᠦᠵᠦ	зүтгэж	13
үнэнчээр	ᠵᠢᠳᠬᠦᠭᠰᠡᠨ	зүтгэсэн	11
үнэнчээр	ᠠᠵᠢᠯᠯᠠᠵᠤ	ажиллаж	6
үнэнээ	ᠬᠡᠯᠡᠬᠦ ᠳᠦ	хэлэхэд	12
үнэнээ	ᠬᠡᠯᠡᠭᠡᠳ	хэлээд	10
үнэнээ	ᠬᠡᠯᠡ	хэл	5
үнэнээр	ᠨᠢ	нь	54
үнэнээр	ᠶᠠᠪᠤᠪᠠᠯ	явбал	7
үнэнээс	ᠬᠣᠯᠠ	хол	38
үнэр	ᠨᠢ	нь	28
үнэр	ᠴᠤ	ч	14
үнэр	ᠬᠠᠮᠠᠷ	хамар	13
үнэрийг	ᠨᠢ	нь	13
үнэрийг	ᠴᠢᠨᠢ	чинь	12
үнэрийг	ᠠᠷᠢᠯᠭᠠᠬᠤ	арилгах	6
үнэртэж	ᠪᠠᠶᠢᠨ᠎ᠠ	байна	11
үнэртэж	ᠪᠠᠶᠢᠭᠰᠠᠨ	байсан	5
үнэртэй	ᠤᠰᠤ	ус	14
үнэртэй	ᠤᠰᠤᠨ ᠤ	усны	7
үнэртэй	ᠪᠠᠶᠢᠨ᠎ᠠ	байна	5
үнэт	ᠴᠠᠭᠠᠰᠤᠨ ᠤ	цаасны	2022
үнэт	ᠴᠠᠭᠠᠰᠤ	цаас	977
үнэт	ᠴᠠᠭᠠᠰᠤ ᠶᠢ	цаасыг	403
үнэтэй	ᠬᠤᠪᠢ	хувь	325
үнэтэй	ᠪᠠᠶᠢᠨ᠎ᠠ	байна	261
үнэтэй	ᠪᠠᠶᠢᠬᠤ	байх	165
үнэхээр	ᠶᠡᠬᠡ	их	246
үнэхээр	ᠰᠠᠶᠢᠬᠠᠨ	сайхан	242
үнэхээр	ᠴᠤ	ч	218
үнээ	ᠨᠡᠮᠡᠭᠰᠡᠨ	нэмсэн	64
үнээ	ᠨᠡᠮᠡᠵᠦ	нэмж	39
үнээ	ᠨᠡᠮᠡᠬᠦ	нэмэх	39
үнээр	ᠬᠤᠳᠠᠯᠳᠤᠨ	худалдан	135
үнээр	ᠨᠢ	нь	116
үнээр	ᠬᠤᠳᠠᠯᠳᠤᠵᠤ	худалдаж	68
үр	ᠳᠦᠩ	дүн	3803
үр	ᠳᠦᠩ ᠳᠦ	дүнд	3579
үр	ᠳ᠋ᠦᠩ ᠲᠡᠢ	дүнтэй	2006
үргэлж	ᠯᠠ	л	105
үргэлж	ᠬᠠᠮᠲᠤ	хамт	47
үргэлж	ᠨᠡᠭᠡᠭᠡᠯᠲᠡᠲᠡᠢ	нээлттэй	44
үргэлжилбэл	ᠡᠨᠡ	энэ	7
үргэлжилдэг	ᠪᠥᠭᠡᠳ	бөгөөд	10
үргэлжилдэг	ᠪᠠᠶᠢᠨ᠎ᠠ	байна	8
үргэлжилдэг	ᠶᠠᠭᠤᠮ᠎ᠠ	юм	8
үргэлжилж	ᠪᠠᠶᠢᠨ᠎ᠠ	байна	1984
үргэлжилж	ᠪᠠᠶᠢᠭ᠎ᠠ	байгаа	484
үргэлжилж	ᠪᠤᠢ	буй	233
үргэлжилнэ	ᠭᠡᠵᠦ	гэж	55
үргэлжилнэ	ᠭᠡᠰᠡᠨ	гэсэн	19
үргэлжилнэ	ᠭᠡᠳᠡᠭ ᠲᠦ	гэдэгт	10
үргэлжилсэн	ᠶᠠᠭᠤᠮ᠎ᠠ	юм	65
үргэлжилсэн	ᠪᠥᠭᠡᠳ	бөгөөд	46
үргэлжилсэн	ᠦᠭᠡ ᠶᠢᠨ	үгийн	44
үргэлжилсээр	ᠪᠠᠶᠢᠨ᠎ᠠ	байна	147
үргэлжилсээр	ᠪᠠᠶᠢᠭ᠎ᠠ	байгаа	54
үргэлжилсээр	ᠪᠠᠶᠢᠬᠤ	байх	26
үргэлжлэл	ᠪᠤᠢ	бий	92
үргэлжлэл	ᠪᠣᠯᠭᠠᠨ	болгон	25
үргэлжлэл	ᠪᠣᠯᠬᠤ	болох	24
үргэлжлэн	ᠬᠡᠷᠡᠭᠵᠢᠬᠦ	хэрэгжих	20
үргэлжлэн	ᠶᠠᠪᠤᠭᠳᠠᠬᠤ	явагдах	18
үргэлжлэн	ᠬᠤᠷᠠᠯᠳᠤᠵᠤ	хуралдаж	11
үргэлжлэх	ᠶᠠᠭᠤᠮ᠎ᠠ	юм	374
үргэлжлэх	ᠪᠥᠭᠡᠳ	бөгөөд	301
үргэлжлэх	ᠠᠵᠤ	аж	90
үргэлжлүүлж	ᠪᠠᠶᠢᠨ᠎ᠠ	байна	116
үргэлжлүүлж	ᠪᠠᠶᠢᠭ᠎ᠠ	байгаа	89
үргэлжлүүлж	ᠪᠤᠢ	буй	25
үргэлжлүүлнэ	ᠭᠡᠵᠦ	гэж	15
үргэлжлүүлнэ	ᠭᠡᠳᠡᠭ ᠲᠦ	гэдэгт	11
үргэлжлүүлнэ	ᠭᠡᠰᠡᠨ	гэсэн	10
үргэлжлүүлэн	ᠰᠢᠯᠭᠠᠵᠤ	шалгаж	86
үргэлжлүүлэн	ᠬᠡᠯᠡᠯᠴᠡᠵᠦ	хэлэлцэж	51
үргэлжлүүлэн	ᠬᠡᠷᠡᠭᠵᠢᠭᠦᠯᠬᠦ	хэрэгжүүлэх	37
үргэлжлүүлэх	ᠨᠢ	нь	55
үргэлжлүүлэх	ᠪᠣᠯᠤᠮᠵᠢ ᠦᠭᠡᠢ	боломжгүй	44
үргэлжлүүлэх	ᠶᠣᠰᠣᠲᠠᠢ	ёстой	35
үргэлжлүүлээд	ᠶᠠᠪᠤᠬᠤ	явах	16
үргэлжлүүлээд	ᠯᠠ	л	6
үргэлжлүүлээд	ᠶᠠᠪᠤᠵᠤ	явж	6
үргээсэн	ᠬᠠᠤᠯᠢ	хууль	5
үргүй	ᠵᠠᠷᠤᠳᠠᠯ	зардал	84
үргүй	ᠪᠣᠯᠭᠠᠳᠠᠭ	болгодог	7
үргүй	ᠪᠣᠯᠬᠤ	болох	7
үрж	ᠪᠠᠶᠢᠨ᠎ᠠ	байна	16
үрж	ᠪᠠᠶᠢᠬᠤ ᠪᠠᠷ	байхаар	7
үрж	ᠪᠠᠶᠢᠭ᠎ᠠ	байгаа	5
үржил	ᠰᠢᠮ᠎ᠡ ᠶᠢ	шимийг	44
үржил	ᠰᠢᠮ᠎ᠡ	шим	40
үржил	ᠰᠢᠮᠡᠲᠡᠢ	шимтэй	33
үржих	ᠲᠠᠭᠠᠲᠠᠢ	таатай	16
үржих	ᠬᠠᠮᠤᠭ ᠤᠨ	хамгийн	6
үржих	ᠨᠥᠬᠥᠴᠡᠯ	нөхцөл	5
үржүүлэх	ᠪᠣᠯᠤᠮᠵᠢ ᠲᠠᠢ	боломжтой	6
үржүүлэх	ᠠᠵᠢᠯ ᠢ	ажлыг	5
үржүүлэх	ᠹᠧᠷᠮ	ферм	5
үрийг	ᠨᠢ	нь	29
үрийг	ᠬᠤᠪ ᠤᠨ	хувийн	16
үрийг	ᠮᠢᠩᠭᠠᠨ	мянган	8
үрийн	ᠵᠤᠯᠠᠢ	зулай	25
үрийн	ᠰᠢᠩᠭᠡᠨ	шингэн	22
үрийн	ᠪᠤᠭᠤᠳᠠᠢ	буудай	21
үрс	ᠮᠠᠰᠢ	маш	27
үрс	ᠮᠢᠨᠢ	минь	16
үрс	ᠨᠢ	нь	12
үрсийн	ᠪᠠᠶᠠᠷ	баяр	29
үрсийн	ᠪᠠᠶᠠᠷ ᠢ	баярыг	26
үрсийн	ᠪᠠᠶᠠᠷ ᠤᠨ	баярын	23
үрсэн	ᠠᠵᠢᠯ	ажил	7
үрсээ	ᠬᠡᠷᠬᠢᠨ	хэрхэн	5
үртэй	ᠬᠦᠮᠦᠨ	хүн	5
үрэвсэл	ᠵᠡᠷᠭᠡ	зэрэг	12
үрэвсэл	ᠡᠯᠢᠭᠡ	элэг	10
үрэвсэл	ᠨᠤᠭᠤᠯᠤᠭ᠎ᠠ	нугалаа	9
үрэгдсэн	ᠪᠠᠶᠢᠨ᠎ᠠ	байна	5
үрэгдсэн	ᠭᠡᠬᠦ	гэх	5
үрэгдсэн	ᠲᠤᠬᠠᠢ	тухай	5
үрэгдэж	ᠠᠯᠠᠭ᠎ᠠ	алга	8
үрэгдэж	ᠪᠠᠶᠢᠭ᠎ᠠ	байгаа	8
үрэгдэж	ᠣᠯᠠᠨ	олон	6
үрэл	ᠨᠤᠨᠲᠠᠭ	нунтаг	6
үрэл	ᠰᠢᠬᠠᠮᠠᠯ	шахмал	5
үрэлгэн	ᠵᠠᠷᠤᠴᠠᠭᠤᠯᠵᠤ	зарцуулж	13
үрэлгэн	ᠵᠠᠷᠤᠳᠠᠯ	зардал	10
үрэлгэн	ᠲᠥᠰᠥᠪ	төсөв	10
үрэн	ᠲᠠᠷᠠᠨ	таран	94
үрэн	ᠭ	г	6
үрэх	ᠨᠢ	нь	10
үрэх	ᠱᠠᠭᠠᠷᠳᠠᠯᠭ᠎ᠠ ᠦᠭᠡᠢ	шаардлагагүй	7
үрээ	ᠠᠶᠢᠷᠠᠭ ᠤᠨ	айргийн	18
үрээ	ᠬᠠᠶᠢᠷᠠᠯᠠ	хайрла	18
үрээ	ᠨᠢ	нь	16
үс	ᠰᠢᠨ᠎ᠡ ᠪᠡᠷ	шинээр	122
үс	ᠨᠢ	нь	49
үс	ᠵᠠᠰᠠᠯᠲᠠ	засалт	23
үсгийг	ᠨᠢ	нь	19
үсгийг	ᠬᠠᠭᠤᠷᠮᠠᠴᠢ ᠪᠠᠷ	хуурамчаар	18
үсгийг	ᠬᠠᠰᠤᠬᠤ	хасах	13
үсгээ	ᠵᠢᠷᠤᠵᠤ	зурж	36
үсгээ	ᠵᠢᠷᠤᠭᠰᠠᠨ	зурсан	33
үсгээ	ᠡᠵᠡᠮᠰᠢᠬᠦ	эзэмших	16
үсгээр	ᠪᠠᠲᠤᠯᠠᠭᠠᠵᠢᠭᠰᠠᠨ	баталгаажсан	7
үсгээр	ᠪᠢᠴᠢᠭᠰᠡᠨ	бичсэн	7
үсгээр	ᠪᠢᠴᠢᠭᠳᠡᠭᠰᠡᠨ	бичигдсэн	5
үсийг	ᠨᠢ	нь	22
үсийг	ᠴᠢᠨᠢ	чинь	16
үслэг	ᠡᠳ᠋ᠯᠡᠯ	эдлэл	12
үсний	ᠵᠠᠰᠠᠯᠲᠠ	засалт	12
үсний	ᠳ᠋ᠣᠣ ᠳᠤ	доод	9
үсний	ᠥᠩᠭᠡ	өнгө	5
үсрэлт	ᠬᠢᠭᠰᠡᠨ	хийсэн	5
үсрэх	ᠭᠡᠵᠦ	гэж	7
үсрээд	ᠯᠠ	л	25
үстэй	ᠥᠬᠢᠨ	охин	7
үстэй	ᠲᠣᠯᠣᠭᠠᠢ ᠶᠢ ᠪᠠᠨ	толгойгоо	5
үсх	ᠨ ᠤ	ны	58
үсх	ᠡᠶᠢᠨ	ийн	21
үсчин	ᠭᠣᠸ᠎ᠠ	гоо	38
үсэг	ᠵᠢᠷᠤᠭᠰᠠᠨ	зурсан	865
үсэг	ᠵᠢᠷᠤᠯ᠎ᠠ	зурлаа	529
үсэг	ᠵᠤᠷᠠᠬᠤ	зурах	484
үсэгтэй	ᠬᠤᠳᠠᠯᠳᠤᠭ᠎ᠠ	худалдаа	17
үсэгтэй	ᠠᠯᠪᠠᠨ	албан	12
үсэгтэй	ᠨᠣᠮ ᠤᠨ	номын	8
үсэрч	ᠠᠮᠢᠶ᠎ᠠ	амиа	12
үсэрч	ᠭᠠᠷᠴᠤ	гарч	6
үсэрч	ᠪᠠᠶᠢᠭ᠎ᠠ	байгаа	5
үхдэг	ᠪᠠᠶᠢᠨ᠎ᠠ	байна	5
үхлийн	ᠰᠢᠯᠲᠠᠭᠠᠨ	шалтгаан	37
үхлийн	ᠠᠶᠤᠯᠲᠠᠢ	аюултай	22
үхлийн	ᠬᠡᠰᠡᠭ	хэсэг	19
үхлээ	ᠶᠠᠭᠤ	юу	7
үхнэ	ᠭᠡᠵᠦ	гэж	11
үхнэ	ᠪᠢᠵᠡ	биз	6
үхсэн	ᠴᠤ	ч	27
үхсэн	ᠪᠠᠶᠢᠨ᠎ᠠ	байна	25
үхсэн	ᠮᠠᠯ ᠤᠨ	малын	19
үхтлээ	ᠠᠶᠤᠳᠠᠭ	айдаг	6
үхтлээ	ᠠᠶᠤᠵᠤ	айж	5
үхэж	ᠪᠠᠶᠢᠨ᠎ᠠ	байна	25
үхэж	ᠦᠯᠦ	үл	15
үхэж	ᠪᠠᠶᠢᠭ᠎ᠠ	байгаа	11
үхэл	ᠠᠮᠢᠳᠤᠷᠠᠯ ᠤᠨ	амьдралын	37
үхэл	ᠬᠠᠭᠠᠴᠠᠯ	хагацал	19
үхэл	ᠷᠦᠦ	рүү	10
үхэн	ᠬᠠᠲᠤᠨ	хатан	54
үхэн	ᠦᠬᠦᠲᠡᠯ᠎ᠡ ᠪᠡᠨ	үхтлээ	21
үхэр	ᠯᠤᠤ	луу	64
үхэр	ᠬᠣᠨᠢᠨ ᠤ	хонины	43
үхэр	ᠬᠣᠨᠢ	хонь	27
үхэх	ᠨᠢ	нь	29
үхэх	ᠭᠡᠵᠦ	гэж	22
үхэх	ᠭᠡᠳ	гээд	19
үцк	ᠬᠬᠺ	ххк	31
үцк	ᠡᠶᠢᠨ	ийн	11
үү	ᠳ᠋ᠡ	дээ	329
үү	ᠡᠰᠡᠪᠡᠯ	эсвэл	260
үү	ᠭᠡᠳᠡᠭ	гэдэг	233
үүгээр	ᠴᠤ	ч	68
үүгээр	ᠵᠣᠭᠰᠣᠬᠤ ᠦᠭᠡᠢ	зогсохгүй	62
үүгээр	ᠳᠠᠭᠤᠰᠬᠤ ᠦᠭᠡᠢ	дуусахгүй	43
үүгээрээ	ᠯᠠ	л	13
үүгээрээ	ᠴᠤ	ч	13
үүгээрээ	ᠳᠠᠮᠵᠢᠭᠤᠯᠤᠨ	дамжуулан	10
үүд	ᠬᠠᠭᠠᠯᠭ᠎ᠠ	хаалга	139
үүд	ᠬᠠᠭᠠᠯᠭ᠎ᠠ ᠪᠠᠨ	хаалгаа	117
үүд	ᠬᠠᠭᠠᠯᠭ᠎ᠠ ᠶᠢ	хаалгыг	57
үүдийг	ᠨᠢ	нь	23
үүдийг	ᠰᠠᠬᠢᠵᠤ	сахиж	22
үүдийг	ᠪᠣᠭᠣᠬᠤ	боох	17
үүдэл	ᠡᠰᠡ	эс	50
үүдэл	ᠡᠰ ᠢ	эсийг	37
үүдэл	ᠲᠡᠢ	тэй	5
үүдэн	ᠳᠡᠭᠡᠷ᠎ᠡ	дээр	20
үүдэн	ᠭᠠᠷᠤᠭᠰᠠᠨ	гарсан	15
үүдэн	ᠣᠯᠠᠨ	олон	13
үүдэнд	ᠨᠢ	нь	38
үүдэнд	ᠢᠷᠡᠵᠦ	ирж	6
үүдэнд	ᠴᠤᠭᠯᠠᠭᠰᠠᠨ	цугласан	5
үүдээ	ᠨᠡᠭᠡᠭᠡᠵᠦ	нээж	34
үүдээ	ᠨᠡᠭᠡᠭᠡᠯ᠎ᠡ	нээлээ	31
үүдээ	ᠨᠡᠭᠡᠭᠡᠭᠰᠡᠨ	нээсэн	20
үүдээр	ᠨᠢ	нь	16
үүдээр	ᠣᠷᠣᠵᠤ	орж	12
үүдээр	ᠣᠷᠣᠬᠤ ᠳᠤ	ороход	9
үүл	ᠳᠠᠷᠤᠭ᠎ᠠ	дарга	41
үүл	ᠨᠠᠷᠠ	нар	34
үүл	ᠨᠢ	нь	33
үүлийн	ᠭᠠᠷᠭᠠᠭᠰᠠᠨ	гаргасан	5
үүлийн	ᠦᠶ᠎ᠡ ᠳᠦ	үед	5
үүлс	ᠨᠢ	нь	11
үүлтэй	ᠴᠠᠰᠤ	цас	34
үүлтэй	ᠪᠤᠰᠤᠳ	бусад	20
үүлтэй	ᠬᠤᠷ᠎ᠠ	хур	16
үүлэн	ᠦᠰᠦᠲᠦ	үст	85
үүлэн	ᠴᠢᠯᠦᠭᠡᠨ ᠦ	чөлөөний	28
үүлэн	ᠪᠣᠷᠣ	бор	12
үүлэнд	ᠨᠥᠯᠦᠭᠡᠯᠡᠵᠦ	нөлөөлж	6
үүлэрхэг	ᠨᠤᠲᠤᠭ ᠤᠨ	нутгийн	24
үүлэрхэг	ᠪᠤᠰᠤᠳ	бусад	20
үүлэрхэг	ᠪᠠᠭ᠎ᠠ	бага	16
үүн	ᠳᠡᠭᠡᠷ᠎ᠡ	дээр	802
үүн	ᠰᠢᠭ	шиг	146
үүн	ᠳᠣᠲᠣᠷ᠎ᠠ	дотор	59
үүнд	ᠨᠢ	нь	185
үүнд	ᠶᠠᠮᠠᠷ	ямар	160
үүнд	ᠵᠥᠪᠬᠡᠨ	зөвхөн	108
үүндээ	ᠴᠤ	ч	10
үүндээ	ᠪᠢᠳᠡ	бид	6
үүндээ	ᠲᠤᠯᠭᠠᠭᠤᠷᠢᠯᠠᠨ	тулгуурлан	5
үүний	ᠳᠠᠷᠠᠭ᠎ᠠ	дараа	1534
үүний	ᠲᠤᠯᠠᠳᠠ	тулд	747
үүний	ᠳᠠᠭᠠᠤ	дагуу	535
үүнийг	ᠨᠢ	нь	460
үүнийг	ᠯᠠ	л	330
үүнийг	ᠳᠠᠭᠠᠭᠠᠳ	дагаад	317
үүнийгээ	ᠴᠤ	ч	91
үүнийгээ	ᠳᠠᠭᠠᠭᠠᠳ	дагаад	88
үүнийгээ	ᠪᠢᠳᠡ	бид	37
үүнтэй	ᠬᠣᠯᠪᠣᠭᠳᠠᠭᠤᠯᠤᠨ	холбогдуулан	376
үүнтэй	ᠬᠣᠯᠪᠣᠭᠠᠲᠠᠢ	холбоотой	291
үүнтэй	ᠠᠳᠠᠯᠢ	адил	168
үүнээс	ᠭᠠᠳᠠᠨ᠎ᠠ	гадна	1720
үүнээс	ᠪᠣᠯᠵᠤ	болж	563
үүнээс	ᠬᠣᠶᠢᠰᠢ	хойш	518
үүр	ᠣᠷᠬᠣᠨ	орхон	166
үүр	ᠰᠡᠯᠡᠩᠭᠡ	сэлэнгэ	72
үүр	ᠠᠭᠤᠷᠬᠠᠢ	уурхай	34
үүргийг	ᠲᠦᠷᠢ	түр	229
үүргийг	ᠨᠢ	нь	69
үүргийг	ᠭᠦᠢᠴᠡᠳᠭᠡᠵᠦ	гүйцэтгэж	62
үүргээ	ᠭᠦᠢᠴᠡᠳᠭᠡᠵᠦ	гүйцэтгэж	267
үүргээ	ᠪᠡᠶᠡᠯᠡᠭᠦᠯᠵᠦ	биелүүлж	154
үүргээ	ᠪᠡᠶᠡᠯᠡᠭᠦᠯᠬᠦ	биелүүлэх	97
үүрд	ᠬᠠᠮᠲᠤ	хамт	29
үүрд	ᠮᠥᠩᠬᠡ	мөнх	22
үүрд	ᠪᠢ	би	10
үүрдийн	ᠤᠯᠠᠭᠠᠨ	улаан	10
үүрдийн	ᠬᠠᠶᠢᠷ᠎ᠠ	хайр	7
үүрдийн	ᠶᠠᠭᠤᠮ᠎ᠠ	юм	7
үүрдэг	ᠪᠠᠶᠢᠭᠰᠠᠨ	байсан	5
үүрдэг	ᠪᠤᠷᠬᠠᠨ	бурхан	5
үүрийн	ᠭᠣᠣᠯ ᠤᠨ	голын	35
үүрийн	ᠭᠡᠭᠡ	гэгээ	29
үүрийн	ᠴᠣᠯᠮᠣᠨ	цолмон	18
үүрнэ	ᠭᠡᠰᠡᠨ	гэсэн	6
үүрсэн	ᠰᠢᠭ	шиг	7
үүрсэн	ᠶᠠᠭᠤᠮ᠎ᠠ	юм	5
үүрч	ᠶᠠᠪᠤᠭ᠎ᠠ	яваа	59
үүрч	ᠪᠠᠶᠢᠭ᠎ᠠ	байгаа	39
үүрч	ᠪᠠᠶᠢᠨ᠎ᠠ	байна	22
үүрэг	ᠪᠦᠬᠦᠢ	бүхий	1483
үүрэг	ᠭᠦᠢᠴᠡᠳᠬᠡᠭᠴᠢ	гүйцэтгэгч	573
үүрэг	ᠪᠣᠯᠭᠠᠯ᠎ᠠ	болголоо	422
үүрэгтэй	ᠪᠠᠶᠢᠳᠠᠭ	байдаг	79
үүрэгтэй	ᠶᠠᠭᠤᠮ᠎ᠠ	юм	73
үүрэгтэй	ᠭᠡᠵᠦ	гэж	43
үүрэн	ᠲᠧᠯᠧᠹᠣᠨ	телефон	38
үүрэн	ᠤᠲᠠᠰᠤᠨ ᠤ	утасны	10
үүрэн	ᠬᠣᠯᠪᠣᠭ᠎ᠠ	холбоо	8
үүрэх	ᠶᠣᠰᠣᠲᠠᠢ	ёстой	47
үүрэх	ᠨᠢ	нь	28
үүрэх	ᠮᠡᠬᠡ ᠪᠡᠷ	мэхээр	9
үүрээ	ᠵᠠᠰᠠᠳᠠᠭ	засдаг	6
үүрээд	ᠯᠠ	л	12
үүрээд	ᠶᠠᠪᠤᠵᠤ	явж	10
үүрээд	ᠶᠠᠪᠤᠬᠤ	явах	8
үүрээр	ᠡᠬᠡ	эх	5
үүрүүлэх	ᠨᠢ	нь	6
үүсвэр	ᠨᠢ	нь	158
үүсвэр	ᠪᠣᠯᠬᠤ	болох	59
үүсвэр	ᠪᠣᠯᠤᠭᠰᠠᠨ	болсон	58
үүсгэгч	ᠨᠢ	нь	19
үүсгэгч	ᠨᠢᠶᠠᠨ	нян	13
үүсгэгч	ᠬᠦᠴᠦᠨ	хүчин	10
үүсгэж	ᠪᠠᠶᠢᠭ᠎ᠠ	байгаа	135
үүсгэж	ᠪᠠᠶᠢᠨ᠎ᠠ	байна	90
үүсгэж	ᠪᠣᠯᠵᠣᠰᠢ ᠦᠭᠡᠢ	болзошгүй	50
үүсгэл	ᠰᠠᠨᠠᠭᠠᠴᠢᠯᠭ᠎ᠠ	санаачлага	5
үүсгэн	ᠰᠢᠯᠭᠠᠵᠤ	шалгаж	546
үүсгэн	ᠪᠠᠶᠢᠭᠤᠯᠤᠭᠴᠢ	байгуулагч	375
үүсгэн	ᠪᠠᠶᠢᠭᠤᠯᠤᠭᠰᠠᠨ	байгуулсан	261
үүсгэсэн	ᠪᠠᠶᠢᠨ᠎ᠠ	байна	68
үүсгэсэн	ᠶᠠᠭᠤᠮ᠎ᠠ	юм	38
үүсгэсэн	ᠨᠢ	нь	27
үүсгэх	ᠨᠢ	нь	34
үүсгэх	ᠠᠶᠤᠯᠲᠠᠢ	аюултай	23
үүсгэх	ᠨᠥᠬᠥᠴᠡᠯ	нөхцөл	22
үүснэ	ᠭᠡᠵᠦ	гэж	34
үүснэ	ᠭᠡᠰᠡᠨ	гэсэн	18
үүснэ	ᠰᠢᠦ	шүү	8
үүссэн	ᠨᠥᠬᠥᠴᠡᠯ	нөхцөл	183
үүссэн	ᠭᠡᠵᠦ	гэж	67
үүссэн	ᠶᠠᠭᠤᠮ᠎ᠠ	юм	57
үүсч	ᠪᠠᠶᠢᠭ᠎ᠠ	байгаа	190
үүсч	ᠪᠠᠶᠢᠨ᠎ᠠ	байна	134
үүсч	ᠪᠣᠯᠵᠣᠰᠢ ᠦᠭᠡᠢ	болзошгүй	91
үүсэж	ᠪᠠᠶᠢᠭ᠎ᠠ	байгаа	23
үүсэж	ᠪᠤᠢ	буй	18
үүсэж	ᠪᠠᠶᠢᠨ᠎ᠠ	байна	12
үүсэл	ᠬᠥᠭᠵᠢᠯ	хөгжил	34
үүсэл	ᠨᠢ	нь	22
үүсэл	ᠭᠠᠷᠤᠯ	гарал	12
үүсэлтэй	ᠪᠥᠭᠡᠳ	бөгөөд	9
үүсэлтэй	ᠭᠡᠵᠦ	гэж	8
үүсэлтэй	ᠶᠠᠭᠤᠮ᠎ᠠ	юм	5
үүсэх	ᠨᠢ	нь	67
үүсэх	ᠡᠷᠦᠰᠳᠡᠯ	эрсдэл	41
үүсэх	ᠰᠢᠯᠲᠠᠭᠠᠨ	шалтгаан	40
үүсээд	ᠪᠠᠶᠢᠭ᠎ᠠ	байгаа	559
үүсээд	ᠪᠠᠶᠢᠨ᠎ᠠ	байна	150
үүсээд	ᠪᠤᠢ	буй	142
үүх	ᠲᠡᠦᠬᠡ	түүх	40
үүх	ᠲᠡᠦᠬᠡ ᠶᠢ	түүхийг	27
үүх	ᠲᠡᠦᠬᠡ ᠪᠡᠨ	түүхээ	25
ө	ᠷ	р	220
ө	ᠨ	н	205
ө	ᠯᠠ	л	141
өв	ᠰᠤᠶᠤᠯ	соёл	179
өв	ᠰᠤᠶᠤᠯ ᠢ	соёлыг	82
өв	ᠰᠣᠶᠣᠯ ᠢᠶᠠᠨ	соёлоо	80
өвгөд	ᠳᠡᠭᠡᠳᠦᠰ ᠦᠨ	дээдсийн	15
өвгөд	ᠮᠢᠨᠢ	минь	10
өвгөд	ᠬᠥᠭᠰᠢᠳᠡ	хөгшид	9
өвгөдийн	ᠮᠢᠨᠢ	минь	10
өвгөн	ᠠᠬ᠎ᠠ	ах	10
өвгөн	ᠪᠢ	би	10
өвгөн	ᠪᠤᠭᠤᠷᠤᠯ	буурал	10
өвддөг	ᠪᠤᠢ	вэ	8
өвддөг	ᠪᠣᠯᠤᠭᠰᠠᠨ	болсон	6
өвддөг	ᠭᠡᠰᠡᠨ	гэсэн	6
өвдсөн	ᠬᠦᠮᠦᠨ	хүн	26
өвдсөн	ᠴᠤ	ч	19
өвдсөн	ᠪᠣᠯ	бол	16
өвдөг	ᠳᠡᠭᠡᠷ᠎ᠡ ᠪᠡᠨ	дээрээ	17
өвдөг	ᠨᠢ	нь	16
өвдөг	ᠰᠥᠭᠦᠳᠦᠨ	сөгдөн	8
өвдөж	ᠪᠠᠶᠢᠨ᠎ᠠ	байна	40
өвдөж	ᠪᠠᠶᠢᠭ᠎ᠠ	байгаа	29
өвдөж	ᠵᠣᠪᠠᠭᠰᠠᠨ	зовсон	20
өвдөлт	ᠨᠠᠮᠳᠠᠭᠠᠬᠤ	намдаах	50
өвдөлт	ᠥᠭᠴᠦ	өгч	16
өвдөлт	ᠨᠢ	нь	6
өвдөх	ᠨᠢ	нь	33
өвдөх	ᠪᠥᠭᠡᠯᠵᠢᠬᠦ	бөөлжих	21
өвдөх	ᠵᠡᠷᠭᠡ	зэрэг	21
өвдөөд	ᠪᠠᠶᠢᠨ᠎ᠠ	байна	18
өвдөөд	ᠪᠠᠶᠢᠭ᠎ᠠ	байгаа	16
өвдөөд	ᠪᠠᠶᠢᠳᠠᠭ	байдаг	7
өвлийг	ᠳᠠᠪᠠᠵᠤ	давж	6
өвлийг	ᠥᠨᠢ ᠲᠡᠢ	өнөтэй	6
өвлийн	ᠣᠯᠢᠮᠫ ᠤᠨ	олимпийн	382
өвлийн	ᠤᠯᠠᠷᠢᠯ ᠳᠤ	улиралд	209
өвлийн	ᠬᠦᠢᠲᠡᠨᠳᠡ	хүйтэнд	69
өвлүүлж	ᠦᠯᠡᠳᠡᠭᠡᠬᠦ	үлдээх	11
өвлүүлж	ᠦᠯᠡᠳᠡᠭᠡᠭᠰᠡᠨ	үлдээсэн	10
өвлүүлж	ᠥᠭᠭᠦᠭᠰᠡᠨ	өгсөн	6
өвлүүлэх	ᠪᠠᠶᠢᠭᠠᠯ ᠤᠨ	байгалийн	8
өвлүүлэх	ᠨᠢ	нь	8
өвлүүлэх	ᠵᠣᠷᠢᠯᠭ᠎ᠠ ᠲᠠᠢ	зорилготой	5
өвлөж	ᠠᠪᠤᠭᠰᠠᠨ	авсан	24
өвлөж	ᠢᠷᠡᠭᠰᠡᠨ	ирсэн	16
өвлөж	ᠠᠪᠬᠤ	авах	8
өвлөн	ᠠᠪᠤᠭᠰᠠᠨ	авсан	14
өвлөн	ᠠᠪᠴᠤ	авч	13
өвлөн	ᠦᠯᠡᠳᠡᠭᠡᠭᠰᠡᠨ	үлдээсэн	7
өвлөсөн	ᠰᠡᠭᠦᠯᠴᠢ ᠶᠢᠨ	сүүлчийн	6
өвлөсөн	ᠬᠦᠮᠦᠨ	хүн	6
өврийн	ᠲᠣᠯᠢ	толь	40
өврийн	ᠬᠠᠭᠠᠯᠭ᠎ᠠ	хаалга	21
өврийн	ᠬᠠᠭᠠᠯᠭ᠎ᠠ ᠪᠠᠷ	хаалгаар	10
өвс	ᠲᠡᠵᠢᠭᠡᠯ	тэжээл	59
өвс	ᠨᠣᠭᠣᠭ᠎ᠠ	ногоо	44
өвс	ᠤᠷᠭᠤᠮᠠᠯ	ургамал	37
өвсний	ᠦᠨᠳᠦᠰᠦ	үндэс	30
өвсөн	ᠳᠡᠭᠡᠷ᠎ᠡ	дээр	9
өвсөн	ᠳᠤᠮᠳᠠ	дунд	6
өвч	ᠲᠡᠢ	тэй	7
өвч	ᠪᠦᠷᠢᠨ	бүрэн	5
өвчилдөг	ᠪᠠᠶᠢᠨ᠎ᠠ	байна	8
өвчилдөг	ᠭᠡᠰᠡᠨ	гэсэн	7
өвчилдөг	ᠪᠥᠭᠡᠳ	бөгөөд	5
өвчилсөн	ᠪᠠᠶᠢᠨ᠎ᠠ	байна	35
өвчилсөн	ᠲᠣᠬᠢᠶᠠᠯᠳᠤᠯ ᠳᠤ	тохиолдолд	29
өвчилсөн	ᠬᠦᠮᠦᠰ	хүмүүс	24
өвчин	ᠨᠢ	нь	301
өвчин	ᠶᠠᠭᠤᠮ᠎ᠠ	юм	102
өвчин	ᠨᠠᠮᠳᠠᠭᠠᠬᠤ	намдаах	96
өвчинд	ᠨᠡᠷᠪᠡᠭᠳᠡᠬᠦ	нэрвэгдэх	16
өвчинд	ᠰᠢᠨᠠᠯᠵᠤ	шаналж	15
өвчинд	ᠥᠷᠢᠲᠦᠮᠡᠲᠡᠭᠡᠢ	өртөмтгий	11
өвчлөл	ᠶᠡᠬᠡ	их	69
өвчлөл	ᠨᠠᠰᠤ	нас	52
өвчлөл	ᠥᠨᠳᠥᠷ	өндөр	39
өвчлөх	ᠨᠢ	нь	72
өвчлөх	ᠡᠷᠦᠰᠳᠡᠯ	эрсдэл	30
өвчлөх	ᠮᠠᠭᠠᠳᠯᠠᠯ ᠲᠠᠢ	магадлалтай	16
өвчтэй	ᠬᠦᠮᠦᠰ	хүмүүс	94
өвчтэй	ᠬᠦᠮᠦᠨ	хүн	74
өвчтэй	ᠪᠠᠶᠢᠭᠰᠠᠨ	байсан	59
өвчтөн	ᠬᠡᠪᠲᠡᠨ	хэвтэн	26
өвчтөн	ᠬᠦᠯᠢᠶᠡᠨ	хүлээн	20
өвчтөн	ᠨᠠᠰᠤ	нас	19
өвөг	ᠳᠡᠭᠡᠳᠦᠰ	дээдэс	181
өвөг	ᠳᠡᠭᠡᠳᠦᠰ ᠦᠨ	дээдсийн	105
өвөг	ᠳᠡᠭᠡᠳᠦᠰ ᠦᠨ ᠢᠶᠡᠨ	дээдсийнхээ	49
өвөл	ᠵᠤᠨ ᠤ	зуны	77
өвөл	ᠬᠠᠪᠤᠷ ᠤᠨ	хаврын	47
өвөл	ᠴᠠᠭ ᠤᠨ	цагийн	44
өвөлдөө	ᠴᠠᠰᠤ	цас	5
өвөлжилт	ᠬᠦᠨᠳᠦᠷᠡᠵᠦ	хүндэрч	17
өвөлжилт	ᠬᠦᠨᠳᠦᠷᠡᠬᠦ	хүндрэх	7
өвөлжилт	ᠬᠠᠪᠤᠷᠵᠢᠯᠲᠠ	хаваржилт	6
өвөлжөө	ᠬᠠᠪᠤᠷᠵᠢᠶ᠎ᠠ	хаваржаа	13
өвөлжөө	ᠪᠠᠭᠤᠴᠠ	бууц	6
өвөлжөө	ᠪᠠᠷᠢᠬᠤ	барих	5
өвөр	ᠮᠣᠩᠭᠣᠯ ᠤᠨ	монголын	187
өвөр	ᠭᠣᠪᠢ	говь	184
өвөр	ᠮᠣᠩᠭᠣᠯ	монгол	81
өвөрмөц	ᠠᠷᠭ᠎ᠠ	арга	31
өвөрмөц	ᠰᠣᠳᠣᠨ	содон	26
өвөрмөц	ᠥᠩᠭᠡ	өнгө	26
өвөрт	ᠮᠢᠨᠢ	минь	6
өвөрт	ᠨᠢ	нь	6
өвөртлөөд	ᠪᠤᠢ	буй	7
өвөртлөөд	ᠪᠠᠶᠢᠨ᠎ᠠ	байна	5
өвөртлөөд	ᠪᠠᠶᠢᠭᠰᠠᠨ	байсан	5
өвөртөлсөн	ᠶᠠᠭᠤᠮ᠎ᠠ	юм	6
өвөрхангай	ᠠᠶᠢᠮᠠᠭ ᠤᠨ	аймгийн	859
өвөрхангай	ᠠᠶᠢᠮᠠᠭ	аймаг	157
өвөрхангай	ᠡᠮᠦᠨᠡᠭᠣᠪᠢ	өмнөговь	44
өвөө	ᠡᠮᠡᠭᠡ	эмээ	62
өвөө	ᠨᠢ	нь	60
өвөө	ᠮᠠᠨᠢ	маань	55
өвөөгийн	ᠮᠠᠨᠢ	маань	7
өг	ᠭᠡᠵᠦ	гэж	81
өг	ᠰᠥᠩ	сөн	62
өг	ᠭᠡᠰᠡᠨ	гэсэн	35
өгвөл	ᠪᠢᠳᠡ	бид	22
өгвөл	ᠡᠨᠡ	энэ	16
өгвөл	ᠮᠣᠩᠭᠣᠯ ᠤᠨ	монголын	9
өгдөг	ᠪᠠᠶᠢᠭᠰᠠᠨ	байсан	210
өгдөг	ᠶᠠᠭᠤᠮ᠎ᠠ	юм	179
өгдөг	ᠪᠠᠶᠢᠨ᠎ᠠ	байна	95
өгдөггүй	ᠶᠠᠭᠤᠮ᠎ᠠ	юм	25
өгдөггүй	ᠪᠠᠶᠢᠭᠰᠠᠨ	байсан	19
өгдөггүй	ᠨᠢ	нь	8
өгий	ᠨᠠᠭᠤᠷ ᠤᠨ	нуурын	16
өгий	ᠨᠠᠭᠤᠷ	нуур	9
өглөг	ᠥᠰᠬᠡᠭᠰᠡᠨ	өсгөсөн	6
өглөг	ᠨᠢ	нь	5
өглөг	ᠡᠭᠦᠰᠬᠡᠵᠦ	үүсгэж	5
өглөө	ᠴᠠᠭ ᠲᠤ	цагт	240
өглөө	ᠪᠦᠷ	бүр	148
өглөө	ᠨᠢ	нь	144
өглөөний	ᠰᠣᠨᠢᠨ	сонин	146
өглөөний	ᠬᠦᠮᠦᠨ	хүн	102
өглөөний	ᠴᠠᠢ	цай	68
өглөөнөөс	ᠣᠷᠣᠢ	орой	30
өглөөнөөс	ᠡᠬᠢᠯᠡᠨ	эхлэн	15
өглөөнөөс	ᠬᠣᠶᠢᠰᠢ	хойш	14
өгмөөр	ᠪᠠᠶᠢᠨ᠎ᠠ	байна	58
өгмөөр	ᠪᠠᠶᠢᠭ᠎ᠠ	байгаа	12
өгнө	ᠦ᠋	үү	394
өгнө	ᠭᠡᠵᠦ	гэж	327
өгнө	ᠭᠡᠰᠡᠨ	гэсэн	198
өгсний	ᠳᠠᠷᠠᠭ᠎ᠠ	дараа	87
өгсний	ᠳᠠᠭᠠᠤ	дагуу	55
өгсний	ᠵᠡᠷᠭᠡᠴᠡᠭᠡ	зэрэгцээ	14
өгснийг	ᠨᠢ	нь	26
өгснийг	ᠬᠦᠷᠭᠡᠵᠦ	хүргэж	7
өгснийг	ᠣᠨᠴᠠᠯᠠᠯ᠎ᠠ	онцоллоо	5
өгсөж	ᠤᠷᠤᠭᠤᠳᠠᠭᠰᠠᠨ	уруудсан	5
өгсөн	ᠶᠠᠭᠤᠮ᠎ᠠ	юм	1107
өгсөн	ᠪᠠᠶᠢᠨ᠎ᠠ	байна	961
өгсөн	ᠨᠢ	нь	405
өгсөнгүй	ᠭᠡᠵᠦ	гэж	13
өгсөнгүй	ᠪᠤᠢ	вэ	5
өгсөх	ᠲᠤᠰᠤᠮ	тусам	6
өгч	ᠪᠠᠶᠢᠭ᠎ᠠ	байгаа	1589
өгч	ᠪᠠᠶᠢᠨ᠎ᠠ	байна	951
өгч	ᠪᠠᠶᠢᠭᠰᠠᠨ	байсан	639
өгчих	ᠶᠠᠭᠤᠮ᠎ᠠ	юм	28
өгчих	ᠬᠡᠷᠡᠭᠲᠡᠢ	хэрэгтэй	26
өгчих	ᠭᠡᠵᠦ	гэж	8
өгчихсөн	ᠪᠠᠶᠢᠭ᠎ᠠ	байгаа	54
өгчихсөн	ᠶᠠᠭᠤᠮ᠎ᠠ	юм	36
өгчихсөн	ᠪᠠᠶᠢᠳᠠᠭ	байдаг	27
өгчихөөд	ᠪᠠᠶᠢᠭ᠎ᠠ	байгаа	9
өгчихөөд	ᠪᠠᠶᠢᠨ᠎ᠠ	байна	9
өгчихөөд	ᠳᠠᠷᠠᠭ᠎ᠠ	дараа	8
өгчээ	ᠭᠡᠵᠦ	гэж	5
өгье	ᠭᠡᠵᠦ	гэж	80
өгье	ᠭᠡᠰᠡᠨ	гэсэн	76
өгье	ᠭᠡᠳ	гээд	21
өгүүлбэр	ᠪᠤᠢ	бий	10
өгүүлбэр	ᠨᠢ	нь	8
өгүүлбэр	ᠯᠠ	л	6
өгүүлдэг	ᠶᠠᠭᠤᠮ᠎ᠠ	юм	30
өгүүлдэг	ᠪᠠᠶᠢᠨ᠎ᠠ	байна	20
өгүүлдэг	ᠠᠵᠤ	аж	12
өгүүлж	ᠪᠠᠶᠢᠨ᠎ᠠ	байна	80
өгүүлж	ᠪᠠᠶᠢᠭᠰᠠᠨ	байсан	39
өгүүлж	ᠪᠠᠶᠢᠭ᠎ᠠ	байгаа	33
өгүүллэг	ᠢᠷᠠᠭᠤ	яруу	12
өгүүллэг	ᠪᠢᠴᠢᠵᠦ	бичиж	7
өгүүллэг	ᠪᠣᠯᠬᠤ	болох	6
өгүүлсэн	ᠪᠠᠶᠢᠨ᠎ᠠ	байна	107
өгүүлсэн	ᠶᠠᠭᠤᠮ᠎ᠠ	юм	46
өгүүлсэн	ᠪᠠᠶᠢᠳᠠᠭ	байдаг	37
өгүүлэл	ᠪᠢᠴᠢᠵᠦ	бичиж	13
өгүүлэл	ᠪᠢᠴᠢᠬᠦ	бичих	5
өгүүлэх	ᠶᠠᠭᠤᠮ᠎ᠠ	юм	39
өгүүлэх	ᠨᠢ	нь	31
өгүүлэх	ᠪᠥᠭᠡᠳ	бөгөөд	23
өгөв	ᠦ᠋	үү	17
өгөв	ᠪᠣᠯᠤᠯᠲᠠᠢ	бололтой	6
өгөлгүй	ᠲᠠᠭ	таг	5
өгөн	ᠠᠵᠢᠯᠯᠠᠵᠤ	ажиллаж	9
өгөх	ᠶᠠᠭᠤᠮ᠎ᠠ	юм	649
өгөх	ᠶᠣᠰᠣᠲᠠᠢ	ёстой	572
өгөх	ᠨᠢ	нь	549
өгөхгүй	ᠪᠣᠯ	бол	212
өгөхгүй	ᠶᠠᠭᠤ	юу	194
өгөхгүй	ᠪᠠᠶᠢᠭ᠎ᠠ	байгаа	138
өгөхдөө	ᠡᠨᠡ	энэ	11
өгөхдөө	ᠬᠡᠯᠡᠭᠰᠡᠨ	хэлсэн	6
өгөхдөө	ᠴᠤ	ч	6
өгөхийг	ᠬᠦᠰᠡᠭᠰᠡᠨ	хүссэн	180
өгөхийг	ᠬᠦᠰᠴᠢ	хүсч	82
өгөхийг	ᠬᠦᠰᠡᠯ᠎ᠡ	хүслээ	37
өгөхөд	ᠪᠡᠯᠡᠨ	бэлэн	60
өгөхөд	ᠨᠢ	нь	28
өгөхөд	ᠯᠠ	л	26
өгөхөөр	ᠪᠣᠯᠤᠭᠰᠠᠨ	болсон	135
өгөхөөр	ᠪᠣᠯᠵᠠᠢ	болжээ	113
өгөхөөр	ᠪᠣᠯᠵᠤ	болж	48
өгөхөөс	ᠭᠠᠳᠠᠨ᠎ᠠ	гадна	66
өгөхөөс	ᠥᠭᠡᠷ᠎ᠡ	өөр	37
өгөхөөс	ᠠᠷᠭ᠎ᠠ ᠦᠭᠡᠢ	аргагүй	14
өгөө	ᠠᠪᠤᠭ᠎ᠠ	аваа	15
өгөө	ᠭᠦᠢ	гүй	8
өгөөгүй	ᠪᠠᠶᠢᠨ᠎ᠠ	байна	106
өгөөгүй	ᠪᠠᠶᠢᠭ᠎ᠠ	байгаа	92
өгөөгүй	ᠶᠠᠭᠤᠮ᠎ᠠ	юм	66
өгөөд	ᠪᠠᠶᠢᠭ᠎ᠠ	байгаа	200
өгөөд	ᠪᠠᠶᠢᠨ᠎ᠠ	байна	151
өгөөд	ᠯᠠ	л	75
өгөөмөр	ᠰᠠᠶᠢᠬᠠᠨ	сайхан	9
өгөөрэй	ᠭᠡᠵᠦ	гэж	29
өгөөрэй	ᠭᠡᠰᠡᠨ	гэсэн	5
өгөөсэй	ᠭᠡᠵᠦ	гэж	18
өгөөсэй	ᠭᠡᠰᠡᠨ	гэсэн	5
өгөөч	ᠭᠡᠵᠦ	гэж	126
өгөөч	ᠭᠡᠰᠡᠨ	гэсэн	113
өгөөч	ᠡ	ээ	84
өгөөш	ᠪᠣᠯᠵᠤ	болж	9
өгөөш	ᠪᠣᠯᠬᠤ	болох	7
өгөөш	ᠪᠣᠯᠭᠠᠨ	болгон	5
өд	ᠰᠥᠳᠥ	сөд	8
өд	ᠰᠢᠭ	шиг	8
өд	ᠨᠢ	нь	5
өдгөө	ᠨᠠᠰᠤᠲᠠᠢ	настай	437
өдгөө	ᠳᠡᠯᠡᠬᠡᠢ ᠶᠢᠨ	дэлхийн	104
өдгөө	ᠴᠤ	ч	76
өдий	ᠬᠦᠷᠲᠡᠯ᠎ᠡ	хүртэл	137
өдий	ᠵᠡᠷᠭᠡ ᠲᠡᠢ	зэрэгтэй	98
өдий	ᠬᠦᠷᠦᠭᠰᠡᠨ	хүрсэн	60
өдийг	ᠬᠦᠷᠲᠡᠯ᠎ᠡ	хүртэл	220
өдийг	ᠬᠦᠷᠦᠭᠰᠡᠨ	хүрсэн	76
өдийг	ᠬᠦᠷᠡᠯ ᠢᠶᠡᠨ	хүрлээ	33
өдийд	ᠠᠮᠠ	ам	8
өдийд	ᠮᠣᠩᠭᠣᠯ	монгол	7
өдийд	ᠡᠨᠡ	энэ	6
өдрийг	ᠬᠦᠷᠲᠡᠯ᠎ᠡ	хүртэл	216
өдрийг	ᠤᠭᠲᠤᠨ	угтан	91
өдрийг	ᠳᠠᠭᠤᠰᠲᠠᠯ᠎ᠠ	дуустал	63
өдрийн	ᠰᠢᠤᠳᠠᠨ	шуудан	630
өдрийн	ᠰᠣᠨᠢᠨ	сонин	471
өдрийн	ᠲᠤᠷᠰᠢ	турш	470
өдрүүд	ᠦᠷᠭᠦᠯᠵᠢᠯᠡᠵᠦ	үргэлжилж	25
өдрүүд	ᠪᠤᠶᠤ	буюу	18
өдрүүд	ᠨ ᠤ	ны	17
өдрүүдийг	ᠵᠣᠬᠢᠶᠠᠨ	зохион	9
өдрүүдийн	ᠲᠤᠬᠠᠢ	тухай	123
өдрүүдийн	ᠬᠦᠷᠢᠶᠡᠨ ᠳᠦ	хүрээнд	26
өдрүүдийн	ᠴᠠᠭ	цаг	10
өдрүүдэд	ᠵᠣᠬᠢᠶᠠᠨ	зохион	192
өдрүүдэд	ᠮᠣᠩᠭᠣᠯ	монгол	165
өдрүүдэд	ᠪᠣᠯᠬᠤ	болох	161
өдрүүдээр	ᠰᠠᠶ᠋ᠢ	сая	13
өдрүүдээр	ᠴᠤ	ч	6
өдрөө	ᠦᠷᠭᠦᠯᠵᠢᠯᠡᠵᠦ	үргэлжилж	332
өдрөө	ᠦᠷᠭᠦᠯᠵᠢᠯᠡᠨ	үргэлжлэн	15
өдрөө	ᠯᠠ	л	14
өдрөөр	ᠳᠠᠭᠤᠰᠬᠠᠪᠤᠷᠢ	дуусгавар	25
өдрөөр	ᠨᠢ	нь	23
өдрөөр	ᠪᠤᠶᠤ	буюу	22
өдрөөс	ᠡᠬᠢᠯᠡᠨ	эхлэн	567
өдрөөс	ᠡᠳᠦᠷ ᠲᠦ	өдөрт	419
өдрөөс	ᠬᠣᠶᠢᠰᠢ	хойш	218
өдрөөсөө	ᠡᠬᠢᠯᠡᠨ	эхлэн	14
өдрөөсөө	ᠬᠣᠶᠢᠰᠢ	хойш	11
өдрөөсөө	ᠯᠠ	л	7
өдөн	ᠳᠡᠭᠡᠷ᠎ᠡ	дээр	6
өдөр	ᠥᠷᠭᠡᠨ	өргөн	2408
өдөр	ᠪᠦᠷ	бүр	1116
өдөр	ᠪᠤᠶᠤ	буюу	706
өдөржин	ᠰᠥᠨᠢᠵᠢᠨ	шөнөжин	30
өдөржин	ᠬᠤᠷᠠᠯᠳᠤᠭᠰᠠᠨ	хуралдсан	10
өдөржин	ᠠᠵᠢᠯ	ажил	5
өдөрт	ᠤᠳᠠᠭ᠎ᠠ	удаа	115
өдөрт	ᠵᠣᠷᠢᠭᠤᠯᠤᠭᠰᠠᠨ	зориулсан	113
өдөрт	ᠨᠢᠭᠡ	нэг	76
өдөртэй	ᠪᠣᠯᠬᠤ	болох	7
өдөртэй	ᠪᠣᠯᠤᠭᠰᠠᠨ	болсон	7
өдөртэй	ᠨᠢ	нь	7
өдөртөө	ᠭᠷᠠᠳᠦᠶᠢᠰ	градус	4768
өдөртөө	ᠬᠡᠮ	хэм	561
өдөртөө	ᠵᠠᠷᠢᠮ	зарим	521
өдөөх	ᠨᠢ	нь	6
өег	ᠪᠠᠶᠢᠳᠠᠭ	байдаг	6
өег	ᠪᠠᠶᠢᠨ᠎ᠠ	байна	5
өег	ᠭᠤᠯᠢᠷ	гурил	5
өлгий	ᠠᠶᠢᠮᠠᠭ ᠤᠨ	аймгийн	389
өлгий	ᠨᠤᠲᠤᠭ	нутаг	130
өлгий	ᠠᠶᠢᠮᠠᠭ	аймаг	70
өлгийдөн	ᠠᠪᠤᠭᠰᠠᠨ	авсан	58
өлгийдөн	ᠠᠪᠴᠤ	авч	31
өлгийдөн	ᠠᠪᠬᠤ	авах	19
өлгийн	ᠨᠤᠲᠤᠭ	нутаг	43
өлгийн	ᠡᠮᠦᠨᠡᠲᠦ	өмнөд	26
өлгийн	ᠠᠶᠢᠮᠠᠭ ᠤᠨ	аймгийн	17
өлзий	ᠤᠷᠤᠰᠢᠬᠤ	орших	82
өлзий	ᠨᠠᠷᠠ	нар	35
өлзий	ᠠ	а	20
өлзийт	ᠰᠤᠮᠤ ᠶᠢᠨ	сумын	71
өлзийт	ᠰᠤᠮᠤ	сум	12
өлзийт	ᠪᠤᠶᠠᠨ	буян	10
өлзийтэй	ᠰᠠᠶᠢᠨ	сайн	10
өлзийтэй	ᠪᠠᠶᠢᠬᠤ	байх	7
өлзийтэй	ᠢᠷᠦᠭᠡᠯ	ерөөл	6
өлмий	ᠳᠡᠭᠡᠷ᠎ᠡ	дээр	19
өлмий	ᠳᠡᠭᠡᠷ᠎ᠡ ᠪᠡᠨ	дээрээ	7
өлсгөлөн	ᠵᠠᠷᠯᠠᠵᠤ	зарлаж	95
өлсгөлөн	ᠵᠠᠷᠯᠠᠭᠰᠠᠨ	зарласан	83
өлсгөлөн	ᠵᠠᠷᠯᠠᠬᠤ	зарлах	60
өлсөж	ᠪᠠᠶᠢᠭ᠎ᠠ	байгаа	11
өлсөж	ᠪᠠᠶᠢᠨ᠎ᠠ	байна	10
өлсөж	ᠴᠠᠩᠭᠠᠵᠤ	цангаж	9
өлөн	ᠡᠯᠢᠭᠡᠨ	элгэн	20
өлөн	ᠭᠡᠳᠡᠰᠦ	гэдэс	16
өлөн	ᠪᠣᠯᠪᠠᠰᠤᠷᠠᠭᠤᠯᠬᠤ	боловсруулах	6
өм	ᠴᠥᠮ	цөм	22
өмгөөлж	ᠪᠠᠶᠢᠭ᠎ᠠ	байгаа	15
өмгөөлж	ᠬᠠᠮᠠᠭᠠᠯᠠᠵᠤ	хамгаалж	10
өмгөөлж	ᠬᠠᠮᠠᠭᠠᠯᠠᠬᠤ	хамгаалах	7
өмгөөлөгч	ᠨᠢ	нь	172
өмгөөлөгч	ᠨᠠᠷᠠ	нар	117
өмгөөлөгч	ᠣ	о	112
өмгөөлөл	ᠦᠵᠡᠭᠦᠯᠵᠦ	үзүүлж	23
өмгөөлөл	ᠦᠵᠡᠭᠦᠯᠬᠦ	үзүүлэх	15
өмгөөлөл	ᠬᠢᠵᠦ	хийж	7
өмгөөлөх	ᠡᠷᠬᠡ	эрх	7
өмгөөлөх	ᠡᠷᠬᠡ ᠶᠢ	эрхийг	5
өмд	ᠴᠠᠮᠴᠠ	цамц	16
өмд	ᠨᠢ	нь	9
өмд	ᠡᠮᠦᠰᠴᠢ	өмсч	5
өмнүүр	ᠨᠢ	нь	8
өмнүүр	ᠣᠷᠣᠵᠤ	орж	7
өмнө	ᠨᠢ	нь	7259
өмнө	ᠪᠤᠶᠤ	буюу	351
өмнө	ᠤᠡᠬ	уих	265
өмнөговь	ᠠᠶᠢᠮᠠᠭ ᠤᠨ	аймгийн	851
өмнөговь	ᠠᠶᠢᠮᠠᠭ	аймаг	178
өмнөговь	ᠳᠤᠮᠳᠠᠭᠤᠪᠢ	дундговь	38
өмнөд	ᠰᠣᠯᠣᠩᠭᠣᠰ	солонгос	402
өмнөд	ᠠᠽᠢᠶ᠎ᠠ ᠶᠢᠨ	азийн	229
өмнөд	ᠠᠹᠷᠢᠺᠠ ᠶᠢᠨ	африкийн	207
өмнөх	ᠣᠨ ᠤ	оны	876
өмнөх	ᠵᠠᠰᠠᠭ ᠤᠨ	засгийн	636
өмнөх	ᠵᠢᠯ ᠦᠳ ᠲᠦ	жилүүдэд	294
өмнөхөн	ᠪᠤᠶᠤ	буюу	19
өмнөхөн	ᠤᠡᠬ	уих	16
өмнөхөн	ᠮᠣᠩᠭᠣᠯ	монгол	14
өмнөө	ᠲᠠᠯᠪᠢᠭᠰᠠᠨ	тавьсан	61
өмнөө	ᠪᠠᠷᠢᠳᠠᠭ	барьдаг	13
өмнөө	ᠲᠠᠯᠪᠢᠵᠤ	тавьж	12
өмнөөс	ᠬᠣᠶᠢᠰᠢ	хойш	313
өмнөөс	ᠪᠠᠷᠠᠭᠤᠨ	баруун	188
өмнөөс	ᠪᠤᠰᠤᠳ	бусад	134
өмсгөл	ᠨᠢ	нь	13
өмсгөл	ᠳᠡᠭᠡᠷ᠎ᠡ	дээр	9
өмсгөл	ᠵᠡᠭᠦᠰᠬᠡᠯ	зүүсгэл	6
өмсдөг	ᠪᠠᠶᠢᠭᠰᠠᠨ	байсан	21
өмсдөг	ᠪᠤᠢ	вэ	6
өмсдөг	ᠬᠤᠪᠴᠠᠰᠤ	хувцас	6
өмссөн	ᠬᠤᠪᠴᠠᠰᠤ	хувцас	15
өмссөн	ᠪᠠᠶᠢᠭᠰᠠᠨ	байсан	11
өмссөн	ᠨᠢ	нь	9
өмсч	ᠪᠠᠶᠢᠭᠰᠠᠨ	байсан	31
өмсч	ᠪᠣᠯᠤᠨ᠎ᠠ	болно	6
өмсч	ᠬᠠᠴᠢᠭ	хачиг	6
өмсөгч	ᠣ	о	24
өмсөгч	ᠫ	п	8
өмсөгч	ᠬ	х	6
өмсөж	ᠪᠠᠶᠢᠭᠰᠠᠨ	байсан	30
өмсөж	ᠶᠠᠪᠤᠭᠰᠠᠨ	явсан	13
өмсөж	ᠵᠡᠭᠦᠬᠦ	зүүх	10
өмсөнө	ᠭᠡᠳᠡᠭ	гэдэг	8
өмсөх	ᠳᠤᠷᠠᠲᠠᠢ	дуртай	20
өмсөх	ᠬᠤᠪᠴᠠᠰᠤ	хувцас	17
өмсөх	ᠶᠠᠭᠤᠮ᠎ᠠ	юм	13
өмсөөд	ᠯᠠ	л	6
өмсөөд	ᠶᠠᠪᠤᠵᠤ	явж	5
өмхий	ᠦᠨᠦᠷ ᠲᠡᠢ	үнэртэй	5
өмч	ᠬᠥᠷᠥᠩᠭᠡ	хөрөнгө	96
өмч	ᠬᠥᠷᠦᠩᠭᠡ ᠶᠢ	хөрөнгийг	63
өмч	ᠪᠢᠰᠢ	биш	48
өмчийг	ᠣᠨ ᠳᠤ	онд	107
өмчийг	ᠬᠠᠮᠠᠭᠠᠯᠠᠬᠤ	хамгаалах	25
өмчийг	ᠨᠢ	нь	19
өмчилж	ᠠᠪᠤᠭᠰᠠᠨ	авсан	37
өмчилж	ᠠᠪᠬᠤ	авах	30
өмчилж	ᠪᠠᠶᠢᠭ᠎ᠠ	байгаа	15
өмчилсөн	ᠨᠡᠶᠢᠲᠡ	нийт	8
өмчилсөн	ᠭᠠᠵᠠᠷ	газар	6
өмчилсөн	ᠭᠠᠵᠠᠷ ᠢᠶᠠᠨ	газраа	6
өмчлүүлэх	ᠲᠤᠬᠠᠢ	тухай	110
өмчлүүлэх	ᠠᠵᠢᠯ ᠢ	ажлыг	12
өмчлүүлэх	ᠭᠠᠵᠠᠷ ᠤᠨ	газрын	8
өмчлөх	ᠡᠷᠬᠡ ᠶᠢᠨ	эрхийн	71
өмчлөх	ᠡᠷᠬᠡ ᠶᠢ	эрхийг	58
өмчлөх	ᠡᠷᠬᠡ	эрх	54
өмчөө	ᠪᠤᠴᠠᠭᠠᠵᠤ	буцааж	5
өмөөрч	ᠪᠠᠶᠢᠭ᠎ᠠ	байгаа	9
өмөөрч	ᠪᠢᠴᠢᠭᠰᠡᠨ	бичсэн	7
өмөөрөх	ᠨᠢ	нь	6
өн	ᠳᠥᠷᠥ	дөр	79
өнгийг	ᠨᠢ	нь	32
өнгийг	ᠲᠣᠳᠣᠷᠬᠠᠶᠢᠯᠠᠵᠤ	тодорхойлж	30
өнгийг	ᠲᠣᠳᠣᠷᠬᠠᠶᠢᠯᠠᠬᠤ	тодорхойлох	14
өнгийн	ᠬᠤᠪᠴᠠᠰᠤ	хувцас	14
өнгийн	ᠴᠡᠴᠡᠭ	цэцэг	13
өнгийн	ᠴᠡᠴᠡᠭᠡᠰ	цэцэгс	12
өнгө	ᠲᠥᠷᠬᠥ	төрх	153
өнгө	ᠠᠶᠠᠰ	аяс	149
өнгө	ᠨᠢ	нь	149
өнгөлөг	ᠪᠠᠶᠢᠨ᠎ᠠ	байна	5
өнгөлөн	ᠳᠠᠯᠳᠠᠯᠠᠬᠤ	далдлах	5
өнгөн	ᠳᠡᠭᠡᠷ᠎ᠡ ᠪᠡᠨ	дээрээ	30
өнгөн	ᠳᠡᠭᠡᠷ᠎ᠡ	дээр	28
өнгөн	ᠲᠠᠯ᠎ᠠ ᠠᠴᠠ	талаас	8
өнгөнд	ᠳᠤᠷᠠᠲᠠᠢ	дуртай	7
өнгөний	ᠰᠣᠩᠭᠣᠯᠲᠠ ᠲᠠᠢ	сонголттой	64
өнгөний	ᠬᠤᠪᠢ ᠳᠤ	хувьд	47
өнгөний	ᠢᠯᠭᠠᠷᠠᠯ	ялгарал	11
өнгөр	ᠰᠥᠩ	сөн	93
өнгөр	ᠨᠢ	нь	9
өнгөр	ᠴᠤ	ч	5
өнгөрдөг	ᠪᠠᠶᠢᠭᠰᠠᠨ	байсан	30
өнгөрдөг	ᠨᠢ	нь	11
өнгөрдөг	ᠶᠠᠭᠤᠮ᠎ᠠ	юм	11
өнгөрлөө	ᠰᠢᠦ	шүү	8
өнгөрлөө	ᠭᠡᠵᠦ	гэж	6
өнгөрнө	ᠭᠡᠵᠦ	гэж	18
өнгөрнө	ᠭᠡᠰᠡᠨ	гэсэн	9
өнгөрнө	ᠭᠡᠳᠡᠭ	гэдэг	5
өнгөрсөн	ᠣᠨ ᠤ	оны	2894
өнгөрсөн	ᠵᠢᠯ	жил	2826
өнгөрсөн	ᠳᠣᠯᠣᠭ᠎ᠠ	долоо	2518
өнгөрч	ᠪᠠᠶᠢᠨ᠎ᠠ	байна	259
өнгөрч	ᠪᠠᠶᠢᠭ᠎ᠠ	байгаа	181
өнгөрч	ᠪᠤᠢ	буй	163
өнгөрүүлж	ᠪᠠᠶᠢᠨ᠎ᠠ	байна	62
өнгөрүүлж	ᠪᠠᠶᠢᠭ᠎ᠠ	байгаа	38
өнгөрүүлж	ᠪᠠᠶᠢᠭᠰᠠᠨ	байсан	12
өнгөрүүлсэн	ᠶᠠᠭᠤᠮ᠎ᠠ	юм	19
өнгөрүүлсэн	ᠪᠢᠯᠡ	билээ	9
өнгөрүүлсэн	ᠴᠤ	ч	9
өнгөрүүлэх	ᠭᠡᠵᠦ	гэж	38
өнгөрүүлэх	ᠠᠵᠢᠯ ᠤᠨ	ажлын	35
өнгөрүүлэх	ᠨᠢ	нь	22
өнгөрөв	ᠪᠣᠯᠤᠯᠲᠠᠢ	бололтой	12
өнгөрөв	ᠡ	өө	11
өнгөрөв	ᠦ᠋	үү	8
өнгөрөгч	ᠳᠣᠯᠣᠭ᠎ᠠ	долоо	220
өнгөрөгч	ᠣᠨ ᠤ	оны	189
өнгөрөгч	ᠪᠠᠰᠠᠩ	баасан	172
өнгөрөх	ᠲᠡᠭᠡᠭᠡᠪᠦᠷᠢ ᠶᠢᠨ	тээврийн	128
өнгөрөх	ᠲᠤᠰᠤᠮ	тусам	105
өнгөрөх	ᠲᠡᠭᠡᠭᠡᠪᠦᠷᠢ	тээвэр	96
өнгөрөөд	ᠪᠠᠶᠢᠨ᠎ᠠ	байна	38
өнгөрөөд	ᠪᠠᠶᠢᠭ᠎ᠠ	байгаа	20
өнгөрөөд	ᠪᠠᠶᠢᠬᠤ ᠳᠤ	байхад	14
өнгөрөөж	ᠪᠠᠶᠢᠨ᠎ᠠ	байна	39
өнгөрөөж	ᠪᠠᠶᠢᠭ᠎ᠠ	байгаа	27
өнгөрөөж	ᠪᠤᠢ	буй	15
өнгөрөөсөн	ᠪᠠᠶᠢᠨ᠎ᠠ	байна	8
өнгөрөөсөн	ᠶᠠᠭᠤᠮ᠎ᠠ	юм	8
өнгөрөөсөн	ᠨᠢ	нь	5
өнгөрөөх	ᠨᠢ	нь	12
өнгөрөөх	ᠭᠠᠵᠠᠷ	газар	6
өнгөрөөх	ᠶᠠᠭᠤᠮ᠎ᠠ	юм	6
өнгөт	ᠭᠡᠷᠡᠯ	гэрэл	15
өнгөт	ᠴᠡᠭᠡᠵᠢ	цээж	14
өнгөт	ᠵᠢᠷᠤᠭ	зураг	9
өнгөтэй	ᠪᠠᠶᠢᠳᠠᠭ	байдаг	30
өнгөтэй	ᠰᠠᠶᠢᠬᠠᠨ	сайхан	20
өнгөтэй	ᠪᠠᠶᠢᠨ᠎ᠠ	байна	19
өнгөц	ᠬᠠᠷᠠᠬᠤ ᠳᠤ	харахад	39
өнгөц	ᠬᠠᠷᠠᠪᠠᠯ	харвал	12
өнгөцхөн	ᠬᠠᠷᠠᠬᠤ ᠳᠤ	харахад	11
өнгөө	ᠬᠤᠪᠢᠷᠠᠭᠠᠵᠤ	хувиргаж	11
өнгөө	ᠠᠯᠠᠳᠠᠬᠤ	алдах	10
өнгөө	ᠬᠤᠪᠢᠷᠠᠭᠠᠬᠤ	хувиргах	7
өнгөөр	ᠢᠯᠭᠠᠪᠤᠷᠢᠯᠠᠬᠤ	ялгаварлах	12
өнгөөр	ᠨᠢ	нь	11
өнгөөр	ᠪᠤᠳᠤᠭᠰᠠᠨ	будсан	7
өндгөн	ᠡᠰᠡ	эс	37
өндгөн	ᠪᠦᠲᠦᠭᠡᠭᠳᠡᠬᠦᠨ	бүтээгдэхүүн	11
өндгөн	ᠳᠣᠲᠣᠷ᠎ᠠ ᠪᠠᠨ	дотроо	5
өндийж	ᠴᠢᠳᠠᠬᠤ ᠦᠭᠡᠢ	чадахгүй	8
өндийж	ᠪᠠᠶᠢᠭ᠎ᠠ	байгаа	7
өндийж	ᠪᠠᠶᠢᠨ᠎ᠠ	байна	5
өндийх	ᠵᠠᠪ ᠦᠭᠡᠢ	завгүй	12
өндрийн	ᠬᠡᠮᠵᠢᠶ᠎ᠡ ᠶᠢ	хэмжээг	6
өндрөөс	ᠤᠨᠠᠵᠤ	унаж	25
өндрөөс	ᠥᠨᠳᠥᠷ	өндөр	14
өндрөөс	ᠥᠨᠳᠥᠷ ᠲᠦ	өндөрт	12
өндөг	ᠭᠠᠷᠭᠠᠳᠠᠭ	гаргадаг	18
өндөг	ᠬᠢᠮ᠎ᠠ	хиам	18
өндөг	ᠰᠢᠭ	шиг	16
өндөр	ᠠᠮᠵᠢᠯᠲᠠ	амжилт	620
өндөр	ᠬᠥᠭᠵᠢᠯᠲᠡᠢ	хөгжилтэй	569
өндөр	ᠠᠯᠪᠠᠨ	албан	566
өндөржүүлсэн	ᠪᠡᠯᠡᠨ	бэлэн	86
өндөрлөг	ᠭᠠᠵᠠᠷ	газар	16
өндөрлөг	ᠭᠠᠵᠠᠷ ᠲᠤ	газарт	12
өндөрлөг	ᠨᠢ	нь	6
өндөрлөгт	ᠬᠦᠷᠦᠭᠰᠡᠨ	хүрсэн	13
өндөрлөгт	ᠰᠠᠭᠤᠭ᠎ᠠ	суугаа	8
өндөрлөгт	ᠬᠦᠷᠬᠦ	хүрэх	7
өндөрлөх	ᠶᠠᠭᠤᠮ᠎ᠠ	юм	104
өндөрлөх	ᠠᠵᠤ	аж	21
өндөрлөх	ᠭᠡᠵᠦ	гэж	16
өндөрсгөх	ᠭᠠᠯᠲᠤ	галт	5
өндөрт	ᠡᠷᠭᠦᠵᠦ	өргөж	85
өндөрт	ᠤᠷᠤᠰᠢᠬᠤ	орших	24
өндөрт	ᠡᠷᠭᠦᠭᠰᠡᠨ	өргөсөн	18
өнжих	ᠨᠢ	нь	19
өнжих	ᠪᠣᠯᠤᠭᠰᠠᠨ	болсон	7
өнжих	ᠶᠠᠭᠤᠮ᠎ᠠ	юм	7
өнжсөн	ᠶᠠᠭᠤᠮ᠎ᠠ	юм	16
өнжсөн	ᠴᠤ	ч	14
өнжсөн	ᠪᠥᠭᠡᠳ	бөгөөд	8
өнцгөөс	ᠬᠠᠷᠠᠵᠤ	харж	68
өнцгөөс	ᠨᠢ	нь	61
өнцгөөс	ᠬᠠᠷᠠᠪᠠᠯ	харвал	29
өнцөг	ᠪᠤᠯᠤᠨ	булан	504
өнцөг	ᠪᠤᠯᠤᠨ ᠳᠤ	буланд	10
өнцөг	ᠨᠢ	нь	10
өнчин	ᠥᠷᠥᠭᠡᠰᠦᠨ	өрөөсөн	20
өнчин	ᠬᠡᠦᠬᠡᠳ	хүүхэд	15
өнчин	ᠬᠥᠭᠵᠢᠯ ᠦᠨ	хөгжлийн	12
өнө	ᠡᠷᠲᠡᠨ ᠦ	эртний	49
өнө	ᠮᠥᠩᠬᠡ ᠶᠢᠨ	мөнхийн	28
өнө	ᠤᠳᠠᠭᠠᠨ	удаан	17
өнөр	ᠪᠦᠯᠢ	бүл	47
өнөр	ᠥᠳᠬᠡᠨ	өтгөн	43
өнөр	ᠡᠬᠡ	эх	11
өнөө	ᠦᠶ᠎ᠡ ᠳᠦ	үед	413
өнөө	ᠵᠢᠯ	жил	339
өнөө	ᠰᠥᠨᠢ	шөнө	285
өнөөг	ᠬᠦᠷᠲᠡᠯ᠎ᠡ	хүртэл	889
өнөөг	ᠬᠦᠷᠦᠭᠰᠡᠨ	хүрсэн	53
өнөөг	ᠬᠦᠷᠲᠡᠯᠡᠬᠢ	хүртэлх	42
өнөөгийн	ᠪᠠᠶᠢᠳᠠᠯ	байдал	544
өнөөгийн	ᠨᠥᠬᠥᠴᠡᠯ	нөхцөл	280
өнөөгийн	ᠪᠠᠶᠢᠳᠠᠯ ᠢᠶᠠᠷ	байдлаар	198
өнөөдрийг	ᠬᠦᠷᠲᠡᠯ᠎ᠡ	хүртэл	1236
өнөөдрийг	ᠬᠦᠷᠲᠡᠯᠡᠬᠢ	хүртэлх	60
өнөөдрийг	ᠬᠦᠷᠦᠭᠰᠡᠨ	хүрсэн	57
өнөөдрийн	ᠪᠠᠶᠢᠳᠠᠯ ᠢᠶᠠᠷ	байдлаар	2068
өнөөдрийн	ᠬᠤᠪᠢ ᠳᠤ	хувьд	251
өнөөдрийн	ᠡᠨᠡ	энэ	163
өнөөдрөөс	ᠡᠬᠢᠯᠡᠨ	эхлэн	312
өнөөдрөөс	ᠡᠬᠢᠯᠡᠵᠦ	эхэлж	78
өнөөдрөөс	ᠡᠬᠢᠯᠡᠭᠡᠳ	эхлээд	70
өнөөдөр	ᠮᠣᠩᠭᠣᠯ	монгол	542
өнөөдөр	ᠤᠡᠬ	уих	402
өнөөдөр	ᠮᠠᠨ ᠤ	манай	371
өнөөдөртөө	ᠪᠠᠭᠠᠳᠴᠤ	багтаж	11
өнөөдөртөө	ᠠᠯᠠᠭ᠎ᠠ	алга	7
өнөөдөртөө	ᠡᠨᠡ	энэ	5
өнөөх	ᠯᠠ	л	132
өнөөх	ᠨᠢ	нь	40
өнөөх	ᠴᠢᠨᠢ	чинь	13
өр	ᠵᠡᠭᠡᠯᠢ	зээл	181
өр	ᠨᠢ	нь	94
өр	ᠲᠥᠯᠥᠪᠦᠷᠢ	төлбөр	87
өргүй	ᠪᠠᠶᠢᠬᠤ	байх	11
өргүй	ᠪᠣᠯ	бол	7
өргүүлэх	ᠶᠣᠰᠣᠲᠠᠢ	ёстой	11
өргүүлэх	ᠠᠰᠠᠭᠤᠳᠠᠯ ᠢ	асуудлыг	10
өргүүлэх	ᠨᠢ	нь	7
өргө	ᠳᠥᠯ	дөл	5
өргөдөг	ᠶᠠᠭᠤᠮ᠎ᠠ	юм	5
өргөдөл	ᠭᠣᠮᠣᠳᠠᠯ	гомдол	165
өргөдөл	ᠭᠣᠮᠣᠳᠠᠯ ᠢ	гомдлыг	97
өргөдөл	ᠭᠠᠷᠭᠠᠭᠰᠠᠨ	гаргасан	72
өргөе	ᠡ	өө	6
өргөж	ᠶᠠᠪᠤᠭ᠎ᠠ	яваа	37
өргөж	ᠪᠠᠶᠢᠭ᠎ᠠ	байгаа	32
өргөж	ᠬᠦᠨᠳᠦᠳᠬᠡᠯ	хүндэтгэл	24
өргөжих	ᠪᠣᠯᠤᠮᠵᠢ ᠲᠠᠢ	боломжтой	9
өргөжих	ᠨᠢ	нь	8
өргөжих	ᠪᠣᠯᠤᠮᠵᠢ	боломж	5
өргөжүүлж	ᠪᠠᠶᠢᠨ᠎ᠠ	байна	10
өргөжүүлж	ᠪᠠᠶᠢᠭ᠎ᠠ	байгаа	9
өргөжүүлж	ᠪᠤᠢ	буй	9
өргөжүүлэн	ᠬᠥᠭᠵᠢᠭᠦᠯᠬᠦ	хөгжүүлэх	163
өргөжүүлэн	ᠨᠠᠭᠠᠳᠤᠮᠴᠢᠨ	наадамчин	8
өргөжүүлэн	ᠲᠡᠯᠡᠬᠦ	тэлэх	6
өргөжүүлэх	ᠲᠠᠯ᠎ᠠ ᠪᠠᠷ	талаар	46
өргөжүүлэх	ᠪᠣᠯᠤᠮᠵᠢ	боломж	37
өргөжүүлэх	ᠨᠢ	нь	27
өргөлт	ᠪᠤᠤᠳᠠᠯᠭ᠎ᠠ	буудлага	6
өргөмжлөл	ᠮᠥᠩᠭᠥᠨ	мөнгөн	101
өргөмжлөл	ᠮᠢᠩᠭᠠᠨ	мянган	37
өргөмжлөл	ᠪᠡᠯᠡᠭ	бэлэг	20
өргөн	ᠪᠠᠷᠢᠭᠰᠠᠨ	барьсан	1628
өргөн	ᠪᠠᠷᠢᠬᠤ	барих	441
өргөн	ᠪᠠᠷᠢᠯ ᠢᠶᠠᠨ	барилаа	376
өргөнө	ᠭᠡᠳᠡᠭ	гэдэг	12
өргөнө	ᠭᠡᠰᠡᠨ	гэсэн	7
өргөнө	ᠭᠡᠵᠦ	гэж	6
өргөс	ᠠᠪᠤᠭᠰᠠᠨ	авсан	27
өргөс	ᠠᠪᠴᠤ	авч	6
өргөс	ᠰᠢᠭ	шиг	5
өргөст	ᠬᠡᠮᠬᠡ	хэмх	85
өргөст	ᠲᠣᠷᠤᠨ ᠤ	торны	16
өргөст	ᠲᠣᠷ	тор	5
өргөсөн	ᠡᠮᠴᠢ	эмч	45
өргөсөн	ᠶᠠᠭᠤᠮ᠎ᠠ	юм	40
өргөсөн	ᠨᠢ	нь	17
өргөтгөж	ᠪᠠᠶᠢᠭ᠎ᠠ	байгаа	7
өргөтгөж	ᠪᠠᠶᠢᠨ᠎ᠠ	байна	6
өргөтгөл	ᠬᠢᠬᠦ	хийх	28
өргөтгөл	ᠬᠢᠵᠦ	хийж	23
өргөтгөл	ᠪᠠᠷᠢᠬᠤ	барих	15
өргөтгөсөн	ᠬᠡᠯᠡᠯᠴᠡᠭᠡ	хэлэлцээ	18
өргөтгөсөн	ᠬᠤᠳᠠᠯᠳᠤᠭ᠎ᠠ	худалдаа	16
өргөтгөсөн	ᠬᠤᠷᠠᠯᠳᠤᠭᠠᠨ	хуралдаан	16
өргөтгөх	ᠲᠥᠰᠥᠯ	төсөл	26
өргөтгөх	ᠠᠵᠢᠯ ᠢ	ажлыг	18
өргөтгөх	ᠪᠣᠯᠤᠮᠵᠢ ᠲᠠᠢ	боломжтой	16
өргөх	ᠶᠣᠰᠣᠯᠠᠯ	ёслол	62
өргөх	ᠶᠠᠭᠤᠮ᠎ᠠ	юм	54
өргөх	ᠨᠢ	нь	41
өргөхөөр	ᠪᠣᠯᠵᠠᠢ	болжээ	15
өргөхөөр	ᠪᠣᠯᠤᠭᠰᠠᠨ	болсон	9
өргөхөөр	ᠪᠣᠯᠤᠯ᠎ᠠ	боллоо	5
өргөө	ᠺᠢᠨᠣ᠋	кино	25
өргөө	ᠴᠣᠭᠴᠠᠯᠠᠪᠤᠷᠢ	цогцолбор	18
өргөө	ᠴᠠᠭᠠᠨ	цагаан	13
өргөөд	ᠯᠠ	л	14
өргөөнд	ᠪᠣᠯᠤᠨ᠎ᠠ	болно	101
өргөөнд	ᠪᠣᠯᠬᠤ	болох	101
өргөөнд	ᠪᠣᠯᠤᠯ᠎ᠠ	боллоо	60
өрлөг	ᠡᠬᠡ ᠶᠢᠨ	эхийн	13
өрлөг	ᠢᠵᠢᠢ	ижий	5
өрлөг	ᠡᠬᠡ	эх	5
өрнүүлж	ᠪᠠᠶᠢᠭ᠎ᠠ	байгаа	87
өрнүүлж	ᠪᠠᠶᠢᠨ᠎ᠠ	байна	73
өрнүүлж	ᠪᠤᠢ	буй	37
өрнүүлэх	ᠶᠠᠭᠤᠮ᠎ᠠ	юм	47
өрнүүлэх	ᠠᠵᠤ	аж	16
өрнүүлэх	ᠠᠵᠡᠢ	ажээ	12
өрнө	ᠳᠣᠷᠣᠨ᠎ᠠ ᠶᠢᠨ	дорнын	28
өрнө	ᠳᠣᠷᠣᠨ᠎ᠠ	дорно	6
өрнөд	ᠪᠥᠰᠡ	бүс	9
өрнөд	ᠳᠣᠷᠣᠨᠠᠲᠤ	дорнод	5
өрнөд	ᠷᠦᠦ	рүү	5
өрнөл	ᠨᠢ	нь	9
өрнөл	ᠬᠡᠰᠡᠭ	хэсэг	6
өрнөл	ᠦᠢᠯᠡ	үйл	5
өрнөнө	ᠭᠡᠵᠦ	гэж	9
өрнөсөн	ᠶᠠᠭᠤᠮ᠎ᠠ	юм	48
өрнөсөн	ᠦᠢᠯᠡ	үйл	26
өрнөсөн	ᠪᠥᠭᠡᠳ	бөгөөд	22
өрнөсөөр	ᠪᠠᠶᠢᠨ᠎ᠠ	байна	18
өрнөсөөр	ᠪᠠᠶᠢᠭ᠎ᠠ	байгаа	8
өрнөсөөр	ᠯᠠ	л	5
өрнөх	ᠨᠢ	нь	58
өрнөх	ᠶᠠᠭᠤᠮ᠎ᠠ	юм	33
өрнөх	ᠪᠥᠭᠡᠳ	бөгөөд	17
өрсөлдөгч	ᠨᠢ	нь	153
өрсөлдөгч	ᠪᠣᠯᠬᠤ	болох	57
өрсөлдөгч	ᠨᠠᠷᠠ	нар	33
өрсөлдөгчид	ᠨᠢ	нь	37
өрсөлдөгчид	ᠪᠣᠯᠬᠤ	болох	22
өрсөлдөгчид	ᠮᠠᠨᠢ	маань	9
өрсөлдөөн	ᠪᠤᠢ	бий	101
өрсөлдөөн	ᠳᠤᠮᠳᠠ	дунд	66
өрсөлдөөн	ᠶᠡᠬᠡ ᠲᠡᠢ	ихтэй	35
өртсөн	ᠪᠠᠶᠢᠨ᠎ᠠ	байна	32
өртсөн	ᠬᠦᠮᠦᠨ	хүн	14
өртсөн	ᠶᠠᠭᠤᠮ᠎ᠠ	юм	13
өртэй	ᠪᠠᠶᠢᠭ᠎ᠠ	байгаа	35
өртэй	ᠪᠠᠶᠢᠨ᠎ᠠ	байна	31
өртэй	ᠬᠦᠮᠦᠨ	хүн	31
өртөг	ᠪᠦᠬᠦᠢ	бүхий	265
өртөг	ᠰᠢᠩᠭᠡᠭᠰᠡᠨ	шингэсэн	246
өртөг	ᠨᠢ	нь	239
өртөж	ᠪᠠᠶᠢᠭ᠎ᠠ	байгаа	89
өртөж	ᠪᠠᠶᠢᠨ᠎ᠠ	байна	56
өртөж	ᠪᠠᠶᠢᠭᠰᠠᠨ	байсан	34
өртөмтгий	ᠪᠠᠶᠢᠳᠠᠭ	байдаг	11
өртөмтгий	ᠪᠣᠯᠳᠠᠭ	болдог	9
өртөмтгий	ᠪᠠᠶᠢᠨ᠎ᠠ	байна	5
өртөх	ᠨᠢ	нь	50
өртөх	ᠮᠠᠭᠠᠳᠯᠠᠯ ᠲᠠᠢ	магадлалтай	26
өртөх	ᠡᠷᠦᠰᠳᠡᠯ	эрсдэл	24
өртөө	ᠬᠦᠷᠲᠡᠯ᠎ᠡ	хүртэл	15
өртөө	ᠵᠥᠷᠢᠯᠭᠡ	зөрлөг	10
өртөө	ᠬᠣᠯᠪᠣᠭ᠎ᠠ	холбоо	10
өрх	ᠲᠣᠯᠣᠭᠠᠶᠢᠯᠠᠭᠰᠠᠨ	толгойлсон	100
өрх	ᠪᠦᠷ	бүр	82
өрх	ᠪᠦᠷᠢ ᠳᠦ	бүрт	58
өрхийг	ᠣᠷᠣᠨ	орон	13
өрхийг	ᠰᠠᠶᠢᠵᠢᠷᠠᠭᠤᠯᠤᠭᠰᠠᠨ	сайжруулсан	8
өрхийг	ᠴᠠᠬᠢᠯᠭᠠᠨ	цахилгаан	8
өрхийн	ᠡᠷᠡᠭᠦᠯ	эрүүл	312
өрхийн	ᠡᠮᠨᠡᠯᠭᠡ	эмнэлэг	154
өрхийн	ᠡᠮᠴᠢ	эмч	148
өрхөд	ᠪᠣᠷᠣᠯᠠᠭᠤᠯᠬᠤ	борлуулах	13
өрхөд	ᠬᠡᠢ ᠶᠢᠨ	хийн	8
өрхөд	ᠨᠢᠭᠡ	нэг	7
өршөөл	ᠦᠵᠡᠭᠦᠯᠬᠦ	үзүүлэх	275
өршөөл	ᠦᠵᠡᠭᠦᠯᠵᠦ	үзүүлж	22
өршөөл	ᠠᠭᠤᠴᠢᠯᠠᠯ	уучлал	11
өршөөх	ᠨᠢ	нь	9
өршөөх	ᠦ᠋	үү	9
өрөвдөж	ᠪᠠᠶᠢᠨ᠎ᠠ	байна	13
өрөвдөлтэй	ᠳᠦᠷᠦ	дүр	6
өрөг	ᠲᠣᠭᠯᠠᠵᠤ	тоглож	40
өрөг	ᠲᠠᠪᠤᠳᠤᠭᠠᠷ	тавдугаар	20
өрөг	ᠲᠣᠭᠯᠠᠬᠤ	тоглох	15
өрөм	ᠲᠠᠯᠪᠢᠬᠤ	тавих	6
өрөм	ᠨᠢ	нь	5
өрөм	ᠲᠠᠯᠪᠢᠵᠤ	тавьж	5
өрөнд	ᠣᠷᠣᠭᠰᠠᠨ	орсон	28
өрөнд	ᠣᠷᠣᠵᠤ	орж	24
өрөнд	ᠪᠠᠷᠢᠭᠳᠠᠵᠤ	баригдаж	23
өрөө	ᠪᠠᠶᠢᠷᠢ	байр	200
өрөө	ᠷᠦᠦ	рүү	72
өрөө	ᠮ	м	69
өрөөл	ᠪᠤᠰᠤᠳ ᠲᠤ	бусдад	18
өрөөл	ᠪᠤᠰᠤᠳ ᠤᠨ	бусдын	8
өрөөл	ᠪᠤᠰᠤᠳ ᠢ	бусдыг	7
өрөөнд	ᠨᠢ	нь	74
өрөөнд	ᠣᠷᠣᠵᠤ	орж	50
өрөөнд	ᠬᠦᠯᠢᠶᠡᠨ	хүлээн	19
өрөөндөө	ᠳᠠᠭᠤᠳᠠᠵᠤ	дуудаж	17
өрөөндөө	ᠣᠷᠣᠵᠤ	орж	10
өрөөндөө	ᠰᠠᠭᠤᠵᠤ	сууж	8
өрөөний	ᠡᠭᠦᠳᠡᠨ ᠳᠦ	үүдэнд	23
өрөөний	ᠲᠣᠭ᠎ᠠ	тоо	18
өрөөний	ᠬᠠᠭᠠᠯᠭ᠎ᠠ ᠶᠢ	хаалгыг	11
өрөөс	ᠭᠠᠳᠠᠨ᠎ᠠ	гадна	7
өрөөсгөл	ᠣᠶᠢᠯᠠᠭᠠᠯᠲᠠ	ойлголт	58
өрөөсгөл	ᠶᠠᠭᠤᠮ᠎ᠠ	юм	18
өрөөсгөл	ᠪᠣᠯᠤᠨ᠎ᠠ	болно	11
өрөөсөн	ᠬᠥᠯ ᠢᠶᠡᠨ	хөлөө	6
өрөөсөн	ᠬᠥᠯ	хөл	5
өс	ᠰᠥᠩ	сөн	14
өс	ᠰᠠᠨᠠᠵᠤ	санаж	12
өс	ᠰᠠᠨᠠᠬᠤ	санах	7
өсвөр	ᠦᠶ᠎ᠡ ᠶᠢᠨ	үеийн	396
өсвөр	ᠨᠠᠰᠤᠨ ᠤ	насны	267
өсвөр	ᠦᠶ᠎ᠡ	үе	185
өсгөж	ᠪᠠᠶᠢᠭ᠎ᠠ	байгаа	42
өсгөж	ᠪᠠᠶᠢᠨ᠎ᠠ	байна	30
өсгөж	ᠴᠢᠳᠠᠭᠰᠠᠨ	чадсан	15
өсгөн	ᠦᠷᠡᠵᠢᠭᠦᠯᠬᠦ	үржүүлэх	25
өсгөн	ᠬᠦᠮᠦᠵᠢᠭᠦᠯᠦᠭᠰᠡᠨ	хүмүүжүүлсэн	7
өсгөн	ᠪᠣᠶᠢᠵᠢᠭᠤᠯᠬᠤ	бойжуулах	5
өсгөнө	ᠭᠡᠰᠡᠨ	гэсэн	11
өсгөнө	ᠭᠡᠵᠦ	гэж	9
өсгөнө	ᠭᠡᠳᠡᠭ	гэдэг	8
өсгөсөн	ᠡᠬᠡ ᠶᠢ	эхийг	39
өсгөсөн	ᠪᠠᠶᠢᠨ᠎ᠠ	байна	19
өсгөсөн	ᠠᠪᠤ	аав	12
өсгөх	ᠨᠢ	нь	44
өсгөх	ᠭᠡᠵᠦ	гэж	31
өсгөх	ᠪᠣᠯᠤᠮᠵᠢ	боломж	24
өсдөг	ᠪᠠᠶᠢᠨ᠎ᠠ	байна	23
өсдөг	ᠨᠢ	нь	11
өсдөг	ᠶᠠᠭᠤᠮ᠎ᠠ	юм	9
өслөө	ᠭᠡᠳ	гээд	15
өслөө	ᠭᠡᠵᠦ	гэж	12
өслөө	ᠭᠡᠬᠦ ᠳᠦ	гэхэд	8
өснө	ᠭᠡᠵᠦ	гэж	126
өснө	ᠭᠡᠰᠡᠨ	гэсэн	83
өснө	ᠭᠡᠳᠡᠭ	гэдэг	35
өссөн	ᠪᠠᠶᠢᠨ᠎ᠠ	байна	606
өссөн	ᠨᠢ	нь	369
өссөн	ᠦᠵᠡᠭᠦᠯᠦᠯᠲᠡ	үзүүлэлт	261
өссөөр	ᠪᠠᠶᠢᠭ᠎ᠠ	байгаа	63
өссөөр	ᠪᠠᠶᠢᠨ᠎ᠠ	байна	48
өссөөр	ᠪᠠᠶᠢᠬᠤ	байх	15
өсч	ᠪᠠᠶᠢᠭ᠎ᠠ	байгаа	411
өсч	ᠪᠠᠶᠢᠨ᠎ᠠ	байна	210
өсч	ᠪᠤᠢ	буй	131
өсөв	ᠭᠡᠵᠦ	гэж	5
өсөж	ᠪᠠᠶᠢᠭ᠎ᠠ	байгаа	79
өсөж	ᠪᠠᠶᠢᠨ᠎ᠠ	байна	34
өсөж	ᠪᠤᠢ	буй	18
өсөлт	ᠨᠢ	нь	323
өсөлт	ᠡᠨᠡ	энэ	83
өсөлт	ᠣᠨ ᠳᠤ	онд	60
өсөн	ᠨᠡᠮᠡᠭᠳᠡᠵᠦ	нэмэгдэж	355
өсөн	ᠨᠡᠮᠡᠭᠳᠡᠬᠦ	нэмэгдэх	136
өсөн	ᠨᠡᠮᠡᠭᠳᠡᠭᠰᠡᠭᠡᠷ	нэмэгдсээр	39
өсөх	ᠢᠷᠡᠭᠡᠳᠦᠢ	ирээдүй	248
өсөх	ᠢᠳᠡᠷ	идэр	216
өсөх	ᠨᠢ	нь	136
өсөөгүй	ᠪᠥᠭᠡᠳ	бөгөөд	9
өсөөгүй	ᠴᠤ	ч	7
өсөөгүй	ᠪᠠᠶᠢᠨ᠎ᠠ	байна	6
өтгөн	ᠵᠠᠶᠢᠷ	зайр	13
өтгөн	ᠬᠠᠲᠠᠬᠤ	хатах	13
өтгөн	ᠴᠢᠰᠤ	цус	11
өхөөрдөм	ᠬᠥᠭᠡᠷᠬᠡᠨ	хөөрхөн	18
өхөөрдөм	ᠪᠢᠴᠢᠬᠠᠨ	бяцхан	13
өхөөрдөм	ᠬᠣᠶᠠᠷ	хоёр	5
өч	ᠲᠥᠴᠢᠨᠡᠨ	төчнөөн	75
өчигдрийн	ᠪᠠᠶᠢᠳᠠᠯ ᠢᠶᠠᠷ	байдлаар	174
өчигдрийн	ᠵᠠᠰᠠᠭ ᠤᠨ	засгийн	47
өчигдрийн	ᠨᠢᠭᠡᠳᠦᠭᠰᠡᠨ	нэгдсэн	26
өчигдрөөс	ᠡᠬᠢᠯᠡᠨ	эхлэн	117
өчигдрөөс	ᠡᠬᠢᠯᠡᠭᠰᠡᠨ	эхэлсэн	16
өчигдрөөс	ᠡᠬᠢᠯᠡᠯ᠎ᠡ	эхэллээ	9
өчигдөр	ᠪᠣᠯᠤᠭᠰᠠᠨ	болсон	354
өчигдөр	ᠣᠷᠣᠢ	орой	257
өчигдөр	ᠪᠣᠯᠵᠤ	болж	181
өчигдөрхөн	ᠮᠡᠲᠦ	мэт	10
өчигдөрхөн	ᠯᠠ	л	8
өчигдөрхөн	ᠤᠡᠬ	уих	6
өчнөөн	ᠣᠯᠠᠨ	олон	72
өчнөөн	ᠵᠢᠯ	жил	28
өчнөөн	ᠮᠥᠩᠭᠥ	мөнгө	13
өчүүхэн	ᠴᠤ	ч	74
өчүүхэн	ᠵᠢᠵᠢᠭ	жижиг	39
өчүүхэн	ᠪᠠᠭ᠎ᠠ	бага	27
өшөө	ᠠᠪᠤᠯᠲᠠ	авалт	19
өшөө	ᠠᠪᠬᠤ	авах	11
өшөө	ᠬᠣᠷᠣᠰᠤᠯ	хорсол	11
өө	ᠳ	д	75
өө	ᠷ	р	54
өө	ᠰ	с	33
өөд	ᠨᠢ	нь	171
өөд	ᠪᠣᠯᠤᠭᠰᠠᠨ	болсон	93
өөд	ᠲᠠᠲᠠᠬᠤ	татах	55
өөдрөг	ᠲᠥᠰᠥᠭᠡᠯᠡᠯ	төсөөлөл	39
өөдрөг	ᠪᠠᠶᠢᠨ᠎ᠠ	байна	17
өөдрөг	ᠰᠠᠶᠢᠬᠠᠨ	сайхан	16
өөдрөгөөр	ᠬᠠᠷᠠᠵᠤ	харж	37
өөдрөгөөр	ᠲᠥᠰᠦᠭᠡᠯᠡᠵᠦ	төсөөлж	11
өөдрөгөөр	ᠬᠠᠷᠠᠬᠤ	харах	11
өөдөө	ᠲᠡᠮᠡᠦᠯ	тэмүүл	19
өөдөөс	ᠨᠢ	нь	80
өөдөөс	ᠭᠠᠯᠲᠤ	галт	12
өөдөөс	ᠴᠢᠨᠢ	чинь	12
өөр	ᠠᠷᠭ᠎ᠠ ᠦᠭᠡᠢ	аргагүй	927
өөр	ᠨᠢᠭᠡ	нэг	868
өөр	ᠥᠭᠡᠷ᠎ᠡ	өөр	762
өөрийг	ᠨᠢ	нь	408
өөрийг	ᠴᠢᠨᠢ	чинь	80
өөрийг	ᠲᠠᠨᠢ	тань	43
өөрийгөө	ᠪᠣᠯᠤᠨ	болон	74
өөрийгөө	ᠢᠯᠡᠷᠬᠡᠶᠢᠯᠡᠬᠦ	илэрхийлэх	62
өөрийгөө	ᠬᠠᠮᠠᠭᠠᠯᠠᠬᠤ	хамгаалах	56
өөрийн	ᠭᠡᠰᠡᠨ	гэсэн	1194
өөрийн	ᠡᠷᠬᠡ ᠦᠭᠡᠢ	эрхгүй	511
өөрийн	ᠪᠡᠶ᠎ᠡ ᠪᠡᠷ	биеэр	464
өөрийнх	ᠨᠢ	нь	914
өөрийнхөө	ᠲᠥᠯᠥᠭᠡ	төлөө	63
өөрийнхөө	ᠲᠤᠬᠠᠢ	тухай	54
өөрийнхөө	ᠬᠡᠮᠵᠢᠶᠡᠨ ᠳᠦ	хэмжээнд	51
өөрийнхөөрөө	ᠯᠠ	л	22
өөрийнхөөрөө	ᠪᠠᠶᠢᠵᠤ	байж	9
өөрийнхөөрөө	ᠪᠠᠶᠢᠬᠤ	байх	8
өөрс	ᠳ᠋ᠡ	дөө	45
өөрсдийгөө	ᠬᠠᠮᠠᠭᠠᠯᠠᠵᠤ	хамгаалж	19
өөрсдийгөө	ᠬᠠᠮᠠᠭᠠᠯᠠᠬᠤ	хамгаалах	18
өөрсдийгөө	ᠬᠥᠭᠵᠢᠭᠦᠯᠬᠦ	хөгжүүлэх	12
өөрсдийн	ᠭᠡᠰᠡᠨ	гэсэн	111
өөрсдийн	ᠪᠠᠶᠢᠷᠢ	байр	97
өөрсдийн	ᠤᠷᠠᠨ	уран	85
өөрсдийнхөө	ᠡᠷᠬᠡ	эрх	30
өөрсдийнхөө	ᠲᠥᠯᠥᠭᠡ	төлөө	23
өөрсдийнхөө	ᠬᠡᠮᠵᠢᠶᠡᠨ ᠳᠦ	хэмжээнд	15
өөрсдөө	ᠯᠠ	л	141
өөрсдөө	ᠴᠤ	ч	115
өөрсдөө	ᠡᠨᠡ	энэ	52
өөрсдөөс	ᠨᠢ	нь	77
өөрсдөөс	ᠰᠢᠯᠲᠠᠭᠠᠯᠠᠬᠤ	шалтгаалах	12
өөрсдөөс	ᠮᠠᠨᠢ	маань	7
өөрт	ᠨᠢ	нь	471
өөрт	ᠪᠠᠶᠢᠭ᠎ᠠ	байгаа	82
өөрт	ᠴᠢᠨᠢ	чинь	73
өөртэй	ᠨᠢ	нь	98
өөртэй	ᠴᠢᠨᠢ	чинь	18
өөртэйгээ	ᠠᠳᠠᠯᠢᠬᠠᠨ	адилхан	5
өөртэйгээ	ᠢᠵᠢᠯ	ижил	5
өөртөө	ᠢᠲᠡᠭᠡᠯ ᠲᠡᠢ	итгэлтэй	266
өөртөө	ᠢᠲᠡᠭᠡᠬᠦ	итгэх	103
өөртөө	ᠵᠠᠰᠠᠬᠤ	засах	86
өөрцгүй	ᠵᠦᠢᠯ	зүйл	5
өөрчилж	ᠪᠠᠶᠢᠭ᠎ᠠ	байгаа	59
өөрчилж	ᠪᠠᠶᠢᠨ᠎ᠠ	байна	53
өөрчилж	ᠴᠢᠳᠠᠬᠤ ᠦᠭᠡᠢ	чадахгүй	47
өөрчилсөн	ᠪᠠᠶᠢᠨ᠎ᠠ	байна	73
өөрчилсөн	ᠶᠠᠭᠤᠮ᠎ᠠ	юм	53
өөрчилсөн	ᠨᠢ	нь	47
өөрчлөгддөг	ᠶᠠᠭᠤᠮ᠎ᠠ	юм	9
өөрчлөгддөг	ᠨᠢ	нь	6
өөрчлөгдсөн	ᠪᠠᠶᠢᠨ᠎ᠠ	байна	54
өөрчлөгдсөн	ᠴᠤ	ч	25
өөрчлөгдсөн	ᠪᠤᠢ	бэ	22
өөрчлөгдөж	ᠪᠠᠶᠢᠭ᠎ᠠ	байгаа	129
өөрчлөгдөж	ᠪᠠᠶᠢᠨ᠎ᠠ	байна	117
өөрчлөгдөж	ᠪᠠᠶᠢᠳᠠᠭ	байдаг	53
өөрчлөгдөх	ᠨᠢ	нь	41
өөрчлөгдөх	ᠪᠤᠢ	вэ	29
өөрчлөгдөх	ᠶᠠᠭᠤᠮ᠎ᠠ	юм	23
өөрчлөлт	ᠤᠷᠤᠭᠤᠯᠬᠤ	оруулах	8558
өөрчлөлт	ᠣᠷᠣᠭᠤᠯᠵᠤ	оруулж	530
өөрчлөлт	ᠣᠷᠣᠭᠤᠯᠤᠭᠰᠠᠨ	оруулсан	321
өөрчлөлтийг	ᠬᠢᠭᠰᠡᠨ	хийсэн	31
өөрчлөлтийг	ᠬᠢᠬᠦ	хийх	31
өөрчлөлтийг	ᠬᠢᠵᠦ	хийж	29
өөрчлөн	ᠪᠠᠶᠢᠭᠤᠯᠬᠤ	байгуулах	145
өөрчлөн	ᠵᠣᠬᠢᠶᠠᠨ	зохион	61
өөрчлөн	ᠨᠠᠶᠢᠷᠠᠭᠤᠯᠤᠭᠰᠠᠨ	найруулсан	34
өөрчлөх	ᠶᠣᠰᠣᠲᠠᠢ	ёстой	192
өөрчлөх	ᠬᠡᠷᠡᠭᠲᠡᠢ	хэрэгтэй	146
өөрчлөх	ᠨᠢ	нь	125
өөрөө	ᠴᠤ	ч	302
өөрөө	ᠤᠳᠤᠷᠢᠳᠬᠤ	удирдах	279
өөрөө	ᠥᠪᠡᠷ ᠢ ᠪᠡᠨ	өөрийгөө	197
өөрөөр	ᠬᠡᠯᠡᠪᠡᠯ	хэлбэл	6653
өөрөөр	ᠨᠢ	нь	79
өөрөөр	ᠬᠡᠯᠡ	хэл	65
өөрөөрөө	ᠪᠠᠬᠠᠷᠬᠠᠬᠤ	бахархах	16
өөрөөрөө	ᠪᠠᠶᠢᠬᠤ	байх	9
өөрөөрөө	ᠪᠠᠶᠢᠵᠤ	байж	7
өөрөөс	ᠨᠢ	нь	158
өөрөөс	ᠴᠢᠨᠢ	чинь	30
өөрөөс	ᠲᠠᠨᠢ	тань	11
өөрөөсөө	ᠴᠤ	ч	14
өөрөөсөө	ᠠᠰᠠᠭᠤᠵᠤ	асууж	12
өөрөөсөө	ᠥᠭᠡᠷ᠎ᠡ	өөр	11
өөх	ᠲᠣᠰ	тос	153
өөх	ᠲᠣᠰᠣ ᠲᠠᠢ	тостой	39
өөх	ᠲᠣᠰᠣ ᠶᠢ	тосыг	25
